solid Connectorliner tosyringe
   facet normal 8.021268e-01 -5.971538e-01 0.000000e+00
      outer loop
         vertex 1.507911e+01 2.150000e+01 0.000000e+00
         vertex 1.507911e+01 2.150000e+01 8.000000e+00
         vertex 1.464488e+01 2.091672e+01 0.000000e+00
      endloop
   endfacet
   facet normal 8.021268e-01 -5.971538e-01 0.000000e+00
      outer loop
         vertex 1.464488e+01 2.091672e+01 0.000000e+00
         vertex 1.507911e+01 2.150000e+01 8.000000e+00
         vertex 1.464488e+01 2.091672e+01 8.000000e+00
      endloop
   endfacet
   facet normal 8.870131e-01 -4.617443e-01 0.000000e+00
      outer loop
         vertex 1.464488e+01 2.091672e+01 0.000000e+00
         vertex 1.464488e+01 2.091672e+01 8.000000e+00
         vertex 1.430912e+01 2.027172e+01 0.000000e+00
      endloop
   endfacet
   facet normal 8.870131e-01 -4.617443e-01 0.000000e+00
      outer loop
         vertex 1.430912e+01 2.027172e+01 0.000000e+00
         vertex 1.464488e+01 2.091672e+01 8.000000e+00
         vertex 1.430912e+01 2.027172e+01 8.000000e+00
      endloop
   endfacet
   facet normal 9.492435e-01 -3.145421e-01 0.000000e+00
      outer loop
         vertex 1.430912e+01 2.027172e+01 0.000000e+00
         vertex 1.430912e+01 2.027172e+01 8.000000e+00
         vertex 1.408039e+01 1.958146e+01 0.000000e+00
      endloop
   endfacet
   facet normal 9.492435e-01 -3.145421e-01 0.000000e+00
      outer loop
         vertex 1.408039e+01 1.958146e+01 0.000000e+00
         vertex 1.430912e+01 2.027172e+01 8.000000e+00
         vertex 1.408039e+01 1.958146e+01 8.000000e+00
      endloop
   endfacet
   facet normal 9.872294e-01 -1.593053e-01 0.000000e+00
      outer loop
         vertex 1.408039e+01 1.958146e+01 0.000000e+00
         vertex 1.408039e+01 1.958146e+01 8.000000e+00
         vertex 1.396455e+01 1.886358e+01 0.000000e+00
      endloop
   endfacet
   facet normal 9.872294e-01 -1.593053e-01 0.000000e+00
      outer loop
         vertex 1.396455e+01 1.886358e+01 0.000000e+00
         vertex 1.408039e+01 1.958146e+01 8.000000e+00
         vertex 1.396455e+01 1.886358e+01 8.000000e+00
      endloop
   endfacet
   facet normal 1.000000e+00 0.000000e+00 -0.000000e+00
      outer loop
         vertex 1.396455e+01 1.886358e+01 0.000000e+00
         vertex 1.396455e+01 1.886358e+01 8.000000e+00
         vertex 1.396455e+01 1.813642e+01 0.000000e+00
      endloop
   endfacet
   facet normal 1.000000e+00 0.000000e+00 0.000000e+00
      outer loop
         vertex 1.396455e+01 1.813642e+01 0.000000e+00
         vertex 1.396455e+01 1.886358e+01 8.000000e+00
         vertex 1.396455e+01 1.813642e+01 8.000000e+00
      endloop
   endfacet
   facet normal 9.872294e-01 1.593053e-01 -0.000000e+00
      outer loop
         vertex 1.396455e+01 1.813642e+01 0.000000e+00
         vertex 1.396455e+01 1.813642e+01 8.000000e+00
         vertex 1.408039e+01 1.741854e+01 0.000000e+00
      endloop
   endfacet
   facet normal 9.872294e-01 1.593053e-01 -0.000000e+00
      outer loop
         vertex 1.408039e+01 1.741854e+01 0.000000e+00
         vertex 1.396455e+01 1.813642e+01 8.000000e+00
         vertex 1.408039e+01 1.741854e+01 8.000000e+00
      endloop
   endfacet
   facet normal 9.492435e-01 3.145421e-01 -0.000000e+00
      outer loop
         vertex 1.408039e+01 1.741854e+01 0.000000e+00
         vertex 1.408039e+01 1.741854e+01 8.000000e+00
         vertex 1.430912e+01 1.672828e+01 0.000000e+00
      endloop
   endfacet
   facet normal 9.492435e-01 3.145421e-01 -0.000000e+00
      outer loop
         vertex 1.430912e+01 1.672828e+01 0.000000e+00
         vertex 1.408039e+01 1.741854e+01 8.000000e+00
         vertex 1.430912e+01 1.672828e+01 8.000000e+00
      endloop
   endfacet
   facet normal 8.870131e-01 4.617443e-01 -0.000000e+00
      outer loop
         vertex 1.430912e+01 1.672828e+01 0.000000e+00
         vertex 1.430912e+01 1.672828e+01 8.000000e+00
         vertex 1.464488e+01 1.608328e+01 0.000000e+00
      endloop
   endfacet
   facet normal 8.870131e-01 4.617443e-01 -0.000000e+00
      outer loop
         vertex 1.464488e+01 1.608328e+01 0.000000e+00
         vertex 1.430912e+01 1.672828e+01 8.000000e+00
         vertex 1.464488e+01 1.608328e+01 8.000000e+00
      endloop
   endfacet
   facet normal 8.021268e-01 5.971538e-01 -0.000000e+00
      outer loop
         vertex 1.464488e+01 1.608328e+01 0.000000e+00
         vertex 1.464488e+01 1.608328e+01 8.000000e+00
         vertex 1.507911e+01 1.550000e+01 0.000000e+00
      endloop
   endfacet
   facet normal 8.021268e-01 5.971538e-01 -0.000000e+00
      outer loop
         vertex 1.507911e+01 1.550000e+01 0.000000e+00
         vertex 1.464488e+01 1.608328e+01 8.000000e+00
         vertex 1.507911e+01 1.550000e+01 8.000000e+00
      endloop
   endfacet
   facet normal 9.996203e-01 2.755375e-02 -1.000666e-16
      outer loop
         vertex 3.497495e+01 1.940895e+01 1.500000e+01
         vertex 3.500000e+01 1.850000e+01 1.500000e+01
         vertex 3.500000e+01 1.850000e+01 1.300000e+01
      endloop
   endfacet
   facet normal 9.996203e-01 -2.755375e-02 1.009497e-16
      outer loop
         vertex 3.500000e+01 1.850000e+01 1.300000e+01
         vertex 3.500000e+01 1.850000e+01 1.500000e+01
         vertex 3.497495e+01 1.759105e+01 1.300000e+01
      endloop
   endfacet
   facet normal 9.996203e-01 -2.755375e-02 0.000000e+00
      outer loop
         vertex 3.500000e+01 1.850000e+01 1.500000e+01
         vertex 3.497495e+01 1.759105e+01 1.500000e+01
         vertex 3.497495e+01 1.759105e+01 1.300000e+01
      endloop
   endfacet
   facet normal 9.939306e-01 -1.100089e-01 0.000000e+00
      outer loop
         vertex 3.497495e+01 1.759105e+01 1.300000e+01
         vertex 3.497495e+01 1.759105e+01 1.500000e+01
         vertex 3.477496e+01 1.578419e+01 1.500000e+01
      endloop
   endfacet
   facet normal 9.939306e-01 -1.100089e-01 0.000000e+00
      outer loop
         vertex 3.497495e+01 1.759105e+01 1.300000e+01
         vertex 3.477496e+01 1.578419e+01 1.500000e+01
         vertex 3.477496e+01 1.578419e+01 1.300000e+01
      endloop
   endfacet
   facet normal 9.757965e-01 -2.186807e-01 0.000000e+00
      outer loop
         vertex 3.477496e+01 1.578419e+01 1.300000e+01
         vertex 3.477496e+01 1.578419e+01 1.500000e+01
         vertex 3.437742e+01 1.401029e+01 1.500000e+01
      endloop
   endfacet
   facet normal 9.757965e-01 -2.186807e-01 0.000000e+00
      outer loop
         vertex 3.477496e+01 1.578419e+01 1.300000e+01
         vertex 3.437742e+01 1.401029e+01 1.500000e+01
         vertex 3.437742e+01 1.401029e+01 1.300000e+01
      endloop
   endfacet
   facet normal 9.458173e-01 -3.246992e-01 0.000000e+00
      outer loop
         vertex 3.437742e+01 1.401029e+01 1.300000e+01
         vertex 3.437742e+01 1.401029e+01 1.500000e+01
         vertex 3.378715e+01 1.229090e+01 1.500000e+01
      endloop
   endfacet
   facet normal 9.458173e-01 -3.246992e-01 0.000000e+00
      outer loop
         vertex 3.437742e+01 1.401029e+01 1.300000e+01
         vertex 3.378715e+01 1.229090e+01 1.500000e+01
         vertex 3.378715e+01 1.229090e+01 1.300000e+01
      endloop
   endfacet
   facet normal 9.043571e-01 -4.267766e-01 0.000000e+00
      outer loop
         vertex 3.378715e+01 1.229090e+01 1.300000e+01
         vertex 3.378715e+01 1.229090e+01 1.500000e+01
         vertex 3.301132e+01 1.064687e+01 1.500000e+01
      endloop
   endfacet
   facet normal 9.043571e-01 -4.267766e-01 0.000000e+00
      outer loop
         vertex 3.378715e+01 1.229090e+01 1.300000e+01
         vertex 3.301132e+01 1.064687e+01 1.500000e+01
         vertex 3.301132e+01 1.064687e+01 1.300000e+01
      endloop
   endfacet
   facet normal 8.519194e-01 -5.236729e-01 0.000000e+00
      outer loop
         vertex 3.301132e+01 1.064687e+01 1.300000e+01
         vertex 3.301132e+01 1.064687e+01 1.500000e+01
         vertex 3.205933e+01 9.098168e+00 1.500000e+01
      endloop
   endfacet
   facet normal 8.519194e-01 -5.236729e-01 0.000000e+00
      outer loop
         vertex 3.301132e+01 1.064687e+01 1.300000e+01
         vertex 3.205933e+01 9.098168e+00 1.500000e+01
         vertex 3.205933e+01 9.098168e+00 1.300000e+01
      endloop
   endfacet
   facet normal 7.891406e-01 -6.142126e-01 0.000000e+00
      outer loop
         vertex 3.205933e+01 9.098168e+00 1.300000e+01
         vertex 3.205933e+01 9.098168e+00 1.500000e+01
         vertex 3.094276e+01 7.663592e+00 1.500000e+01
      endloop
   endfacet
   facet normal 7.891406e-01 -6.142126e-01 0.000000e+00
      outer loop
         vertex 3.205933e+01 9.098168e+00 1.300000e+01
         vertex 3.094276e+01 7.663592e+00 1.500000e+01
         vertex 3.094276e+01 7.663592e+00 1.300000e+01
      endloop
   endfacet
   facet normal 7.167825e-01 -6.972968e-01 0.000000e+00
      outer loop
         vertex 3.094276e+01 7.663592e+00 1.300000e+01
         vertex 3.094276e+01 7.663592e+00 1.500000e+01
         vertex 2.967515e+01 6.360556e+00 1.500000e+01
      endloop
   endfacet
   facet normal 7.167825e-01 -6.972968e-01 0.000000e+00
      outer loop
         vertex 3.094276e+01 7.663592e+00 1.300000e+01
         vertex 2.967515e+01 6.360556e+00 1.500000e+01
         vertex 2.967515e+01 6.360556e+00 1.300000e+01
      endloop
   endfacet
   facet normal 6.357237e-01 -7.719167e-01 0.000000e+00
      outer loop
         vertex 2.967515e+01 6.360556e+00 1.300000e+01
         vertex 2.967515e+01 6.360556e+00 1.500000e+01
         vertex 2.827188e+01 5.204876e+00 1.500000e+01
      endloop
   endfacet
   facet normal 6.357237e-01 -7.719167e-01 0.000000e+00
      outer loop
         vertex 2.967515e+01 6.360556e+00 1.300000e+01
         vertex 2.827188e+01 5.204876e+00 1.500000e+01
         vertex 2.827188e+01 5.204876e+00 1.300000e+01
      endloop
   endfacet
   facet normal 5.469481e-01 -8.371665e-01 0.000000e+00
      outer loop
         vertex 2.827188e+01 5.204876e+00 1.300000e+01
         vertex 2.827188e+01 5.204876e+00 1.500000e+01
         vertex 2.675000e+01 4.210581e+00 1.500000e+01
      endloop
   endfacet
   facet normal 5.469481e-01 -8.371665e-01 0.000000e+00
      outer loop
         vertex 2.827188e+01 5.204876e+00 1.300000e+01
         vertex 2.675000e+01 4.210581e+00 1.500000e+01
         vertex 2.675000e+01 4.210581e+00 1.300000e+01
      endloop
   endfacet
   facet normal 4.515334e-01 -8.922542e-01 0.000000e+00
      outer loop
         vertex 2.675000e+01 4.210581e+00 1.300000e+01
         vertex 2.675000e+01 4.210581e+00 1.500000e+01
         vertex 2.512797e+01 3.389740e+00 1.500000e+01
      endloop
   endfacet
   facet normal 4.515334e-01 -8.922542e-01 0.000000e+00
      outer loop
         vertex 2.675000e+01 4.210581e+00 1.300000e+01
         vertex 2.512797e+01 3.389740e+00 1.500000e+01
         vertex 2.512797e+01 3.389740e+00 1.300000e+01
      endloop
   endfacet
   facet normal 3.506379e-01 -9.365111e-01 0.000000e+00
      outer loop
         vertex 2.512797e+01 3.389740e+00 1.300000e+01
         vertex 2.512797e+01 3.389740e+00 1.500000e+01
         vertex 2.342549e+01 2.752317e+00 1.500000e+01
      endloop
   endfacet
   facet normal 3.506379e-01 -9.365111e-01 0.000000e+00
      outer loop
         vertex 2.512797e+01 3.389740e+00 1.300000e+01
         vertex 2.342549e+01 2.752317e+00 1.500000e+01
         vertex 2.342549e+01 2.752317e+00 1.300000e+01
      endloop
   endfacet
   facet normal 2.454856e-01 -9.694002e-01 0.000000e+00
      outer loop
         vertex 2.342549e+01 2.752317e+00 1.300000e+01
         vertex 2.342549e+01 2.752317e+00 1.500000e+01
         vertex 2.166323e+01 2.306050e+00 1.500000e+01
      endloop
   endfacet
   facet normal 2.454856e-01 -9.694002e-01 0.000000e+00
      outer loop
         vertex 2.342549e+01 2.752317e+00 1.300000e+01
         vertex 2.166323e+01 2.306050e+00 1.500000e+01
         vertex 2.166323e+01 2.306050e+00 1.300000e+01
      endloop
   endfacet
   facet normal 1.373528e-01 -9.905222e-01 0.000000e+00
      outer loop
         vertex 2.166323e+01 2.306050e+00 1.300000e+01
         vertex 2.166323e+01 2.306050e+00 1.500000e+01
         vertex 1.986256e+01 2.056357e+00 1.500000e+01
      endloop
   endfacet
   facet normal 1.373528e-01 -9.905222e-01 0.000000e+00
      outer loop
         vertex 2.166323e+01 2.306050e+00 1.300000e+01
         vertex 1.986256e+01 2.056357e+00 1.500000e+01
         vertex 1.986256e+01 2.056357e+00 1.300000e+01
      endloop
   endfacet
   facet normal 2.755499e-02 -9.996203e-01 0.000000e+00
      outer loop
         vertex 1.986256e+01 2.056357e+00 1.300000e+01
         vertex 1.986256e+01 2.056357e+00 1.500000e+01
         vertex 1.804535e+01 2.006264e+00 1.500000e+01
      endloop
   endfacet
   facet normal 2.755499e-02 -9.996203e-01 0.000000e+00
      outer loop
         vertex 1.986256e+01 2.056357e+00 1.300000e+01
         vertex 1.804535e+01 2.006264e+00 1.500000e+01
         vertex 1.804535e+01 2.006264e+00 1.300000e+01
      endloop
   endfacet
   facet normal -8.257994e-02 -9.965844e-01 0.000000e+00
      outer loop
         vertex 1.804535e+01 2.006264e+00 1.300000e+01
         vertex 1.804535e+01 2.006264e+00 1.500000e+01
         vertex 1.623367e+01 2.156386e+00 1.500000e+01
      endloop
   endfacet
   facet normal -8.257994e-02 -9.965844e-01 0.000000e+00
      outer loop
         vertex 1.804535e+01 2.006264e+00 1.300000e+01
         vertex 1.623367e+01 2.156386e+00 1.500000e+01
         vertex 1.623367e+01 2.156386e+00 1.300000e+01
      endloop
   endfacet
   facet normal -1.917107e-01 -9.814515e-01 0.000000e+00
      outer loop
         vertex 1.623367e+01 2.156386e+00 1.300000e+01
         vertex 1.623367e+01 2.156386e+00 1.500000e+01
         vertex 1.444949e+01 2.504896e+00 1.500000e+01
      endloop
   endfacet
   facet normal -1.917107e-01 -9.814515e-01 0.000000e+00
      outer loop
         vertex 1.623367e+01 2.156386e+00 1.300000e+01
         vertex 1.444949e+01 2.504896e+00 1.500000e+01
         vertex 1.444949e+01 2.504896e+00 1.300000e+01
      endloop
   endfacet
   facet normal -2.985146e-01 -9.544051e-01 0.000000e+00
      outer loop
         vertex 1.444949e+01 2.504896e+00 1.300000e+01
         vertex 1.444949e+01 2.504896e+00 1.500000e+01
         vertex 1.271448e+01 3.047565e+00 1.500000e+01
      endloop
   endfacet
   facet normal -2.985146e-01 -9.544051e-01 0.000000e+00
      outer loop
         vertex 1.444949e+01 2.504896e+00 1.300000e+01
         vertex 1.271448e+01 3.047565e+00 1.500000e+01
         vertex 1.271448e+01 3.047565e+00 1.300000e+01
      endloop
   endfacet
   facet normal -4.016955e-01 -9.157733e-01 0.000000e+00
      outer loop
         vertex 1.271448e+01 3.047565e+00 1.300000e+01
         vertex 1.271448e+01 3.047565e+00 1.500000e+01
         vertex 1.104970e+01 3.777806e+00 1.500000e+01
      endloop
   endfacet
   facet normal -4.016955e-01 -9.157733e-01 0.000000e+00
      outer loop
         vertex 1.271448e+01 3.047565e+00 1.300000e+01
         vertex 1.104970e+01 3.777806e+00 1.500000e+01
         vertex 1.104970e+01 3.777806e+00 1.300000e+01
      endloop
   endfacet
   facet normal -4.999998e-01 -8.660255e-01 0.000000e+00
      outer loop
         vertex 1.104970e+01 3.777806e+00 1.300000e+01
         vertex 1.104970e+01 3.777806e+00 1.500000e+01
         vertex 9.475356e+00 4.686753e+00 1.500000e+01
      endloop
   endfacet
   facet normal -4.999998e-01 -8.660255e-01 0.000000e+00
      outer loop
         vertex 1.104970e+01 3.777806e+00 1.300000e+01
         vertex 9.475356e+00 4.686753e+00 1.500000e+01
         vertex 9.475356e+00 4.686753e+00 1.300000e+01
      endloop
   endfacet
   facet normal -5.922352e-01 -8.057652e-01 0.000000e+00
      outer loop
         vertex 9.475356e+00 4.686753e+00 1.300000e+01
         vertex 9.475356e+00 4.686753e+00 1.500000e+01
         vertex 8.010559e+00 5.763375e+00 1.500000e+01
      endloop
   endfacet
   facet normal -5.922352e-01 -8.057652e-01 0.000000e+00
      outer loop
         vertex 9.475356e+00 4.686753e+00 1.300000e+01
         vertex 8.010559e+00 5.763375e+00 1.500000e+01
         vertex 8.010559e+00 5.763375e+00 1.300000e+01
      endloop
   endfacet
   facet normal -6.772817e-01 -7.357238e-01 0.000000e+00
      outer loop
         vertex 8.010559e+00 5.763375e+00 1.300000e+01
         vertex 8.010559e+00 5.763375e+00 1.500000e+01
         vertex 6.673089e+00 6.994603e+00 1.500000e+01
      endloop
   endfacet
   facet normal -6.772817e-01 -7.357238e-01 0.000000e+00
      outer loop
         vertex 8.010559e+00 5.763375e+00 1.300000e+01
         vertex 6.673089e+00 6.994603e+00 1.500000e+01
         vertex 6.673089e+00 6.994603e+00 1.300000e+01
      endloop
   endfacet
   facet normal -7.541065e-01 -6.567521e-01 0.000000e+00
      outer loop
         vertex 6.673089e+00 6.994603e+00 1.300000e+01
         vertex 6.673089e+00 6.994603e+00 1.500000e+01
         vertex 5.479182e+00 8.365490e+00 1.500000e+01
      endloop
   endfacet
   facet normal -7.541065e-01 -6.567521e-01 0.000000e+00
      outer loop
         vertex 6.673089e+00 6.994603e+00 1.300000e+01
         vertex 5.479182e+00 8.365490e+00 1.500000e+01
         vertex 5.479182e+00 8.365490e+00 1.300000e+01
      endloop
   endfacet
   facet normal -8.217777e-01 -5.698083e-01 0.000000e+00
      outer loop
         vertex 5.479182e+00 8.365490e+00 1.300000e+01
         vertex 5.479182e+00 8.365490e+00 1.500000e+01
         vertex 4.443330e+00 9.859397e+00 1.500000e+01
      endloop
   endfacet
   facet normal -8.217777e-01 -5.698083e-01 0.000000e+00
      outer loop
         vertex 5.479182e+00 8.365490e+00 1.300000e+01
         vertex 4.443330e+00 9.859397e+00 1.500000e+01
         vertex 4.443330e+00 9.859397e+00 1.300000e+01
      endloop
   endfacet
   facet normal -8.794738e-01 -4.759473e-01 0.000000e+00
      outer loop
         vertex 4.443330e+00 9.859397e+00 1.300000e+01
         vertex 4.443330e+00 9.859397e+00 1.500000e+01
         vertex 3.578107e+00 1.145819e+01 1.500000e+01
      endloop
   endfacet
   facet normal -8.794738e-01 -4.759473e-01 0.000000e+00
      outer loop
         vertex 4.443330e+00 9.859397e+00 1.300000e+01
         vertex 3.578107e+00 1.145819e+01 1.500000e+01
         vertex 3.578107e+00 1.145819e+01 1.300000e+01
      endloop
   endfacet
   facet normal -9.264941e-01 -3.763092e-01 0.000000e+00
      outer loop
         vertex 3.578107e+00 1.145819e+01 1.300000e+01
         vertex 3.578107e+00 1.145819e+01 1.500000e+01
         vertex 2.894016e+00 1.314246e+01 1.500000e+01
      endloop
   endfacet
   facet normal -9.264941e-01 -3.763092e-01 0.000000e+00
      outer loop
         vertex 3.578107e+00 1.145819e+01 1.300000e+01
         vertex 2.894016e+00 1.314246e+01 1.500000e+01
         vertex 2.894016e+00 1.314246e+01 1.300000e+01
      endloop
   endfacet
   facet normal -9.622681e-01 -2.721032e-01 0.000000e+00
      outer loop
         vertex 2.894016e+00 1.314246e+01 1.300000e+01
         vertex 2.894016e+00 1.314246e+01 1.500000e+01
         vertex 2.399361e+00 1.489176e+01 1.500000e+01
      endloop
   endfacet
   facet normal -9.622681e-01 -2.721032e-01 0.000000e+00
      outer loop
         vertex 2.894016e+00 1.314246e+01 1.300000e+01
         vertex 2.399361e+00 1.489176e+01 1.500000e+01
         vertex 2.399361e+00 1.489176e+01 1.300000e+01
      endloop
   endfacet
   facet normal -9.863612e-01 -1.645953e-01 0.000000e+00
      outer loop
         vertex 2.399361e+00 1.489176e+01 1.300000e+01
         vertex 2.399361e+00 1.489176e+01 1.500000e+01
         vertex 2.100144e+00 1.668486e+01 1.500000e+01
      endloop
   endfacet
   facet normal -9.863612e-01 -1.645953e-01 0.000000e+00
      outer loop
         vertex 2.399361e+00 1.489176e+01 1.300000e+01
         vertex 2.100144e+00 1.668486e+01 1.500000e+01
         vertex 2.100144e+00 1.668486e+01 1.300000e+01
      endloop
   endfacet
   facet normal -9.984815e-01 -5.508745e-02 0.000000e+00
      outer loop
         vertex 2.100144e+00 1.668486e+01 1.300000e+01
         vertex 2.100144e+00 1.668486e+01 1.500000e+01
         vertex 2.000000e+00 1.850000e+01 1.500000e+01
      endloop
   endfacet
   facet normal -9.984815e-01 -5.508745e-02 0.000000e+00
      outer loop
         vertex 2.100144e+00 1.668486e+01 1.300000e+01
         vertex 2.000000e+00 1.850000e+01 1.500000e+01
         vertex 2.000000e+00 1.850000e+01 1.300000e+01
      endloop
   endfacet
   facet normal -9.984815e-01 5.508745e-02 0.000000e+00
      outer loop
         vertex 2.000000e+00 1.850000e+01 1.300000e+01
         vertex 2.000000e+00 1.850000e+01 1.500000e+01
         vertex 2.100144e+00 2.031514e+01 1.500000e+01
      endloop
   endfacet
   facet normal -9.984815e-01 5.508745e-02 0.000000e+00
      outer loop
         vertex 2.000000e+00 1.850000e+01 1.300000e+01
         vertex 2.100144e+00 2.031514e+01 1.500000e+01
         vertex 2.100144e+00 2.031514e+01 1.300000e+01
      endloop
   endfacet
   facet normal -9.863612e-01 1.645953e-01 0.000000e+00
      outer loop
         vertex 2.100144e+00 2.031514e+01 1.300000e+01
         vertex 2.100144e+00 2.031514e+01 1.500000e+01
         vertex 2.399361e+00 2.210824e+01 1.500000e+01
      endloop
   endfacet
   facet normal -9.863612e-01 1.645953e-01 0.000000e+00
      outer loop
         vertex 2.100144e+00 2.031514e+01 1.300000e+01
         vertex 2.399361e+00 2.210824e+01 1.500000e+01
         vertex 2.399361e+00 2.210824e+01 1.300000e+01
      endloop
   endfacet
   facet normal -9.622681e-01 2.721032e-01 0.000000e+00
      outer loop
         vertex 2.399361e+00 2.210824e+01 1.300000e+01
         vertex 2.399361e+00 2.210824e+01 1.500000e+01
         vertex 2.894016e+00 2.385754e+01 1.500000e+01
      endloop
   endfacet
   facet normal -9.622681e-01 2.721032e-01 0.000000e+00
      outer loop
         vertex 2.399361e+00 2.210824e+01 1.300000e+01
         vertex 2.894016e+00 2.385754e+01 1.500000e+01
         vertex 2.894016e+00 2.385754e+01 1.300000e+01
      endloop
   endfacet
   facet normal -9.264941e-01 3.763092e-01 0.000000e+00
      outer loop
         vertex 2.894016e+00 2.385754e+01 1.300000e+01
         vertex 2.894016e+00 2.385754e+01 1.500000e+01
         vertex 3.578107e+00 2.554181e+01 1.500000e+01
      endloop
   endfacet
   facet normal -9.264941e-01 3.763092e-01 0.000000e+00
      outer loop
         vertex 2.894016e+00 2.385754e+01 1.300000e+01
         vertex 3.578107e+00 2.554181e+01 1.500000e+01
         vertex 3.578107e+00 2.554181e+01 1.300000e+01
      endloop
   endfacet
   facet normal -8.794738e-01 4.759473e-01 0.000000e+00
      outer loop
         vertex 3.578107e+00 2.554181e+01 1.300000e+01
         vertex 3.578107e+00 2.554181e+01 1.500000e+01
         vertex 4.443330e+00 2.714060e+01 1.500000e+01
      endloop
   endfacet
   facet normal -8.794738e-01 4.759473e-01 0.000000e+00
      outer loop
         vertex 3.578107e+00 2.554181e+01 1.300000e+01
         vertex 4.443330e+00 2.714060e+01 1.500000e+01
         vertex 4.443330e+00 2.714060e+01 1.300000e+01
      endloop
   endfacet
   facet normal -8.217777e-01 5.698083e-01 0.000000e+00
      outer loop
         vertex 4.443330e+00 2.714060e+01 1.300000e+01
         vertex 4.443330e+00 2.714060e+01 1.500000e+01
         vertex 5.479182e+00 2.863451e+01 1.500000e+01
      endloop
   endfacet
   facet normal -8.217777e-01 5.698083e-01 0.000000e+00
      outer loop
         vertex 4.443330e+00 2.714060e+01 1.300000e+01
         vertex 5.479182e+00 2.863451e+01 1.500000e+01
         vertex 5.479182e+00 2.863451e+01 1.300000e+01
      endloop
   endfacet
   facet normal -7.541065e-01 6.567521e-01 0.000000e+00
      outer loop
         vertex 5.479182e+00 2.863451e+01 1.300000e+01
         vertex 5.479182e+00 2.863451e+01 1.500000e+01
         vertex 6.673089e+00 3.000540e+01 1.500000e+01
      endloop
   endfacet
   facet normal -7.541065e-01 6.567521e-01 0.000000e+00
      outer loop
         vertex 5.479182e+00 2.863451e+01 1.300000e+01
         vertex 6.673089e+00 3.000540e+01 1.500000e+01
         vertex 6.673089e+00 3.000540e+01 1.300000e+01
      endloop
   endfacet
   facet normal -6.772817e-01 7.357238e-01 0.000000e+00
      outer loop
         vertex 6.673089e+00 3.000540e+01 1.300000e+01
         vertex 6.673089e+00 3.000540e+01 1.500000e+01
         vertex 8.010559e+00 3.123663e+01 1.500000e+01
      endloop
   endfacet
   facet normal -6.772817e-01 7.357238e-01 0.000000e+00
      outer loop
         vertex 6.673089e+00 3.000540e+01 1.300000e+01
         vertex 8.010559e+00 3.123663e+01 1.500000e+01
         vertex 8.010559e+00 3.123663e+01 1.300000e+01
      endloop
   endfacet
   facet normal -5.922352e-01 8.057652e-01 0.000000e+00
      outer loop
         vertex 8.010559e+00 3.123663e+01 1.300000e+01
         vertex 8.010559e+00 3.123663e+01 1.500000e+01
         vertex 9.475356e+00 3.231325e+01 1.500000e+01
      endloop
   endfacet
   facet normal -5.922352e-01 8.057652e-01 0.000000e+00
      outer loop
         vertex 8.010559e+00 3.123663e+01 1.300000e+01
         vertex 9.475356e+00 3.231325e+01 1.500000e+01
         vertex 9.475356e+00 3.231325e+01 1.300000e+01
      endloop
   endfacet
   facet normal -4.999998e-01 8.660255e-01 0.000000e+00
      outer loop
         vertex 9.475356e+00 3.231325e+01 1.300000e+01
         vertex 9.475356e+00 3.231325e+01 1.500000e+01
         vertex 1.104970e+01 3.322219e+01 1.500000e+01
      endloop
   endfacet
   facet normal -4.999998e-01 8.660255e-01 0.000000e+00
      outer loop
         vertex 9.475356e+00 3.231325e+01 1.300000e+01
         vertex 1.104970e+01 3.322219e+01 1.500000e+01
         vertex 1.104970e+01 3.322219e+01 1.300000e+01
      endloop
   endfacet
   facet normal -4.016955e-01 9.157733e-01 0.000000e+00
      outer loop
         vertex 1.104970e+01 3.322219e+01 1.300000e+01
         vertex 1.104970e+01 3.322219e+01 1.500000e+01
         vertex 1.271448e+01 3.395244e+01 1.500000e+01
      endloop
   endfacet
   facet normal -4.016955e-01 9.157733e-01 0.000000e+00
      outer loop
         vertex 1.104970e+01 3.322219e+01 1.300000e+01
         vertex 1.271448e+01 3.395244e+01 1.500000e+01
         vertex 1.271448e+01 3.395244e+01 1.300000e+01
      endloop
   endfacet
   facet normal -2.985146e-01 9.544051e-01 0.000000e+00
      outer loop
         vertex 1.271448e+01 3.395244e+01 1.300000e+01
         vertex 1.271448e+01 3.395244e+01 1.500000e+01
         vertex 1.444949e+01 3.449510e+01 1.500000e+01
      endloop
   endfacet
   facet normal -2.985146e-01 9.544051e-01 0.000000e+00
      outer loop
         vertex 1.271448e+01 3.395244e+01 1.300000e+01
         vertex 1.444949e+01 3.449510e+01 1.500000e+01
         vertex 1.444949e+01 3.449510e+01 1.300000e+01
      endloop
   endfacet
   facet normal -1.917107e-01 9.814515e-01 0.000000e+00
      outer loop
         vertex 1.444949e+01 3.449510e+01 1.300000e+01
         vertex 1.444949e+01 3.449510e+01 1.500000e+01
         vertex 1.623367e+01 3.484361e+01 1.500000e+01
      endloop
   endfacet
   facet normal -1.917107e-01 9.814515e-01 0.000000e+00
      outer loop
         vertex 1.444949e+01 3.449510e+01 1.300000e+01
         vertex 1.623367e+01 3.484361e+01 1.500000e+01
         vertex 1.623367e+01 3.484361e+01 1.300000e+01
      endloop
   endfacet
   facet normal -8.257994e-02 9.965844e-01 0.000000e+00
      outer loop
         vertex 1.623367e+01 3.484361e+01 1.300000e+01
         vertex 1.623367e+01 3.484361e+01 1.500000e+01
         vertex 1.804535e+01 3.499374e+01 1.500000e+01
      endloop
   endfacet
   facet normal -8.257994e-02 9.965844e-01 0.000000e+00
      outer loop
         vertex 1.623367e+01 3.484361e+01 1.300000e+01
         vertex 1.804535e+01 3.499374e+01 1.500000e+01
         vertex 1.804535e+01 3.499374e+01 1.300000e+01
      endloop
   endfacet
   facet normal 2.755499e-02 9.996203e-01 -0.000000e+00
      outer loop
         vertex 1.804535e+01 3.499374e+01 1.300000e+01
         vertex 1.804535e+01 3.499374e+01 1.500000e+01
         vertex 1.986256e+01 3.494364e+01 1.500000e+01
      endloop
   endfacet
   facet normal 2.755499e-02 9.996203e-01 0.000000e+00
      outer loop
         vertex 1.804535e+01 3.499374e+01 1.300000e+01
         vertex 1.986256e+01 3.494364e+01 1.500000e+01
         vertex 1.986256e+01 3.494364e+01 1.300000e+01
      endloop
   endfacet
   facet normal 1.373528e-01 9.905222e-01 -0.000000e+00
      outer loop
         vertex 1.986256e+01 3.494364e+01 1.300000e+01
         vertex 1.986256e+01 3.494364e+01 1.500000e+01
         vertex 2.166323e+01 3.469395e+01 1.500000e+01
      endloop
   endfacet
   facet normal 1.373528e-01 9.905222e-01 0.000000e+00
      outer loop
         vertex 1.986256e+01 3.494364e+01 1.300000e+01
         vertex 2.166323e+01 3.469395e+01 1.500000e+01
         vertex 2.166323e+01 3.469395e+01 1.300000e+01
      endloop
   endfacet
   facet normal 2.454856e-01 9.694002e-01 -0.000000e+00
      outer loop
         vertex 2.166323e+01 3.469395e+01 1.300000e+01
         vertex 2.166323e+01 3.469395e+01 1.500000e+01
         vertex 2.342549e+01 3.424768e+01 1.500000e+01
      endloop
   endfacet
   facet normal 2.454856e-01 9.694002e-01 0.000000e+00
      outer loop
         vertex 2.166323e+01 3.469395e+01 1.300000e+01
         vertex 2.342549e+01 3.424768e+01 1.500000e+01
         vertex 2.342549e+01 3.424768e+01 1.300000e+01
      endloop
   endfacet
   facet normal 3.506379e-01 9.365111e-01 -0.000000e+00
      outer loop
         vertex 2.342549e+01 3.424768e+01 1.300000e+01
         vertex 2.342549e+01 3.424768e+01 1.500000e+01
         vertex 2.512797e+01 3.361026e+01 1.500000e+01
      endloop
   endfacet
   facet normal 3.506379e-01 9.365111e-01 0.000000e+00
      outer loop
         vertex 2.342549e+01 3.424768e+01 1.300000e+01
         vertex 2.512797e+01 3.361026e+01 1.500000e+01
         vertex 2.512797e+01 3.361026e+01 1.300000e+01
      endloop
   endfacet
   facet normal 4.515334e-01 8.922542e-01 -0.000000e+00
      outer loop
         vertex 2.512797e+01 3.361026e+01 1.300000e+01
         vertex 2.512797e+01 3.361026e+01 1.500000e+01
         vertex 2.675000e+01 3.278942e+01 1.500000e+01
      endloop
   endfacet
   facet normal 4.515334e-01 8.922542e-01 0.000000e+00
      outer loop
         vertex 2.512797e+01 3.361026e+01 1.300000e+01
         vertex 2.675000e+01 3.278942e+01 1.500000e+01
         vertex 2.675000e+01 3.278942e+01 1.300000e+01
      endloop
   endfacet
   facet normal 5.469481e-01 8.371665e-01 -0.000000e+00
      outer loop
         vertex 2.675000e+01 3.278942e+01 1.300000e+01
         vertex 2.675000e+01 3.278942e+01 1.500000e+01
         vertex 2.827188e+01 3.179512e+01 1.500000e+01
      endloop
   endfacet
   facet normal 5.469481e-01 8.371665e-01 0.000000e+00
      outer loop
         vertex 2.675000e+01 3.278942e+01 1.300000e+01
         vertex 2.827188e+01 3.179512e+01 1.500000e+01
         vertex 2.827188e+01 3.179512e+01 1.300000e+01
      endloop
   endfacet
   facet normal 6.357237e-01 7.719167e-01 -0.000000e+00
      outer loop
         vertex 2.827188e+01 3.179512e+01 1.300000e+01
         vertex 2.827188e+01 3.179512e+01 1.500000e+01
         vertex 2.967515e+01 3.063944e+01 1.500000e+01
      endloop
   endfacet
   facet normal 6.357237e-01 7.719167e-01 0.000000e+00
      outer loop
         vertex 2.827188e+01 3.179512e+01 1.300000e+01
         vertex 2.967515e+01 3.063944e+01 1.500000e+01
         vertex 2.967515e+01 3.063944e+01 1.300000e+01
      endloop
   endfacet
   facet normal 7.167825e-01 6.972968e-01 -0.000000e+00
      outer loop
         vertex 2.967515e+01 3.063944e+01 1.300000e+01
         vertex 2.967515e+01 3.063944e+01 1.500000e+01
         vertex 3.094276e+01 2.933641e+01 1.500000e+01
      endloop
   endfacet
   facet normal 7.167825e-01 6.972968e-01 0.000000e+00
      outer loop
         vertex 2.967515e+01 3.063944e+01 1.300000e+01
         vertex 3.094276e+01 2.933641e+01 1.500000e+01
         vertex 3.094276e+01 2.933641e+01 1.300000e+01
      endloop
   endfacet
   facet normal 7.891406e-01 6.142126e-01 -0.000000e+00
      outer loop
         vertex 3.094276e+01 2.933641e+01 1.300000e+01
         vertex 3.094276e+01 2.933641e+01 1.500000e+01
         vertex 3.205933e+01 2.790183e+01 1.500000e+01
      endloop
   endfacet
   facet normal 7.891406e-01 6.142126e-01 0.000000e+00
      outer loop
         vertex 3.094276e+01 2.933641e+01 1.300000e+01
         vertex 3.205933e+01 2.790183e+01 1.500000e+01
         vertex 3.205933e+01 2.790183e+01 1.300000e+01
      endloop
   endfacet
   facet normal 8.519194e-01 5.236729e-01 -0.000000e+00
      outer loop
         vertex 3.205933e+01 2.790183e+01 1.300000e+01
         vertex 3.205933e+01 2.790183e+01 1.500000e+01
         vertex 3.301132e+01 2.635313e+01 1.500000e+01
      endloop
   endfacet
   facet normal 8.519194e-01 5.236729e-01 0.000000e+00
      outer loop
         vertex 3.205933e+01 2.790183e+01 1.300000e+01
         vertex 3.301132e+01 2.635313e+01 1.500000e+01
         vertex 3.301132e+01 2.635313e+01 1.300000e+01
      endloop
   endfacet
   facet normal 9.043571e-01 4.267766e-01 -0.000000e+00
      outer loop
         vertex 3.301132e+01 2.635313e+01 1.300000e+01
         vertex 3.301132e+01 2.635313e+01 1.500000e+01
         vertex 3.378715e+01 2.470911e+01 1.500000e+01
      endloop
   endfacet
   facet normal 9.043571e-01 4.267766e-01 0.000000e+00
      outer loop
         vertex 3.301132e+01 2.635313e+01 1.300000e+01
         vertex 3.378715e+01 2.470911e+01 1.500000e+01
         vertex 3.378715e+01 2.470911e+01 1.300000e+01
      endloop
   endfacet
   facet normal 9.458173e-01 3.246992e-01 -0.000000e+00
      outer loop
         vertex 3.378715e+01 2.470911e+01 1.300000e+01
         vertex 3.378715e+01 2.470911e+01 1.500000e+01
         vertex 3.437742e+01 2.298971e+01 1.500000e+01
      endloop
   endfacet
   facet normal 9.458173e-01 3.246992e-01 0.000000e+00
      outer loop
         vertex 3.378715e+01 2.470911e+01 1.300000e+01
         vertex 3.437742e+01 2.298971e+01 1.500000e+01
         vertex 3.437742e+01 2.298971e+01 1.300000e+01
      endloop
   endfacet
   facet normal 9.757965e-01 2.186807e-01 -0.000000e+00
      outer loop
         vertex 3.437742e+01 2.298971e+01 1.300000e+01
         vertex 3.437742e+01 2.298971e+01 1.500000e+01
         vertex 3.477496e+01 2.121581e+01 1.500000e+01
      endloop
   endfacet
   facet normal 9.757965e-01 2.186807e-01 0.000000e+00
      outer loop
         vertex 3.437742e+01 2.298971e+01 1.300000e+01
         vertex 3.477496e+01 2.121581e+01 1.500000e+01
         vertex 3.477496e+01 2.121581e+01 1.300000e+01
      endloop
   endfacet
   facet normal 9.939306e-01 1.100089e-01 -0.000000e+00
      outer loop
         vertex 3.477496e+01 2.121581e+01 1.300000e+01
         vertex 3.477496e+01 2.121581e+01 1.500000e+01
         vertex 3.497495e+01 1.940895e+01 1.500000e+01
      endloop
   endfacet
   facet normal 9.939306e-01 1.100089e-01 0.000000e+00
      outer loop
         vertex 3.477496e+01 2.121581e+01 1.300000e+01
         vertex 3.497495e+01 1.940895e+01 1.500000e+01
         vertex 3.497495e+01 1.940895e+01 1.300000e+01
      endloop
   endfacet
   facet normal 9.996203e-01 2.755375e-02 -0.000000e+00
      outer loop
         vertex 3.497495e+01 1.940895e+01 1.300000e+01
         vertex 3.497495e+01 1.940895e+01 1.500000e+01
         vertex 3.500000e+01 1.850000e+01 1.300000e+01
      endloop
   endfacet
   facet normal 0.000000e+00 0.000000e+00 -1.000000e+00
      outer loop
         vertex 1.100000e+01 5.509620e+00 1.300000e+01
         vertex 1.255880e+01 4.726758e+00 1.300000e+01
         vertex 1.271448e+01 3.047565e+00 1.300000e+01
      endloop
   endfacet
   facet normal 0.000000e+00 0.000000e+00 -1.000000e+00
      outer loop
         vertex 1.271448e+01 3.047565e+00 1.300000e+01
         vertex 1.255880e+01 4.726758e+00 1.300000e+01
         vertex 1.444949e+01 2.504896e+00 1.300000e+01
      endloop
   endfacet
   facet normal 0.000000e+00 0.000000e+00 -1.000000e+00
      outer loop
         vertex 1.444949e+01 2.504896e+00 1.300000e+01
         vertex 1.255880e+01 4.726758e+00 1.300000e+01
         vertex 1.419795e+01 4.130158e+00 1.300000e+01
      endloop
   endfacet
   facet normal 0.000000e+00 0.000000e+00 -1.000000e+00
      outer loop
         vertex 1.444949e+01 2.504896e+00 1.300000e+01
         vertex 1.419795e+01 4.130158e+00 1.300000e+01
         vertex 1.623367e+01 2.156386e+00 1.300000e+01
      endloop
   endfacet
   facet normal 0.000000e+00 0.000000e+00 -1.000000e+00
      outer loop
         vertex 1.623367e+01 2.156386e+00 1.300000e+01
         vertex 1.419795e+01 4.130158e+00 1.300000e+01
         vertex 1.589528e+01 3.727884e+00 1.300000e+01
      endloop
   endfacet
   facet normal 0.000000e+00 0.000000e+00 -1.000000e+00
      outer loop
         vertex 1.623367e+01 2.156386e+00 1.300000e+01
         vertex 1.589528e+01 3.727884e+00 1.300000e+01
         vertex 1.804535e+01 2.006264e+00 1.300000e+01
      endloop
   endfacet
   facet normal 0.000000e+00 0.000000e+00 -1.000000e+00
      outer loop
         vertex 1.804535e+01 2.006264e+00 1.300000e+01
         vertex 1.589528e+01 3.727884e+00 1.300000e+01
         vertex 1.762783e+01 3.525378e+00 1.300000e+01
      endloop
   endfacet
   facet normal 0.000000e+00 0.000000e+00 -1.000000e+00
      outer loop
         vertex 1.804535e+01 2.006264e+00 1.300000e+01
         vertex 1.762783e+01 3.525378e+00 1.300000e+01
         vertex 1.986256e+01 2.056357e+00 1.300000e+01
      endloop
   endfacet
   facet normal 0.000000e+00 0.000000e+00 -1.000000e+00
      outer loop
         vertex 1.986256e+01 2.056357e+00 1.300000e+01
         vertex 1.762783e+01 3.525378e+00 1.300000e+01
         vertex 1.937217e+01 3.525378e+00 1.300000e+01
      endloop
   endfacet
   facet normal 0.000000e+00 0.000000e+00 -1.000000e+00
      outer loop
         vertex 1.986256e+01 2.056357e+00 1.300000e+01
         vertex 1.937217e+01 3.525378e+00 1.300000e+01
         vertex 2.166323e+01 2.306050e+00 1.300000e+01
      endloop
   endfacet
   facet normal 0.000000e+00 0.000000e+00 -1.000000e+00
      outer loop
         vertex 2.166323e+01 2.306050e+00 1.300000e+01
         vertex 1.937217e+01 3.525378e+00 1.300000e+01
         vertex 2.110472e+01 3.727884e+00 1.300000e+01
      endloop
   endfacet
   facet normal 0.000000e+00 0.000000e+00 -1.000000e+00
      outer loop
         vertex 2.166323e+01 2.306050e+00 1.300000e+01
         vertex 2.110472e+01 3.727884e+00 1.300000e+01
         vertex 2.342549e+01 2.752317e+00 1.300000e+01
      endloop
   endfacet
   facet normal 0.000000e+00 0.000000e+00 -1.000000e+00
      outer loop
         vertex 2.342549e+01 2.752317e+00 1.300000e+01
         vertex 2.110472e+01 3.727884e+00 1.300000e+01
         vertex 2.280205e+01 4.130158e+00 1.300000e+01
      endloop
   endfacet
   facet normal 0.000000e+00 0.000000e+00 -1.000000e+00
      outer loop
         vertex 2.342549e+01 2.752317e+00 1.300000e+01
         vertex 2.280205e+01 4.130158e+00 1.300000e+01
         vertex 2.512797e+01 3.389740e+00 1.300000e+01
      endloop
   endfacet
   facet normal 0.000000e+00 0.000000e+00 -1.000000e+00
      outer loop
         vertex 2.512797e+01 3.389740e+00 1.300000e+01
         vertex 2.280205e+01 4.130158e+00 1.300000e+01
         vertex 2.444120e+01 4.726758e+00 1.300000e+01
      endloop
   endfacet
   facet normal 0.000000e+00 0.000000e+00 -1.000000e+00
      outer loop
         vertex 2.512797e+01 3.389740e+00 1.300000e+01
         vertex 2.444120e+01 4.726758e+00 1.300000e+01
         vertex 2.675000e+01 4.210581e+00 1.300000e+01
      endloop
   endfacet
   facet normal 0.000000e+00 0.000000e+00 -1.000000e+00
      outer loop
         vertex 2.675000e+01 4.210581e+00 1.300000e+01
         vertex 2.444120e+01 4.726758e+00 1.300000e+01
         vertex 2.600000e+01 5.509620e+00 1.300000e+01
      endloop
   endfacet
   facet normal 0.000000e+00 0.000000e+00 -1.000000e+00
      outer loop
         vertex 2.675000e+01 4.210581e+00 1.300000e+01
         vertex 2.600000e+01 5.509620e+00 1.300000e+01
         vertex 2.827188e+01 5.204876e+00 1.300000e+01
      endloop
   endfacet
   facet normal 0.000000e+00 0.000000e+00 -1.000000e+00
      outer loop
         vertex 2.827188e+01 5.204876e+00 1.300000e+01
         vertex 2.600000e+01 5.509620e+00 1.300000e+01
         vertex 2.745738e+01 6.468153e+00 1.300000e+01
      endloop
   endfacet
   facet normal 0.000000e+00 0.000000e+00 -1.000000e+00
      outer loop
         vertex 2.827188e+01 5.204876e+00 1.300000e+01
         vertex 2.745738e+01 6.468153e+00 1.300000e+01
         vertex 2.967515e+01 6.360556e+00 1.300000e+01
      endloop
   endfacet
   facet normal 0.000000e+00 0.000000e+00 -1.000000e+00
      outer loop
         vertex 2.967515e+01 6.360556e+00 1.300000e+01
         vertex 2.745738e+01 6.468153e+00 1.300000e+01
         vertex 2.879362e+01 7.589395e+00 1.300000e+01
      endloop
   endfacet
   facet normal 0.000000e+00 0.000000e+00 -1.000000e+00
      outer loop
         vertex 2.967515e+01 6.360556e+00 1.300000e+01
         vertex 2.879362e+01 7.589395e+00 1.300000e+01
         vertex 3.094276e+01 7.663592e+00 1.300000e+01
      endloop
   endfacet
   facet normal -0.000000e+00 0.000000e+00 -1.000000e+00
      outer loop
         vertex 3.094276e+01 7.663592e+00 1.300000e+01
         vertex 2.879362e+01 7.589395e+00 1.300000e+01
         vertex 2.999067e+01 8.858186e+00 1.300000e+01
      endloop
   endfacet
   facet normal 0.000000e+00 0.000000e+00 -1.000000e+00
      outer loop
         vertex 3.094276e+01 7.663592e+00 1.300000e+01
         vertex 2.999067e+01 8.858186e+00 1.300000e+01
         vertex 3.205933e+01 9.098168e+00 1.300000e+01
      endloop
   endfacet
   facet normal -0.000000e+00 0.000000e+00 -1.000000e+00
      outer loop
         vertex 3.205933e+01 9.098168e+00 1.300000e+01
         vertex 2.999067e+01 8.858186e+00 1.300000e+01
         vertex 3.103232e+01 1.025737e+01 1.300000e+01
      endloop
   endfacet
   facet normal 0.000000e+00 0.000000e+00 -1.000000e+00
      outer loop
         vertex 3.205933e+01 9.098168e+00 1.300000e+01
         vertex 3.103232e+01 1.025737e+01 1.300000e+01
         vertex 3.301132e+01 1.064687e+01 1.300000e+01
      endloop
   endfacet
   facet normal -0.000000e+00 0.000000e+00 -1.000000e+00
      outer loop
         vertex 3.301132e+01 1.064687e+01 1.300000e+01
         vertex 3.103232e+01 1.025737e+01 1.300000e+01
         vertex 3.190449e+01 1.176801e+01 1.300000e+01
      endloop
   endfacet
   facet normal 0.000000e+00 0.000000e+00 -1.000000e+00
      outer loop
         vertex 3.301132e+01 1.064687e+01 1.300000e+01
         vertex 3.190449e+01 1.176801e+01 1.300000e+01
         vertex 3.378715e+01 1.229090e+01 1.300000e+01
      endloop
   endfacet
   facet normal -0.000000e+00 0.000000e+00 -1.000000e+00
      outer loop
         vertex 3.378715e+01 1.229090e+01 1.300000e+01
         vertex 3.190449e+01 1.176801e+01 1.300000e+01
         vertex 3.259539e+01 1.336970e+01 1.300000e+01
      endloop
   endfacet
   facet normal 0.000000e+00 0.000000e+00 -1.000000e+00
      outer loop
         vertex 3.378715e+01 1.229090e+01 1.300000e+01
         vertex 3.259539e+01 1.336970e+01 1.300000e+01
         vertex 3.437742e+01 1.401029e+01 1.300000e+01
      endloop
   endfacet
   facet normal -0.000000e+00 0.000000e+00 -1.000000e+00
      outer loop
         vertex 3.437742e+01 1.401029e+01 1.300000e+01
         vertex 3.259539e+01 1.336970e+01 1.300000e+01
         vertex 3.309567e+01 1.504076e+01 1.300000e+01
      endloop
   endfacet
   facet normal 0.000000e+00 0.000000e+00 -1.000000e+00
      outer loop
         vertex 3.437742e+01 1.401029e+01 1.300000e+01
         vertex 3.309567e+01 1.504076e+01 1.300000e+01
         vertex 3.477496e+01 1.578419e+01 1.300000e+01
      endloop
   endfacet
   facet normal -0.000000e+00 0.000000e+00 -1.000000e+00
      outer loop
         vertex 3.477496e+01 1.578419e+01 1.300000e+01
         vertex 3.309567e+01 1.504076e+01 1.300000e+01
         vertex 3.339858e+01 1.675861e+01 1.300000e+01
      endloop
   endfacet
   facet normal 0.000000e+00 0.000000e+00 -1.000000e+00
      outer loop
         vertex 3.477496e+01 1.578419e+01 1.300000e+01
         vertex 3.339858e+01 1.675861e+01 1.300000e+01
         vertex 3.497495e+01 1.759105e+01 1.300000e+01
      endloop
   endfacet
   facet normal -0.000000e+00 0.000000e+00 -1.000000e+00
      outer loop
         vertex 3.497495e+01 1.759105e+01 1.300000e+01
         vertex 3.339858e+01 1.675861e+01 1.300000e+01
         vertex 3.350000e+01 1.850000e+01 1.300000e+01
      endloop
   endfacet
   facet normal 0.000000e+00 0.000000e+00 -1.000000e+00
      outer loop
         vertex 3.497495e+01 1.759105e+01 1.300000e+01
         vertex 3.350000e+01 1.850000e+01 1.300000e+01
         vertex 3.500000e+01 1.850000e+01 1.300000e+01
      endloop
   endfacet
   facet normal 0.000000e+00 0.000000e+00 -1.000000e+00
      outer loop
         vertex 1.100000e+01 3.149038e+01 1.300000e+01
         vertex 1.104970e+01 3.322219e+01 1.300000e+01
         vertex 1.255880e+01 3.227324e+01 1.300000e+01
      endloop
   endfacet
   facet normal 0.000000e+00 0.000000e+00 -1.000000e+00
      outer loop
         vertex 1.255880e+01 3.227324e+01 1.300000e+01
         vertex 1.104970e+01 3.322219e+01 1.300000e+01
         vertex 1.271448e+01 3.395244e+01 1.300000e+01
      endloop
   endfacet
   facet normal 0.000000e+00 0.000000e+00 -1.000000e+00
      outer loop
         vertex 1.255880e+01 3.227324e+01 1.300000e+01
         vertex 1.271448e+01 3.395244e+01 1.300000e+01
         vertex 1.419795e+01 3.286984e+01 1.300000e+01
      endloop
   endfacet
   facet normal 0.000000e+00 0.000000e+00 -1.000000e+00
      outer loop
         vertex 1.419795e+01 3.286984e+01 1.300000e+01
         vertex 1.271448e+01 3.395244e+01 1.300000e+01
         vertex 1.444949e+01 3.449510e+01 1.300000e+01
      endloop
   endfacet
   facet normal 0.000000e+00 0.000000e+00 -1.000000e+00
      outer loop
         vertex 1.419795e+01 3.286984e+01 1.300000e+01
         vertex 1.444949e+01 3.449510e+01 1.300000e+01
         vertex 1.589528e+01 3.327212e+01 1.300000e+01
      endloop
   endfacet
   facet normal 0.000000e+00 0.000000e+00 -1.000000e+00
      outer loop
         vertex 1.589528e+01 3.327212e+01 1.300000e+01
         vertex 1.444949e+01 3.449510e+01 1.300000e+01
         vertex 1.623367e+01 3.484361e+01 1.300000e+01
      endloop
   endfacet
   facet normal 0.000000e+00 0.000000e+00 -1.000000e+00
      outer loop
         vertex 1.589528e+01 3.327212e+01 1.300000e+01
         vertex 1.623367e+01 3.484361e+01 1.300000e+01
         vertex 1.762783e+01 3.347462e+01 1.300000e+01
      endloop
   endfacet
   facet normal 0.000000e+00 0.000000e+00 -1.000000e+00
      outer loop
         vertex 1.762783e+01 3.347462e+01 1.300000e+01
         vertex 1.623367e+01 3.484361e+01 1.300000e+01
         vertex 1.804535e+01 3.499374e+01 1.300000e+01
      endloop
   endfacet
   facet normal 0.000000e+00 0.000000e+00 -1.000000e+00
      outer loop
         vertex 1.762783e+01 3.347462e+01 1.300000e+01
         vertex 1.804535e+01 3.499374e+01 1.300000e+01
         vertex 1.937217e+01 3.347462e+01 1.300000e+01
      endloop
   endfacet
   facet normal 0.000000e+00 0.000000e+00 -1.000000e+00
      outer loop
         vertex 1.937217e+01 3.347462e+01 1.300000e+01
         vertex 1.804535e+01 3.499374e+01 1.300000e+01
         vertex 1.986256e+01 3.494364e+01 1.300000e+01
      endloop
   endfacet
   facet normal 0.000000e+00 0.000000e+00 -1.000000e+00
      outer loop
         vertex 1.937217e+01 3.347462e+01 1.300000e+01
         vertex 1.986256e+01 3.494364e+01 1.300000e+01
         vertex 2.110472e+01 3.327212e+01 1.300000e+01
      endloop
   endfacet
   facet normal 0.000000e+00 0.000000e+00 -1.000000e+00
      outer loop
         vertex 2.110472e+01 3.327212e+01 1.300000e+01
         vertex 1.986256e+01 3.494364e+01 1.300000e+01
         vertex 2.166323e+01 3.469395e+01 1.300000e+01
      endloop
   endfacet
   facet normal 0.000000e+00 0.000000e+00 -1.000000e+00
      outer loop
         vertex 2.110472e+01 3.327212e+01 1.300000e+01
         vertex 2.166323e+01 3.469395e+01 1.300000e+01
         vertex 2.280205e+01 3.286984e+01 1.300000e+01
      endloop
   endfacet
   facet normal 0.000000e+00 0.000000e+00 -1.000000e+00
      outer loop
         vertex 2.280205e+01 3.286984e+01 1.300000e+01
         vertex 2.166323e+01 3.469395e+01 1.300000e+01
         vertex 2.342549e+01 3.424768e+01 1.300000e+01
      endloop
   endfacet
   facet normal 0.000000e+00 0.000000e+00 -1.000000e+00
      outer loop
         vertex 2.280205e+01 3.286984e+01 1.300000e+01
         vertex 2.342549e+01 3.424768e+01 1.300000e+01
         vertex 2.444120e+01 3.227324e+01 1.300000e+01
      endloop
   endfacet
   facet normal 0.000000e+00 0.000000e+00 -1.000000e+00
      outer loop
         vertex 2.444120e+01 3.227324e+01 1.300000e+01
         vertex 2.342549e+01 3.424768e+01 1.300000e+01
         vertex 2.512797e+01 3.361026e+01 1.300000e+01
      endloop
   endfacet
   facet normal 0.000000e+00 0.000000e+00 -1.000000e+00
      outer loop
         vertex 2.444120e+01 3.227324e+01 1.300000e+01
         vertex 2.512797e+01 3.361026e+01 1.300000e+01
         vertex 2.600000e+01 3.149038e+01 1.300000e+01
      endloop
   endfacet
   facet normal 0.000000e+00 0.000000e+00 -1.000000e+00
      outer loop
         vertex 2.600000e+01 3.149038e+01 1.300000e+01
         vertex 2.512797e+01 3.361026e+01 1.300000e+01
         vertex 2.675000e+01 3.278942e+01 1.300000e+01
      endloop
   endfacet
   facet normal 0.000000e+00 0.000000e+00 -1.000000e+00
      outer loop
         vertex 2.600000e+01 3.149038e+01 1.300000e+01
         vertex 2.675000e+01 3.278942e+01 1.300000e+01
         vertex 2.745738e+01 3.053185e+01 1.300000e+01
      endloop
   endfacet
   facet normal 0.000000e+00 0.000000e+00 -1.000000e+00
      outer loop
         vertex 2.745738e+01 3.053185e+01 1.300000e+01
         vertex 2.675000e+01 3.278942e+01 1.300000e+01
         vertex 2.827188e+01 3.179512e+01 1.300000e+01
      endloop
   endfacet
   facet normal 0.000000e+00 0.000000e+00 -1.000000e+00
      outer loop
         vertex 2.745738e+01 3.053185e+01 1.300000e+01
         vertex 2.827188e+01 3.179512e+01 1.300000e+01
         vertex 2.879362e+01 2.941061e+01 1.300000e+01
      endloop
   endfacet
   facet normal 0.000000e+00 0.000000e+00 -1.000000e+00
      outer loop
         vertex 2.879362e+01 2.941061e+01 1.300000e+01
         vertex 2.827188e+01 3.179512e+01 1.300000e+01
         vertex 2.967515e+01 3.063944e+01 1.300000e+01
      endloop
   endfacet
   facet normal 0.000000e+00 0.000000e+00 -1.000000e+00
      outer loop
         vertex 2.879362e+01 2.941061e+01 1.300000e+01
         vertex 2.967515e+01 3.063944e+01 1.300000e+01
         vertex 2.999067e+01 2.814181e+01 1.300000e+01
      endloop
   endfacet
   facet normal 0.000000e+00 0.000000e+00 -1.000000e+00
      outer loop
         vertex 2.999067e+01 2.814181e+01 1.300000e+01
         vertex 2.967515e+01 3.063944e+01 1.300000e+01
         vertex 3.094276e+01 2.933641e+01 1.300000e+01
      endloop
   endfacet
   facet normal 0.000000e+00 0.000000e+00 -1.000000e+00
      outer loop
         vertex 2.999067e+01 2.814181e+01 1.300000e+01
         vertex 3.094276e+01 2.933641e+01 1.300000e+01
         vertex 3.103232e+01 2.674264e+01 1.300000e+01
      endloop
   endfacet
   facet normal 0.000000e+00 0.000000e+00 -1.000000e+00
      outer loop
         vertex 3.103232e+01 2.674264e+01 1.300000e+01
         vertex 3.094276e+01 2.933641e+01 1.300000e+01
         vertex 3.205933e+01 2.790183e+01 1.300000e+01
      endloop
   endfacet
   facet normal 0.000000e+00 0.000000e+00 -1.000000e+00
      outer loop
         vertex 3.103232e+01 2.674264e+01 1.300000e+01
         vertex 3.205933e+01 2.790183e+01 1.300000e+01
         vertex 3.190449e+01 2.523199e+01 1.300000e+01
      endloop
   endfacet
   facet normal 0.000000e+00 0.000000e+00 -1.000000e+00
      outer loop
         vertex 3.190449e+01 2.523199e+01 1.300000e+01
         vertex 3.205933e+01 2.790183e+01 1.300000e+01
         vertex 3.301132e+01 2.635313e+01 1.300000e+01
      endloop
   endfacet
   facet normal 0.000000e+00 0.000000e+00 -1.000000e+00
      outer loop
         vertex 3.190449e+01 2.523199e+01 1.300000e+01
         vertex 3.301132e+01 2.635313e+01 1.300000e+01
         vertex 3.259539e+01 2.363030e+01 1.300000e+01
      endloop
   endfacet
   facet normal 0.000000e+00 0.000000e+00 -1.000000e+00
      outer loop
         vertex 3.259539e+01 2.363030e+01 1.300000e+01
         vertex 3.301132e+01 2.635313e+01 1.300000e+01
         vertex 3.378715e+01 2.470911e+01 1.300000e+01
      endloop
   endfacet
   facet normal 0.000000e+00 0.000000e+00 -1.000000e+00
      outer loop
         vertex 3.259539e+01 2.363030e+01 1.300000e+01
         vertex 3.378715e+01 2.470911e+01 1.300000e+01
         vertex 3.309567e+01 2.195924e+01 1.300000e+01
      endloop
   endfacet
   facet normal 0.000000e+00 0.000000e+00 -1.000000e+00
      outer loop
         vertex 3.309567e+01 2.195924e+01 1.300000e+01
         vertex 3.378715e+01 2.470911e+01 1.300000e+01
         vertex 3.437742e+01 2.298971e+01 1.300000e+01
      endloop
   endfacet
   facet normal 0.000000e+00 0.000000e+00 -1.000000e+00
      outer loop
         vertex 3.309567e+01 2.195924e+01 1.300000e+01
         vertex 3.437742e+01 2.298971e+01 1.300000e+01
         vertex 3.339858e+01 2.024139e+01 1.300000e+01
      endloop
   endfacet
   facet normal 0.000000e+00 0.000000e+00 -1.000000e+00
      outer loop
         vertex 3.339858e+01 2.024139e+01 1.300000e+01
         vertex 3.437742e+01 2.298971e+01 1.300000e+01
         vertex 3.477496e+01 2.121581e+01 1.300000e+01
      endloop
   endfacet
   facet normal 0.000000e+00 0.000000e+00 -1.000000e+00
      outer loop
         vertex 3.339858e+01 2.024139e+01 1.300000e+01
         vertex 3.477496e+01 2.121581e+01 1.300000e+01
         vertex 3.350000e+01 1.850000e+01 1.300000e+01
      endloop
   endfacet
   facet normal 0.000000e+00 0.000000e+00 -1.000000e+00
      outer loop
         vertex 3.350000e+01 1.850000e+01 1.300000e+01
         vertex 3.477496e+01 2.121581e+01 1.300000e+01
         vertex 3.497495e+01 1.940895e+01 1.300000e+01
      endloop
   endfacet
   facet normal 0.000000e+00 0.000000e+00 -1.000000e+00
      outer loop
         vertex 3.350000e+01 1.850000e+01 1.300000e+01
         vertex 3.497495e+01 1.940895e+01 1.300000e+01
         vertex 3.500000e+01 1.850000e+01 1.300000e+01
      endloop
   endfacet
   facet normal 0.000000e+00 0.000000e+00 -1.000000e+00
      outer loop
         vertex 1.271448e+01 3.047565e+00 1.300000e+01
         vertex 1.104970e+01 3.777806e+00 1.300000e+01
         vertex 1.100000e+01 5.509620e+00 1.300000e+01
      endloop
   endfacet
   facet normal 0.000000e+00 -0.000000e+00 -1.000000e+00
      outer loop
         vertex 1.100000e+01 5.509620e+00 1.300000e+01
         vertex 1.104970e+01 3.777806e+00 1.300000e+01
         vertex 9.475356e+00 4.686753e+00 1.300000e+01
      endloop
   endfacet
   facet normal -0.000000e+00 0.000000e+00 -1.000000e+00
      outer loop
         vertex 1.100000e+01 5.509620e+00 1.300000e+01
         vertex 9.475356e+00 4.686753e+00 1.300000e+01
         vertex 9.542622e+00 6.468153e+00 1.300000e+01
      endloop
   endfacet
   facet normal 0.000000e+00 0.000000e+00 -1.000000e+00
      outer loop
         vertex 9.542622e+00 6.468153e+00 1.300000e+01
         vertex 9.475356e+00 4.686753e+00 1.300000e+01
         vertex 8.010559e+00 5.763375e+00 1.300000e+01
      endloop
   endfacet
   facet normal -0.000000e+00 0.000000e+00 -1.000000e+00
      outer loop
         vertex 9.542622e+00 6.468153e+00 1.300000e+01
         vertex 8.010559e+00 5.763375e+00 1.300000e+01
         vertex 8.206376e+00 7.589395e+00 1.300000e+01
      endloop
   endfacet
   facet normal 0.000000e+00 0.000000e+00 -1.000000e+00
      outer loop
         vertex 8.206376e+00 7.589395e+00 1.300000e+01
         vertex 8.010559e+00 5.763375e+00 1.300000e+01
         vertex 6.673089e+00 6.994603e+00 1.300000e+01
      endloop
   endfacet
   facet normal -0.000000e+00 0.000000e+00 -1.000000e+00
      outer loop
         vertex 8.206376e+00 7.589395e+00 1.300000e+01
         vertex 6.673089e+00 6.994603e+00 1.300000e+01
         vertex 7.009334e+00 8.858186e+00 1.300000e+01
      endloop
   endfacet
   facet normal 0.000000e+00 0.000000e+00 -1.000000e+00
      outer loop
         vertex 7.009334e+00 8.858186e+00 1.300000e+01
         vertex 6.673089e+00 6.994603e+00 1.300000e+01
         vertex 5.479182e+00 8.365490e+00 1.300000e+01
      endloop
   endfacet
   facet normal -0.000000e+00 0.000000e+00 -1.000000e+00
      outer loop
         vertex 7.009334e+00 8.858186e+00 1.300000e+01
         vertex 5.479182e+00 8.365490e+00 1.300000e+01
         vertex 5.967683e+00 1.025737e+01 1.300000e+01
      endloop
   endfacet
   facet normal 0.000000e+00 0.000000e+00 -1.000000e+00
      outer loop
         vertex 5.967683e+00 1.025737e+01 1.300000e+01
         vertex 5.479182e+00 8.365490e+00 1.300000e+01
         vertex 4.443330e+00 9.859397e+00 1.300000e+01
      endloop
   endfacet
   facet normal -0.000000e+00 0.000000e+00 -1.000000e+00
      outer loop
         vertex 5.967683e+00 1.025737e+01 1.300000e+01
         vertex 4.443330e+00 9.859397e+00 1.300000e+01
         vertex 5.095511e+00 1.176801e+01 1.300000e+01
      endloop
   endfacet
   facet normal 0.000000e+00 0.000000e+00 -1.000000e+00
      outer loop
         vertex 5.095511e+00 1.176801e+01 1.300000e+01
         vertex 4.443330e+00 9.859397e+00 1.300000e+01
         vertex 3.578107e+00 1.145819e+01 1.300000e+01
      endloop
   endfacet
   facet normal -0.000000e+00 0.000000e+00 -1.000000e+00
      outer loop
         vertex 5.095511e+00 1.176801e+01 1.300000e+01
         vertex 3.578107e+00 1.145819e+01 1.300000e+01
         vertex 4.404611e+00 1.336970e+01 1.300000e+01
      endloop
   endfacet
   facet normal 0.000000e+00 0.000000e+00 -1.000000e+00
      outer loop
         vertex 4.404611e+00 1.336970e+01 1.300000e+01
         vertex 3.578107e+00 1.145819e+01 1.300000e+01
         vertex 2.894016e+00 1.314246e+01 1.300000e+01
      endloop
   endfacet
   facet normal -0.000000e+00 0.000000e+00 -1.000000e+00
      outer loop
         vertex 4.404611e+00 1.336970e+01 1.300000e+01
         vertex 2.894016e+00 1.314246e+01 1.300000e+01
         vertex 3.904327e+00 1.504076e+01 1.300000e+01
      endloop
   endfacet
   facet normal 0.000000e+00 0.000000e+00 -1.000000e+00
      outer loop
         vertex 3.904327e+00 1.504076e+01 1.300000e+01
         vertex 2.894016e+00 1.314246e+01 1.300000e+01
         vertex 2.399361e+00 1.489176e+01 1.300000e+01
      endloop
   endfacet
   facet normal -0.000000e+00 0.000000e+00 -1.000000e+00
      outer loop
         vertex 3.904327e+00 1.504076e+01 1.300000e+01
         vertex 2.399361e+00 1.489176e+01 1.300000e+01
         vertex 3.601425e+00 1.675861e+01 1.300000e+01
      endloop
   endfacet
   facet normal 0.000000e+00 0.000000e+00 -1.000000e+00
      outer loop
         vertex 3.601425e+00 1.675861e+01 1.300000e+01
         vertex 2.399361e+00 1.489176e+01 1.300000e+01
         vertex 2.100144e+00 1.668486e+01 1.300000e+01
      endloop
   endfacet
   facet normal -0.000000e+00 0.000000e+00 -1.000000e+00
      outer loop
         vertex 3.601425e+00 1.675861e+01 1.300000e+01
         vertex 2.100144e+00 1.668486e+01 1.300000e+01
         vertex 3.500001e+00 1.850000e+01 1.300000e+01
      endloop
   endfacet
   facet normal 0.000000e+00 0.000000e+00 -1.000000e+00
      outer loop
         vertex 3.500001e+00 1.850000e+01 1.300000e+01
         vertex 2.100144e+00 1.668486e+01 1.300000e+01
         vertex 2.000000e+00 1.850000e+01 1.300000e+01
      endloop
   endfacet
   facet normal -0.000000e+00 0.000000e+00 -1.000000e+00
      outer loop
         vertex 3.500001e+00 1.850000e+01 1.300000e+01
         vertex 2.000000e+00 1.850000e+01 1.300000e+01
         vertex 3.601425e+00 2.024139e+01 1.300000e+01
      endloop
   endfacet
   facet normal -0.000000e+00 0.000000e+00 -1.000000e+00
      outer loop
         vertex 3.601425e+00 2.024139e+01 1.300000e+01
         vertex 2.000000e+00 1.850000e+01 1.300000e+01
         vertex 2.100144e+00 2.031514e+01 1.300000e+01
      endloop
   endfacet
   facet normal 0.000000e+00 0.000000e+00 -1.000000e+00
      outer loop
         vertex 3.601425e+00 2.024139e+01 1.300000e+01
         vertex 2.100144e+00 2.031514e+01 1.300000e+01
         vertex 3.904327e+00 2.195924e+01 1.300000e+01
      endloop
   endfacet
   facet normal -0.000000e+00 0.000000e+00 -1.000000e+00
      outer loop
         vertex 3.904327e+00 2.195924e+01 1.300000e+01
         vertex 2.100144e+00 2.031514e+01 1.300000e+01
         vertex 2.399361e+00 2.210824e+01 1.300000e+01
      endloop
   endfacet
   facet normal 0.000000e+00 0.000000e+00 -1.000000e+00
      outer loop
         vertex 3.904327e+00 2.195924e+01 1.300000e+01
         vertex 2.399361e+00 2.210824e+01 1.300000e+01
         vertex 4.404611e+00 2.363030e+01 1.300000e+01
      endloop
   endfacet
   facet normal -0.000000e+00 0.000000e+00 -1.000000e+00
      outer loop
         vertex 4.404611e+00 2.363030e+01 1.300000e+01
         vertex 2.399361e+00 2.210824e+01 1.300000e+01
         vertex 2.894016e+00 2.385754e+01 1.300000e+01
      endloop
   endfacet
   facet normal 0.000000e+00 0.000000e+00 -1.000000e+00
      outer loop
         vertex 4.404611e+00 2.363030e+01 1.300000e+01
         vertex 2.894016e+00 2.385754e+01 1.300000e+01
         vertex 5.095511e+00 2.523199e+01 1.300000e+01
      endloop
   endfacet
   facet normal -0.000000e+00 0.000000e+00 -1.000000e+00
      outer loop
         vertex 5.095511e+00 2.523199e+01 1.300000e+01
         vertex 2.894016e+00 2.385754e+01 1.300000e+01
         vertex 3.578107e+00 2.554181e+01 1.300000e+01
      endloop
   endfacet
   facet normal 0.000000e+00 0.000000e+00 -1.000000e+00
      outer loop
         vertex 5.095511e+00 2.523199e+01 1.300000e+01
         vertex 3.578107e+00 2.554181e+01 1.300000e+01
         vertex 5.967683e+00 2.674264e+01 1.300000e+01
      endloop
   endfacet
   facet normal -0.000000e+00 0.000000e+00 -1.000000e+00
      outer loop
         vertex 5.967683e+00 2.674264e+01 1.300000e+01
         vertex 3.578107e+00 2.554181e+01 1.300000e+01
         vertex 4.443330e+00 2.714060e+01 1.300000e+01
      endloop
   endfacet
   facet normal 0.000000e+00 0.000000e+00 -1.000000e+00
      outer loop
         vertex 5.967683e+00 2.674264e+01 1.300000e+01
         vertex 4.443330e+00 2.714060e+01 1.300000e+01
         vertex 7.009334e+00 2.814181e+01 1.300000e+01
      endloop
   endfacet
   facet normal -0.000000e+00 0.000000e+00 -1.000000e+00
      outer loop
         vertex 7.009334e+00 2.814181e+01 1.300000e+01
         vertex 4.443330e+00 2.714060e+01 1.300000e+01
         vertex 5.479182e+00 2.863451e+01 1.300000e+01
      endloop
   endfacet
   facet normal 0.000000e+00 0.000000e+00 -1.000000e+00
      outer loop
         vertex 7.009334e+00 2.814181e+01 1.300000e+01
         vertex 5.479182e+00 2.863451e+01 1.300000e+01
         vertex 8.206376e+00 2.941061e+01 1.300000e+01
      endloop
   endfacet
   facet normal -0.000000e+00 0.000000e+00 -1.000000e+00
      outer loop
         vertex 8.206376e+00 2.941061e+01 1.300000e+01
         vertex 5.479182e+00 2.863451e+01 1.300000e+01
         vertex 6.673089e+00 3.000540e+01 1.300000e+01
      endloop
   endfacet
   facet normal 0.000000e+00 0.000000e+00 -1.000000e+00
      outer loop
         vertex 8.206376e+00 2.941061e+01 1.300000e+01
         vertex 6.673089e+00 3.000540e+01 1.300000e+01
         vertex 9.542622e+00 3.053185e+01 1.300000e+01
      endloop
   endfacet
   facet normal -0.000000e+00 0.000000e+00 -1.000000e+00
      outer loop
         vertex 9.542622e+00 3.053185e+01 1.300000e+01
         vertex 6.673089e+00 3.000540e+01 1.300000e+01
         vertex 8.010559e+00 3.123663e+01 1.300000e+01
      endloop
   endfacet
   facet normal 0.000000e+00 0.000000e+00 -1.000000e+00
      outer loop
         vertex 9.542622e+00 3.053185e+01 1.300000e+01
         vertex 8.010559e+00 3.123663e+01 1.300000e+01
         vertex 1.100000e+01 3.149038e+01 1.300000e+01
      endloop
   endfacet
   facet normal -0.000000e+00 0.000000e+00 -1.000000e+00
      outer loop
         vertex 1.100000e+01 3.149038e+01 1.300000e+01
         vertex 8.010559e+00 3.123663e+01 1.300000e+01
         vertex 9.475356e+00 3.231325e+01 1.300000e+01
      endloop
   endfacet
   facet normal 0.000000e+00 0.000000e+00 -1.000000e+00
      outer loop
         vertex 1.100000e+01 3.149038e+01 1.300000e+01
         vertex 9.475356e+00 3.231325e+01 1.300000e+01
         vertex 1.104970e+01 3.322219e+01 1.300000e+01
      endloop
   endfacet
   facet normal -2.327205e-01 3.883435e-02 9.717680e-01
      outer loop
         vertex 2.399361e+00 2.210824e+01 1.500000e+01
         vertex 2.100144e+00 2.031514e+01 1.500000e+01
         vertex 1.850000e+01 1.850000e+01 1.900000e+01
      endloop
   endfacet
   facet normal -2.270360e-01 6.419958e-02 9.717680e-01
      outer loop
         vertex 2.399361e+00 2.210824e+01 1.500000e+01
         vertex 1.850000e+01 1.850000e+01 1.900000e+01
         vertex 2.894016e+00 2.385754e+01 1.500000e+01
      endloop
   endfacet
   facet normal -2.185955e-01 8.878578e-02 9.717680e-01
      outer loop
         vertex 3.578107e+00 2.554181e+01 1.500000e+01
         vertex 2.894016e+00 2.385754e+01 1.500000e+01
         vertex 1.850000e+01 1.850000e+01 1.900000e+01
      endloop
   endfacet
   facet normal -2.075016e-01 1.122942e-01 9.717680e-01
      outer loop
         vertex 4.443330e+00 2.714060e+01 1.500000e+01
         vertex 3.578107e+00 2.554181e+01 1.500000e+01
         vertex 1.850000e+01 1.850000e+01 1.900000e+01
      endloop
   endfacet
   facet normal -1.938889e-01 1.344396e-01 9.717680e-01
      outer loop
         vertex 5.479182e+00 2.863451e+01 1.500000e+01
         vertex 4.443330e+00 2.714060e+01 1.500000e+01
         vertex 1.850000e+01 1.850000e+01 1.900000e+01
      endloop
   endfacet
   facet normal -1.779227e-01 1.549530e-01 9.717680e-01
      outer loop
         vertex 6.673089e+00 3.000540e+01 1.500000e+01
         vertex 5.479182e+00 2.863451e+01 1.500000e+01
         vertex 1.850000e+01 1.850000e+01 1.900000e+01
      endloop
   endfacet
   facet normal -1.597968e-01 1.735855e-01 9.717680e-01
      outer loop
         vertex 8.010559e+00 3.123663e+01 1.500000e+01
         vertex 6.673089e+00 3.000540e+01 1.500000e+01
         vertex 1.850000e+01 1.850000e+01 1.900000e+01
      endloop
   endfacet
   facet normal -1.397310e-01 1.901109e-01 9.717680e-01
      outer loop
         vertex 9.475356e+00 3.231325e+01 1.500000e+01
         vertex 8.010559e+00 3.123663e+01 1.500000e+01
         vertex 1.850000e+01 1.850000e+01 1.900000e+01
      endloop
   endfacet
   facet normal -1.179692e-01 2.043287e-01 9.717680e-01
      outer loop
         vertex 1.104970e+01 3.322219e+01 1.500000e+01
         vertex 9.475356e+00 3.231325e+01 1.500000e+01
         vertex 1.850000e+01 1.850000e+01 1.900000e+01
      endloop
   endfacet
   facet normal -9.477540e-02 2.160661e-01 9.717680e-01
      outer loop
         vertex 1.271448e+01 3.395244e+01 1.500000e+01
         vertex 1.104970e+01 3.322219e+01 1.500000e+01
         vertex 1.850000e+01 1.850000e+01 1.900000e+01
      endloop
   endfacet
   facet normal -7.043107e-02 2.251808e-01 9.717680e-01
      outer loop
         vertex 1.444949e+01 3.449510e+01 1.500000e+01
         vertex 1.271448e+01 3.395244e+01 1.500000e+01
         vertex 1.850000e+01 1.850000e+01 1.900000e+01
      endloop
   endfacet
   facet normal -4.523193e-02 2.315621e-01 9.717680e-01
      outer loop
         vertex 1.623367e+01 3.484361e+01 1.500000e+01
         vertex 1.444949e+01 3.449510e+01 1.500000e+01
         vertex 1.850000e+01 1.850000e+01 1.900000e+01
      endloop
   endfacet
   facet normal -1.948378e-02 2.351325e-01 9.717680e-01
      outer loop
         vertex 1.804535e+01 3.499374e+01 1.500000e+01
         vertex 1.623367e+01 3.484361e+01 1.500000e+01
         vertex 1.850000e+01 1.850000e+01 1.900000e+01
      endloop
   endfacet
   facet normal 6.501281e-03 2.358488e-01 9.717680e-01
      outer loop
         vertex 1.986256e+01 3.494364e+01 1.500000e+01
         vertex 1.804535e+01 3.499374e+01 1.500000e+01
         vertex 1.850000e+01 1.850000e+01 1.900000e+01
      endloop
   endfacet
   facet normal 3.240681e-02 2.337022e-01 9.717680e-01
      outer loop
         vertex 2.166323e+01 3.469395e+01 1.500000e+01
         vertex 1.986256e+01 3.494364e+01 1.500000e+01
         vertex 1.850000e+01 1.850000e+01 1.900000e+01
      endloop
   endfacet
   facet normal 5.791948e-02 2.287187e-01 9.717680e-01
      outer loop
         vertex 2.342549e+01 3.424768e+01 1.500000e+01
         vertex 2.166323e+01 3.469395e+01 1.500000e+01
         vertex 1.850000e+01 1.850000e+01 1.900000e+01
      endloop
   endfacet
   facet normal 8.272893e-02 2.209589e-01 9.717680e-01
      outer loop
         vertex 2.512797e+01 3.361026e+01 1.500000e+01
         vertex 2.342549e+01 3.424768e+01 1.500000e+01
         vertex 1.850000e+01 1.850000e+01 1.900000e+01
      endloop
   endfacet
   facet normal 1.065341e-01 2.105170e-01 9.717680e-01
      outer loop
         vertex 2.675000e+01 3.278942e+01 1.500000e+01
         vertex 2.512797e+01 3.361026e+01 1.500000e+01
         vertex 1.850000e+01 1.850000e+01 1.900000e+01
      endloop
   endfacet
   facet normal 1.290461e-01 1.975197e-01 9.717680e-01
      outer loop
         vertex 2.827188e+01 3.179512e+01 1.500000e+01
         vertex 2.675000e+01 3.278942e+01 1.500000e+01
         vertex 1.850000e+01 1.850000e+01 1.900000e+01
      endloop
   endfacet
   facet normal 1.499916e-01 1.821248e-01 9.717680e-01
      outer loop
         vertex 2.967515e+01 3.063944e+01 1.500000e+01
         vertex 2.827188e+01 3.179512e+01 1.500000e+01
         vertex 1.850000e+01 1.850000e+01 1.900000e+01
      endloop
   endfacet
   facet normal 1.691165e-01 1.645191e-01 9.717680e-01
      outer loop
         vertex 3.094276e+01 2.933641e+01 1.500000e+01
         vertex 2.967515e+01 3.063944e+01 1.500000e+01
         vertex 1.850000e+01 1.850000e+01 1.900000e+01
      endloop
   endfacet
   facet normal 1.861886e-01 1.449163e-01 9.717680e-01
      outer loop
         vertex 3.205933e+01 2.790183e+01 1.500000e+01
         vertex 3.094276e+01 2.933641e+01 1.500000e+01
         vertex 1.850000e+01 1.850000e+01 1.900000e+01
      endloop
   endfacet
   facet normal 2.010005e-01 1.235546e-01 9.717680e-01
      outer loop
         vertex 3.301132e+01 2.635313e+01 1.500000e+01
         vertex 3.205933e+01 2.790183e+01 1.500000e+01
         vertex 1.850000e+01 1.850000e+01 1.900000e+01
      endloop
   endfacet
   facet normal 2.133725e-01 1.006930e-01 9.717680e-01
      outer loop
         vertex 3.378715e+01 2.470911e+01 1.500000e+01
         vertex 3.301132e+01 2.635313e+01 1.500000e+01
         vertex 1.850000e+01 1.850000e+01 1.900000e+01
      endloop
   endfacet
   facet normal 2.231546e-01 7.660902e-02 9.717680e-01
      outer loop
         vertex 3.437742e+01 2.298971e+01 1.500000e+01
         vertex 3.378715e+01 2.470911e+01 1.500000e+01
         vertex 1.850000e+01 1.850000e+01 1.900000e+01
      endloop
   endfacet
   facet normal 2.302279e-01 5.159517e-02 9.717680e-01
      outer loop
         vertex 3.477496e+01 2.121581e+01 1.500000e+01
         vertex 3.437742e+01 2.298971e+01 1.500000e+01
         vertex 1.850000e+01 1.850000e+01 1.900000e+01
      endloop
   endfacet
   facet normal 2.345064e-01 2.595532e-02 9.717680e-01
      outer loop
         vertex 3.497495e+01 1.940895e+01 1.500000e+01
         vertex 3.477496e+01 2.121581e+01 1.500000e+01
         vertex 1.850000e+01 1.850000e+01 1.900000e+01
      endloop
   endfacet
   facet normal 2.355951e-01 6.493993e-03 9.718296e-01
      outer loop
         vertex 3.500000e+01 1.850000e+01 1.500000e+01
         vertex 3.497495e+01 1.940895e+01 1.500000e+01
         vertex 1.850000e+01 1.850000e+01 1.900000e+01
      endloop
   endfacet
   facet normal 2.345064e-01 -2.595532e-02 9.717680e-01
      outer loop
         vertex 3.477496e+01 1.578419e+01 1.500000e+01
         vertex 3.497495e+01 1.759105e+01 1.500000e+01
         vertex 1.850000e+01 1.850000e+01 1.900000e+01
      endloop
   endfacet
   facet normal 2.302279e-01 -5.159517e-02 9.717680e-01
      outer loop
         vertex 3.477496e+01 1.578419e+01 1.500000e+01
         vertex 1.850000e+01 1.850000e+01 1.900000e+01
         vertex 3.437742e+01 1.401029e+01 1.500000e+01
      endloop
   endfacet
   facet normal 2.231546e-01 -7.660902e-02 9.717680e-01
      outer loop
         vertex 3.378715e+01 1.229090e+01 1.500000e+01
         vertex 3.437742e+01 1.401029e+01 1.500000e+01
         vertex 1.850000e+01 1.850000e+01 1.900000e+01
      endloop
   endfacet
   facet normal 2.133725e-01 -1.006930e-01 9.717680e-01
      outer loop
         vertex 3.301132e+01 1.064687e+01 1.500000e+01
         vertex 3.378715e+01 1.229090e+01 1.500000e+01
         vertex 1.850000e+01 1.850000e+01 1.900000e+01
      endloop
   endfacet
   facet normal 2.010005e-01 -1.235546e-01 9.717680e-01
      outer loop
         vertex 3.205933e+01 9.098168e+00 1.500000e+01
         vertex 3.301132e+01 1.064687e+01 1.500000e+01
         vertex 1.850000e+01 1.850000e+01 1.900000e+01
      endloop
   endfacet
   facet normal 1.861886e-01 -1.449163e-01 9.717680e-01
      outer loop
         vertex 3.094276e+01 7.663592e+00 1.500000e+01
         vertex 3.205933e+01 9.098168e+00 1.500000e+01
         vertex 1.850000e+01 1.850000e+01 1.900000e+01
      endloop
   endfacet
   facet normal 1.691165e-01 -1.645191e-01 9.717680e-01
      outer loop
         vertex 2.967515e+01 6.360556e+00 1.500000e+01
         vertex 3.094276e+01 7.663592e+00 1.500000e+01
         vertex 1.850000e+01 1.850000e+01 1.900000e+01
      endloop
   endfacet
   facet normal 1.499916e-01 -1.821248e-01 9.717680e-01
      outer loop
         vertex 2.827188e+01 5.204876e+00 1.500000e+01
         vertex 2.967515e+01 6.360556e+00 1.500000e+01
         vertex 1.850000e+01 1.850000e+01 1.900000e+01
      endloop
   endfacet
   facet normal 1.290461e-01 -1.975197e-01 9.717680e-01
      outer loop
         vertex 2.675000e+01 4.210581e+00 1.500000e+01
         vertex 2.827188e+01 5.204876e+00 1.500000e+01
         vertex 1.850000e+01 1.850000e+01 1.900000e+01
      endloop
   endfacet
   facet normal 1.065341e-01 -2.105170e-01 9.717680e-01
      outer loop
         vertex 2.512797e+01 3.389740e+00 1.500000e+01
         vertex 2.675000e+01 4.210581e+00 1.500000e+01
         vertex 1.850000e+01 1.850000e+01 1.900000e+01
      endloop
   endfacet
   facet normal 8.272893e-02 -2.209589e-01 9.717680e-01
      outer loop
         vertex 2.342549e+01 2.752317e+00 1.500000e+01
         vertex 2.512797e+01 3.389740e+00 1.500000e+01
         vertex 1.850000e+01 1.850000e+01 1.900000e+01
      endloop
   endfacet
   facet normal 5.791948e-02 -2.287187e-01 9.717680e-01
      outer loop
         vertex 2.166323e+01 2.306050e+00 1.500000e+01
         vertex 2.342549e+01 2.752317e+00 1.500000e+01
         vertex 1.850000e+01 1.850000e+01 1.900000e+01
      endloop
   endfacet
   facet normal 3.240681e-02 -2.337022e-01 9.717680e-01
      outer loop
         vertex 1.986256e+01 2.056357e+00 1.500000e+01
         vertex 2.166323e+01 2.306050e+00 1.500000e+01
         vertex 1.850000e+01 1.850000e+01 1.900000e+01
      endloop
   endfacet
   facet normal 6.501281e-03 -2.358488e-01 9.717680e-01
      outer loop
         vertex 1.804535e+01 2.006264e+00 1.500000e+01
         vertex 1.986256e+01 2.056357e+00 1.500000e+01
         vertex 1.850000e+01 1.850000e+01 1.900000e+01
      endloop
   endfacet
   facet normal -1.948378e-02 -2.351325e-01 9.717680e-01
      outer loop
         vertex 1.623367e+01 2.156386e+00 1.500000e+01
         vertex 1.804535e+01 2.006264e+00 1.500000e+01
         vertex 1.850000e+01 1.850000e+01 1.900000e+01
      endloop
   endfacet
   facet normal -4.523193e-02 -2.315621e-01 9.717680e-01
      outer loop
         vertex 1.444949e+01 2.504896e+00 1.500000e+01
         vertex 1.623367e+01 2.156386e+00 1.500000e+01
         vertex 1.850000e+01 1.850000e+01 1.900000e+01
      endloop
   endfacet
   facet normal -7.043107e-02 -2.251808e-01 9.717680e-01
      outer loop
         vertex 1.271448e+01 3.047565e+00 1.500000e+01
         vertex 1.444949e+01 2.504896e+00 1.500000e+01
         vertex 1.850000e+01 1.850000e+01 1.900000e+01
      endloop
   endfacet
   facet normal -9.477540e-02 -2.160661e-01 9.717680e-01
      outer loop
         vertex 1.104970e+01 3.777806e+00 1.500000e+01
         vertex 1.271448e+01 3.047565e+00 1.500000e+01
         vertex 1.850000e+01 1.850000e+01 1.900000e+01
      endloop
   endfacet
   facet normal -1.179692e-01 -2.043287e-01 9.717680e-01
      outer loop
         vertex 9.475356e+00 4.686753e+00 1.500000e+01
         vertex 1.104970e+01 3.777806e+00 1.500000e+01
         vertex 1.850000e+01 1.850000e+01 1.900000e+01
      endloop
   endfacet
   facet normal -1.397310e-01 -1.901109e-01 9.717680e-01
      outer loop
         vertex 8.010559e+00 5.763375e+00 1.500000e+01
         vertex 9.475356e+00 4.686753e+00 1.500000e+01
         vertex 1.850000e+01 1.850000e+01 1.900000e+01
      endloop
   endfacet
   facet normal -1.597968e-01 -1.735855e-01 9.717680e-01
      outer loop
         vertex 6.673089e+00 6.994603e+00 1.500000e+01
         vertex 8.010559e+00 5.763375e+00 1.500000e+01
         vertex 1.850000e+01 1.850000e+01 1.900000e+01
      endloop
   endfacet
   facet normal -1.779227e-01 -1.549530e-01 9.717680e-01
      outer loop
         vertex 5.479182e+00 8.365490e+00 1.500000e+01
         vertex 6.673089e+00 6.994603e+00 1.500000e+01
         vertex 1.850000e+01 1.850000e+01 1.900000e+01
      endloop
   endfacet
   facet normal -1.938889e-01 -1.344396e-01 9.717680e-01
      outer loop
         vertex 4.443330e+00 9.859397e+00 1.500000e+01
         vertex 5.479182e+00 8.365490e+00 1.500000e+01
         vertex 1.850000e+01 1.850000e+01 1.900000e+01
      endloop
   endfacet
   facet normal -2.075016e-01 -1.122942e-01 9.717680e-01
      outer loop
         vertex 3.578107e+00 1.145819e+01 1.500000e+01
         vertex 4.443330e+00 9.859397e+00 1.500000e+01
         vertex 1.850000e+01 1.850000e+01 1.900000e+01
      endloop
   endfacet
   facet normal -2.185955e-01 -8.878578e-02 9.717680e-01
      outer loop
         vertex 2.894016e+00 1.314246e+01 1.500000e+01
         vertex 3.578107e+00 1.145819e+01 1.500000e+01
         vertex 1.850000e+01 1.850000e+01 1.900000e+01
      endloop
   endfacet
   facet normal -2.270360e-01 -6.419958e-02 9.717680e-01
      outer loop
         vertex 2.399361e+00 1.489176e+01 1.500000e+01
         vertex 2.894016e+00 1.314246e+01 1.500000e+01
         vertex 1.850000e+01 1.850000e+01 1.900000e+01
      endloop
   endfacet
   facet normal -2.327205e-01 -3.883435e-02 9.717680e-01
      outer loop
         vertex 2.100144e+00 1.668486e+01 1.500000e+01
         vertex 2.399361e+00 1.489176e+01 1.500000e+01
         vertex 1.850000e+01 1.850000e+01 1.900000e+01
      endloop
   endfacet
   facet normal -2.355801e-01 -1.299724e-02 9.717680e-01
      outer loop
         vertex 2.000000e+00 1.850000e+01 1.500000e+01
         vertex 2.100144e+00 1.668486e+01 1.500000e+01
         vertex 1.850000e+01 1.850000e+01 1.900000e+01
      endloop
   endfacet
   facet normal -2.355801e-01 1.299724e-02 9.717680e-01
      outer loop
         vertex 2.100144e+00 2.031514e+01 1.500000e+01
         vertex 2.000000e+00 1.850000e+01 1.500000e+01
         vertex 1.850000e+01 1.850000e+01 1.900000e+01
      endloop
   endfacet
   facet normal 2.355951e-01 -6.493993e-03 9.718296e-01
      outer loop
         vertex 3.497495e+01 1.759105e+01 1.500000e+01
         vertex 3.500000e+01 1.850000e+01 1.500000e+01
         vertex 1.850000e+01 1.850000e+01 1.900000e+01
      endloop
   endfacet
   facet normal 9.983082e-01 5.814490e-02 0.000000e+00
      outer loop
         vertex 3.350000e+01 1.850000e+01 1.300000e+01
         vertex 3.339858e+01 2.024139e+01 1.000000e+01
         vertex 3.339858e+01 2.024139e+01 1.300000e+01
      endloop
   endfacet
   facet normal 9.848078e-01 1.736477e-01 0.000000e+00
      outer loop
         vertex 3.339858e+01 2.024139e+01 1.300000e+01
         vertex 3.339858e+01 2.024139e+01 1.000000e+01
         vertex 3.309567e+01 2.195924e+01 1.000000e+01
      endloop
   endfacet
   facet normal 9.848078e-01 1.736477e-01 0.000000e+00
      outer loop
         vertex 3.339858e+01 2.024139e+01 1.300000e+01
         vertex 3.309567e+01 2.195924e+01 1.000000e+01
         vertex 3.309567e+01 2.195924e+01 1.300000e+01
      endloop
   endfacet
   facet normal 9.579895e-01 2.868034e-01 0.000000e+00
      outer loop
         vertex 3.309567e+01 2.195924e+01 1.300000e+01
         vertex 3.309567e+01 2.195924e+01 1.000000e+01
         vertex 3.259539e+01 2.363030e+01 1.000000e+01
      endloop
   endfacet
   facet normal 9.579895e-01 2.868034e-01 0.000000e+00
      outer loop
         vertex 3.309567e+01 2.195924e+01 1.300000e+01
         vertex 3.259539e+01 2.363030e+01 1.000000e+01
         vertex 3.259539e+01 2.363030e+01 1.300000e+01
      endloop
   endfacet
   facet normal 9.182161e-01 3.960798e-01 0.000000e+00
      outer loop
         vertex 3.259539e+01 2.363030e+01 1.300000e+01
         vertex 3.259539e+01 2.363030e+01 1.000000e+01
         vertex 3.190449e+01 2.523199e+01 1.000000e+01
      endloop
   endfacet
   facet normal 9.182161e-01 3.960798e-01 0.000000e+00
      outer loop
         vertex 3.259539e+01 2.363030e+01 1.300000e+01
         vertex 3.190449e+01 2.523199e+01 1.000000e+01
         vertex 3.190449e+01 2.523199e+01 1.300000e+01
      endloop
   endfacet
   facet normal 8.660254e-01 5.000000e-01 0.000000e+00
      outer loop
         vertex 3.190449e+01 2.523199e+01 1.300000e+01
         vertex 3.190449e+01 2.523199e+01 1.000000e+01
         vertex 3.103232e+01 2.674264e+01 1.000000e+01
      endloop
   endfacet
   facet normal 8.660254e-01 5.000000e-01 0.000000e+00
      outer loop
         vertex 3.190449e+01 2.523199e+01 1.300000e+01
         vertex 3.103232e+01 2.674264e+01 1.000000e+01
         vertex 3.103232e+01 2.674264e+01 1.300000e+01
      endloop
   endfacet
   facet normal 8.021230e-01 5.971588e-01 0.000000e+00
      outer loop
         vertex 3.103232e+01 2.674264e+01 1.300000e+01
         vertex 3.103232e+01 2.674264e+01 1.000000e+01
         vertex 2.999067e+01 2.814181e+01 1.000000e+01
      endloop
   endfacet
   facet normal 8.021230e-01 5.971588e-01 0.000000e+00
      outer loop
         vertex 3.103232e+01 2.674264e+01 1.300000e+01
         vertex 2.999067e+01 2.814181e+01 1.000000e+01
         vertex 2.999067e+01 2.814181e+01 1.300000e+01
      endloop
   endfacet
   facet normal 7.273738e-01 6.862414e-01 0.000000e+00
      outer loop
         vertex 2.999067e+01 2.814181e+01 1.300000e+01
         vertex 2.999067e+01 2.814181e+01 1.000000e+01
         vertex 2.879362e+01 2.941061e+01 1.000000e+01
      endloop
   endfacet
   facet normal 7.273738e-01 6.862414e-01 0.000000e+00
      outer loop
         vertex 2.999067e+01 2.814181e+01 1.300000e+01
         vertex 2.879362e+01 2.941061e+01 1.000000e+01
         vertex 2.879362e+01 2.941061e+01 1.300000e+01
      endloop
   endfacet
   facet normal 6.427873e-01 7.660447e-01 0.000000e+00
      outer loop
         vertex 2.879362e+01 2.941061e+01 1.300000e+01
         vertex 2.879362e+01 2.941061e+01 1.000000e+01
         vertex 2.745738e+01 3.053185e+01 1.000000e+01
      endloop
   endfacet
   facet normal 6.427873e-01 7.660447e-01 0.000000e+00
      outer loop
         vertex 2.879362e+01 2.941061e+01 1.300000e+01
         vertex 2.745738e+01 3.053185e+01 1.000000e+01
         vertex 2.745738e+01 3.053185e+01 1.300000e+01
      endloop
   endfacet
   facet normal 5.495090e-01 8.354878e-01 0.000000e+00
      outer loop
         vertex 2.745738e+01 3.053185e+01 1.300000e+01
         vertex 2.745738e+01 3.053185e+01 1.000000e+01
         vertex 2.600000e+01 3.149038e+01 1.000000e+01
      endloop
   endfacet
   facet normal 5.495090e-01 8.354878e-01 0.000000e+00
      outer loop
         vertex 2.745738e+01 3.053185e+01 1.300000e+01
         vertex 2.600000e+01 3.149038e+01 1.000000e+01
         vertex 2.600000e+01 3.149038e+01 1.300000e+01
      endloop
   endfacet
   facet normal 4.487996e-01 8.936324e-01 0.000000e+00
      outer loop
         vertex 2.600000e+01 3.149038e+01 1.300000e+01
         vertex 2.600000e+01 3.149038e+01 1.000000e+01
         vertex 2.444120e+01 3.227324e+01 1.000000e+01
      endloop
   endfacet
   facet normal 4.487996e-01 8.936324e-01 0.000000e+00
      outer loop
         vertex 2.600000e+01 3.149038e+01 1.300000e+01
         vertex 2.444120e+01 3.227324e+01 1.000000e+01
         vertex 2.444120e+01 3.227324e+01 1.300000e+01
      endloop
   endfacet
   facet normal 3.420199e-01 9.396927e-01 0.000000e+00
      outer loop
         vertex 2.444120e+01 3.227324e+01 1.300000e+01
         vertex 2.444120e+01 3.227324e+01 1.000000e+01
         vertex 2.280205e+01 3.286984e+01 1.000000e+01
      endloop
   endfacet
   facet normal 3.420199e-01 9.396927e-01 0.000000e+00
      outer loop
         vertex 2.444120e+01 3.227324e+01 1.300000e+01
         vertex 2.280205e+01 3.286984e+01 1.000000e+01
         vertex 2.280205e+01 3.286984e+01 1.300000e+01
      endloop
   endfacet
   facet normal 2.306159e-01 9.730449e-01 0.000000e+00
      outer loop
         vertex 2.280205e+01 3.286984e+01 1.300000e+01
         vertex 2.280205e+01 3.286984e+01 1.000000e+01
         vertex 2.110472e+01 3.327212e+01 1.000000e+01
      endloop
   endfacet
   facet normal 2.306159e-01 9.730449e-01 0.000000e+00
      outer loop
         vertex 2.280205e+01 3.286984e+01 1.300000e+01
         vertex 2.110472e+01 3.327212e+01 1.000000e+01
         vertex 2.110472e+01 3.327212e+01 1.300000e+01
      endloop
   endfacet
   facet normal 1.160928e-01 9.932384e-01 0.000000e+00
      outer loop
         vertex 2.110472e+01 3.327212e+01 1.300000e+01
         vertex 2.110472e+01 3.327212e+01 1.000000e+01
         vertex 1.937217e+01 3.347462e+01 1.000000e+01
      endloop
   endfacet
   facet normal 1.160928e-01 9.932384e-01 0.000000e+00
      outer loop
         vertex 2.110472e+01 3.327212e+01 1.300000e+01
         vertex 1.937217e+01 3.347462e+01 1.000000e+01
         vertex 1.937217e+01 3.347462e+01 1.300000e+01
      endloop
   endfacet
   facet normal 0.000000e+00 1.000000e+00 0.000000e+00
      outer loop
         vertex 1.937217e+01 3.347462e+01 1.300000e+01
         vertex 1.937217e+01 3.347462e+01 1.000000e+01
         vertex 1.762783e+01 3.347462e+01 1.000000e+01
      endloop
   endfacet
   facet normal 0.000000e+00 1.000000e+00 0.000000e+00
      outer loop
         vertex 1.937217e+01 3.347462e+01 1.300000e+01
         vertex 1.762783e+01 3.347462e+01 1.000000e+01
         vertex 1.762783e+01 3.347462e+01 1.300000e+01
      endloop
   endfacet
   facet normal -1.160928e-01 9.932384e-01 0.000000e+00
      outer loop
         vertex 1.762783e+01 3.347462e+01 1.300000e+01
         vertex 1.762783e+01 3.347462e+01 1.000000e+01
         vertex 1.589528e+01 3.327212e+01 1.000000e+01
      endloop
   endfacet
   facet normal -1.160928e-01 9.932384e-01 0.000000e+00
      outer loop
         vertex 1.762783e+01 3.347462e+01 1.300000e+01
         vertex 1.589528e+01 3.327212e+01 1.000000e+01
         vertex 1.589528e+01 3.327212e+01 1.300000e+01
      endloop
   endfacet
   facet normal -2.306159e-01 9.730449e-01 0.000000e+00
      outer loop
         vertex 1.589528e+01 3.327212e+01 1.300000e+01
         vertex 1.589528e+01 3.327212e+01 1.000000e+01
         vertex 1.419795e+01 3.286984e+01 1.000000e+01
      endloop
   endfacet
   facet normal -2.306159e-01 9.730449e-01 0.000000e+00
      outer loop
         vertex 1.589528e+01 3.327212e+01 1.300000e+01
         vertex 1.419795e+01 3.286984e+01 1.000000e+01
         vertex 1.419795e+01 3.286984e+01 1.300000e+01
      endloop
   endfacet
   facet normal -3.420199e-01 9.396927e-01 0.000000e+00
      outer loop
         vertex 1.419795e+01 3.286984e+01 1.300000e+01
         vertex 1.419795e+01 3.286984e+01 1.000000e+01
         vertex 1.255880e+01 3.227324e+01 1.000000e+01
      endloop
   endfacet
   facet normal -3.420199e-01 9.396927e-01 0.000000e+00
      outer loop
         vertex 1.419795e+01 3.286984e+01 1.300000e+01
         vertex 1.255880e+01 3.227324e+01 1.000000e+01
         vertex 1.255880e+01 3.227324e+01 1.300000e+01
      endloop
   endfacet
   facet normal -4.487996e-01 8.936324e-01 0.000000e+00
      outer loop
         vertex 1.255880e+01 3.227324e+01 1.300000e+01
         vertex 1.255880e+01 3.227324e+01 1.000000e+01
         vertex 1.100000e+01 3.149038e+01 1.000000e+01
      endloop
   endfacet
   facet normal -4.487996e-01 8.936324e-01 0.000000e+00
      outer loop
         vertex 1.255880e+01 3.227324e+01 1.300000e+01
         vertex 1.100000e+01 3.149038e+01 1.000000e+01
         vertex 1.100000e+01 3.149038e+01 1.300000e+01
      endloop
   endfacet
   facet normal -5.495090e-01 8.354878e-01 0.000000e+00
      outer loop
         vertex 1.100000e+01 3.149038e+01 1.300000e+01
         vertex 1.100000e+01 3.149038e+01 1.000000e+01
         vertex 9.542622e+00 3.053185e+01 1.000000e+01
      endloop
   endfacet
   facet normal -5.495090e-01 8.354878e-01 0.000000e+00
      outer loop
         vertex 1.100000e+01 3.149038e+01 1.300000e+01
         vertex 9.542622e+00 3.053185e+01 1.000000e+01
         vertex 9.542622e+00 3.053185e+01 1.300000e+01
      endloop
   endfacet
   facet normal -6.427873e-01 7.660447e-01 0.000000e+00
      outer loop
         vertex 9.542622e+00 3.053185e+01 1.300000e+01
         vertex 9.542622e+00 3.053185e+01 1.000000e+01
         vertex 8.206376e+00 2.941061e+01 1.000000e+01
      endloop
   endfacet
   facet normal -6.427873e-01 7.660447e-01 0.000000e+00
      outer loop
         vertex 9.542622e+00 3.053185e+01 1.300000e+01
         vertex 8.206376e+00 2.941061e+01 1.000000e+01
         vertex 8.206376e+00 2.941061e+01 1.300000e+01
      endloop
   endfacet
   facet normal -7.273738e-01 6.862414e-01 0.000000e+00
      outer loop
         vertex 8.206376e+00 2.941061e+01 1.300000e+01
         vertex 8.206376e+00 2.941061e+01 1.000000e+01
         vertex 7.009334e+00 2.814181e+01 1.000000e+01
      endloop
   endfacet
   facet normal -7.273738e-01 6.862414e-01 0.000000e+00
      outer loop
         vertex 8.206376e+00 2.941061e+01 1.300000e+01
         vertex 7.009334e+00 2.814181e+01 1.000000e+01
         vertex 7.009334e+00 2.814181e+01 1.300000e+01
      endloop
   endfacet
   facet normal -8.021230e-01 5.971588e-01 0.000000e+00
      outer loop
         vertex 7.009334e+00 2.814181e+01 1.300000e+01
         vertex 7.009334e+00 2.814181e+01 1.000000e+01
         vertex 5.967683e+00 2.674264e+01 1.000000e+01
      endloop
   endfacet
   facet normal -8.021230e-01 5.971588e-01 0.000000e+00
      outer loop
         vertex 7.009334e+00 2.814181e+01 1.300000e+01
         vertex 5.967683e+00 2.674264e+01 1.000000e+01
         vertex 5.967683e+00 2.674264e+01 1.300000e+01
      endloop
   endfacet
   facet normal -8.660254e-01 5.000000e-01 0.000000e+00
      outer loop
         vertex 5.967683e+00 2.674264e+01 1.300000e+01
         vertex 5.967683e+00 2.674264e+01 1.000000e+01
         vertex 5.095511e+00 2.523199e+01 1.000000e+01
      endloop
   endfacet
   facet normal -8.660254e-01 5.000000e-01 0.000000e+00
      outer loop
         vertex 5.967683e+00 2.674264e+01 1.300000e+01
         vertex 5.095511e+00 2.523199e+01 1.000000e+01
         vertex 5.095511e+00 2.523199e+01 1.300000e+01
      endloop
   endfacet
   facet normal -9.182161e-01 3.960798e-01 0.000000e+00
      outer loop
         vertex 5.095511e+00 2.523199e+01 1.300000e+01
         vertex 5.095511e+00 2.523199e+01 1.000000e+01
         vertex 4.404611e+00 2.363030e+01 1.000000e+01
      endloop
   endfacet
   facet normal -9.182161e-01 3.960798e-01 0.000000e+00
      outer loop
         vertex 5.095511e+00 2.523199e+01 1.300000e+01
         vertex 4.404611e+00 2.363030e+01 1.000000e+01
         vertex 4.404611e+00 2.363030e+01 1.300000e+01
      endloop
   endfacet
   facet normal -9.579895e-01 2.868034e-01 0.000000e+00
      outer loop
         vertex 4.404611e+00 2.363030e+01 1.300000e+01
         vertex 4.404611e+00 2.363030e+01 1.000000e+01
         vertex 3.904327e+00 2.195924e+01 1.000000e+01
      endloop
   endfacet
   facet normal -9.579895e-01 2.868034e-01 0.000000e+00
      outer loop
         vertex 4.404611e+00 2.363030e+01 1.300000e+01
         vertex 3.904327e+00 2.195924e+01 1.000000e+01
         vertex 3.904327e+00 2.195924e+01 1.300000e+01
      endloop
   endfacet
   facet normal -9.848078e-01 1.736477e-01 0.000000e+00
      outer loop
         vertex 3.904327e+00 2.195924e+01 1.300000e+01
         vertex 3.904327e+00 2.195924e+01 1.000000e+01
         vertex 3.601425e+00 2.024139e+01 1.000000e+01
      endloop
   endfacet
   facet normal -9.848078e-01 1.736477e-01 0.000000e+00
      outer loop
         vertex 3.904327e+00 2.195924e+01 1.300000e+01
         vertex 3.601425e+00 2.024139e+01 1.000000e+01
         vertex 3.601425e+00 2.024139e+01 1.300000e+01
      endloop
   endfacet
   facet normal -9.983082e-01 5.814490e-02 0.000000e+00
      outer loop
         vertex 3.601425e+00 2.024139e+01 1.300000e+01
         vertex 3.601425e+00 2.024139e+01 1.000000e+01
         vertex 3.500001e+00 1.850000e+01 1.000000e+01
      endloop
   endfacet
   facet normal -9.983082e-01 5.814490e-02 0.000000e+00
      outer loop
         vertex 3.601425e+00 2.024139e+01 1.300000e+01
         vertex 3.500001e+00 1.850000e+01 1.000000e+01
         vertex 3.500001e+00 1.850000e+01 1.300000e+01
      endloop
   endfacet
   facet normal -9.983082e-01 -5.814490e-02 -0.000000e+00
      outer loop
         vertex 3.500001e+00 1.850000e+01 1.300000e+01
         vertex 3.500001e+00 1.850000e+01 1.000000e+01
         vertex 3.601425e+00 1.675861e+01 1.000000e+01
      endloop
   endfacet
   facet normal -9.983082e-01 -5.814490e-02 0.000000e+00
      outer loop
         vertex 3.500001e+00 1.850000e+01 1.300000e+01
         vertex 3.601425e+00 1.675861e+01 1.000000e+01
         vertex 3.601425e+00 1.675861e+01 1.300000e+01
      endloop
   endfacet
   facet normal -9.848078e-01 -1.736477e-01 -0.000000e+00
      outer loop
         vertex 3.601425e+00 1.675861e+01 1.300000e+01
         vertex 3.601425e+00 1.675861e+01 1.000000e+01
         vertex 3.904327e+00 1.504076e+01 1.000000e+01
      endloop
   endfacet
   facet normal -9.848078e-01 -1.736477e-01 0.000000e+00
      outer loop
         vertex 3.601425e+00 1.675861e+01 1.300000e+01
         vertex 3.904327e+00 1.504076e+01 1.000000e+01
         vertex 3.904327e+00 1.504076e+01 1.300000e+01
      endloop
   endfacet
   facet normal -9.579895e-01 -2.868034e-01 -0.000000e+00
      outer loop
         vertex 3.904327e+00 1.504076e+01 1.300000e+01
         vertex 3.904327e+00 1.504076e+01 1.000000e+01
         vertex 4.404611e+00 1.336970e+01 1.000000e+01
      endloop
   endfacet
   facet normal -9.579895e-01 -2.868034e-01 0.000000e+00
      outer loop
         vertex 3.904327e+00 1.504076e+01 1.300000e+01
         vertex 4.404611e+00 1.336970e+01 1.000000e+01
         vertex 4.404611e+00 1.336970e+01 1.300000e+01
      endloop
   endfacet
   facet normal -9.182161e-01 -3.960798e-01 -0.000000e+00
      outer loop
         vertex 4.404611e+00 1.336970e+01 1.300000e+01
         vertex 4.404611e+00 1.336970e+01 1.000000e+01
         vertex 5.095511e+00 1.176801e+01 1.000000e+01
      endloop
   endfacet
   facet normal -9.182161e-01 -3.960798e-01 0.000000e+00
      outer loop
         vertex 4.404611e+00 1.336970e+01 1.300000e+01
         vertex 5.095511e+00 1.176801e+01 1.000000e+01
         vertex 5.095511e+00 1.176801e+01 1.300000e+01
      endloop
   endfacet
   facet normal -8.660254e-01 -5.000000e-01 -0.000000e+00
      outer loop
         vertex 5.095511e+00 1.176801e+01 1.300000e+01
         vertex 5.095511e+00 1.176801e+01 1.000000e+01
         vertex 5.967683e+00 1.025737e+01 1.000000e+01
      endloop
   endfacet
   facet normal -8.660254e-01 -5.000000e-01 0.000000e+00
      outer loop
         vertex 5.095511e+00 1.176801e+01 1.300000e+01
         vertex 5.967683e+00 1.025737e+01 1.000000e+01
         vertex 5.967683e+00 1.025737e+01 1.300000e+01
      endloop
   endfacet
   facet normal -8.021230e-01 -5.971588e-01 -0.000000e+00
      outer loop
         vertex 5.967683e+00 1.025737e+01 1.300000e+01
         vertex 5.967683e+00 1.025737e+01 1.000000e+01
         vertex 7.009334e+00 8.858186e+00 1.000000e+01
      endloop
   endfacet
   facet normal -8.021230e-01 -5.971588e-01 0.000000e+00
      outer loop
         vertex 5.967683e+00 1.025737e+01 1.300000e+01
         vertex 7.009334e+00 8.858186e+00 1.000000e+01
         vertex 7.009334e+00 8.858186e+00 1.300000e+01
      endloop
   endfacet
   facet normal -7.273738e-01 -6.862414e-01 -0.000000e+00
      outer loop
         vertex 7.009334e+00 8.858186e+00 1.300000e+01
         vertex 7.009334e+00 8.858186e+00 1.000000e+01
         vertex 8.206376e+00 7.589395e+00 1.000000e+01
      endloop
   endfacet
   facet normal -7.273738e-01 -6.862414e-01 0.000000e+00
      outer loop
         vertex 7.009334e+00 8.858186e+00 1.300000e+01
         vertex 8.206376e+00 7.589395e+00 1.000000e+01
         vertex 8.206376e+00 7.589395e+00 1.300000e+01
      endloop
   endfacet
   facet normal -6.427873e-01 -7.660447e-01 -0.000000e+00
      outer loop
         vertex 8.206376e+00 7.589395e+00 1.300000e+01
         vertex 8.206376e+00 7.589395e+00 1.000000e+01
         vertex 9.542622e+00 6.468153e+00 1.000000e+01
      endloop
   endfacet
   facet normal -6.427873e-01 -7.660447e-01 0.000000e+00
      outer loop
         vertex 8.206376e+00 7.589395e+00 1.300000e+01
         vertex 9.542622e+00 6.468153e+00 1.000000e+01
         vertex 9.542622e+00 6.468153e+00 1.300000e+01
      endloop
   endfacet
   facet normal -5.495090e-01 -8.354878e-01 -0.000000e+00
      outer loop
         vertex 9.542622e+00 6.468153e+00 1.300000e+01
         vertex 9.542622e+00 6.468153e+00 1.000000e+01
         vertex 1.100000e+01 5.509620e+00 1.000000e+01
      endloop
   endfacet
   facet normal -5.495090e-01 -8.354878e-01 0.000000e+00
      outer loop
         vertex 9.542622e+00 6.468153e+00 1.300000e+01
         vertex 1.100000e+01 5.509620e+00 1.000000e+01
         vertex 1.100000e+01 5.509620e+00 1.300000e+01
      endloop
   endfacet
   facet normal -4.487996e-01 -8.936324e-01 -0.000000e+00
      outer loop
         vertex 1.100000e+01 5.509620e+00 1.300000e+01
         vertex 1.100000e+01 5.509620e+00 1.000000e+01
         vertex 1.255880e+01 4.726758e+00 1.000000e+01
      endloop
   endfacet
   facet normal -4.487996e-01 -8.936324e-01 0.000000e+00
      outer loop
         vertex 1.100000e+01 5.509620e+00 1.300000e+01
         vertex 1.255880e+01 4.726758e+00 1.000000e+01
         vertex 1.255880e+01 4.726758e+00 1.300000e+01
      endloop
   endfacet
   facet normal -3.420199e-01 -9.396927e-01 -0.000000e+00
      outer loop
         vertex 1.255880e+01 4.726758e+00 1.300000e+01
         vertex 1.255880e+01 4.726758e+00 1.000000e+01
         vertex 1.419795e+01 4.130158e+00 1.000000e+01
      endloop
   endfacet
   facet normal -3.420199e-01 -9.396927e-01 0.000000e+00
      outer loop
         vertex 1.255880e+01 4.726758e+00 1.300000e+01
         vertex 1.419795e+01 4.130158e+00 1.000000e+01
         vertex 1.419795e+01 4.130158e+00 1.300000e+01
      endloop
   endfacet
   facet normal -2.306159e-01 -9.730449e-01 -0.000000e+00
      outer loop
         vertex 1.419795e+01 4.130158e+00 1.300000e+01
         vertex 1.419795e+01 4.130158e+00 1.000000e+01
         vertex 1.589528e+01 3.727884e+00 1.000000e+01
      endloop
   endfacet
   facet normal -2.306159e-01 -9.730449e-01 0.000000e+00
      outer loop
         vertex 1.419795e+01 4.130158e+00 1.300000e+01
         vertex 1.589528e+01 3.727884e+00 1.000000e+01
         vertex 1.589528e+01 3.727884e+00 1.300000e+01
      endloop
   endfacet
   facet normal -1.160928e-01 -9.932384e-01 -0.000000e+00
      outer loop
         vertex 1.589528e+01 3.727884e+00 1.300000e+01
         vertex 1.589528e+01 3.727884e+00 1.000000e+01
         vertex 1.762783e+01 3.525378e+00 1.000000e+01
      endloop
   endfacet
   facet normal -1.160928e-01 -9.932384e-01 0.000000e+00
      outer loop
         vertex 1.589528e+01 3.727884e+00 1.300000e+01
         vertex 1.762783e+01 3.525378e+00 1.000000e+01
         vertex 1.762783e+01 3.525378e+00 1.300000e+01
      endloop
   endfacet
   facet normal 0.000000e+00 -1.000000e+00 0.000000e+00
      outer loop
         vertex 1.762783e+01 3.525378e+00 1.300000e+01
         vertex 1.762783e+01 3.525378e+00 1.000000e+01
         vertex 1.937217e+01 3.525378e+00 1.000000e+01
      endloop
   endfacet
   facet normal 0.000000e+00 -1.000000e+00 0.000000e+00
      outer loop
         vertex 1.762783e+01 3.525378e+00 1.300000e+01
         vertex 1.937217e+01 3.525378e+00 1.000000e+01
         vertex 1.937217e+01 3.525378e+00 1.300000e+01
      endloop
   endfacet
   facet normal 1.160928e-01 -9.932384e-01 0.000000e+00
      outer loop
         vertex 1.937217e+01 3.525378e+00 1.300000e+01
         vertex 1.937217e+01 3.525378e+00 1.000000e+01
         vertex 2.110472e+01 3.727884e+00 1.000000e+01
      endloop
   endfacet
   facet normal 1.160928e-01 -9.932384e-01 0.000000e+00
      outer loop
         vertex 1.937217e+01 3.525378e+00 1.300000e+01
         vertex 2.110472e+01 3.727884e+00 1.000000e+01
         vertex 2.110472e+01 3.727884e+00 1.300000e+01
      endloop
   endfacet
   facet normal 2.306159e-01 -9.730449e-01 0.000000e+00
      outer loop
         vertex 2.110472e+01 3.727884e+00 1.300000e+01
         vertex 2.110472e+01 3.727884e+00 1.000000e+01
         vertex 2.280205e+01 4.130158e+00 1.000000e+01
      endloop
   endfacet
   facet normal 2.306159e-01 -9.730449e-01 0.000000e+00
      outer loop
         vertex 2.110472e+01 3.727884e+00 1.300000e+01
         vertex 2.280205e+01 4.130158e+00 1.000000e+01
         vertex 2.280205e+01 4.130158e+00 1.300000e+01
      endloop
   endfacet
   facet normal 3.420199e-01 -9.396927e-01 0.000000e+00
      outer loop
         vertex 2.280205e+01 4.130158e+00 1.300000e+01
         vertex 2.280205e+01 4.130158e+00 1.000000e+01
         vertex 2.444120e+01 4.726758e+00 1.000000e+01
      endloop
   endfacet
   facet normal 3.420199e-01 -9.396927e-01 0.000000e+00
      outer loop
         vertex 2.280205e+01 4.130158e+00 1.300000e+01
         vertex 2.444120e+01 4.726758e+00 1.000000e+01
         vertex 2.444120e+01 4.726758e+00 1.300000e+01
      endloop
   endfacet
   facet normal 4.487996e-01 -8.936324e-01 0.000000e+00
      outer loop
         vertex 2.444120e+01 4.726758e+00 1.300000e+01
         vertex 2.444120e+01 4.726758e+00 1.000000e+01
         vertex 2.600000e+01 5.509620e+00 1.000000e+01
      endloop
   endfacet
   facet normal 4.487996e-01 -8.936324e-01 0.000000e+00
      outer loop
         vertex 2.444120e+01 4.726758e+00 1.300000e+01
         vertex 2.600000e+01 5.509620e+00 1.000000e+01
         vertex 2.600000e+01 5.509620e+00 1.300000e+01
      endloop
   endfacet
   facet normal 5.495090e-01 -8.354878e-01 0.000000e+00
      outer loop
         vertex 2.600000e+01 5.509620e+00 1.300000e+01
         vertex 2.600000e+01 5.509620e+00 1.000000e+01
         vertex 2.745738e+01 6.468153e+00 1.000000e+01
      endloop
   endfacet
   facet normal 5.495090e-01 -8.354878e-01 0.000000e+00
      outer loop
         vertex 2.600000e+01 5.509620e+00 1.300000e+01
         vertex 2.745738e+01 6.468153e+00 1.000000e+01
         vertex 2.745738e+01 6.468153e+00 1.300000e+01
      endloop
   endfacet
   facet normal 6.427873e-01 -7.660447e-01 0.000000e+00
      outer loop
         vertex 2.745738e+01 6.468153e+00 1.300000e+01
         vertex 2.745738e+01 6.468153e+00 1.000000e+01
         vertex 2.879362e+01 7.589395e+00 1.000000e+01
      endloop
   endfacet
   facet normal 6.427873e-01 -7.660447e-01 0.000000e+00
      outer loop
         vertex 2.745738e+01 6.468153e+00 1.300000e+01
         vertex 2.879362e+01 7.589395e+00 1.000000e+01
         vertex 2.879362e+01 7.589395e+00 1.300000e+01
      endloop
   endfacet
   facet normal 7.273738e-01 -6.862414e-01 0.000000e+00
      outer loop
         vertex 2.879362e+01 7.589395e+00 1.300000e+01
         vertex 2.879362e+01 7.589395e+00 1.000000e+01
         vertex 2.999067e+01 8.858186e+00 1.000000e+01
      endloop
   endfacet
   facet normal 7.273738e-01 -6.862414e-01 0.000000e+00
      outer loop
         vertex 2.879362e+01 7.589395e+00 1.300000e+01
         vertex 2.999067e+01 8.858186e+00 1.000000e+01
         vertex 2.999067e+01 8.858186e+00 1.300000e+01
      endloop
   endfacet
   facet normal 8.021230e-01 -5.971588e-01 0.000000e+00
      outer loop
         vertex 2.999067e+01 8.858186e+00 1.300000e+01
         vertex 2.999067e+01 8.858186e+00 1.000000e+01
         vertex 3.103232e+01 1.025737e+01 1.000000e+01
      endloop
   endfacet
   facet normal 8.021230e-01 -5.971588e-01 0.000000e+00
      outer loop
         vertex 2.999067e+01 8.858186e+00 1.300000e+01
         vertex 3.103232e+01 1.025737e+01 1.000000e+01
         vertex 3.103232e+01 1.025737e+01 1.300000e+01
      endloop
   endfacet
   facet normal 8.660254e-01 -5.000000e-01 0.000000e+00
      outer loop
         vertex 3.103232e+01 1.025737e+01 1.300000e+01
         vertex 3.103232e+01 1.025737e+01 1.000000e+01
         vertex 3.190449e+01 1.176801e+01 1.000000e+01
      endloop
   endfacet
   facet normal 8.660254e-01 -5.000000e-01 0.000000e+00
      outer loop
         vertex 3.103232e+01 1.025737e+01 1.300000e+01
         vertex 3.190449e+01 1.176801e+01 1.000000e+01
         vertex 3.190449e+01 1.176801e+01 1.300000e+01
      endloop
   endfacet
   facet normal 9.182161e-01 -3.960798e-01 0.000000e+00
      outer loop
         vertex 3.190449e+01 1.176801e+01 1.300000e+01
         vertex 3.190449e+01 1.176801e+01 1.000000e+01
         vertex 3.259539e+01 1.336970e+01 1.000000e+01
      endloop
   endfacet
   facet normal 9.182161e-01 -3.960798e-01 0.000000e+00
      outer loop
         vertex 3.190449e+01 1.176801e+01 1.300000e+01
         vertex 3.259539e+01 1.336970e+01 1.000000e+01
         vertex 3.259539e+01 1.336970e+01 1.300000e+01
      endloop
   endfacet
   facet normal 9.579895e-01 -2.868034e-01 0.000000e+00
      outer loop
         vertex 3.259539e+01 1.336970e+01 1.300000e+01
         vertex 3.259539e+01 1.336970e+01 1.000000e+01
         vertex 3.309567e+01 1.504076e+01 1.000000e+01
      endloop
   endfacet
   facet normal 9.579895e-01 -2.868034e-01 0.000000e+00
      outer loop
         vertex 3.259539e+01 1.336970e+01 1.300000e+01
         vertex 3.309567e+01 1.504076e+01 1.000000e+01
         vertex 3.309567e+01 1.504076e+01 1.300000e+01
      endloop
   endfacet
   facet normal 9.848078e-01 -1.736477e-01 0.000000e+00
      outer loop
         vertex 3.309567e+01 1.504076e+01 1.300000e+01
         vertex 3.309567e+01 1.504076e+01 1.000000e+01
         vertex 3.339858e+01 1.675861e+01 1.000000e+01
      endloop
   endfacet
   facet normal 9.848078e-01 -1.736477e-01 0.000000e+00
      outer loop
         vertex 3.309567e+01 1.504076e+01 1.300000e+01
         vertex 3.339858e+01 1.675861e+01 1.000000e+01
         vertex 3.339858e+01 1.675861e+01 1.300000e+01
      endloop
   endfacet
   facet normal 9.983082e-01 -5.814490e-02 0.000000e+00
      outer loop
         vertex 3.339858e+01 1.675861e+01 1.300000e+01
         vertex 3.339858e+01 1.675861e+01 1.000000e+01
         vertex 3.350000e+01 1.850000e+01 1.000000e+01
      endloop
   endfacet
   facet normal 9.983082e-01 -5.814490e-02 0.000000e+00
      outer loop
         vertex 3.339858e+01 1.675861e+01 1.300000e+01
         vertex 3.350000e+01 1.850000e+01 1.000000e+01
         vertex 3.350000e+01 1.850000e+01 1.300000e+01
      endloop
   endfacet
   facet normal 9.983082e-01 5.814490e-02 0.000000e+00
      outer loop
         vertex 3.350000e+01 1.850000e+01 1.300000e+01
         vertex 3.350000e+01 1.850000e+01 1.000000e+01
         vertex 3.339858e+01 2.024139e+01 1.000000e+01
      endloop
   endfacet
   facet normal 9.986295e-01 5.233582e-02 0.000000e+00
      outer loop
         vertex 3.700000e+01 1.850000e+01 1.000000e+01
         vertex 3.689866e+01 2.043378e+01 8.000000e+00
         vertex 3.689866e+01 2.043378e+01 1.000000e+01
      endloop
   endfacet
   facet normal 9.876882e-01 1.564351e-01 0.000000e+00
      outer loop
         vertex 3.689866e+01 2.043378e+01 1.000000e+01
         vertex 3.689866e+01 2.043378e+01 8.000000e+00
         vertex 3.659573e+01 2.234637e+01 8.000000e+00
      endloop
   endfacet
   facet normal 9.876882e-01 1.564351e-01 0.000000e+00
      outer loop
         vertex 3.689866e+01 2.043378e+01 1.000000e+01
         vertex 3.659573e+01 2.234637e+01 8.000000e+00
         vertex 3.659573e+01 2.234637e+01 1.000000e+01
      endloop
   endfacet
   facet normal 9.659260e-01 2.588184e-01 0.000000e+00
      outer loop
         vertex 3.659573e+01 2.234637e+01 1.000000e+01
         vertex 3.659573e+01 2.234637e+01 8.000000e+00
         vertex 3.609455e+01 2.421681e+01 8.000000e+00
      endloop
   endfacet
   facet normal 9.659260e-01 2.588184e-01 0.000000e+00
      outer loop
         vertex 3.659573e+01 2.234637e+01 1.000000e+01
         vertex 3.609455e+01 2.421681e+01 8.000000e+00
         vertex 3.609455e+01 2.421681e+01 1.000000e+01
      endloop
   endfacet
   facet normal 9.335804e-01 3.583679e-01 0.000000e+00
      outer loop
         vertex 3.609455e+01 2.421681e+01 1.000000e+01
         vertex 3.609455e+01 2.421681e+01 8.000000e+00
         vertex 3.540059e+01 2.602463e+01 8.000000e+00
      endloop
   endfacet
   facet normal 9.335804e-01 3.583679e-01 0.000000e+00
      outer loop
         vertex 3.609455e+01 2.421681e+01 1.000000e+01
         vertex 3.540059e+01 2.602463e+01 8.000000e+00
         vertex 3.540059e+01 2.602463e+01 1.000000e+01
      endloop
   endfacet
   facet normal 8.910064e-01 4.539908e-01 0.000000e+00
      outer loop
         vertex 3.540059e+01 2.602463e+01 1.000000e+01
         vertex 3.540059e+01 2.602463e+01 8.000000e+00
         vertex 3.452147e+01 2.775000e+01 8.000000e+00
      endloop
   endfacet
   facet normal 8.910064e-01 4.539908e-01 0.000000e+00
      outer loop
         vertex 3.540059e+01 2.602463e+01 1.000000e+01
         vertex 3.452147e+01 2.775000e+01 8.000000e+00
         vertex 3.452147e+01 2.775000e+01 1.000000e+01
      endloop
   endfacet
   facet normal 8.386708e-01 5.446387e-01 0.000000e+00
      outer loop
         vertex 3.452147e+01 2.775000e+01 1.000000e+01
         vertex 3.452147e+01 2.775000e+01 8.000000e+00
         vertex 3.346682e+01 2.937403e+01 8.000000e+00
      endloop
   endfacet
   facet normal 8.386708e-01 5.446387e-01 0.000000e+00
      outer loop
         vertex 3.452147e+01 2.775000e+01 1.000000e+01
         vertex 3.346682e+01 2.937403e+01 8.000000e+00
         vertex 3.346682e+01 2.937403e+01 1.000000e+01
      endloop
   endfacet
   facet normal 7.771458e-01 6.293206e-01 0.000000e+00
      outer loop
         vertex 3.346682e+01 2.937403e+01 1.000000e+01
         vertex 3.346682e+01 2.937403e+01 8.000000e+00
         vertex 3.224818e+01 3.087892e+01 8.000000e+00
      endloop
   endfacet
   facet normal 7.771458e-01 6.293206e-01 0.000000e+00
      outer loop
         vertex 3.346682e+01 2.937403e+01 1.000000e+01
         vertex 3.224818e+01 3.087892e+01 8.000000e+00
         vertex 3.224818e+01 3.087892e+01 1.000000e+01
      endloop
   endfacet
   facet normal 7.071068e-01 7.071068e-01 0.000000e+00
      outer loop
         vertex 3.224818e+01 3.087892e+01 1.000000e+01
         vertex 3.224818e+01 3.087892e+01 8.000000e+00
         vertex 3.087892e+01 3.224818e+01 8.000000e+00
      endloop
   endfacet
   facet normal 7.071068e-01 7.071068e-01 0.000000e+00
      outer loop
         vertex 3.224818e+01 3.087892e+01 1.000000e+01
         vertex 3.087892e+01 3.224818e+01 8.000000e+00
         vertex 3.087892e+01 3.224818e+01 1.000000e+01
      endloop
   endfacet
   facet normal 6.293206e-01 7.771458e-01 0.000000e+00
      outer loop
         vertex 3.087892e+01 3.224818e+01 1.000000e+01
         vertex 3.087892e+01 3.224818e+01 8.000000e+00
         vertex 2.937403e+01 3.346682e+01 8.000000e+00
      endloop
   endfacet
   facet normal 6.293206e-01 7.771458e-01 0.000000e+00
      outer loop
         vertex 3.087892e+01 3.224818e+01 1.000000e+01
         vertex 2.937403e+01 3.346682e+01 8.000000e+00
         vertex 2.937403e+01 3.346682e+01 1.000000e+01
      endloop
   endfacet
   facet normal 5.446387e-01 8.386708e-01 0.000000e+00
      outer loop
         vertex 2.937403e+01 3.346682e+01 1.000000e+01
         vertex 2.937403e+01 3.346682e+01 8.000000e+00
         vertex 2.775000e+01 3.452147e+01 8.000000e+00
      endloop
   endfacet
   facet normal 5.446387e-01 8.386708e-01 0.000000e+00
      outer loop
         vertex 2.937403e+01 3.346682e+01 1.000000e+01
         vertex 2.775000e+01 3.452147e+01 8.000000e+00
         vertex 2.775000e+01 3.452147e+01 1.000000e+01
      endloop
   endfacet
   facet normal 4.539908e-01 8.910064e-01 0.000000e+00
      outer loop
         vertex 2.775000e+01 3.452147e+01 1.000000e+01
         vertex 2.775000e+01 3.452147e+01 8.000000e+00
         vertex 2.602463e+01 3.540059e+01 8.000000e+00
      endloop
   endfacet
   facet normal 4.539908e-01 8.910064e-01 0.000000e+00
      outer loop
         vertex 2.775000e+01 3.452147e+01 1.000000e+01
         vertex 2.602463e+01 3.540059e+01 8.000000e+00
         vertex 2.602463e+01 3.540059e+01 1.000000e+01
      endloop
   endfacet
   facet normal 3.583679e-01 9.335804e-01 0.000000e+00
      outer loop
         vertex 2.602463e+01 3.540059e+01 1.000000e+01
         vertex 2.602463e+01 3.540059e+01 8.000000e+00
         vertex 2.421681e+01 3.609455e+01 8.000000e+00
      endloop
   endfacet
   facet normal 3.583679e-01 9.335804e-01 0.000000e+00
      outer loop
         vertex 2.602463e+01 3.540059e+01 1.000000e+01
         vertex 2.421681e+01 3.609455e+01 8.000000e+00
         vertex 2.421681e+01 3.609455e+01 1.000000e+01
      endloop
   endfacet
   facet normal 2.588184e-01 9.659260e-01 0.000000e+00
      outer loop
         vertex 2.421681e+01 3.609455e+01 1.000000e+01
         vertex 2.421681e+01 3.609455e+01 8.000000e+00
         vertex 2.234637e+01 3.659573e+01 8.000000e+00
      endloop
   endfacet
   facet normal 2.588184e-01 9.659260e-01 0.000000e+00
      outer loop
         vertex 2.421681e+01 3.609455e+01 1.000000e+01
         vertex 2.234637e+01 3.659573e+01 8.000000e+00
         vertex 2.234637e+01 3.659573e+01 1.000000e+01
      endloop
   endfacet
   facet normal 1.564351e-01 9.876882e-01 0.000000e+00
      outer loop
         vertex 2.234637e+01 3.659573e+01 1.000000e+01
         vertex 2.234637e+01 3.659573e+01 8.000000e+00
         vertex 2.043378e+01 3.689866e+01 8.000000e+00
      endloop
   endfacet
   facet normal 1.564351e-01 9.876882e-01 0.000000e+00
      outer loop
         vertex 2.234637e+01 3.659573e+01 1.000000e+01
         vertex 2.043378e+01 3.689866e+01 8.000000e+00
         vertex 2.043378e+01 3.689866e+01 1.000000e+01
      endloop
   endfacet
   facet normal 5.233582e-02 9.986295e-01 0.000000e+00
      outer loop
         vertex 2.043378e+01 3.689866e+01 1.000000e+01
         vertex 2.043378e+01 3.689866e+01 8.000000e+00
         vertex 1.850000e+01 3.700000e+01 8.000000e+00
      endloop
   endfacet
   facet normal 5.233582e-02 9.986295e-01 0.000000e+00
      outer loop
         vertex 2.043378e+01 3.689866e+01 1.000000e+01
         vertex 1.850000e+01 3.700000e+01 8.000000e+00
         vertex 1.850000e+01 3.700000e+01 1.000000e+01
      endloop
   endfacet
   facet normal -5.233582e-02 9.986295e-01 0.000000e+00
      outer loop
         vertex 1.850000e+01 3.700000e+01 1.000000e+01
         vertex 1.850000e+01 3.700000e+01 8.000000e+00
         vertex 1.656622e+01 3.689866e+01 8.000000e+00
      endloop
   endfacet
   facet normal -5.233582e-02 9.986295e-01 0.000000e+00
      outer loop
         vertex 1.850000e+01 3.700000e+01 1.000000e+01
         vertex 1.656622e+01 3.689866e+01 8.000000e+00
         vertex 1.656622e+01 3.689866e+01 1.000000e+01
      endloop
   endfacet
   facet normal -1.564351e-01 9.876882e-01 0.000000e+00
      outer loop
         vertex 1.656622e+01 3.689866e+01 1.000000e+01
         vertex 1.656622e+01 3.689866e+01 8.000000e+00
         vertex 1.465363e+01 3.659573e+01 8.000000e+00
      endloop
   endfacet
   facet normal -1.564351e-01 9.876882e-01 0.000000e+00
      outer loop
         vertex 1.656622e+01 3.689866e+01 1.000000e+01
         vertex 1.465363e+01 3.659573e+01 8.000000e+00
         vertex 1.465363e+01 3.659573e+01 1.000000e+01
      endloop
   endfacet
   facet normal -2.588184e-01 9.659260e-01 0.000000e+00
      outer loop
         vertex 1.465363e+01 3.659573e+01 1.000000e+01
         vertex 1.465363e+01 3.659573e+01 8.000000e+00
         vertex 1.278319e+01 3.609455e+01 8.000000e+00
      endloop
   endfacet
   facet normal -2.588184e-01 9.659260e-01 0.000000e+00
      outer loop
         vertex 1.465363e+01 3.659573e+01 1.000000e+01
         vertex 1.278319e+01 3.609455e+01 8.000000e+00
         vertex 1.278319e+01 3.609455e+01 1.000000e+01
      endloop
   endfacet
   facet normal -3.583679e-01 9.335804e-01 0.000000e+00
      outer loop
         vertex 1.278319e+01 3.609455e+01 1.000000e+01
         vertex 1.278319e+01 3.609455e+01 8.000000e+00
         vertex 1.097537e+01 3.540059e+01 8.000000e+00
      endloop
   endfacet
   facet normal -3.583679e-01 9.335804e-01 0.000000e+00
      outer loop
         vertex 1.278319e+01 3.609455e+01 1.000000e+01
         vertex 1.097537e+01 3.540059e+01 8.000000e+00
         vertex 1.097537e+01 3.540059e+01 1.000000e+01
      endloop
   endfacet
   facet normal -4.539908e-01 8.910064e-01 0.000000e+00
      outer loop
         vertex 1.097537e+01 3.540059e+01 1.000000e+01
         vertex 1.097537e+01 3.540059e+01 8.000000e+00
         vertex 9.250000e+00 3.452147e+01 8.000000e+00
      endloop
   endfacet
   facet normal -4.539908e-01 8.910064e-01 0.000000e+00
      outer loop
         vertex 1.097537e+01 3.540059e+01 1.000000e+01
         vertex 9.250000e+00 3.452147e+01 8.000000e+00
         vertex 9.250000e+00 3.452147e+01 1.000000e+01
      endloop
   endfacet
   facet normal -5.446387e-01 8.386708e-01 0.000000e+00
      outer loop
         vertex 9.250000e+00 3.452147e+01 1.000000e+01
         vertex 9.250000e+00 3.452147e+01 8.000000e+00
         vertex 7.625973e+00 3.346682e+01 8.000000e+00
      endloop
   endfacet
   facet normal -5.446387e-01 8.386708e-01 0.000000e+00
      outer loop
         vertex 9.250000e+00 3.452147e+01 1.000000e+01
         vertex 7.625973e+00 3.346682e+01 8.000000e+00
         vertex 7.625973e+00 3.346682e+01 1.000000e+01
      endloop
   endfacet
   facet normal -6.293206e-01 7.771458e-01 0.000000e+00
      outer loop
         vertex 7.625973e+00 3.346682e+01 1.000000e+01
         vertex 7.625973e+00 3.346682e+01 8.000000e+00
         vertex 6.121084e+00 3.224818e+01 8.000000e+00
      endloop
   endfacet
   facet normal -6.293206e-01 7.771458e-01 0.000000e+00
      outer loop
         vertex 7.625973e+00 3.346682e+01 1.000000e+01
         vertex 6.121084e+00 3.224818e+01 8.000000e+00
         vertex 6.121084e+00 3.224818e+01 1.000000e+01
      endloop
   endfacet
   facet normal -7.071068e-01 7.071068e-01 0.000000e+00
      outer loop
         vertex 6.121084e+00 3.224818e+01 1.000000e+01
         vertex 6.121084e+00 3.224818e+01 8.000000e+00
         vertex 4.751821e+00 3.087892e+01 8.000000e+00
      endloop
   endfacet
   facet normal -7.071068e-01 7.071068e-01 0.000000e+00
      outer loop
         vertex 6.121084e+00 3.224818e+01 1.000000e+01
         vertex 4.751821e+00 3.087892e+01 8.000000e+00
         vertex 4.751821e+00 3.087892e+01 1.000000e+01
      endloop
   endfacet
   facet normal -7.771458e-01 6.293206e-01 0.000000e+00
      outer loop
         vertex 4.751821e+00 3.087892e+01 1.000000e+01
         vertex 4.751821e+00 3.087892e+01 8.000000e+00
         vertex 3.533185e+00 2.937403e+01 8.000000e+00
      endloop
   endfacet
   facet normal -7.771458e-01 6.293206e-01 0.000000e+00
      outer loop
         vertex 4.751821e+00 3.087892e+01 1.000000e+01
         vertex 3.533185e+00 2.937403e+01 8.000000e+00
         vertex 3.533185e+00 2.937403e+01 1.000000e+01
      endloop
   endfacet
   facet normal -8.386708e-01 5.446387e-01 0.000000e+00
      outer loop
         vertex 3.533185e+00 2.937403e+01 1.000000e+01
         vertex 3.533185e+00 2.937403e+01 8.000000e+00
         vertex 2.478531e+00 2.775000e+01 8.000000e+00
      endloop
   endfacet
   facet normal -8.386708e-01 5.446387e-01 0.000000e+00
      outer loop
         vertex 3.533185e+00 2.937403e+01 1.000000e+01
         vertex 2.478531e+00 2.775000e+01 8.000000e+00
         vertex 2.478531e+00 2.775000e+01 1.000000e+01
      endloop
   endfacet
   facet normal -8.910064e-01 4.539908e-01 0.000000e+00
      outer loop
         vertex 2.478531e+00 2.775000e+01 1.000000e+01
         vertex 2.478531e+00 2.775000e+01 8.000000e+00
         vertex 1.599409e+00 2.602463e+01 8.000000e+00
      endloop
   endfacet
   facet normal -8.910064e-01 4.539908e-01 0.000000e+00
      outer loop
         vertex 2.478531e+00 2.775000e+01 1.000000e+01
         vertex 1.599409e+00 2.602463e+01 8.000000e+00
         vertex 1.599409e+00 2.602463e+01 1.000000e+01
      endloop
   endfacet
   facet normal -9.335804e-01 3.583679e-01 0.000000e+00
      outer loop
         vertex 1.599409e+00 2.602463e+01 1.000000e+01
         vertex 1.599409e+00 2.602463e+01 8.000000e+00
         vertex 9.054542e-01 2.421681e+01 8.000000e+00
      endloop
   endfacet
   facet normal -9.335804e-01 3.583679e-01 0.000000e+00
      outer loop
         vertex 1.599409e+00 2.602463e+01 1.000000e+01
         vertex 9.054542e-01 2.421681e+01 8.000000e+00
         vertex 9.054542e-01 2.421681e+01 1.000000e+01
      endloop
   endfacet
   facet normal -9.659260e-01 2.588184e-01 0.000000e+00
      outer loop
         vertex 9.054542e-01 2.421681e+01 1.000000e+01
         vertex 9.054542e-01 2.421681e+01 8.000000e+00
         vertex 4.042704e-01 2.234637e+01 8.000000e+00
      endloop
   endfacet
   facet normal -9.659260e-01 2.588184e-01 0.000000e+00
      outer loop
         vertex 9.054542e-01 2.421681e+01 1.000000e+01
         vertex 4.042704e-01 2.234637e+01 8.000000e+00
         vertex 4.042704e-01 2.234637e+01 1.000000e+01
      endloop
   endfacet
   facet normal -9.876882e-01 1.564351e-01 0.000000e+00
      outer loop
         vertex 4.042704e-01 2.234637e+01 1.000000e+01
         vertex 4.042704e-01 2.234637e+01 8.000000e+00
         vertex 1.013447e-01 2.043378e+01 8.000000e+00
      endloop
   endfacet
   facet normal -9.876882e-01 1.564351e-01 0.000000e+00
      outer loop
         vertex 4.042704e-01 2.234637e+01 1.000000e+01
         vertex 1.013447e-01 2.043378e+01 8.000000e+00
         vertex 1.013447e-01 2.043378e+01 1.000000e+01
      endloop
   endfacet
   facet normal -9.986295e-01 5.233582e-02 0.000000e+00
      outer loop
         vertex 1.013447e-01 2.043378e+01 1.000000e+01
         vertex 1.013447e-01 2.043378e+01 8.000000e+00
         vertex 0.000000e+00 1.850000e+01 8.000000e+00
      endloop
   endfacet
   facet normal -9.986295e-01 5.233582e-02 0.000000e+00
      outer loop
         vertex 1.013447e-01 2.043378e+01 1.000000e+01
         vertex 0.000000e+00 1.850000e+01 8.000000e+00
         vertex 0.000000e+00 1.850000e+01 1.000000e+01
      endloop
   endfacet
   facet normal -9.986295e-01 -5.233582e-02 -0.000000e+00
      outer loop
         vertex 0.000000e+00 1.850000e+01 1.000000e+01
         vertex 0.000000e+00 1.850000e+01 8.000000e+00
         vertex 1.013447e-01 1.656622e+01 8.000000e+00
      endloop
   endfacet
   facet normal -9.986295e-01 -5.233582e-02 0.000000e+00
      outer loop
         vertex 0.000000e+00 1.850000e+01 1.000000e+01
         vertex 1.013447e-01 1.656622e+01 8.000000e+00
         vertex 1.013447e-01 1.656622e+01 1.000000e+01
      endloop
   endfacet
   facet normal -9.876882e-01 -1.564351e-01 -0.000000e+00
      outer loop
         vertex 1.013447e-01 1.656622e+01 1.000000e+01
         vertex 1.013447e-01 1.656622e+01 8.000000e+00
         vertex 4.042704e-01 1.465363e+01 8.000000e+00
      endloop
   endfacet
   facet normal -9.876882e-01 -1.564351e-01 0.000000e+00
      outer loop
         vertex 1.013447e-01 1.656622e+01 1.000000e+01
         vertex 4.042704e-01 1.465363e+01 8.000000e+00
         vertex 4.042704e-01 1.465363e+01 1.000000e+01
      endloop
   endfacet
   facet normal -9.659260e-01 -2.588184e-01 -0.000000e+00
      outer loop
         vertex 4.042704e-01 1.465363e+01 1.000000e+01
         vertex 4.042704e-01 1.465363e+01 8.000000e+00
         vertex 9.054542e-01 1.278319e+01 8.000000e+00
      endloop
   endfacet
   facet normal -9.659260e-01 -2.588184e-01 0.000000e+00
      outer loop
         vertex 4.042704e-01 1.465363e+01 1.000000e+01
         vertex 9.054542e-01 1.278319e+01 8.000000e+00
         vertex 9.054542e-01 1.278319e+01 1.000000e+01
      endloop
   endfacet
   facet normal -9.335804e-01 -3.583679e-01 -0.000000e+00
      outer loop
         vertex 9.054542e-01 1.278319e+01 1.000000e+01
         vertex 9.054542e-01 1.278319e+01 8.000000e+00
         vertex 1.599409e+00 1.097537e+01 8.000000e+00
      endloop
   endfacet
   facet normal -9.335804e-01 -3.583679e-01 0.000000e+00
      outer loop
         vertex 9.054542e-01 1.278319e+01 1.000000e+01
         vertex 1.599409e+00 1.097537e+01 8.000000e+00
         vertex 1.599409e+00 1.097537e+01 1.000000e+01
      endloop
   endfacet
   facet normal -8.910064e-01 -4.539908e-01 -0.000000e+00
      outer loop
         vertex 1.599409e+00 1.097537e+01 1.000000e+01
         vertex 1.599409e+00 1.097537e+01 8.000000e+00
         vertex 2.478531e+00 9.250000e+00 8.000000e+00
      endloop
   endfacet
   facet normal -8.910064e-01 -4.539908e-01 0.000000e+00
      outer loop
         vertex 1.599409e+00 1.097537e+01 1.000000e+01
         vertex 2.478531e+00 9.250000e+00 8.000000e+00
         vertex 2.478531e+00 9.250000e+00 1.000000e+01
      endloop
   endfacet
   facet normal -8.386708e-01 -5.446387e-01 -0.000000e+00
      outer loop
         vertex 2.478531e+00 9.250000e+00 1.000000e+01
         vertex 2.478531e+00 9.250000e+00 8.000000e+00
         vertex 3.533185e+00 7.625973e+00 8.000000e+00
      endloop
   endfacet
   facet normal -8.386708e-01 -5.446387e-01 0.000000e+00
      outer loop
         vertex 2.478531e+00 9.250000e+00 1.000000e+01
         vertex 3.533185e+00 7.625973e+00 8.000000e+00
         vertex 3.533185e+00 7.625973e+00 1.000000e+01
      endloop
   endfacet
   facet normal -7.771458e-01 -6.293206e-01 -0.000000e+00
      outer loop
         vertex 3.533185e+00 7.625973e+00 1.000000e+01
         vertex 3.533185e+00 7.625973e+00 8.000000e+00
         vertex 4.751821e+00 6.121084e+00 8.000000e+00
      endloop
   endfacet
   facet normal -7.771458e-01 -6.293206e-01 0.000000e+00
      outer loop
         vertex 3.533185e+00 7.625973e+00 1.000000e+01
         vertex 4.751821e+00 6.121084e+00 8.000000e+00
         vertex 4.751821e+00 6.121084e+00 1.000000e+01
      endloop
   endfacet
   facet normal -7.071068e-01 -7.071068e-01 -0.000000e+00
      outer loop
         vertex 4.751821e+00 6.121084e+00 1.000000e+01
         vertex 4.751821e+00 6.121084e+00 8.000000e+00
         vertex 6.121084e+00 4.751821e+00 8.000000e+00
      endloop
   endfacet
   facet normal -7.071068e-01 -7.071068e-01 0.000000e+00
      outer loop
         vertex 4.751821e+00 6.121084e+00 1.000000e+01
         vertex 6.121084e+00 4.751821e+00 8.000000e+00
         vertex 6.121084e+00 4.751821e+00 1.000000e+01
      endloop
   endfacet
   facet normal -6.293206e-01 -7.771458e-01 -0.000000e+00
      outer loop
         vertex 6.121084e+00 4.751821e+00 1.000000e+01
         vertex 6.121084e+00 4.751821e+00 8.000000e+00
         vertex 7.625973e+00 3.533185e+00 8.000000e+00
      endloop
   endfacet
   facet normal -6.293206e-01 -7.771458e-01 0.000000e+00
      outer loop
         vertex 6.121084e+00 4.751821e+00 1.000000e+01
         vertex 7.625973e+00 3.533185e+00 8.000000e+00
         vertex 7.625973e+00 3.533185e+00 1.000000e+01
      endloop
   endfacet
   facet normal -5.446387e-01 -8.386708e-01 -0.000000e+00
      outer loop
         vertex 7.625973e+00 3.533185e+00 1.000000e+01
         vertex 7.625973e+00 3.533185e+00 8.000000e+00
         vertex 9.250000e+00 2.478531e+00 8.000000e+00
      endloop
   endfacet
   facet normal -5.446387e-01 -8.386708e-01 0.000000e+00
      outer loop
         vertex 7.625973e+00 3.533185e+00 1.000000e+01
         vertex 9.250000e+00 2.478531e+00 8.000000e+00
         vertex 9.250000e+00 2.478531e+00 1.000000e+01
      endloop
   endfacet
   facet normal -4.539908e-01 -8.910064e-01 -0.000000e+00
      outer loop
         vertex 9.250000e+00 2.478531e+00 1.000000e+01
         vertex 9.250000e+00 2.478531e+00 8.000000e+00
         vertex 1.097537e+01 1.599409e+00 8.000000e+00
      endloop
   endfacet
   facet normal -4.539908e-01 -8.910064e-01 0.000000e+00
      outer loop
         vertex 9.250000e+00 2.478531e+00 1.000000e+01
         vertex 1.097537e+01 1.599409e+00 8.000000e+00
         vertex 1.097537e+01 1.599409e+00 1.000000e+01
      endloop
   endfacet
   facet normal -3.583679e-01 -9.335804e-01 -0.000000e+00
      outer loop
         vertex 1.097537e+01 1.599409e+00 1.000000e+01
         vertex 1.097537e+01 1.599409e+00 8.000000e+00
         vertex 1.278319e+01 9.054542e-01 8.000000e+00
      endloop
   endfacet
   facet normal -3.583679e-01 -9.335804e-01 0.000000e+00
      outer loop
         vertex 1.097537e+01 1.599409e+00 1.000000e+01
         vertex 1.278319e+01 9.054542e-01 8.000000e+00
         vertex 1.278319e+01 9.054542e-01 1.000000e+01
      endloop
   endfacet
   facet normal -2.588184e-01 -9.659260e-01 -0.000000e+00
      outer loop
         vertex 1.278319e+01 9.054542e-01 1.000000e+01
         vertex 1.278319e+01 9.054542e-01 8.000000e+00
         vertex 1.465363e+01 4.042704e-01 8.000000e+00
      endloop
   endfacet
   facet normal -2.588184e-01 -9.659260e-01 0.000000e+00
      outer loop
         vertex 1.278319e+01 9.054542e-01 1.000000e+01
         vertex 1.465363e+01 4.042704e-01 8.000000e+00
         vertex 1.465363e+01 4.042704e-01 1.000000e+01
      endloop
   endfacet
   facet normal -1.564351e-01 -9.876882e-01 -0.000000e+00
      outer loop
         vertex 1.465363e+01 4.042704e-01 1.000000e+01
         vertex 1.465363e+01 4.042704e-01 8.000000e+00
         vertex 1.656622e+01 1.013447e-01 8.000000e+00
      endloop
   endfacet
   facet normal -1.564351e-01 -9.876882e-01 0.000000e+00
      outer loop
         vertex 1.465363e+01 4.042704e-01 1.000000e+01
         vertex 1.656622e+01 1.013447e-01 8.000000e+00
         vertex 1.656622e+01 1.013447e-01 1.000000e+01
      endloop
   endfacet
   facet normal -5.233582e-02 -9.986295e-01 -0.000000e+00
      outer loop
         vertex 1.656622e+01 1.013447e-01 1.000000e+01
         vertex 1.656622e+01 1.013447e-01 8.000000e+00
         vertex 1.850000e+01 0.000000e+00 8.000000e+00
      endloop
   endfacet
   facet normal -5.233582e-02 -9.986295e-01 0.000000e+00
      outer loop
         vertex 1.656622e+01 1.013447e-01 1.000000e+01
         vertex 1.850000e+01 0.000000e+00 8.000000e+00
         vertex 1.850000e+01 0.000000e+00 1.000000e+01
      endloop
   endfacet
   facet normal 5.233582e-02 -9.986295e-01 0.000000e+00
      outer loop
         vertex 1.850000e+01 0.000000e+00 1.000000e+01
         vertex 1.850000e+01 0.000000e+00 8.000000e+00
         vertex 2.043378e+01 1.013447e-01 8.000000e+00
      endloop
   endfacet
   facet normal 5.233582e-02 -9.986295e-01 0.000000e+00
      outer loop
         vertex 1.850000e+01 0.000000e+00 1.000000e+01
         vertex 2.043378e+01 1.013447e-01 8.000000e+00
         vertex 2.043378e+01 1.013447e-01 1.000000e+01
      endloop
   endfacet
   facet normal 1.564351e-01 -9.876882e-01 0.000000e+00
      outer loop
         vertex 2.043378e+01 1.013447e-01 1.000000e+01
         vertex 2.043378e+01 1.013447e-01 8.000000e+00
         vertex 2.234637e+01 4.042704e-01 8.000000e+00
      endloop
   endfacet
   facet normal 1.564351e-01 -9.876882e-01 0.000000e+00
      outer loop
         vertex 2.043378e+01 1.013447e-01 1.000000e+01
         vertex 2.234637e+01 4.042704e-01 8.000000e+00
         vertex 2.234637e+01 4.042704e-01 1.000000e+01
      endloop
   endfacet
   facet normal 2.588184e-01 -9.659260e-01 0.000000e+00
      outer loop
         vertex 2.234637e+01 4.042704e-01 1.000000e+01
         vertex 2.234637e+01 4.042704e-01 8.000000e+00
         vertex 2.421681e+01 9.054542e-01 8.000000e+00
      endloop
   endfacet
   facet normal 2.588184e-01 -9.659260e-01 0.000000e+00
      outer loop
         vertex 2.234637e+01 4.042704e-01 1.000000e+01
         vertex 2.421681e+01 9.054542e-01 8.000000e+00
         vertex 2.421681e+01 9.054542e-01 1.000000e+01
      endloop
   endfacet
   facet normal 3.583679e-01 -9.335804e-01 0.000000e+00
      outer loop
         vertex 2.421681e+01 9.054542e-01 1.000000e+01
         vertex 2.421681e+01 9.054542e-01 8.000000e+00
         vertex 2.602463e+01 1.599409e+00 8.000000e+00
      endloop
   endfacet
   facet normal 3.583679e-01 -9.335804e-01 0.000000e+00
      outer loop
         vertex 2.421681e+01 9.054542e-01 1.000000e+01
         vertex 2.602463e+01 1.599409e+00 8.000000e+00
         vertex 2.602463e+01 1.599409e+00 1.000000e+01
      endloop
   endfacet
   facet normal 4.539908e-01 -8.910064e-01 0.000000e+00
      outer loop
         vertex 2.602463e+01 1.599409e+00 1.000000e+01
         vertex 2.602463e+01 1.599409e+00 8.000000e+00
         vertex 2.775000e+01 2.478531e+00 8.000000e+00
      endloop
   endfacet
   facet normal 4.539908e-01 -8.910064e-01 0.000000e+00
      outer loop
         vertex 2.602463e+01 1.599409e+00 1.000000e+01
         vertex 2.775000e+01 2.478531e+00 8.000000e+00
         vertex 2.775000e+01 2.478531e+00 1.000000e+01
      endloop
   endfacet
   facet normal 5.446387e-01 -8.386708e-01 0.000000e+00
      outer loop
         vertex 2.775000e+01 2.478531e+00 1.000000e+01
         vertex 2.775000e+01 2.478531e+00 8.000000e+00
         vertex 2.937403e+01 3.533185e+00 8.000000e+00
      endloop
   endfacet
   facet normal 5.446387e-01 -8.386708e-01 0.000000e+00
      outer loop
         vertex 2.775000e+01 2.478531e+00 1.000000e+01
         vertex 2.937403e+01 3.533185e+00 8.000000e+00
         vertex 2.937403e+01 3.533185e+00 1.000000e+01
      endloop
   endfacet
   facet normal 6.293206e-01 -7.771458e-01 0.000000e+00
      outer loop
         vertex 2.937403e+01 3.533185e+00 1.000000e+01
         vertex 2.937403e+01 3.533185e+00 8.000000e+00
         vertex 3.087892e+01 4.751821e+00 8.000000e+00
      endloop
   endfacet
   facet normal 6.293206e-01 -7.771458e-01 0.000000e+00
      outer loop
         vertex 2.937403e+01 3.533185e+00 1.000000e+01
         vertex 3.087892e+01 4.751821e+00 8.000000e+00
         vertex 3.087892e+01 4.751821e+00 1.000000e+01
      endloop
   endfacet
   facet normal 7.071068e-01 -7.071068e-01 0.000000e+00
      outer loop
         vertex 3.087892e+01 4.751821e+00 1.000000e+01
         vertex 3.087892e+01 4.751821e+00 8.000000e+00
         vertex 3.224818e+01 6.121084e+00 8.000000e+00
      endloop
   endfacet
   facet normal 7.071068e-01 -7.071068e-01 0.000000e+00
      outer loop
         vertex 3.087892e+01 4.751821e+00 1.000000e+01
         vertex 3.224818e+01 6.121084e+00 8.000000e+00
         vertex 3.224818e+01 6.121084e+00 1.000000e+01
      endloop
   endfacet
   facet normal 7.771458e-01 -6.293206e-01 0.000000e+00
      outer loop
         vertex 3.224818e+01 6.121084e+00 1.000000e+01
         vertex 3.224818e+01 6.121084e+00 8.000000e+00
         vertex 3.346682e+01 7.625973e+00 8.000000e+00
      endloop
   endfacet
   facet normal 7.771458e-01 -6.293206e-01 0.000000e+00
      outer loop
         vertex 3.224818e+01 6.121084e+00 1.000000e+01
         vertex 3.346682e+01 7.625973e+00 8.000000e+00
         vertex 3.346682e+01 7.625973e+00 1.000000e+01
      endloop
   endfacet
   facet normal 8.386708e-01 -5.446387e-01 0.000000e+00
      outer loop
         vertex 3.346682e+01 7.625973e+00 1.000000e+01
         vertex 3.346682e+01 7.625973e+00 8.000000e+00
         vertex 3.452147e+01 9.250000e+00 8.000000e+00
      endloop
   endfacet
   facet normal 8.386708e-01 -5.446387e-01 0.000000e+00
      outer loop
         vertex 3.346682e+01 7.625973e+00 1.000000e+01
         vertex 3.452147e+01 9.250000e+00 8.000000e+00
         vertex 3.452147e+01 9.250000e+00 1.000000e+01
      endloop
   endfacet
   facet normal 8.910064e-01 -4.539908e-01 0.000000e+00
      outer loop
         vertex 3.452147e+01 9.250000e+00 1.000000e+01
         vertex 3.452147e+01 9.250000e+00 8.000000e+00
         vertex 3.540059e+01 1.097537e+01 8.000000e+00
      endloop
   endfacet
   facet normal 8.910064e-01 -4.539908e-01 0.000000e+00
      outer loop
         vertex 3.452147e+01 9.250000e+00 1.000000e+01
         vertex 3.540059e+01 1.097537e+01 8.000000e+00
         vertex 3.540059e+01 1.097537e+01 1.000000e+01
      endloop
   endfacet
   facet normal 9.335804e-01 -3.583679e-01 0.000000e+00
      outer loop
         vertex 3.540059e+01 1.097537e+01 1.000000e+01
         vertex 3.540059e+01 1.097537e+01 8.000000e+00
         vertex 3.609455e+01 1.278319e+01 8.000000e+00
      endloop
   endfacet
   facet normal 9.335804e-01 -3.583679e-01 0.000000e+00
      outer loop
         vertex 3.540059e+01 1.097537e+01 1.000000e+01
         vertex 3.609455e+01 1.278319e+01 8.000000e+00
         vertex 3.609455e+01 1.278319e+01 1.000000e+01
      endloop
   endfacet
   facet normal 9.659260e-01 -2.588184e-01 0.000000e+00
      outer loop
         vertex 3.609455e+01 1.278319e+01 1.000000e+01
         vertex 3.609455e+01 1.278319e+01 8.000000e+00
         vertex 3.659573e+01 1.465363e+01 8.000000e+00
      endloop
   endfacet
   facet normal 9.659260e-01 -2.588184e-01 0.000000e+00
      outer loop
         vertex 3.609455e+01 1.278319e+01 1.000000e+01
         vertex 3.659573e+01 1.465363e+01 8.000000e+00
         vertex 3.659573e+01 1.465363e+01 1.000000e+01
      endloop
   endfacet
   facet normal 9.876882e-01 -1.564351e-01 0.000000e+00
      outer loop
         vertex 3.659573e+01 1.465363e+01 1.000000e+01
         vertex 3.659573e+01 1.465363e+01 8.000000e+00
         vertex 3.689866e+01 1.656622e+01 8.000000e+00
      endloop
   endfacet
   facet normal 9.876882e-01 -1.564351e-01 0.000000e+00
      outer loop
         vertex 3.659573e+01 1.465363e+01 1.000000e+01
         vertex 3.689866e+01 1.656622e+01 8.000000e+00
         vertex 3.689866e+01 1.656622e+01 1.000000e+01
      endloop
   endfacet
   facet normal 9.986295e-01 -5.233582e-02 0.000000e+00
      outer loop
         vertex 3.689866e+01 1.656622e+01 1.000000e+01
         vertex 3.689866e+01 1.656622e+01 8.000000e+00
         vertex 3.700000e+01 1.850000e+01 8.000000e+00
      endloop
   endfacet
   facet normal 9.986295e-01 -5.233582e-02 0.000000e+00
      outer loop
         vertex 3.689866e+01 1.656622e+01 1.000000e+01
         vertex 3.700000e+01 1.850000e+01 8.000000e+00
         vertex 3.700000e+01 1.850000e+01 1.000000e+01
      endloop
   endfacet
   facet normal 9.986295e-01 5.233582e-02 0.000000e+00
      outer loop
         vertex 3.700000e+01 1.850000e+01 1.000000e+01
         vertex 3.700000e+01 1.850000e+01 8.000000e+00
         vertex 3.689866e+01 2.043378e+01 8.000000e+00
      endloop
   endfacet
   facet normal -0.000000e+00 0.000000e+00 -1.000000e+00
      outer loop
         vertex 1.194234e+01 1.309194e+01 8.000000e+00
         vertex 3.533185e+00 7.625973e+00 8.000000e+00
         vertex 1.119366e+01 1.415634e+01 8.000000e+00
      endloop
   endfacet
   facet normal 0.000000e+00 0.000000e+00 -1.000000e+00
      outer loop
         vertex 1.119366e+01 1.415634e+01 8.000000e+00
         vertex 3.533185e+00 7.625973e+00 8.000000e+00
         vertex 2.478531e+00 9.250000e+00 8.000000e+00
      endloop
   endfacet
   facet normal -0.000000e+00 0.000000e+00 -1.000000e+00
      outer loop
         vertex 1.119366e+01 1.415634e+01 8.000000e+00
         vertex 2.478531e+00 9.250000e+00 8.000000e+00
         vertex 1.061623e+01 1.532256e+01 8.000000e+00
      endloop
   endfacet
   facet normal 0.000000e+00 0.000000e+00 -1.000000e+00
      outer loop
         vertex 2.137314e+01 2.649969e+01 8.000000e+00
         vertex 2.602463e+01 3.540059e+01 8.000000e+00
         vertex 2.256062e+01 2.596735e+01 8.000000e+00
      endloop
   endfacet
   facet normal 0.000000e+00 0.000000e+00 -1.000000e+00
      outer loop
         vertex 2.256062e+01 2.596735e+01 8.000000e+00
         vertex 2.602463e+01 3.540059e+01 8.000000e+00
         vertex 2.775000e+01 3.452147e+01 8.000000e+00
      endloop
   endfacet
   facet normal 0.000000e+00 0.000000e+00 -1.000000e+00
      outer loop
         vertex 2.256062e+01 2.596735e+01 8.000000e+00
         vertex 2.775000e+01 3.452147e+01 8.000000e+00
         vertex 2.365292e+01 2.525999e+01 8.000000e+00
      endloop
   endfacet
   facet normal 0.000000e+00 0.000000e+00 -1.000000e+00
      outer loop
         vertex 1.882557e+01 2.699376e+01 8.000000e+00
         vertex 2.043378e+01 3.689866e+01 8.000000e+00
         vertex 2.011832e+01 2.684452e+01 8.000000e+00
      endloop
   endfacet
   facet normal 0.000000e+00 0.000000e+00 -1.000000e+00
      outer loop
         vertex 2.011832e+01 2.684452e+01 8.000000e+00
         vertex 2.043378e+01 3.689866e+01 8.000000e+00
         vertex 2.234637e+01 3.659573e+01 8.000000e+00
      endloop
   endfacet
   facet normal 0.000000e+00 0.000000e+00 -1.000000e+00
      outer loop
         vertex 2.011832e+01 2.684452e+01 8.000000e+00
         vertex 2.234637e+01 3.659573e+01 8.000000e+00
         vertex 2.137314e+01 2.649969e+01 8.000000e+00
      endloop
   endfacet
   facet normal 0.000000e+00 0.000000e+00 -1.000000e+00
      outer loop
         vertex 2.137314e+01 2.649969e+01 8.000000e+00
         vertex 2.234637e+01 3.659573e+01 8.000000e+00
         vertex 2.421681e+01 3.609455e+01 8.000000e+00
      endloop
   endfacet
   facet normal 0.000000e+00 0.000000e+00 -1.000000e+00
      outer loop
         vertex 2.137314e+01 2.649969e+01 8.000000e+00
         vertex 2.421681e+01 3.609455e+01 8.000000e+00
         vertex 2.602463e+01 3.540059e+01 8.000000e+00
      endloop
   endfacet
   facet normal 0.000000e+00 0.000000e+00 -1.000000e+00
      outer loop
         vertex 1.119366e+01 2.284366e+01 8.000000e+00
         vertex 3.533185e+00 2.937403e+01 8.000000e+00
         vertex 1.194234e+01 2.390806e+01 8.000000e+00
      endloop
   endfacet
   facet normal 0.000000e+00 0.000000e+00 -1.000000e+00
      outer loop
         vertex 1.194234e+01 2.390806e+01 8.000000e+00
         vertex 3.533185e+00 2.937403e+01 8.000000e+00
         vertex 4.751821e+00 3.087892e+01 8.000000e+00
      endloop
   endfacet
   facet normal 0.000000e+00 0.000000e+00 -1.000000e+00
      outer loop
         vertex 1.194234e+01 2.390806e+01 8.000000e+00
         vertex 4.751821e+00 3.087892e+01 8.000000e+00
         vertex 1.284473e+01 2.484570e+01 8.000000e+00
      endloop
   endfacet
   facet normal 0.000000e+00 0.000000e+00 -1.000000e+00
      outer loop
         vertex 4.751821e+00 3.087892e+01 8.000000e+00
         vertex 6.121084e+00 3.224818e+01 8.000000e+00
         vertex 1.284473e+01 2.484570e+01 8.000000e+00
      endloop
   endfacet
   facet normal 0.000000e+00 0.000000e+00 -1.000000e+00
      outer loop
         vertex 1.284473e+01 2.484570e+01 8.000000e+00
         vertex 6.121084e+00 3.224818e+01 8.000000e+00
         vertex 7.625973e+00 3.346682e+01 8.000000e+00
      endloop
   endfacet
   facet normal 0.000000e+00 0.000000e+00 -1.000000e+00
      outer loop
         vertex 1.284473e+01 2.484570e+01 8.000000e+00
         vertex 7.625973e+00 3.346682e+01 8.000000e+00
         vertex 1.387968e+01 2.563461e+01 8.000000e+00
      endloop
   endfacet
   facet normal 0.000000e+00 0.000000e+00 -1.000000e+00
      outer loop
         vertex 1.387968e+01 2.563461e+01 8.000000e+00
         vertex 7.625973e+00 3.346682e+01 8.000000e+00
         vertex 9.250000e+00 3.452147e+01 8.000000e+00
      endloop
   endfacet
   facet normal 0.000000e+00 0.000000e+00 -1.000000e+00
      outer loop
         vertex 1.387968e+01 2.563461e+01 8.000000e+00
         vertex 9.250000e+00 3.452147e+01 8.000000e+00
         vertex 1.502292e+01 2.625628e+01 8.000000e+00
      endloop
   endfacet
   facet normal 0.000000e+00 0.000000e+00 -1.000000e+00
      outer loop
         vertex 1.502292e+01 2.625628e+01 8.000000e+00
         vertex 9.250000e+00 3.452147e+01 8.000000e+00
         vertex 1.097537e+01 3.540059e+01 8.000000e+00
      endloop
   endfacet
   facet normal 0.000000e+00 0.000000e+00 -1.000000e+00
      outer loop
         vertex 1.502292e+01 2.625628e+01 8.000000e+00
         vertex 1.097537e+01 3.540059e+01 8.000000e+00
         vertex 1.624766e+01 2.669615e+01 8.000000e+00
      endloop
   endfacet
   facet normal 0.000000e+00 -0.000000e+00 -1.000000e+00
      outer loop
         vertex 2.256062e+01 1.103265e+01 8.000000e+00
         vertex 2.602463e+01 1.599409e+00 8.000000e+00
         vertex 2.137314e+01 1.050031e+01 8.000000e+00
      endloop
   endfacet
   facet normal 0.000000e+00 0.000000e+00 -1.000000e+00
      outer loop
         vertex 2.137314e+01 1.050031e+01 8.000000e+00
         vertex 2.602463e+01 1.599409e+00 8.000000e+00
         vertex 2.421681e+01 9.054542e-01 8.000000e+00
      endloop
   endfacet
   facet normal 0.000000e+00 -0.000000e+00 -1.000000e+00
      outer loop
         vertex 2.137314e+01 1.050031e+01 8.000000e+00
         vertex 2.421681e+01 9.054542e-01 8.000000e+00
         vertex 2.011832e+01 1.015548e+01 8.000000e+00
      endloop
   endfacet
   facet normal 0.000000e+00 -0.000000e+00 -1.000000e+00
      outer loop
         vertex 2.775000e+01 3.452147e+01 8.000000e+00
         vertex 2.937403e+01 3.346682e+01 8.000000e+00
         vertex 2.365292e+01 2.525999e+01 8.000000e+00
      endloop
   endfacet
   facet normal 0.000000e+00 0.000000e+00 -1.000000e+00
      outer loop
         vertex 2.365292e+01 2.525999e+01 8.000000e+00
         vertex 2.937403e+01 3.346682e+01 8.000000e+00
         vertex 3.087892e+01 3.224818e+01 8.000000e+00
      endloop
   endfacet
   facet normal 0.000000e+00 0.000000e+00 -1.000000e+00
      outer loop
         vertex 2.365292e+01 2.525999e+01 8.000000e+00
         vertex 3.087892e+01 3.224818e+01 8.000000e+00
         vertex 2.462443e+01 2.439418e+01 8.000000e+00
      endloop
   endfacet
   facet normal 0.000000e+00 0.000000e+00 -1.000000e+00
      outer loop
         vertex 2.462443e+01 2.439418e+01 8.000000e+00
         vertex 3.087892e+01 3.224818e+01 8.000000e+00
         vertex 3.224818e+01 3.087892e+01 8.000000e+00
      endloop
   endfacet
   facet normal 0.000000e+00 0.000000e+00 -1.000000e+00
      outer loop
         vertex 2.462443e+01 2.439418e+01 8.000000e+00
         vertex 3.224818e+01 3.087892e+01 8.000000e+00
         vertex 2.545240e+01 2.339021e+01 8.000000e+00
      endloop
   endfacet
   facet normal 0.000000e+00 0.000000e+00 -1.000000e+00
      outer loop
         vertex 1.097537e+01 3.540059e+01 8.000000e+00
         vertex 1.278319e+01 3.609455e+01 8.000000e+00
         vertex 1.624766e+01 2.669615e+01 8.000000e+00
      endloop
   endfacet
   facet normal 0.000000e+00 0.000000e+00 -1.000000e+00
      outer loop
         vertex 1.624766e+01 2.669615e+01 8.000000e+00
         vertex 1.278319e+01 3.609455e+01 8.000000e+00
         vertex 1.465363e+01 3.659573e+01 8.000000e+00
      endloop
   endfacet
   facet normal 0.000000e+00 0.000000e+00 -1.000000e+00
      outer loop
         vertex 1.624766e+01 2.669615e+01 8.000000e+00
         vertex 1.465363e+01 3.659573e+01 8.000000e+00
         vertex 1.752519e+01 2.694392e+01 8.000000e+00
      endloop
   endfacet
   facet normal 0.000000e+00 0.000000e+00 -1.000000e+00
      outer loop
         vertex 1.752519e+01 2.694392e+01 8.000000e+00
         vertex 1.465363e+01 3.659573e+01 8.000000e+00
         vertex 1.656622e+01 3.689866e+01 8.000000e+00
      endloop
   endfacet
   facet normal 0.000000e+00 0.000000e+00 -1.000000e+00
      outer loop
         vertex 1.752519e+01 2.694392e+01 8.000000e+00
         vertex 1.656622e+01 3.689866e+01 8.000000e+00
         vertex 1.882557e+01 2.699376e+01 8.000000e+00
      endloop
   endfacet
   facet normal 0.000000e+00 0.000000e+00 -1.000000e+00
      outer loop
         vertex 1.882557e+01 2.699376e+01 8.000000e+00
         vertex 1.656622e+01 3.689866e+01 8.000000e+00
         vertex 1.850000e+01 3.700000e+01 8.000000e+00
      endloop
   endfacet
   facet normal 0.000000e+00 0.000000e+00 -1.000000e+00
      outer loop
         vertex 1.882557e+01 2.699376e+01 8.000000e+00
         vertex 1.850000e+01 3.700000e+01 8.000000e+00
         vertex 2.043378e+01 3.689866e+01 8.000000e+00
      endloop
   endfacet
   facet normal 0.000000e+00 0.000000e+00 -1.000000e+00
      outer loop
         vertex 1.022359e+01 2.043676e+01 8.000000e+00
         vertex 9.054542e-01 2.421681e+01 8.000000e+00
         vertex 1.061623e+01 2.167745e+01 8.000000e+00
      endloop
   endfacet
   facet normal 0.000000e+00 0.000000e+00 -1.000000e+00
      outer loop
         vertex 1.061623e+01 2.167745e+01 8.000000e+00
         vertex 9.054542e-01 2.421681e+01 8.000000e+00
         vertex 1.599409e+00 2.602463e+01 8.000000e+00
      endloop
   endfacet
   facet normal 0.000000e+00 0.000000e+00 -1.000000e+00
      outer loop
         vertex 1.061623e+01 2.167745e+01 8.000000e+00
         vertex 1.599409e+00 2.602463e+01 8.000000e+00
         vertex 1.119366e+01 2.284366e+01 8.000000e+00
      endloop
   endfacet
   facet normal 0.000000e+00 0.000000e+00 -1.000000e+00
      outer loop
         vertex 1.119366e+01 2.284366e+01 8.000000e+00
         vertex 1.599409e+00 2.602463e+01 8.000000e+00
         vertex 2.478531e+00 2.775000e+01 8.000000e+00
      endloop
   endfacet
   facet normal 0.000000e+00 0.000000e+00 -1.000000e+00
      outer loop
         vertex 1.119366e+01 2.284366e+01 8.000000e+00
         vertex 2.478531e+00 2.775000e+01 8.000000e+00
         vertex 3.533185e+00 2.937403e+01 8.000000e+00
      endloop
   endfacet
   facet normal 0.000000e+00 0.000000e+00 -1.000000e+00
      outer loop
         vertex 2.478531e+00 9.250000e+00 8.000000e+00
         vertex 1.599409e+00 1.097537e+01 8.000000e+00
         vertex 1.061623e+01 1.532256e+01 8.000000e+00
      endloop
   endfacet
   facet normal 0.000000e+00 0.000000e+00 -1.000000e+00
      outer loop
         vertex 1.061623e+01 1.532256e+01 8.000000e+00
         vertex 1.599409e+00 1.097537e+01 8.000000e+00
         vertex 9.054542e-01 1.278319e+01 8.000000e+00
      endloop
   endfacet
   facet normal -0.000000e+00 0.000000e+00 -1.000000e+00
      outer loop
         vertex 1.061623e+01 1.532256e+01 8.000000e+00
         vertex 9.054542e-01 1.278319e+01 8.000000e+00
         vertex 1.022359e+01 1.656325e+01 8.000000e+00
      endloop
   endfacet
   facet normal 0.000000e+00 0.000000e+00 -1.000000e+00
      outer loop
         vertex 1.022359e+01 1.656325e+01 8.000000e+00
         vertex 9.054542e-01 1.278319e+01 8.000000e+00
         vertex 4.042704e-01 1.465363e+01 8.000000e+00
      endloop
   endfacet
   facet normal -0.000000e+00 0.000000e+00 -1.000000e+00
      outer loop
         vertex 1.022359e+01 1.656325e+01 8.000000e+00
         vertex 4.042704e-01 1.465363e+01 8.000000e+00
         vertex 1.002494e+01 1.784933e+01 8.000000e+00
      endloop
   endfacet
   facet normal 0.000000e+00 0.000000e+00 -1.000000e+00
      outer loop
         vertex 1.002494e+01 1.784933e+01 8.000000e+00
         vertex 4.042704e-01 1.465363e+01 8.000000e+00
         vertex 1.013447e-01 1.656622e+01 8.000000e+00
      endloop
   endfacet
   facet normal -0.000000e+00 0.000000e+00 -1.000000e+00
      outer loop
         vertex 1.002494e+01 1.784933e+01 8.000000e+00
         vertex 1.013447e-01 1.656622e+01 8.000000e+00
         vertex 1.000000e+01 1.850000e+01 8.000000e+00
      endloop
   endfacet
   facet normal 0.000000e+00 0.000000e+00 -1.000000e+00
      outer loop
         vertex 1.000000e+01 1.850000e+01 8.000000e+00
         vertex 1.013447e-01 1.656622e+01 8.000000e+00
         vertex 0.000000e+00 1.850000e+01 8.000000e+00
      endloop
   endfacet
   facet normal -0.000000e+00 0.000000e+00 -1.000000e+00
      outer loop
         vertex 1.000000e+01 1.850000e+01 8.000000e+00
         vertex 0.000000e+00 1.850000e+01 8.000000e+00
         vertex 1.002494e+01 1.915067e+01 8.000000e+00
      endloop
   endfacet
   facet normal -0.000000e+00 0.000000e+00 -1.000000e+00
      outer loop
         vertex 1.002494e+01 1.915067e+01 8.000000e+00
         vertex 0.000000e+00 1.850000e+01 8.000000e+00
         vertex 1.013447e-01 2.043378e+01 8.000000e+00
      endloop
   endfacet
   facet normal 0.000000e+00 0.000000e+00 -1.000000e+00
      outer loop
         vertex 1.002494e+01 1.915067e+01 8.000000e+00
         vertex 1.013447e-01 2.043378e+01 8.000000e+00
         vertex 1.022359e+01 2.043676e+01 8.000000e+00
      endloop
   endfacet
   facet normal -0.000000e+00 0.000000e+00 -1.000000e+00
      outer loop
         vertex 1.022359e+01 2.043676e+01 8.000000e+00
         vertex 1.013447e-01 2.043378e+01 8.000000e+00
         vertex 4.042704e-01 2.234637e+01 8.000000e+00
      endloop
   endfacet
   facet normal 0.000000e+00 0.000000e+00 -1.000000e+00
      outer loop
         vertex 1.022359e+01 2.043676e+01 8.000000e+00
         vertex 4.042704e-01 2.234637e+01 8.000000e+00
         vertex 9.054542e-01 2.421681e+01 8.000000e+00
      endloop
   endfacet
   facet normal -0.000000e+00 0.000000e+00 -1.000000e+00
      outer loop
         vertex 1.387968e+01 1.136539e+01 8.000000e+00
         vertex 7.625973e+00 3.533185e+00 8.000000e+00
         vertex 1.284473e+01 1.215430e+01 8.000000e+00
      endloop
   endfacet
   facet normal 0.000000e+00 0.000000e+00 -1.000000e+00
      outer loop
         vertex 1.284473e+01 1.215430e+01 8.000000e+00
         vertex 7.625973e+00 3.533185e+00 8.000000e+00
         vertex 6.121084e+00 4.751821e+00 8.000000e+00
      endloop
   endfacet
   facet normal -0.000000e+00 0.000000e+00 -1.000000e+00
      outer loop
         vertex 1.284473e+01 1.215430e+01 8.000000e+00
         vertex 6.121084e+00 4.751821e+00 8.000000e+00
         vertex 1.194234e+01 1.309194e+01 8.000000e+00
      endloop
   endfacet
   facet normal 0.000000e+00 0.000000e+00 -1.000000e+00
      outer loop
         vertex 1.194234e+01 1.309194e+01 8.000000e+00
         vertex 6.121084e+00 4.751821e+00 8.000000e+00
         vertex 4.751821e+00 6.121084e+00 8.000000e+00
      endloop
   endfacet
   facet normal 0.000000e+00 0.000000e+00 -1.000000e+00
      outer loop
         vertex 1.194234e+01 1.309194e+01 8.000000e+00
         vertex 4.751821e+00 6.121084e+00 8.000000e+00
         vertex 3.533185e+00 7.625973e+00 8.000000e+00
      endloop
   endfacet
   facet normal -0.000000e+00 0.000000e+00 -1.000000e+00
      outer loop
         vertex 1.752519e+01 1.005608e+01 8.000000e+00
         vertex 1.465363e+01 4.042704e-01 8.000000e+00
         vertex 1.624766e+01 1.030385e+01 8.000000e+00
      endloop
   endfacet
   facet normal 0.000000e+00 0.000000e+00 -1.000000e+00
      outer loop
         vertex 1.624766e+01 1.030385e+01 8.000000e+00
         vertex 1.465363e+01 4.042704e-01 8.000000e+00
         vertex 1.278319e+01 9.054542e-01 8.000000e+00
      endloop
   endfacet
   facet normal -0.000000e+00 0.000000e+00 -1.000000e+00
      outer loop
         vertex 1.624766e+01 1.030385e+01 8.000000e+00
         vertex 1.278319e+01 9.054542e-01 8.000000e+00
         vertex 1.502292e+01 1.074372e+01 8.000000e+00
      endloop
   endfacet
   facet normal 0.000000e+00 0.000000e+00 -1.000000e+00
      outer loop
         vertex 1.502292e+01 1.074372e+01 8.000000e+00
         vertex 1.278319e+01 9.054542e-01 8.000000e+00
         vertex 1.097537e+01 1.599409e+00 8.000000e+00
      endloop
   endfacet
   facet normal -0.000000e+00 0.000000e+00 -1.000000e+00
      outer loop
         vertex 1.502292e+01 1.074372e+01 8.000000e+00
         vertex 1.097537e+01 1.599409e+00 8.000000e+00
         vertex 1.387968e+01 1.136539e+01 8.000000e+00
      endloop
   endfacet
   facet normal 0.000000e+00 0.000000e+00 -1.000000e+00
      outer loop
         vertex 1.387968e+01 1.136539e+01 8.000000e+00
         vertex 1.097537e+01 1.599409e+00 8.000000e+00
         vertex 9.250000e+00 2.478531e+00 8.000000e+00
      endloop
   endfacet
   facet normal 0.000000e+00 0.000000e+00 -1.000000e+00
      outer loop
         vertex 1.387968e+01 1.136539e+01 8.000000e+00
         vertex 9.250000e+00 2.478531e+00 8.000000e+00
         vertex 7.625973e+00 3.533185e+00 8.000000e+00
      endloop
   endfacet
   facet normal -0.000000e+00 0.000000e+00 -1.000000e+00
      outer loop
         vertex 2.421681e+01 9.054542e-01 8.000000e+00
         vertex 2.234637e+01 4.042704e-01 8.000000e+00
         vertex 2.011832e+01 1.015548e+01 8.000000e+00
      endloop
   endfacet
   facet normal 0.000000e+00 0.000000e+00 -1.000000e+00
      outer loop
         vertex 2.011832e+01 1.015548e+01 8.000000e+00
         vertex 2.234637e+01 4.042704e-01 8.000000e+00
         vertex 2.043378e+01 1.013447e-01 8.000000e+00
      endloop
   endfacet
   facet normal 0.000000e+00 -0.000000e+00 -1.000000e+00
      outer loop
         vertex 2.011832e+01 1.015548e+01 8.000000e+00
         vertex 2.043378e+01 1.013447e-01 8.000000e+00
         vertex 1.882557e+01 1.000624e+01 8.000000e+00
      endloop
   endfacet
   facet normal 0.000000e+00 -0.000000e+00 -1.000000e+00
      outer loop
         vertex 1.882557e+01 1.000624e+01 8.000000e+00
         vertex 2.043378e+01 1.013447e-01 8.000000e+00
         vertex 1.850000e+01 0.000000e+00 8.000000e+00
      endloop
   endfacet
   facet normal -0.000000e+00 0.000000e+00 -1.000000e+00
      outer loop
         vertex 1.882557e+01 1.000624e+01 8.000000e+00
         vertex 1.850000e+01 0.000000e+00 8.000000e+00
         vertex 1.752519e+01 1.005608e+01 8.000000e+00
      endloop
   endfacet
   facet normal 0.000000e+00 -0.000000e+00 -1.000000e+00
      outer loop
         vertex 1.752519e+01 1.005608e+01 8.000000e+00
         vertex 1.850000e+01 0.000000e+00 8.000000e+00
         vertex 1.656622e+01 1.013447e-01 8.000000e+00
      endloop
   endfacet
   facet normal 0.000000e+00 0.000000e+00 -1.000000e+00
      outer loop
         vertex 1.752519e+01 1.005608e+01 8.000000e+00
         vertex 1.656622e+01 1.013447e-01 8.000000e+00
         vertex 1.465363e+01 4.042704e-01 8.000000e+00
      endloop
   endfacet
   facet normal 0.000000e+00 -0.000000e+00 -1.000000e+00
      outer loop
         vertex 2.690038e+01 1.720248e+01 8.000000e+00
         vertex 3.659573e+01 1.465363e+01 8.000000e+00
         vertex 2.660387e+01 1.593538e+01 8.000000e+00
      endloop
   endfacet
   facet normal 0.000000e+00 0.000000e+00 -1.000000e+00
      outer loop
         vertex 2.660387e+01 1.593538e+01 8.000000e+00
         vertex 3.659573e+01 1.465363e+01 8.000000e+00
         vertex 3.609455e+01 1.278319e+01 8.000000e+00
      endloop
   endfacet
   facet normal 0.000000e+00 -0.000000e+00 -1.000000e+00
      outer loop
         vertex 2.660387e+01 1.593538e+01 8.000000e+00
         vertex 3.609455e+01 1.278319e+01 8.000000e+00
         vertex 2.611741e+01 1.472838e+01 8.000000e+00
      endloop
   endfacet
   facet normal 0.000000e+00 0.000000e+00 -1.000000e+00
      outer loop
         vertex 2.660387e+01 2.106463e+01 8.000000e+00
         vertex 3.659573e+01 2.234637e+01 8.000000e+00
         vertex 2.690038e+01 1.979752e+01 8.000000e+00
      endloop
   endfacet
   facet normal 0.000000e+00 0.000000e+00 -1.000000e+00
      outer loop
         vertex 2.690038e+01 1.979752e+01 8.000000e+00
         vertex 3.659573e+01 2.234637e+01 8.000000e+00
         vertex 3.689866e+01 2.043378e+01 8.000000e+00
      endloop
   endfacet
   facet normal 0.000000e+00 0.000000e+00 -1.000000e+00
      outer loop
         vertex 2.690038e+01 1.979752e+01 8.000000e+00
         vertex 3.689866e+01 2.043378e+01 8.000000e+00
         vertex 2.700000e+01 1.850000e+01 8.000000e+00
      endloop
   endfacet
   facet normal 0.000000e+00 0.000000e+00 -1.000000e+00
      outer loop
         vertex 2.700000e+01 1.850000e+01 8.000000e+00
         vertex 3.689866e+01 2.043378e+01 8.000000e+00
         vertex 3.700000e+01 1.850000e+01 8.000000e+00
      endloop
   endfacet
   facet normal 0.000000e+00 -0.000000e+00 -1.000000e+00
      outer loop
         vertex 2.700000e+01 1.850000e+01 8.000000e+00
         vertex 3.700000e+01 1.850000e+01 8.000000e+00
         vertex 2.690038e+01 1.720248e+01 8.000000e+00
      endloop
   endfacet
   facet normal 0.000000e+00 0.000000e+00 -1.000000e+00
      outer loop
         vertex 2.690038e+01 1.720248e+01 8.000000e+00
         vertex 3.700000e+01 1.850000e+01 8.000000e+00
         vertex 3.689866e+01 1.656622e+01 8.000000e+00
      endloop
   endfacet
   facet normal 0.000000e+00 0.000000e+00 -1.000000e+00
      outer loop
         vertex 2.690038e+01 1.720248e+01 8.000000e+00
         vertex 3.689866e+01 1.656622e+01 8.000000e+00
         vertex 3.659573e+01 1.465363e+01 8.000000e+00
      endloop
   endfacet
   facet normal 0.000000e+00 -0.000000e+00 -1.000000e+00
      outer loop
         vertex 3.224818e+01 3.087892e+01 8.000000e+00
         vertex 3.346682e+01 2.937403e+01 8.000000e+00
         vertex 2.545240e+01 2.339021e+01 8.000000e+00
      endloop
   endfacet
   facet normal 0.000000e+00 0.000000e+00 -1.000000e+00
      outer loop
         vertex 2.545240e+01 2.339021e+01 8.000000e+00
         vertex 3.346682e+01 2.937403e+01 8.000000e+00
         vertex 3.452147e+01 2.775000e+01 8.000000e+00
      endloop
   endfacet
   facet normal 0.000000e+00 0.000000e+00 -1.000000e+00
      outer loop
         vertex 2.545240e+01 2.339021e+01 8.000000e+00
         vertex 3.452147e+01 2.775000e+01 8.000000e+00
         vertex 2.611741e+01 2.227162e+01 8.000000e+00
      endloop
   endfacet
   facet normal 0.000000e+00 0.000000e+00 -1.000000e+00
      outer loop
         vertex 2.611741e+01 2.227162e+01 8.000000e+00
         vertex 3.452147e+01 2.775000e+01 8.000000e+00
         vertex 3.540059e+01 2.602463e+01 8.000000e+00
      endloop
   endfacet
   facet normal 0.000000e+00 0.000000e+00 -1.000000e+00
      outer loop
         vertex 2.611741e+01 2.227162e+01 8.000000e+00
         vertex 3.540059e+01 2.602463e+01 8.000000e+00
         vertex 2.660387e+01 2.106463e+01 8.000000e+00
      endloop
   endfacet
   facet normal 0.000000e+00 0.000000e+00 -1.000000e+00
      outer loop
         vertex 2.660387e+01 2.106463e+01 8.000000e+00
         vertex 3.540059e+01 2.602463e+01 8.000000e+00
         vertex 3.609455e+01 2.421681e+01 8.000000e+00
      endloop
   endfacet
   facet normal 0.000000e+00 0.000000e+00 -1.000000e+00
      outer loop
         vertex 2.660387e+01 2.106463e+01 8.000000e+00
         vertex 3.609455e+01 2.421681e+01 8.000000e+00
         vertex 3.659573e+01 2.234637e+01 8.000000e+00
      endloop
   endfacet
   facet normal 0.000000e+00 -0.000000e+00 -1.000000e+00
      outer loop
         vertex 2.462443e+01 1.260582e+01 8.000000e+00
         vertex 3.087892e+01 4.751821e+00 8.000000e+00
         vertex 2.365292e+01 1.174001e+01 8.000000e+00
      endloop
   endfacet
   facet normal 0.000000e+00 0.000000e+00 -1.000000e+00
      outer loop
         vertex 2.365292e+01 1.174001e+01 8.000000e+00
         vertex 3.087892e+01 4.751821e+00 8.000000e+00
         vertex 2.937403e+01 3.533185e+00 8.000000e+00
      endloop
   endfacet
   facet normal 0.000000e+00 -0.000000e+00 -1.000000e+00
      outer loop
         vertex 2.365292e+01 1.174001e+01 8.000000e+00
         vertex 2.937403e+01 3.533185e+00 8.000000e+00
         vertex 2.256062e+01 1.103265e+01 8.000000e+00
      endloop
   endfacet
   facet normal 0.000000e+00 0.000000e+00 -1.000000e+00
      outer loop
         vertex 2.256062e+01 1.103265e+01 8.000000e+00
         vertex 2.937403e+01 3.533185e+00 8.000000e+00
         vertex 2.775000e+01 2.478531e+00 8.000000e+00
      endloop
   endfacet
   facet normal 0.000000e+00 0.000000e+00 -1.000000e+00
      outer loop
         vertex 2.256062e+01 1.103265e+01 8.000000e+00
         vertex 2.775000e+01 2.478531e+00 8.000000e+00
         vertex 2.602463e+01 1.599409e+00 8.000000e+00
      endloop
   endfacet
   facet normal -0.000000e+00 0.000000e+00 -1.000000e+00
      outer loop
         vertex 3.609455e+01 1.278319e+01 8.000000e+00
         vertex 3.540059e+01 1.097537e+01 8.000000e+00
         vertex 2.611741e+01 1.472838e+01 8.000000e+00
      endloop
   endfacet
   facet normal 0.000000e+00 0.000000e+00 -1.000000e+00
      outer loop
         vertex 2.611741e+01 1.472838e+01 8.000000e+00
         vertex 3.540059e+01 1.097537e+01 8.000000e+00
         vertex 3.452147e+01 9.250000e+00 8.000000e+00
      endloop
   endfacet
   facet normal 0.000000e+00 -0.000000e+00 -1.000000e+00
      outer loop
         vertex 2.611741e+01 1.472838e+01 8.000000e+00
         vertex 3.452147e+01 9.250000e+00 8.000000e+00
         vertex 2.545240e+01 1.360979e+01 8.000000e+00
      endloop
   endfacet
   facet normal 0.000000e+00 0.000000e+00 -1.000000e+00
      outer loop
         vertex 2.545240e+01 1.360979e+01 8.000000e+00
         vertex 3.452147e+01 9.250000e+00 8.000000e+00
         vertex 3.346682e+01 7.625973e+00 8.000000e+00
      endloop
   endfacet
   facet normal 0.000000e+00 -0.000000e+00 -1.000000e+00
      outer loop
         vertex 2.545240e+01 1.360979e+01 8.000000e+00
         vertex 3.346682e+01 7.625973e+00 8.000000e+00
         vertex 2.462443e+01 1.260582e+01 8.000000e+00
      endloop
   endfacet
   facet normal 0.000000e+00 0.000000e+00 -1.000000e+00
      outer loop
         vertex 2.462443e+01 1.260582e+01 8.000000e+00
         vertex 3.346682e+01 7.625973e+00 8.000000e+00
         vertex 3.224818e+01 6.121084e+00 8.000000e+00
      endloop
   endfacet
   facet normal 0.000000e+00 0.000000e+00 -1.000000e+00
      outer loop
         vertex 2.462443e+01 1.260582e+01 8.000000e+00
         vertex 3.224818e+01 6.121084e+00 8.000000e+00
         vertex 3.087892e+01 4.751821e+00 8.000000e+00
      endloop
   endfacet
   facet normal -0.000000e+00 0.000000e+00 1.000000e+00
      outer loop
         vertex 3.103232e+01 1.025737e+01 1.000000e+01
         vertex 3.452147e+01 9.250000e+00 1.000000e+01
         vertex 3.190449e+01 1.176801e+01 1.000000e+01
      endloop
   endfacet
   facet normal 0.000000e+00 0.000000e+00 1.000000e+00
      outer loop
         vertex 3.190449e+01 1.176801e+01 1.000000e+01
         vertex 3.452147e+01 9.250000e+00 1.000000e+01
         vertex 3.540059e+01 1.097537e+01 1.000000e+01
      endloop
   endfacet
   facet normal -0.000000e+00 0.000000e+00 1.000000e+00
      outer loop
         vertex 3.190449e+01 1.176801e+01 1.000000e+01
         vertex 3.540059e+01 1.097537e+01 1.000000e+01
         vertex 3.259539e+01 1.336970e+01 1.000000e+01
      endloop
   endfacet
   facet normal 0.000000e+00 0.000000e+00 1.000000e+00
      outer loop
         vertex 3.259539e+01 1.336970e+01 1.000000e+01
         vertex 3.540059e+01 1.097537e+01 1.000000e+01
         vertex 3.609455e+01 1.278319e+01 1.000000e+01
      endloop
   endfacet
   facet normal -0.000000e+00 0.000000e+00 1.000000e+00
      outer loop
         vertex 3.259539e+01 1.336970e+01 1.000000e+01
         vertex 3.609455e+01 1.278319e+01 1.000000e+01
         vertex 3.309567e+01 1.504076e+01 1.000000e+01
      endloop
   endfacet
   facet normal 0.000000e+00 0.000000e+00 1.000000e+00
      outer loop
         vertex 3.309567e+01 1.504076e+01 1.000000e+01
         vertex 3.609455e+01 1.278319e+01 1.000000e+01
         vertex 3.659573e+01 1.465363e+01 1.000000e+01
      endloop
   endfacet
   facet normal -0.000000e+00 0.000000e+00 1.000000e+00
      outer loop
         vertex 3.309567e+01 1.504076e+01 1.000000e+01
         vertex 3.659573e+01 1.465363e+01 1.000000e+01
         vertex 3.339858e+01 1.675861e+01 1.000000e+01
      endloop
   endfacet
   facet normal 0.000000e+00 0.000000e+00 1.000000e+00
      outer loop
         vertex 3.339858e+01 1.675861e+01 1.000000e+01
         vertex 3.659573e+01 1.465363e+01 1.000000e+01
         vertex 3.689866e+01 1.656622e+01 1.000000e+01
      endloop
   endfacet
   facet normal -0.000000e+00 0.000000e+00 1.000000e+00
      outer loop
         vertex 3.339858e+01 1.675861e+01 1.000000e+01
         vertex 3.689866e+01 1.656622e+01 1.000000e+01
         vertex 3.350000e+01 1.850000e+01 1.000000e+01
      endloop
   endfacet
   facet normal -0.000000e+00 0.000000e+00 1.000000e+00
      outer loop
         vertex 3.350000e+01 1.850000e+01 1.000000e+01
         vertex 3.689866e+01 1.656622e+01 1.000000e+01
         vertex 3.700000e+01 1.850000e+01 1.000000e+01
      endloop
   endfacet
   facet normal 0.000000e+00 -0.000000e+00 1.000000e+00
      outer loop
         vertex 3.350000e+01 1.850000e+01 1.000000e+01
         vertex 3.700000e+01 1.850000e+01 1.000000e+01
         vertex 3.339858e+01 2.024139e+01 1.000000e+01
      endloop
   endfacet
   facet normal -0.000000e+00 0.000000e+00 1.000000e+00
      outer loop
         vertex 3.339858e+01 2.024139e+01 1.000000e+01
         vertex 3.700000e+01 1.850000e+01 1.000000e+01
         vertex 3.689866e+01 2.043378e+01 1.000000e+01
      endloop
   endfacet
   facet normal 0.000000e+00 -0.000000e+00 1.000000e+00
      outer loop
         vertex 3.339858e+01 2.024139e+01 1.000000e+01
         vertex 3.689866e+01 2.043378e+01 1.000000e+01
         vertex 3.309567e+01 2.195924e+01 1.000000e+01
      endloop
   endfacet
   facet normal -0.000000e+00 0.000000e+00 1.000000e+00
      outer loop
         vertex 3.309567e+01 2.195924e+01 1.000000e+01
         vertex 3.689866e+01 2.043378e+01 1.000000e+01
         vertex 3.659573e+01 2.234637e+01 1.000000e+01
      endloop
   endfacet
   facet normal 0.000000e+00 -0.000000e+00 1.000000e+00
      outer loop
         vertex 3.309567e+01 2.195924e+01 1.000000e+01
         vertex 3.659573e+01 2.234637e+01 1.000000e+01
         vertex 3.259539e+01 2.363030e+01 1.000000e+01
      endloop
   endfacet
   facet normal -0.000000e+00 0.000000e+00 1.000000e+00
      outer loop
         vertex 3.259539e+01 2.363030e+01 1.000000e+01
         vertex 3.659573e+01 2.234637e+01 1.000000e+01
         vertex 3.609455e+01 2.421681e+01 1.000000e+01
      endloop
   endfacet
   facet normal 0.000000e+00 -0.000000e+00 1.000000e+00
      outer loop
         vertex 3.259539e+01 2.363030e+01 1.000000e+01
         vertex 3.609455e+01 2.421681e+01 1.000000e+01
         vertex 3.190449e+01 2.523199e+01 1.000000e+01
      endloop
   endfacet
   facet normal 0.000000e+00 0.000000e+00 1.000000e+00
      outer loop
         vertex 1.937217e+01 3.347462e+01 1.000000e+01
         vertex 1.850000e+01 3.700000e+01 1.000000e+01
         vertex 1.762783e+01 3.347462e+01 1.000000e+01
      endloop
   endfacet
   facet normal 0.000000e+00 -0.000000e+00 1.000000e+00
      outer loop
         vertex 1.762783e+01 3.347462e+01 1.000000e+01
         vertex 1.850000e+01 3.700000e+01 1.000000e+01
         vertex 1.656622e+01 3.689866e+01 1.000000e+01
      endloop
   endfacet
   facet normal 0.000000e+00 0.000000e+00 1.000000e+00
      outer loop
         vertex 1.762783e+01 3.347462e+01 1.000000e+01
         vertex 1.656622e+01 3.689866e+01 1.000000e+01
         vertex 1.589528e+01 3.327212e+01 1.000000e+01
      endloop
   endfacet
   facet normal 0.000000e+00 -0.000000e+00 1.000000e+00
      outer loop
         vertex 1.589528e+01 3.327212e+01 1.000000e+01
         vertex 1.656622e+01 3.689866e+01 1.000000e+01
         vertex 1.465363e+01 3.659573e+01 1.000000e+01
      endloop
   endfacet
   facet normal 0.000000e+00 0.000000e+00 1.000000e+00
      outer loop
         vertex 1.589528e+01 3.327212e+01 1.000000e+01
         vertex 1.465363e+01 3.659573e+01 1.000000e+01
         vertex 1.419795e+01 3.286984e+01 1.000000e+01
      endloop
   endfacet
   facet normal 0.000000e+00 -0.000000e+00 1.000000e+00
      outer loop
         vertex 1.419795e+01 3.286984e+01 1.000000e+01
         vertex 1.465363e+01 3.659573e+01 1.000000e+01
         vertex 1.278319e+01 3.609455e+01 1.000000e+01
      endloop
   endfacet
   facet normal 0.000000e+00 0.000000e+00 1.000000e+00
      outer loop
         vertex 1.419795e+01 3.286984e+01 1.000000e+01
         vertex 1.278319e+01 3.609455e+01 1.000000e+01
         vertex 1.255880e+01 3.227324e+01 1.000000e+01
      endloop
   endfacet
   facet normal 0.000000e+00 -0.000000e+00 1.000000e+00
      outer loop
         vertex 1.255880e+01 3.227324e+01 1.000000e+01
         vertex 1.278319e+01 3.609455e+01 1.000000e+01
         vertex 1.097537e+01 3.540059e+01 1.000000e+01
      endloop
   endfacet
   facet normal 0.000000e+00 0.000000e+00 1.000000e+00
      outer loop
         vertex 1.255880e+01 3.227324e+01 1.000000e+01
         vertex 1.097537e+01 3.540059e+01 1.000000e+01
         vertex 1.100000e+01 3.149038e+01 1.000000e+01
      endloop
   endfacet
   facet normal 0.000000e+00 0.000000e+00 1.000000e+00
      outer loop
         vertex 1.100000e+01 3.149038e+01 1.000000e+01
         vertex 1.097537e+01 3.540059e+01 1.000000e+01
         vertex 9.250000e+00 3.452147e+01 1.000000e+01
      endloop
   endfacet
   facet normal 0.000000e+00 0.000000e+00 1.000000e+00
      outer loop
         vertex 1.100000e+01 3.149038e+01 1.000000e+01
         vertex 9.250000e+00 3.452147e+01 1.000000e+01
         vertex 9.542622e+00 3.053185e+01 1.000000e+01
      endloop
   endfacet
   facet normal 0.000000e+00 0.000000e+00 1.000000e+00
      outer loop
         vertex 9.542622e+00 3.053185e+01 1.000000e+01
         vertex 9.250000e+00 3.452147e+01 1.000000e+01
         vertex 7.625973e+00 3.346682e+01 1.000000e+01
      endloop
   endfacet
   facet normal 0.000000e+00 0.000000e+00 1.000000e+00
      outer loop
         vertex 9.542622e+00 3.053185e+01 1.000000e+01
         vertex 7.625973e+00 3.346682e+01 1.000000e+01
         vertex 8.206376e+00 2.941061e+01 1.000000e+01
      endloop
   endfacet
   facet normal 0.000000e+00 0.000000e+00 1.000000e+00
      outer loop
         vertex 8.206376e+00 2.941061e+01 1.000000e+01
         vertex 7.625973e+00 3.346682e+01 1.000000e+01
         vertex 6.121084e+00 3.224818e+01 1.000000e+01
      endloop
   endfacet
   facet normal 0.000000e+00 0.000000e+00 1.000000e+00
      outer loop
         vertex 8.206376e+00 2.941061e+01 1.000000e+01
         vertex 6.121084e+00 3.224818e+01 1.000000e+01
         vertex 7.009334e+00 2.814181e+01 1.000000e+01
      endloop
   endfacet
   facet normal 0.000000e+00 0.000000e+00 1.000000e+00
      outer loop
         vertex 7.009334e+00 2.814181e+01 1.000000e+01
         vertex 6.121084e+00 3.224818e+01 1.000000e+01
         vertex 4.751821e+00 3.087892e+01 1.000000e+01
      endloop
   endfacet
   facet normal 0.000000e+00 0.000000e+00 1.000000e+00
      outer loop
         vertex 7.009334e+00 2.814181e+01 1.000000e+01
         vertex 4.751821e+00 3.087892e+01 1.000000e+01
         vertex 5.967683e+00 2.674264e+01 1.000000e+01
      endloop
   endfacet
   facet normal 0.000000e+00 0.000000e+00 1.000000e+00
      outer loop
         vertex 3.609455e+01 2.421681e+01 1.000000e+01
         vertex 3.540059e+01 2.602463e+01 1.000000e+01
         vertex 3.190449e+01 2.523199e+01 1.000000e+01
      endloop
   endfacet
   facet normal 0.000000e+00 0.000000e+00 1.000000e+00
      outer loop
         vertex 3.190449e+01 2.523199e+01 1.000000e+01
         vertex 3.540059e+01 2.602463e+01 1.000000e+01
         vertex 3.452147e+01 2.775000e+01 1.000000e+01
      endloop
   endfacet
   facet normal 0.000000e+00 -0.000000e+00 1.000000e+00
      outer loop
         vertex 3.190449e+01 2.523199e+01 1.000000e+01
         vertex 3.452147e+01 2.775000e+01 1.000000e+01
         vertex 3.103232e+01 2.674264e+01 1.000000e+01
      endloop
   endfacet
   facet normal 0.000000e+00 0.000000e+00 1.000000e+00
      outer loop
         vertex 3.103232e+01 2.674264e+01 1.000000e+01
         vertex 3.452147e+01 2.775000e+01 1.000000e+01
         vertex 3.346682e+01 2.937403e+01 1.000000e+01
      endloop
   endfacet
   facet normal 0.000000e+00 -0.000000e+00 1.000000e+00
      outer loop
         vertex 3.103232e+01 2.674264e+01 1.000000e+01
         vertex 3.346682e+01 2.937403e+01 1.000000e+01
         vertex 2.999067e+01 2.814181e+01 1.000000e+01
      endloop
   endfacet
   facet normal 0.000000e+00 0.000000e+00 1.000000e+00
      outer loop
         vertex 2.999067e+01 2.814181e+01 1.000000e+01
         vertex 3.346682e+01 2.937403e+01 1.000000e+01
         vertex 3.224818e+01 3.087892e+01 1.000000e+01
      endloop
   endfacet
   facet normal 0.000000e+00 -0.000000e+00 1.000000e+00
      outer loop
         vertex 2.999067e+01 2.814181e+01 1.000000e+01
         vertex 3.224818e+01 3.087892e+01 1.000000e+01
         vertex 2.879362e+01 2.941061e+01 1.000000e+01
      endloop
   endfacet
   facet normal 0.000000e+00 0.000000e+00 1.000000e+00
      outer loop
         vertex 2.879362e+01 2.941061e+01 1.000000e+01
         vertex 3.224818e+01 3.087892e+01 1.000000e+01
         vertex 3.087892e+01 3.224818e+01 1.000000e+01
      endloop
   endfacet
   facet normal 0.000000e+00 -0.000000e+00 1.000000e+00
      outer loop
         vertex 2.879362e+01 2.941061e+01 1.000000e+01
         vertex 3.087892e+01 3.224818e+01 1.000000e+01
         vertex 2.745738e+01 3.053185e+01 1.000000e+01
      endloop
   endfacet
   facet normal 0.000000e+00 0.000000e+00 1.000000e+00
      outer loop
         vertex 2.745738e+01 3.053185e+01 1.000000e+01
         vertex 3.087892e+01 3.224818e+01 1.000000e+01
         vertex 2.937403e+01 3.346682e+01 1.000000e+01
      endloop
   endfacet
   facet normal 0.000000e+00 -0.000000e+00 1.000000e+00
      outer loop
         vertex 2.745738e+01 3.053185e+01 1.000000e+01
         vertex 2.937403e+01 3.346682e+01 1.000000e+01
         vertex 2.600000e+01 3.149038e+01 1.000000e+01
      endloop
   endfacet
   facet normal 0.000000e+00 0.000000e+00 1.000000e+00
      outer loop
         vertex 2.600000e+01 3.149038e+01 1.000000e+01
         vertex 2.937403e+01 3.346682e+01 1.000000e+01
         vertex 2.775000e+01 3.452147e+01 1.000000e+01
      endloop
   endfacet
   facet normal 0.000000e+00 -0.000000e+00 1.000000e+00
      outer loop
         vertex 2.600000e+01 3.149038e+01 1.000000e+01
         vertex 2.775000e+01 3.452147e+01 1.000000e+01
         vertex 2.444120e+01 3.227324e+01 1.000000e+01
      endloop
   endfacet
   facet normal 0.000000e+00 0.000000e+00 1.000000e+00
      outer loop
         vertex 2.444120e+01 3.227324e+01 1.000000e+01
         vertex 2.775000e+01 3.452147e+01 1.000000e+01
         vertex 2.602463e+01 3.540059e+01 1.000000e+01
      endloop
   endfacet
   facet normal 0.000000e+00 -0.000000e+00 1.000000e+00
      outer loop
         vertex 2.444120e+01 3.227324e+01 1.000000e+01
         vertex 2.602463e+01 3.540059e+01 1.000000e+01
         vertex 2.280205e+01 3.286984e+01 1.000000e+01
      endloop
   endfacet
   facet normal 0.000000e+00 0.000000e+00 1.000000e+00
      outer loop
         vertex 2.280205e+01 3.286984e+01 1.000000e+01
         vertex 2.602463e+01 3.540059e+01 1.000000e+01
         vertex 2.421681e+01 3.609455e+01 1.000000e+01
      endloop
   endfacet
   facet normal 0.000000e+00 -0.000000e+00 1.000000e+00
      outer loop
         vertex 2.280205e+01 3.286984e+01 1.000000e+01
         vertex 2.421681e+01 3.609455e+01 1.000000e+01
         vertex 2.110472e+01 3.327212e+01 1.000000e+01
      endloop
   endfacet
   facet normal 0.000000e+00 0.000000e+00 1.000000e+00
      outer loop
         vertex 2.110472e+01 3.327212e+01 1.000000e+01
         vertex 2.421681e+01 3.609455e+01 1.000000e+01
         vertex 2.234637e+01 3.659573e+01 1.000000e+01
      endloop
   endfacet
   facet normal 0.000000e+00 -0.000000e+00 1.000000e+00
      outer loop
         vertex 2.110472e+01 3.327212e+01 1.000000e+01
         vertex 2.234637e+01 3.659573e+01 1.000000e+01
         vertex 1.937217e+01 3.347462e+01 1.000000e+01
      endloop
   endfacet
   facet normal 0.000000e+00 0.000000e+00 1.000000e+00
      outer loop
         vertex 1.937217e+01 3.347462e+01 1.000000e+01
         vertex 2.234637e+01 3.659573e+01 1.000000e+01
         vertex 2.043378e+01 3.689866e+01 1.000000e+01
      endloop
   endfacet
   facet normal 0.000000e+00 -0.000000e+00 1.000000e+00
      outer loop
         vertex 1.937217e+01 3.347462e+01 1.000000e+01
         vertex 2.043378e+01 3.689866e+01 1.000000e+01
         vertex 1.850000e+01 3.700000e+01 1.000000e+01
      endloop
   endfacet
   facet normal 0.000000e+00 0.000000e+00 1.000000e+00
      outer loop
         vertex 4.751821e+00 3.087892e+01 1.000000e+01
         vertex 3.533185e+00 2.937403e+01 1.000000e+01
         vertex 5.967683e+00 2.674264e+01 1.000000e+01
      endloop
   endfacet
   facet normal 0.000000e+00 0.000000e+00 1.000000e+00
      outer loop
         vertex 5.967683e+00 2.674264e+01 1.000000e+01
         vertex 3.533185e+00 2.937403e+01 1.000000e+01
         vertex 2.478531e+00 2.775000e+01 1.000000e+01
      endloop
   endfacet
   facet normal 0.000000e+00 0.000000e+00 1.000000e+00
      outer loop
         vertex 5.967683e+00 2.674264e+01 1.000000e+01
         vertex 2.478531e+00 2.775000e+01 1.000000e+01
         vertex 5.095511e+00 2.523199e+01 1.000000e+01
      endloop
   endfacet
   facet normal 0.000000e+00 0.000000e+00 1.000000e+00
      outer loop
         vertex 5.095511e+00 2.523199e+01 1.000000e+01
         vertex 2.478531e+00 2.775000e+01 1.000000e+01
         vertex 1.599409e+00 2.602463e+01 1.000000e+01
      endloop
   endfacet
   facet normal 0.000000e+00 0.000000e+00 1.000000e+00
      outer loop
         vertex 5.095511e+00 2.523199e+01 1.000000e+01
         vertex 1.599409e+00 2.602463e+01 1.000000e+01
         vertex 4.404611e+00 2.363030e+01 1.000000e+01
      endloop
   endfacet
   facet normal 0.000000e+00 0.000000e+00 1.000000e+00
      outer loop
         vertex 4.404611e+00 2.363030e+01 1.000000e+01
         vertex 1.599409e+00 2.602463e+01 1.000000e+01
         vertex 9.054542e-01 2.421681e+01 1.000000e+01
      endloop
   endfacet
   facet normal 0.000000e+00 0.000000e+00 1.000000e+00
      outer loop
         vertex 4.404611e+00 2.363030e+01 1.000000e+01
         vertex 9.054542e-01 2.421681e+01 1.000000e+01
         vertex 3.904327e+00 2.195924e+01 1.000000e+01
      endloop
   endfacet
   facet normal 0.000000e+00 0.000000e+00 1.000000e+00
      outer loop
         vertex 3.904327e+00 2.195924e+01 1.000000e+01
         vertex 9.054542e-01 2.421681e+01 1.000000e+01
         vertex 4.042704e-01 2.234637e+01 1.000000e+01
      endloop
   endfacet
   facet normal 0.000000e+00 0.000000e+00 1.000000e+00
      outer loop
         vertex 3.904327e+00 2.195924e+01 1.000000e+01
         vertex 4.042704e-01 2.234637e+01 1.000000e+01
         vertex 3.601425e+00 2.024139e+01 1.000000e+01
      endloop
   endfacet
   facet normal 0.000000e+00 0.000000e+00 1.000000e+00
      outer loop
         vertex 3.601425e+00 2.024139e+01 1.000000e+01
         vertex 4.042704e-01 2.234637e+01 1.000000e+01
         vertex 1.013447e-01 2.043378e+01 1.000000e+01
      endloop
   endfacet
   facet normal 0.000000e+00 0.000000e+00 1.000000e+00
      outer loop
         vertex 3.601425e+00 2.024139e+01 1.000000e+01
         vertex 1.013447e-01 2.043378e+01 1.000000e+01
         vertex 3.500001e+00 1.850000e+01 1.000000e+01
      endloop
   endfacet
   facet normal 0.000000e+00 0.000000e+00 1.000000e+00
      outer loop
         vertex 3.500001e+00 1.850000e+01 1.000000e+01
         vertex 1.013447e-01 2.043378e+01 1.000000e+01
         vertex 0.000000e+00 1.850000e+01 1.000000e+01
      endloop
   endfacet
   facet normal 0.000000e+00 0.000000e+00 1.000000e+00
      outer loop
         vertex 3.500001e+00 1.850000e+01 1.000000e+01
         vertex 0.000000e+00 1.850000e+01 1.000000e+01
         vertex 3.601425e+00 1.675861e+01 1.000000e+01
      endloop
   endfacet
   facet normal 0.000000e+00 0.000000e+00 1.000000e+00
      outer loop
         vertex 3.601425e+00 1.675861e+01 1.000000e+01
         vertex 0.000000e+00 1.850000e+01 1.000000e+01
         vertex 1.013447e-01 1.656622e+01 1.000000e+01
      endloop
   endfacet
   facet normal 0.000000e+00 0.000000e+00 1.000000e+00
      outer loop
         vertex 3.601425e+00 1.675861e+01 1.000000e+01
         vertex 1.013447e-01 1.656622e+01 1.000000e+01
         vertex 3.904327e+00 1.504076e+01 1.000000e+01
      endloop
   endfacet
   facet normal 0.000000e+00 0.000000e+00 1.000000e+00
      outer loop
         vertex 3.904327e+00 1.504076e+01 1.000000e+01
         vertex 1.013447e-01 1.656622e+01 1.000000e+01
         vertex 4.042704e-01 1.465363e+01 1.000000e+01
      endloop
   endfacet
   facet normal 0.000000e+00 0.000000e+00 1.000000e+00
      outer loop
         vertex 3.904327e+00 1.504076e+01 1.000000e+01
         vertex 4.042704e-01 1.465363e+01 1.000000e+01
         vertex 4.404611e+00 1.336970e+01 1.000000e+01
      endloop
   endfacet
   facet normal 0.000000e+00 0.000000e+00 1.000000e+00
      outer loop
         vertex 4.404611e+00 1.336970e+01 1.000000e+01
         vertex 4.042704e-01 1.465363e+01 1.000000e+01
         vertex 9.054542e-01 1.278319e+01 1.000000e+01
      endloop
   endfacet
   facet normal 0.000000e+00 0.000000e+00 1.000000e+00
      outer loop
         vertex 4.404611e+00 1.336970e+01 1.000000e+01
         vertex 9.054542e-01 1.278319e+01 1.000000e+01
         vertex 5.095511e+00 1.176801e+01 1.000000e+01
      endloop
   endfacet
   facet normal 0.000000e+00 0.000000e+00 1.000000e+00
      outer loop
         vertex 9.054542e-01 1.278319e+01 1.000000e+01
         vertex 1.599409e+00 1.097537e+01 1.000000e+01
         vertex 5.095511e+00 1.176801e+01 1.000000e+01
      endloop
   endfacet
   facet normal 0.000000e+00 0.000000e+00 1.000000e+00
      outer loop
         vertex 5.095511e+00 1.176801e+01 1.000000e+01
         vertex 1.599409e+00 1.097537e+01 1.000000e+01
         vertex 2.478531e+00 9.250000e+00 1.000000e+01
      endloop
   endfacet
   facet normal 0.000000e+00 0.000000e+00 1.000000e+00
      outer loop
         vertex 5.095511e+00 1.176801e+01 1.000000e+01
         vertex 2.478531e+00 9.250000e+00 1.000000e+01
         vertex 5.967683e+00 1.025737e+01 1.000000e+01
      endloop
   endfacet
   facet normal 0.000000e+00 0.000000e+00 1.000000e+00
      outer loop
         vertex 5.967683e+00 1.025737e+01 1.000000e+01
         vertex 2.478531e+00 9.250000e+00 1.000000e+01
         vertex 3.533185e+00 7.625973e+00 1.000000e+01
      endloop
   endfacet
   facet normal 0.000000e+00 0.000000e+00 1.000000e+00
      outer loop
         vertex 5.967683e+00 1.025737e+01 1.000000e+01
         vertex 3.533185e+00 7.625973e+00 1.000000e+01
         vertex 7.009334e+00 8.858186e+00 1.000000e+01
      endloop
   endfacet
   facet normal 0.000000e+00 0.000000e+00 1.000000e+00
      outer loop
         vertex 7.009334e+00 8.858186e+00 1.000000e+01
         vertex 3.533185e+00 7.625973e+00 1.000000e+01
         vertex 4.751821e+00 6.121084e+00 1.000000e+01
      endloop
   endfacet
   facet normal 0.000000e+00 0.000000e+00 1.000000e+00
      outer loop
         vertex 7.009334e+00 8.858186e+00 1.000000e+01
         vertex 4.751821e+00 6.121084e+00 1.000000e+01
         vertex 8.206376e+00 7.589395e+00 1.000000e+01
      endloop
   endfacet
   facet normal 0.000000e+00 0.000000e+00 1.000000e+00
      outer loop
         vertex 8.206376e+00 7.589395e+00 1.000000e+01
         vertex 4.751821e+00 6.121084e+00 1.000000e+01
         vertex 6.121084e+00 4.751821e+00 1.000000e+01
      endloop
   endfacet
   facet normal 0.000000e+00 0.000000e+00 1.000000e+00
      outer loop
         vertex 8.206376e+00 7.589395e+00 1.000000e+01
         vertex 6.121084e+00 4.751821e+00 1.000000e+01
         vertex 9.542622e+00 6.468153e+00 1.000000e+01
      endloop
   endfacet
   facet normal 0.000000e+00 0.000000e+00 1.000000e+00
      outer loop
         vertex 9.542622e+00 6.468153e+00 1.000000e+01
         vertex 6.121084e+00 4.751821e+00 1.000000e+01
         vertex 7.625973e+00 3.533185e+00 1.000000e+01
      endloop
   endfacet
   facet normal 0.000000e+00 0.000000e+00 1.000000e+00
      outer loop
         vertex 9.542622e+00 6.468153e+00 1.000000e+01
         vertex 7.625973e+00 3.533185e+00 1.000000e+01
         vertex 1.100000e+01 5.509620e+00 1.000000e+01
      endloop
   endfacet
   facet normal 0.000000e+00 0.000000e+00 1.000000e+00
      outer loop
         vertex 1.100000e+01 5.509620e+00 1.000000e+01
         vertex 7.625973e+00 3.533185e+00 1.000000e+01
         vertex 9.250000e+00 2.478531e+00 1.000000e+01
      endloop
   endfacet
   facet normal 0.000000e+00 0.000000e+00 1.000000e+00
      outer loop
         vertex 1.100000e+01 5.509620e+00 1.000000e+01
         vertex 9.250000e+00 2.478531e+00 1.000000e+01
         vertex 1.255880e+01 4.726758e+00 1.000000e+01
      endloop
   endfacet
   facet normal 0.000000e+00 0.000000e+00 1.000000e+00
      outer loop
         vertex 1.255880e+01 4.726758e+00 1.000000e+01
         vertex 9.250000e+00 2.478531e+00 1.000000e+01
         vertex 1.097537e+01 1.599409e+00 1.000000e+01
      endloop
   endfacet
   facet normal 0.000000e+00 0.000000e+00 1.000000e+00
      outer loop
         vertex 1.255880e+01 4.726758e+00 1.000000e+01
         vertex 1.097537e+01 1.599409e+00 1.000000e+01
         vertex 1.419795e+01 4.130158e+00 1.000000e+01
      endloop
   endfacet
   facet normal 0.000000e+00 0.000000e+00 1.000000e+00
      outer loop
         vertex 1.419795e+01 4.130158e+00 1.000000e+01
         vertex 1.097537e+01 1.599409e+00 1.000000e+01
         vertex 1.278319e+01 9.054542e-01 1.000000e+01
      endloop
   endfacet
   facet normal 0.000000e+00 0.000000e+00 1.000000e+00
      outer loop
         vertex 1.419795e+01 4.130158e+00 1.000000e+01
         vertex 1.278319e+01 9.054542e-01 1.000000e+01
         vertex 1.589528e+01 3.727884e+00 1.000000e+01
      endloop
   endfacet
   facet normal 0.000000e+00 0.000000e+00 1.000000e+00
      outer loop
         vertex 1.589528e+01 3.727884e+00 1.000000e+01
         vertex 1.278319e+01 9.054542e-01 1.000000e+01
         vertex 1.465363e+01 4.042704e-01 1.000000e+01
      endloop
   endfacet
   facet normal 0.000000e+00 0.000000e+00 1.000000e+00
      outer loop
         vertex 1.589528e+01 3.727884e+00 1.000000e+01
         vertex 1.465363e+01 4.042704e-01 1.000000e+01
         vertex 1.762783e+01 3.525378e+00 1.000000e+01
      endloop
   endfacet
   facet normal -0.000000e+00 0.000000e+00 1.000000e+00
      outer loop
         vertex 1.465363e+01 4.042704e-01 1.000000e+01
         vertex 1.656622e+01 1.013447e-01 1.000000e+01
         vertex 1.762783e+01 3.525378e+00 1.000000e+01
      endloop
   endfacet
   facet normal 0.000000e+00 0.000000e+00 1.000000e+00
      outer loop
         vertex 1.762783e+01 3.525378e+00 1.000000e+01
         vertex 1.656622e+01 1.013447e-01 1.000000e+01
         vertex 1.850000e+01 0.000000e+00 1.000000e+01
      endloop
   endfacet
   facet normal -0.000000e+00 0.000000e+00 1.000000e+00
      outer loop
         vertex 1.762783e+01 3.525378e+00 1.000000e+01
         vertex 1.850000e+01 0.000000e+00 1.000000e+01
         vertex 1.937217e+01 3.525378e+00 1.000000e+01
      endloop
   endfacet
   facet normal 0.000000e+00 0.000000e+00 1.000000e+00
      outer loop
         vertex 1.937217e+01 3.525378e+00 1.000000e+01
         vertex 1.850000e+01 0.000000e+00 1.000000e+01
         vertex 2.043378e+01 1.013447e-01 1.000000e+01
      endloop
   endfacet
   facet normal -0.000000e+00 0.000000e+00 1.000000e+00
      outer loop
         vertex 1.937217e+01 3.525378e+00 1.000000e+01
         vertex 2.043378e+01 1.013447e-01 1.000000e+01
         vertex 2.110472e+01 3.727884e+00 1.000000e+01
      endloop
   endfacet
   facet normal 0.000000e+00 0.000000e+00 1.000000e+00
      outer loop
         vertex 2.110472e+01 3.727884e+00 1.000000e+01
         vertex 2.043378e+01 1.013447e-01 1.000000e+01
         vertex 2.234637e+01 4.042704e-01 1.000000e+01
      endloop
   endfacet
   facet normal -0.000000e+00 0.000000e+00 1.000000e+00
      outer loop
         vertex 2.110472e+01 3.727884e+00 1.000000e+01
         vertex 2.234637e+01 4.042704e-01 1.000000e+01
         vertex 2.280205e+01 4.130158e+00 1.000000e+01
      endloop
   endfacet
   facet normal 0.000000e+00 0.000000e+00 1.000000e+00
      outer loop
         vertex 2.280205e+01 4.130158e+00 1.000000e+01
         vertex 2.234637e+01 4.042704e-01 1.000000e+01
         vertex 2.421681e+01 9.054542e-01 1.000000e+01
      endloop
   endfacet
   facet normal -0.000000e+00 0.000000e+00 1.000000e+00
      outer loop
         vertex 2.280205e+01 4.130158e+00 1.000000e+01
         vertex 2.421681e+01 9.054542e-01 1.000000e+01
         vertex 2.444120e+01 4.726758e+00 1.000000e+01
      endloop
   endfacet
   facet normal 0.000000e+00 0.000000e+00 1.000000e+00
      outer loop
         vertex 2.444120e+01 4.726758e+00 1.000000e+01
         vertex 2.421681e+01 9.054542e-01 1.000000e+01
         vertex 2.602463e+01 1.599409e+00 1.000000e+01
      endloop
   endfacet
   facet normal -0.000000e+00 0.000000e+00 1.000000e+00
      outer loop
         vertex 2.444120e+01 4.726758e+00 1.000000e+01
         vertex 2.602463e+01 1.599409e+00 1.000000e+01
         vertex 2.600000e+01 5.509620e+00 1.000000e+01
      endloop
   endfacet
   facet normal 0.000000e+00 0.000000e+00 1.000000e+00
      outer loop
         vertex 2.600000e+01 5.509620e+00 1.000000e+01
         vertex 2.602463e+01 1.599409e+00 1.000000e+01
         vertex 2.775000e+01 2.478531e+00 1.000000e+01
      endloop
   endfacet
   facet normal -0.000000e+00 0.000000e+00 1.000000e+00
      outer loop
         vertex 2.600000e+01 5.509620e+00 1.000000e+01
         vertex 2.775000e+01 2.478531e+00 1.000000e+01
         vertex 2.745738e+01 6.468153e+00 1.000000e+01
      endloop
   endfacet
   facet normal 0.000000e+00 0.000000e+00 1.000000e+00
      outer loop
         vertex 2.745738e+01 6.468153e+00 1.000000e+01
         vertex 2.775000e+01 2.478531e+00 1.000000e+01
         vertex 2.937403e+01 3.533185e+00 1.000000e+01
      endloop
   endfacet
   facet normal -0.000000e+00 0.000000e+00 1.000000e+00
      outer loop
         vertex 2.745738e+01 6.468153e+00 1.000000e+01
         vertex 2.937403e+01 3.533185e+00 1.000000e+01
         vertex 2.879362e+01 7.589395e+00 1.000000e+01
      endloop
   endfacet
   facet normal 0.000000e+00 0.000000e+00 1.000000e+00
      outer loop
         vertex 2.879362e+01 7.589395e+00 1.000000e+01
         vertex 2.937403e+01 3.533185e+00 1.000000e+01
         vertex 3.087892e+01 4.751821e+00 1.000000e+01
      endloop
   endfacet
   facet normal -0.000000e+00 0.000000e+00 1.000000e+00
      outer loop
         vertex 2.879362e+01 7.589395e+00 1.000000e+01
         vertex 3.087892e+01 4.751821e+00 1.000000e+01
         vertex 2.999067e+01 8.858186e+00 1.000000e+01
      endloop
   endfacet
   facet normal 0.000000e+00 0.000000e+00 1.000000e+00
      outer loop
         vertex 2.999067e+01 8.858186e+00 1.000000e+01
         vertex 3.087892e+01 4.751821e+00 1.000000e+01
         vertex 3.224818e+01 6.121084e+00 1.000000e+01
      endloop
   endfacet
   facet normal -0.000000e+00 0.000000e+00 1.000000e+00
      outer loop
         vertex 2.999067e+01 8.858186e+00 1.000000e+01
         vertex 3.224818e+01 6.121084e+00 1.000000e+01
         vertex 3.103232e+01 1.025737e+01 1.000000e+01
      endloop
   endfacet
   facet normal 0.000000e+00 0.000000e+00 1.000000e+00
      outer loop
         vertex 3.103232e+01 1.025737e+01 1.000000e+01
         vertex 3.224818e+01 6.121084e+00 1.000000e+01
         vertex 3.346682e+01 7.625973e+00 1.000000e+01
      endloop
   endfacet
   facet normal 0.000000e+00 0.000000e+00 1.000000e+00
      outer loop
         vertex 3.103232e+01 1.025737e+01 1.000000e+01
         vertex 3.346682e+01 7.625973e+00 1.000000e+01
         vertex 3.452147e+01 9.250000e+00 1.000000e+01
      endloop
   endfacet
   facet normal 0.000000e+00 0.000000e+00 -1.000000e+00
      outer loop
         vertex 1.387968e+01 2.563461e+01 0.000000e+00
         vertex 1.502292e+01 2.625628e+01 0.000000e+00
         vertex 1.507911e+01 2.150000e+01 0.000000e+00
      endloop
   endfacet
   facet normal 0.000000e+00 0.000000e+00 -1.000000e+00
      outer loop
         vertex 1.464488e+01 2.091672e+01 0.000000e+00
         vertex 1.194234e+01 2.390806e+01 0.000000e+00
         vertex 1.507911e+01 2.150000e+01 0.000000e+00
      endloop
   endfacet
   facet normal 0.000000e+00 0.000000e+00 -1.000000e+00
      outer loop
         vertex 1.507911e+01 2.150000e+01 0.000000e+00
         vertex 1.194234e+01 2.390806e+01 0.000000e+00
         vertex 1.284473e+01 2.484570e+01 0.000000e+00
      endloop
   endfacet
   facet normal 0.000000e+00 0.000000e+00 -1.000000e+00
      outer loop
         vertex 1.507911e+01 2.150000e+01 0.000000e+00
         vertex 1.284473e+01 2.484570e+01 0.000000e+00
         vertex 1.387968e+01 2.563461e+01 0.000000e+00
      endloop
   endfacet
   facet normal -0.000000e+00 0.000000e+00 -1.000000e+00
      outer loop
         vertex 2.256062e+01 1.103265e+01 0.000000e+00
         vertex 2.137314e+01 1.050031e+01 0.000000e+00
         vertex 2.192089e+01 1.550000e+01 0.000000e+00
      endloop
   endfacet
   facet normal 0.000000e+00 0.000000e+00 -1.000000e+00
      outer loop
         vertex 1.624766e+01 1.030385e+01 0.000000e+00
         vertex 1.502292e+01 1.074372e+01 0.000000e+00
         vertex 1.507911e+01 1.550000e+01 0.000000e+00
      endloop
   endfacet
   facet normal 0.000000e+00 0.000000e+00 -1.000000e+00
      outer loop
         vertex 2.137314e+01 2.649969e+01 0.000000e+00
         vertex 2.256062e+01 2.596735e+01 0.000000e+00
         vertex 2.192089e+01 2.150000e+01 0.000000e+00
      endloop
   endfacet
   facet normal -0.000000e+00 0.000000e+00 -1.000000e+00
      outer loop
         vertex 1.507911e+01 1.550000e+01 0.000000e+00
         vertex 1.194234e+01 1.309194e+01 0.000000e+00
         vertex 1.464488e+01 1.608328e+01 0.000000e+00
      endloop
   endfacet
   facet normal 0.000000e+00 0.000000e+00 -1.000000e+00
      outer loop
         vertex 1.464488e+01 1.608328e+01 0.000000e+00
         vertex 1.194234e+01 1.309194e+01 0.000000e+00
         vertex 1.119366e+01 1.415634e+01 0.000000e+00
      endloop
   endfacet
   facet normal -0.000000e+00 0.000000e+00 -1.000000e+00
      outer loop
         vertex 1.464488e+01 1.608328e+01 0.000000e+00
         vertex 1.119366e+01 1.415634e+01 0.000000e+00
         vertex 1.430912e+01 1.672828e+01 0.000000e+00
      endloop
   endfacet
   facet normal 0.000000e+00 0.000000e+00 -1.000000e+00
      outer loop
         vertex 1.430912e+01 1.672828e+01 0.000000e+00
         vertex 1.119366e+01 1.415634e+01 0.000000e+00
         vertex 1.061623e+01 1.532256e+01 0.000000e+00
      endloop
   endfacet
   facet normal -0.000000e+00 0.000000e+00 -1.000000e+00
      outer loop
         vertex 1.430912e+01 1.672828e+01 0.000000e+00
         vertex 1.061623e+01 1.532256e+01 0.000000e+00
         vertex 1.408039e+01 1.741854e+01 0.000000e+00
      endloop
   endfacet
   facet normal 0.000000e+00 0.000000e+00 -1.000000e+00
      outer loop
         vertex 1.408039e+01 1.741854e+01 0.000000e+00
         vertex 1.061623e+01 1.532256e+01 0.000000e+00
         vertex 1.022359e+01 1.656325e+01 0.000000e+00
      endloop
   endfacet
   facet normal -0.000000e+00 0.000000e+00 -1.000000e+00
      outer loop
         vertex 1.408039e+01 1.741854e+01 0.000000e+00
         vertex 1.022359e+01 1.656325e+01 0.000000e+00
         vertex 1.396455e+01 1.813642e+01 0.000000e+00
      endloop
   endfacet
   facet normal 0.000000e+00 0.000000e+00 -1.000000e+00
      outer loop
         vertex 1.502292e+01 1.074372e+01 0.000000e+00
         vertex 1.387968e+01 1.136539e+01 0.000000e+00
         vertex 1.507911e+01 1.550000e+01 0.000000e+00
      endloop
   endfacet
   facet normal 0.000000e+00 0.000000e+00 -1.000000e+00
      outer loop
         vertex 1.507911e+01 1.550000e+01 0.000000e+00
         vertex 1.387968e+01 1.136539e+01 0.000000e+00
         vertex 1.284473e+01 1.215430e+01 0.000000e+00
      endloop
   endfacet
   facet normal 0.000000e+00 0.000000e+00 -1.000000e+00
      outer loop
         vertex 1.507911e+01 1.550000e+01 0.000000e+00
         vertex 1.284473e+01 1.215430e+01 0.000000e+00
         vertex 1.194234e+01 1.309194e+01 0.000000e+00
      endloop
   endfacet
   facet normal 0.000000e+00 -0.000000e+00 -1.000000e+00
      outer loop
         vertex 2.235512e+01 1.608328e+01 0.000000e+00
         vertex 2.462443e+01 1.260582e+01 0.000000e+00
         vertex 2.192089e+01 1.550000e+01 0.000000e+00
      endloop
   endfacet
   facet normal 0.000000e+00 0.000000e+00 -1.000000e+00
      outer loop
         vertex 2.192089e+01 1.550000e+01 0.000000e+00
         vertex 2.462443e+01 1.260582e+01 0.000000e+00
         vertex 2.365292e+01 1.174001e+01 0.000000e+00
      endloop
   endfacet
   facet normal 0.000000e+00 0.000000e+00 -1.000000e+00
      outer loop
         vertex 2.192089e+01 1.550000e+01 0.000000e+00
         vertex 2.365292e+01 1.174001e+01 0.000000e+00
         vertex 2.256062e+01 1.103265e+01 0.000000e+00
      endloop
   endfacet
   facet normal -0.000000e+00 -0.000000e+00 -1.000000e+00
      outer loop
         vertex 2.137314e+01 2.649969e+01 0.000000e+00
         vertex 2.192089e+01 2.150000e+01 0.000000e+00
         vertex 2.011832e+01 2.684452e+01 0.000000e+00
      endloop
   endfacet
   facet normal 0.000000e+00 0.000000e+00 -1.000000e+00
      outer loop
         vertex 1.022359e+01 1.656325e+01 0.000000e+00
         vertex 1.002494e+01 1.784933e+01 0.000000e+00
         vertex 1.396455e+01 1.813642e+01 0.000000e+00
      endloop
   endfacet
   facet normal -0.000000e+00 0.000000e+00 -1.000000e+00
      outer loop
         vertex 1.396455e+01 1.813642e+01 0.000000e+00
         vertex 1.002494e+01 1.784933e+01 0.000000e+00
         vertex 1.000000e+01 1.850000e+01 0.000000e+00
      endloop
   endfacet
   facet normal 0.000000e+00 0.000000e+00 -1.000000e+00
      outer loop
         vertex 1.396455e+01 1.813642e+01 0.000000e+00
         vertex 1.000000e+01 1.850000e+01 0.000000e+00
         vertex 1.396455e+01 1.886358e+01 0.000000e+00
      endloop
   endfacet
   facet normal -0.000000e+00 0.000000e+00 -1.000000e+00
      outer loop
         vertex 1.396455e+01 1.886358e+01 0.000000e+00
         vertex 1.000000e+01 1.850000e+01 0.000000e+00
         vertex 1.002494e+01 1.915067e+01 0.000000e+00
      endloop
   endfacet
   facet normal 0.000000e+00 0.000000e+00 -1.000000e+00
      outer loop
         vertex 1.396455e+01 1.886358e+01 0.000000e+00
         vertex 1.002494e+01 1.915067e+01 0.000000e+00
         vertex 1.408039e+01 1.958146e+01 0.000000e+00
      endloop
   endfacet
   facet normal -0.000000e+00 0.000000e+00 -1.000000e+00
      outer loop
         vertex 1.408039e+01 1.958146e+01 0.000000e+00
         vertex 1.002494e+01 1.915067e+01 0.000000e+00
         vertex 1.022359e+01 2.043676e+01 0.000000e+00
      endloop
   endfacet
   facet normal 0.000000e+00 0.000000e+00 -1.000000e+00
      outer loop
         vertex 1.408039e+01 1.958146e+01 0.000000e+00
         vertex 1.022359e+01 2.043676e+01 0.000000e+00
         vertex 1.430912e+01 2.027172e+01 0.000000e+00
      endloop
   endfacet
   facet normal 0.000000e+00 0.000000e+00 -1.000000e+00
      outer loop
         vertex 1.430912e+01 2.027172e+01 0.000000e+00
         vertex 1.022359e+01 2.043676e+01 0.000000e+00
         vertex 1.061623e+01 2.167745e+01 0.000000e+00
      endloop
   endfacet
   facet normal 0.000000e+00 0.000000e+00 -1.000000e+00
      outer loop
         vertex 1.430912e+01 2.027172e+01 0.000000e+00
         vertex 1.061623e+01 2.167745e+01 0.000000e+00
         vertex 1.464488e+01 2.091672e+01 0.000000e+00
      endloop
   endfacet
   facet normal 0.000000e+00 0.000000e+00 -1.000000e+00
      outer loop
         vertex 1.464488e+01 2.091672e+01 0.000000e+00
         vertex 1.061623e+01 2.167745e+01 0.000000e+00
         vertex 1.119366e+01 2.284366e+01 0.000000e+00
      endloop
   endfacet
   facet normal 0.000000e+00 0.000000e+00 -1.000000e+00
      outer loop
         vertex 1.464488e+01 2.091672e+01 0.000000e+00
         vertex 1.119366e+01 2.284366e+01 0.000000e+00
         vertex 1.194234e+01 2.390806e+01 0.000000e+00
      endloop
   endfacet
   facet normal -0.000000e+00 0.000000e+00 -1.000000e+00
      outer loop
         vertex 2.137314e+01 1.050031e+01 0.000000e+00
         vertex 2.011832e+01 1.015548e+01 0.000000e+00
         vertex 2.192089e+01 1.550000e+01 0.000000e+00
      endloop
   endfacet
   facet normal 0.000000e+00 0.000000e+00 -1.000000e+00
      outer loop
         vertex 2.192089e+01 1.550000e+01 0.000000e+00
         vertex 2.011832e+01 1.015548e+01 0.000000e+00
         vertex 1.882557e+01 1.000624e+01 0.000000e+00
      endloop
   endfacet
   facet normal -0.000000e+00 0.000000e+00 -1.000000e+00
      outer loop
         vertex 2.192089e+01 1.550000e+01 0.000000e+00
         vertex 1.882557e+01 1.000624e+01 0.000000e+00
         vertex 1.507911e+01 1.550000e+01 0.000000e+00
      endloop
   endfacet
   facet normal 0.000000e+00 0.000000e+00 -1.000000e+00
      outer loop
         vertex 1.507911e+01 1.550000e+01 0.000000e+00
         vertex 1.882557e+01 1.000624e+01 0.000000e+00
         vertex 1.752519e+01 1.005608e+01 0.000000e+00
      endloop
   endfacet
   facet normal 0.000000e+00 0.000000e+00 -1.000000e+00
      outer loop
         vertex 1.507911e+01 1.550000e+01 0.000000e+00
         vertex 1.752519e+01 1.005608e+01 0.000000e+00
         vertex 1.624766e+01 1.030385e+01 0.000000e+00
      endloop
   endfacet
   facet normal 0.000000e+00 -0.000000e+00 -1.000000e+00
      outer loop
         vertex 2.256062e+01 2.596735e+01 0.000000e+00
         vertex 2.365292e+01 2.525999e+01 0.000000e+00
         vertex 2.192089e+01 2.150000e+01 0.000000e+00
      endloop
   endfacet
   facet normal 0.000000e+00 0.000000e+00 -1.000000e+00
      outer loop
         vertex 2.192089e+01 2.150000e+01 0.000000e+00
         vertex 2.365292e+01 2.525999e+01 0.000000e+00
         vertex 2.462443e+01 2.439418e+01 0.000000e+00
      endloop
   endfacet
   facet normal 0.000000e+00 0.000000e+00 -1.000000e+00
      outer loop
         vertex 2.192089e+01 2.150000e+01 0.000000e+00
         vertex 2.462443e+01 2.439418e+01 0.000000e+00
         vertex 2.235512e+01 2.091672e+01 0.000000e+00
      endloop
   endfacet
   facet normal 0.000000e+00 0.000000e+00 -1.000000e+00
      outer loop
         vertex 2.235512e+01 2.091672e+01 0.000000e+00
         vertex 2.462443e+01 2.439418e+01 0.000000e+00
         vertex 2.545240e+01 2.339021e+01 0.000000e+00
      endloop
   endfacet
   facet normal 0.000000e+00 0.000000e+00 -1.000000e+00
      outer loop
         vertex 2.235512e+01 2.091672e+01 0.000000e+00
         vertex 2.545240e+01 2.339021e+01 0.000000e+00
         vertex 2.269089e+01 2.027172e+01 0.000000e+00
      endloop
   endfacet
   facet normal 0.000000e+00 0.000000e+00 -1.000000e+00
      outer loop
         vertex 2.269089e+01 2.027172e+01 0.000000e+00
         vertex 2.545240e+01 2.339021e+01 0.000000e+00
         vertex 2.611741e+01 2.227162e+01 0.000000e+00
      endloop
   endfacet
   facet normal 0.000000e+00 0.000000e+00 -1.000000e+00
      outer loop
         vertex 2.269089e+01 2.027172e+01 0.000000e+00
         vertex 2.611741e+01 2.227162e+01 0.000000e+00
         vertex 2.291961e+01 1.958146e+01 0.000000e+00
      endloop
   endfacet
   facet normal 0.000000e+00 0.000000e+00 -1.000000e+00
      outer loop
         vertex 2.291961e+01 1.958146e+01 0.000000e+00
         vertex 2.611741e+01 2.227162e+01 0.000000e+00
         vertex 2.660387e+01 2.106463e+01 0.000000e+00
      endloop
   endfacet
   facet normal 0.000000e+00 0.000000e+00 -1.000000e+00
      outer loop
         vertex 2.291961e+01 1.958146e+01 0.000000e+00
         vertex 2.660387e+01 2.106463e+01 0.000000e+00
         vertex 2.303545e+01 1.886358e+01 0.000000e+00
      endloop
   endfacet
   facet normal 0.000000e+00 0.000000e+00 -1.000000e+00
      outer loop
         vertex 1.502292e+01 2.625628e+01 0.000000e+00
         vertex 1.624766e+01 2.669615e+01 0.000000e+00
         vertex 1.507911e+01 2.150000e+01 0.000000e+00
      endloop
   endfacet
   facet normal 0.000000e+00 0.000000e+00 -1.000000e+00
      outer loop
         vertex 1.507911e+01 2.150000e+01 0.000000e+00
         vertex 1.624766e+01 2.669615e+01 0.000000e+00
         vertex 1.752519e+01 2.694392e+01 0.000000e+00
      endloop
   endfacet
   facet normal 0.000000e+00 0.000000e+00 -1.000000e+00
      outer loop
         vertex 1.507911e+01 2.150000e+01 0.000000e+00
         vertex 1.752519e+01 2.694392e+01 0.000000e+00
         vertex 2.192089e+01 2.150000e+01 0.000000e+00
      endloop
   endfacet
   facet normal 0.000000e+00 0.000000e+00 -1.000000e+00
      outer loop
         vertex 2.192089e+01 2.150000e+01 0.000000e+00
         vertex 1.752519e+01 2.694392e+01 0.000000e+00
         vertex 1.882557e+01 2.699376e+01 0.000000e+00
      endloop
   endfacet
   facet normal 0.000000e+00 0.000000e+00 -1.000000e+00
      outer loop
         vertex 2.192089e+01 2.150000e+01 0.000000e+00
         vertex 1.882557e+01 2.699376e+01 0.000000e+00
         vertex 2.011832e+01 2.684452e+01 0.000000e+00
      endloop
   endfacet
   facet normal 0.000000e+00 -0.000000e+00 -1.000000e+00
      outer loop
         vertex 2.660387e+01 2.106463e+01 0.000000e+00
         vertex 2.690038e+01 1.979752e+01 0.000000e+00
         vertex 2.303545e+01 1.886358e+01 0.000000e+00
      endloop
   endfacet
   facet normal 0.000000e+00 0.000000e+00 -1.000000e+00
      outer loop
         vertex 2.303545e+01 1.886358e+01 0.000000e+00
         vertex 2.690038e+01 1.979752e+01 0.000000e+00
         vertex 2.700000e+01 1.850000e+01 0.000000e+00
      endloop
   endfacet
   facet normal 0.000000e+00 0.000000e+00 -1.000000e+00
      outer loop
         vertex 2.303545e+01 1.886358e+01 0.000000e+00
         vertex 2.700000e+01 1.850000e+01 0.000000e+00
         vertex 2.303545e+01 1.813642e+01 0.000000e+00
      endloop
   endfacet
   facet normal 0.000000e+00 0.000000e+00 -1.000000e+00
      outer loop
         vertex 2.303545e+01 1.813642e+01 0.000000e+00
         vertex 2.700000e+01 1.850000e+01 0.000000e+00
         vertex 2.690038e+01 1.720248e+01 0.000000e+00
      endloop
   endfacet
   facet normal 0.000000e+00 -0.000000e+00 -1.000000e+00
      outer loop
         vertex 2.303545e+01 1.813642e+01 0.000000e+00
         vertex 2.690038e+01 1.720248e+01 0.000000e+00
         vertex 2.291961e+01 1.741854e+01 0.000000e+00
      endloop
   endfacet
   facet normal 0.000000e+00 0.000000e+00 -1.000000e+00
      outer loop
         vertex 2.291961e+01 1.741854e+01 0.000000e+00
         vertex 2.690038e+01 1.720248e+01 0.000000e+00
         vertex 2.660387e+01 1.593538e+01 0.000000e+00
      endloop
   endfacet
   facet normal 0.000000e+00 -0.000000e+00 -1.000000e+00
      outer loop
         vertex 2.291961e+01 1.741854e+01 0.000000e+00
         vertex 2.660387e+01 1.593538e+01 0.000000e+00
         vertex 2.269089e+01 1.672828e+01 0.000000e+00
      endloop
   endfacet
   facet normal 0.000000e+00 0.000000e+00 -1.000000e+00
      outer loop
         vertex 2.269089e+01 1.672828e+01 0.000000e+00
         vertex 2.660387e+01 1.593538e+01 0.000000e+00
         vertex 2.611741e+01 1.472838e+01 0.000000e+00
      endloop
   endfacet
   facet normal 0.000000e+00 -0.000000e+00 -1.000000e+00
      outer loop
         vertex 2.269089e+01 1.672828e+01 0.000000e+00
         vertex 2.611741e+01 1.472838e+01 0.000000e+00
         vertex 2.235512e+01 1.608328e+01 0.000000e+00
      endloop
   endfacet
   facet normal 0.000000e+00 0.000000e+00 -1.000000e+00
      outer loop
         vertex 2.235512e+01 1.608328e+01 0.000000e+00
         vertex 2.611741e+01 1.472838e+01 0.000000e+00
         vertex 2.545240e+01 1.360979e+01 0.000000e+00
      endloop
   endfacet
   facet normal 0.000000e+00 0.000000e+00 -1.000000e+00
      outer loop
         vertex 2.235512e+01 1.608328e+01 0.000000e+00
         vertex 2.545240e+01 1.360979e+01 0.000000e+00
         vertex 2.462443e+01 1.260582e+01 0.000000e+00
      endloop
   endfacet
   facet normal -7.372310e-02 9.972692e-01 -4.367863e-03
      outer loop
         vertex 1.752519e+01 2.694392e+01 0.000000e+00
         vertex 1.779975e+01 2.697111e+01 1.573631e+00
         vertex 1.797029e+01 2.698348e+01 1.519858e+00
      endloop
   endfacet
   facet normal -1.072313e-02 9.999200e-01 -6.702184e-03
      outer loop
         vertex 1.850089e+01 2.700000e+01 1.450000e+00
         vertex 1.882557e+01 2.699376e+01 0.000000e+00
         vertex 1.832178e+01 2.699813e+01 1.457840e+00
      endloop
   endfacet
   facet normal -3.829739e-02 9.991346e-01 -1.622879e-02
      outer loop
         vertex 1.832178e+01 2.699813e+01 1.457840e+00
         vertex 1.882557e+01 2.699376e+01 0.000000e+00
         vertex 1.752519e+01 2.694392e+01 0.000000e+00
      endloop
   endfacet
   facet normal -3.382589e-02 9.992532e-01 -1.867651e-02
      outer loop
         vertex 1.832178e+01 2.699813e+01 1.457840e+00
         vertex 1.752519e+01 2.694392e+01 0.000000e+00
         vertex 1.814491e+01 2.699258e+01 1.481145e+00
      endloop
   endfacet
   facet normal -5.427606e-02 9.984749e-01 -1.009444e-02
      outer loop
         vertex 1.814491e+01 2.699258e+01 1.481145e+00
         vertex 1.752519e+01 2.694392e+01 0.000000e+00
         vertex 1.797029e+01 2.698348e+01 1.519858e+00
      endloop
   endfacet
   facet normal -1.903914e-01 9.817083e-01 0.000000e+00
      outer loop
         vertex 1.752519e+01 2.694392e+01 8.000000e+00
         vertex 1.752519e+01 2.694392e+01 5.302917e+00
         vertex 1.624766e+01 2.669615e+01 8.000000e+00
      endloop
   endfacet
   facet normal -1.329798e-01 9.907225e-01 2.802237e-02
      outer loop
         vertex 1.624766e+01 2.669615e+01 8.000000e+00
         vertex 1.752519e+01 2.694392e+01 5.302917e+00
         vertex 1.747589e+01 2.693808e+01 5.275352e+00
      endloop
   endfacet
   facet normal -1.511579e-01 9.883150e-01 1.961416e-02
      outer loop
         vertex 1.747589e+01 2.693808e+01 5.275352e+00
         vertex 1.718318e+01 2.689738e+01 5.070391e+00
         vertex 1.624766e+01 2.669615e+01 8.000000e+00
      endloop
   endfacet
   facet normal -1.796793e-01 9.836725e-01 1.018745e-02
      outer loop
         vertex 1.624766e+01 2.669615e+01 8.000000e+00
         vertex 1.718318e+01 2.689738e+01 5.070391e+00
         vertex 1.693050e+01 2.685384e+01 4.817715e+00
      endloop
   endfacet
   facet normal -2.033961e-01 9.790844e-01 4.871051e-03
      outer loop
         vertex 1.624766e+01 2.669615e+01 8.000000e+00
         vertex 1.693050e+01 2.685384e+01 4.817715e+00
         vertex 1.672554e+01 2.681272e+01 4.525000e+00
      endloop
   endfacet
   facet normal -2.185188e-01 9.758291e-01 2.682178e-03
      outer loop
         vertex 1.672554e+01 2.681272e+01 4.525000e+00
         vertex 1.664332e+01 2.679474e+01 4.367141e+00
         vertex 1.624766e+01 2.669615e+01 8.000000e+00
      endloop
   endfacet
   facet normal -2.265196e-01 9.740050e-01 1.761289e-03
      outer loop
         vertex 1.624766e+01 2.669615e+01 8.000000e+00
         vertex 1.664332e+01 2.679474e+01 4.367141e+00
         vertex 1.657452e+01 2.677904e+01 4.201141e+00
      endloop
   endfacet
   facet normal -2.331628e-01 9.724370e-01 1.155476e-03
      outer loop
         vertex 1.624766e+01 2.669615e+01 8.000000e+00
         vertex 1.657452e+01 2.677904e+01 4.201141e+00
         vertex 1.652065e+01 2.676633e+01 4.030220e+00
      endloop
   endfacet
   facet normal -2.384273e-01 9.711600e-01 7.708772e-04
      outer loop
         vertex 1.652065e+01 2.676633e+01 4.030220e+00
         vertex 1.648204e+01 2.675699e+01 3.855979e+00
         vertex 1.624766e+01 2.669615e+01 8.000000e+00
      endloop
   endfacet
   facet normal -2.425015e-01 9.701509e-01 5.256327e-04
      outer loop
         vertex 1.624766e+01 2.669615e+01 8.000000e+00
         vertex 1.648204e+01 2.675699e+01 3.855979e+00
         vertex 1.645876e+01 2.675126e+01 3.679457e+00
      endloop
   endfacet
   facet normal -2.469483e-01 9.690286e-01 2.940470e-04
      outer loop
         vertex 1.624766e+01 2.669615e+01 8.000000e+00
         vertex 1.645876e+01 2.675126e+01 3.679457e+00
         vertex 1.645089e+01 2.674931e+01 3.500001e+00
      endloop
   endfacet
   facet normal -2.432883e-01 9.699538e-01 -6.303564e-04
      outer loop
         vertex 1.645873e+01 2.675125e+01 3.320932e+00
         vertex 1.648204e+01 2.675699e+01 3.144021e+00
         vertex 1.624766e+01 2.669615e+01 0.000000e+00
      endloop
   endfacet
   facet normal -2.392096e-01 9.709675e-01 -9.540271e-04
      outer loop
         vertex 1.624766e+01 2.669615e+01 0.000000e+00
         vertex 1.648204e+01 2.675699e+01 3.144021e+00
         vertex 1.652062e+01 2.676632e+01 2.969882e+00
      endloop
   endfacet
   facet normal -2.340675e-01 9.722192e-01 -1.456206e-03
      outer loop
         vertex 1.624766e+01 2.669615e+01 0.000000e+00
         vertex 1.652062e+01 2.676632e+01 2.969882e+00
         vertex 1.657452e+01 2.677904e+01 2.798859e+00
      endloop
   endfacet
   facet normal -2.276623e-01 9.737375e-01 -2.249203e-03
      outer loop
         vertex 1.657452e+01 2.677904e+01 2.798859e+00
         vertex 1.664309e+01 2.679469e+01 2.633366e+00
         vertex 1.624766e+01 2.669615e+01 0.000000e+00
      endloop
   endfacet
   facet normal -2.199690e-01 9.755007e-01 -3.470418e-03
      outer loop
         vertex 1.624766e+01 2.669615e+01 0.000000e+00
         vertex 1.664309e+01 2.679469e+01 2.633366e+00
         vertex 1.672554e+01 2.681272e+01 2.475000e+00
      endloop
   endfacet
   facet normal -2.055049e-01 9.786351e-01 -6.410807e-03
      outer loop
         vertex 1.624766e+01 2.669615e+01 0.000000e+00
         vertex 1.672554e+01 2.681272e+01 2.475000e+00
         vertex 1.693050e+01 2.685384e+01 2.182285e+00
      endloop
   endfacet
   facet normal -1.831091e-01 9.829967e-01 -1.373368e-02
      outer loop
         vertex 1.693050e+01 2.685384e+01 2.182285e+00
         vertex 1.718318e+01 2.689738e+01 1.929609e+00
         vertex 1.624766e+01 2.669615e+01 0.000000e+00
      endloop
   endfacet
   facet normal -1.563161e-01 9.873332e-01 -2.717581e-02
      outer loop
         vertex 1.624766e+01 2.669615e+01 0.000000e+00
         vertex 1.718318e+01 2.689738e+01 1.929609e+00
         vertex 1.747589e+01 2.693808e+01 1.724648e+00
      endloop
   endfacet
   facet normal -1.903910e-01 9.817061e-01 -2.119490e-03
      outer loop
         vertex 1.624766e+01 2.669615e+01 0.000000e+00
         vertex 1.747589e+01 2.693808e+01 1.724648e+00
         vertex 1.752519e+01 2.694392e+01 0.000000e+00
      endloop
   endfacet
   facet normal -1.175889e-01 9.930624e-01 0.000000e+00
      outer loop
         vertex 1.752519e+01 2.694392e+01 0.000000e+00
         vertex 1.747589e+01 2.693808e+01 1.724648e+00
         vertex 1.752519e+01 2.694392e+01 1.697084e+00
      endloop
   endfacet
   facet normal -9.854580e-02 9.951325e-01 0.000000e+00
      outer loop
         vertex 1.752519e+01 2.694392e+01 0.000000e+00
         vertex 1.752519e+01 2.694392e+01 1.697084e+00
         vertex 1.779975e+01 2.697111e+01 1.573631e+00
      endloop
   endfacet
   facet normal 1.920626e-02 9.998155e-01 0.000000e+00
      outer loop
         vertex 1.882557e+01 2.699376e+01 8.000000e+00
         vertex 1.882557e+01 2.699376e+01 5.524125e+00
         vertex 1.850089e+01 2.700000e+01 5.550000e+00
      endloop
   endfacet
   facet normal -3.830132e-02 9.992372e-01 7.619609e-03
      outer loop
         vertex 1.882557e+01 2.699376e+01 8.000000e+00
         vertex 1.850089e+01 2.700000e+01 5.550000e+00
         vertex 1.752519e+01 2.694392e+01 8.000000e+00
      endloop
   endfacet
   facet normal -1.118163e-02 9.997676e-01 1.843204e-02
      outer loop
         vertex 1.752519e+01 2.694392e+01 8.000000e+00
         vertex 1.850089e+01 2.700000e+01 5.550000e+00
         vertex 1.832263e+01 2.699815e+01 5.542235e+00
      endloop
   endfacet
   facet normal -3.281899e-02 9.993963e-01 1.140344e-02
      outer loop
         vertex 1.752519e+01 2.694392e+01 8.000000e+00
         vertex 1.832263e+01 2.699815e+01 5.542235e+00
         vertex 1.814491e+01 2.699258e+01 5.518856e+00
      endloop
   endfacet
   facet normal -5.346929e-02 9.985501e-01 6.228962e-03
      outer loop
         vertex 1.814491e+01 2.699258e+01 5.518856e+00
         vertex 1.796953e+01 2.698343e+01 5.479939e+00
         vertex 1.752519e+01 2.694392e+01 8.000000e+00
      endloop
   endfacet
   facet normal -7.325217e-02 9.973097e-01 2.721371e-03
      outer loop
         vertex 1.752519e+01 2.694392e+01 8.000000e+00
         vertex 1.796953e+01 2.698343e+01 5.479939e+00
         vertex 1.779975e+01 2.697111e+01 5.426370e+00
      endloop
   endfacet
   facet normal -9.854580e-02 9.951325e-01 0.000000e+00
      outer loop
         vertex 1.752519e+01 2.694392e+01 8.000000e+00
         vertex 1.779975e+01 2.697111e+01 5.426370e+00
         vertex 1.752519e+01 2.694392e+01 5.302917e+00
      endloop
   endfacet
   facet normal 1.702722e-01 9.853970e-01 2.653171e-04
      outer loop
         vertex 2.007128e+01 2.685351e+01 4.817715e+00
         vertex 1.981861e+01 2.689710e+01 5.070391e+00
         vertex 2.011832e+01 2.684452e+01 8.000000e+00
      endloop
   endfacet
   facet normal 1.402777e-01 9.901063e-01 3.418467e-03
      outer loop
         vertex 2.011832e+01 2.684452e+01 8.000000e+00
         vertex 1.981861e+01 2.689710e+01 5.070391e+00
         vertex 1.952589e+01 2.693786e+01 5.275352e+00
      endloop
   endfacet
   facet normal 1.158722e-01 9.932249e-01 8.831908e-03
      outer loop
         vertex 2.011832e+01 2.684452e+01 8.000000e+00
         vertex 1.952589e+01 2.693786e+01 5.275352e+00
         vertex 1.936679e+01 2.695569e+01 5.358148e+00
      endloop
   endfacet
   facet normal 9.802195e-02 9.950859e-01 1.398811e-02
      outer loop
         vertex 1.936679e+01 2.695569e+01 5.358148e+00
         vertex 1.920203e+01 2.697096e+01 5.426370e+00
         vertex 2.011832e+01 2.684452e+01 8.000000e+00
      endloop
   endfacet
   facet normal 7.909796e-02 9.966498e-01 2.080246e-02
      outer loop
         vertex 2.011832e+01 2.684452e+01 8.000000e+00
         vertex 1.920203e+01 2.697096e+01 5.426370e+00
         vertex 1.903189e+01 2.698334e+01 5.480035e+00
      endloop
   endfacet
   facet normal 1.146817e-01 9.933882e-01 5.281582e-03
      outer loop
         vertex 2.011832e+01 2.684452e+01 8.000000e+00
         vertex 1.903189e+01 2.698334e+01 5.480035e+00
         vertex 1.882557e+01 2.699376e+01 8.000000e+00
      endloop
   endfacet
   facet normal 5.231654e-02 9.986305e-01 1.538222e-04
      outer loop
         vertex 1.882557e+01 2.699376e+01 8.000000e+00
         vertex 1.903189e+01 2.698334e+01 5.480035e+00
         vertex 1.885689e+01 2.699250e+01 5.518854e+00
      endloop
   endfacet
   facet normal 4.015048e-02 9.991936e-01 0.000000e+00
      outer loop
         vertex 1.882557e+01 2.699376e+01 8.000000e+00
         vertex 1.885689e+01 2.699250e+01 5.518854e+00
         vertex 1.882557e+01 2.699376e+01 5.524125e+00
      endloop
   endfacet
   facet normal 2.575637e-01 9.662170e-01 -9.249686e-03
      outer loop
         vertex 2.042726e+01 2.677863e+01 2.798859e+00
         vertex 2.048088e+01 2.676596e+01 2.968812e+00
         vertex 2.137314e+01 2.649969e+01 0.000000e+00
      endloop
   endfacet
   facet normal 2.500828e-01 9.681504e-01 -1.197055e-02
      outer loop
         vertex 2.042726e+01 2.677863e+01 2.798859e+00
         vertex 2.137314e+01 2.649969e+01 0.000000e+00
         vertex 2.035889e+01 2.679425e+01 2.633766e+00
      endloop
   endfacet
   facet normal 2.647159e-01 9.643015e-01 -6.928308e-03
      outer loop
         vertex 2.048088e+01 2.676596e+01 2.968812e+00
         vertex 2.051975e+01 2.675655e+01 3.144021e+00
         vertex 2.137314e+01 2.649969e+01 0.000000e+00
      endloop
   endfacet
   facet normal 2.723626e-01 9.621833e-01 -4.679674e-03
      outer loop
         vertex 2.137314e+01 2.649969e+01 0.000000e+00
         vertex 2.051975e+01 2.675655e+01 3.144021e+00
         vertex 2.054310e+01 2.675080e+01 3.321472e+00
      endloop
   endfacet
   facet normal 2.824522e-01 9.592794e-01 -1.938731e-03
      outer loop
         vertex 2.137314e+01 2.649969e+01 0.000000e+00
         vertex 2.054310e+01 2.675080e+01 3.321472e+00
         vertex 2.055089e+01 2.674887e+01 3.500001e+00
      endloop
   endfacet
   facet normal 2.692718e-01 9.630549e-01 4.240949e-03
      outer loop
         vertex 2.054312e+01 2.675080e+01 3.678378e+00
         vertex 2.051975e+01 2.675655e+01 3.855979e+00
         vertex 2.137314e+01 2.649969e+01 8.000000e+00
      endloop
   endfacet
   facet normal 2.610877e-01 9.652960e-01 6.065252e-03
      outer loop
         vertex 2.137314e+01 2.649969e+01 8.000000e+00
         vertex 2.051975e+01 2.675655e+01 3.855979e+00
         vertex 2.048100e+01 2.676593e+01 4.030712e+00
      endloop
   endfacet
   facet normal 2.535430e-01 9.672919e-01 7.894861e-03
      outer loop
         vertex 2.137314e+01 2.649969e+01 8.000000e+00
         vertex 2.048100e+01 2.676593e+01 4.030712e+00
         vertex 2.042726e+01 2.677863e+01 4.201141e+00
      endloop
   endfacet
   facet normal 2.456116e-01 9.693166e-01 1.001839e-02
      outer loop
         vertex 2.042726e+01 2.677863e+01 4.201141e+00
         vertex 2.035872e+01 2.679428e+01 4.366587e+00
         vertex 2.137314e+01 2.649969e+01 8.000000e+00
      endloop
   endfacet
   facet normal 2.368949e-01 9.714532e-01 1.262526e-02
      outer loop
         vertex 2.137314e+01 2.649969e+01 8.000000e+00
         vertex 2.035872e+01 2.679428e+01 4.366587e+00
         vertex 2.027624e+01 2.681234e+01 4.525000e+00
      endloop
   endfacet
   facet normal 2.649804e-01 9.642488e-01 3.111749e-03
      outer loop
         vertex 2.137314e+01 2.649969e+01 8.000000e+00
         vertex 2.027624e+01 2.681234e+01 4.525000e+00
         vertex 2.011832e+01 2.684452e+01 8.000000e+00
      endloop
   endfacet
   facet normal 1.999671e-01 9.798026e-01 1.320911e-05
      outer loop
         vertex 2.011832e+01 2.684452e+01 8.000000e+00
         vertex 2.027624e+01 2.681234e+01 4.525000e+00
         vertex 2.012272e+01 2.684367e+01 4.753859e+00
      endloop
   endfacet
   facet normal 1.878670e-01 9.821945e-01 -3.817510e-06
      outer loop
         vertex 2.011832e+01 2.684452e+01 8.000000e+00
         vertex 2.012272e+01 2.684367e+01 4.753859e+00
         vertex 2.007128e+01 2.685351e+01 4.817715e+00
      endloop
   endfacet
   facet normal 1.920626e-02 9.998155e-01 0.000000e+00
      outer loop
         vertex 1.850089e+01 2.700000e+01 1.450000e+00
         vertex 1.882557e+01 2.699376e+01 1.475875e+00
         vertex 1.882557e+01 2.699376e+01 0.000000e+00
      endloop
   endfacet
   facet normal 4.014003e-02 9.991941e-01 -0.000000e+00
      outer loop
         vertex 1.882557e+01 2.699376e+01 0.000000e+00
         vertex 1.882557e+01 2.699376e+01 1.475875e+00
         vertex 1.885687e+01 2.699251e+01 1.481145e+00
      endloop
   endfacet
   facet normal 1.146832e-01 9.934009e-01 -1.580047e-03
      outer loop
         vertex 1.882557e+01 2.699376e+01 0.000000e+00
         vertex 1.885687e+01 2.699251e+01 1.481145e+00
         vertex 2.011832e+01 2.684452e+01 0.000000e+00
      endloop
   endfacet
   facet normal 6.242179e-02 9.969685e-01 -4.644620e-02
      outer loop
         vertex 2.011832e+01 2.684452e+01 0.000000e+00
         vertex 1.885687e+01 2.699251e+01 1.481145e+00
         vertex 1.903086e+01 2.698341e+01 1.519688e+00
      endloop
   endfacet
   facet normal 8.251624e-02 9.960763e-01 -3.198539e-02
      outer loop
         vertex 2.011832e+01 2.684452e+01 0.000000e+00
         vertex 1.903086e+01 2.698341e+01 1.519688e+00
         vertex 1.920203e+01 2.697096e+01 1.573631e+00
      endloop
   endfacet
   facet normal 1.009969e-01 9.946627e-01 -2.111090e-02
      outer loop
         vertex 1.920203e+01 2.697096e+01 1.573631e+00
         vertex 1.936779e+01 2.695559e+01 1.642318e+00
         vertex 2.011832e+01 2.684452e+01 0.000000e+00
      endloop
   endfacet
   facet normal 1.181507e-01 9.929086e-01 -1.315311e-02
      outer loop
         vertex 2.011832e+01 2.684452e+01 0.000000e+00
         vertex 1.936779e+01 2.695559e+01 1.642318e+00
         vertex 1.952589e+01 2.693786e+01 1.724648e+00
      endloop
   endfacet
   facet normal 1.413733e-01 9.899437e-01 -5.015451e-03
      outer loop
         vertex 2.011832e+01 2.684452e+01 0.000000e+00
         vertex 1.952589e+01 2.693786e+01 1.724648e+00
         vertex 1.981861e+01 2.689710e+01 1.929609e+00
      endloop
   endfacet
   facet normal 1.703878e-01 9.853770e-01 -3.843215e-04
      outer loop
         vertex 1.981861e+01 2.689710e+01 1.929609e+00
         vertex 2.007128e+01 2.685351e+01 2.182285e+00
         vertex 2.011832e+01 2.684452e+01 0.000000e+00
      endloop
   endfacet
   facet normal 1.878650e-01 9.821949e-01 5.521241e-06
      outer loop
         vertex 2.011832e+01 2.684452e+01 0.000000e+00
         vertex 2.007128e+01 2.685351e+01 2.182285e+00
         vertex 2.012272e+01 2.684367e+01 2.246141e+00
      endloop
   endfacet
   facet normal 2.649817e-01 9.642534e-01 -1.523307e-04
      outer loop
         vertex 2.011832e+01 2.684452e+01 0.000000e+00
         vertex 2.012272e+01 2.684367e+01 2.246141e+00
         vertex 2.137314e+01 2.649969e+01 0.000000e+00
      endloop
   endfacet
   facet normal 2.298956e-01 9.729882e-01 -2.102233e-02
      outer loop
         vertex 2.137314e+01 2.649969e+01 0.000000e+00
         vertex 2.012272e+01 2.684367e+01 2.246141e+00
         vertex 2.027624e+01 2.681234e+01 2.475000e+00
      endloop
   endfacet
   facet normal 2.418770e-01 9.701854e-01 -1.535817e-02
      outer loop
         vertex 2.137314e+01 2.649969e+01 0.000000e+00
         vertex 2.027624e+01 2.681234e+01 2.475000e+00
         vertex 2.035889e+01 2.679425e+01 2.633766e+00
      endloop
   endfacet
   facet normal -7.320859e-02 -9.973129e-01 2.726054e-03
      outer loop
         vertex 1.752519e+01 1.005608e+01 8.000000e+00
         vertex 1.779975e+01 1.002889e+01 5.426370e+00
         vertex 1.797029e+01 1.001652e+01 5.480142e+00
      endloop
   endfacet
   facet normal -1.060285e-02 -9.999360e-01 3.950701e-03
      outer loop
         vertex 1.850089e+01 1.000000e+01 5.550000e+00
         vertex 1.882557e+01 1.000624e+01 8.000000e+00
         vertex 1.832178e+01 1.000187e+01 5.542161e+00
      endloop
   endfacet
   facet normal -3.830066e-02 -9.992199e-01 9.626750e-03
      outer loop
         vertex 1.832178e+01 1.000187e+01 5.542161e+00
         vertex 1.882557e+01 1.000624e+01 8.000000e+00
         vertex 1.752519e+01 1.005608e+01 8.000000e+00
      endloop
   endfacet
   facet normal -3.287035e-02 -9.993947e-01 1.139058e-02
      outer loop
         vertex 1.832178e+01 1.000187e+01 5.542161e+00
         vertex 1.752519e+01 1.005608e+01 8.000000e+00
         vertex 1.814491e+01 1.000742e+01 5.518856e+00
      endloop
   endfacet
   facet normal -5.342558e-02 -9.985523e-01 6.239923e-03
      outer loop
         vertex 1.814491e+01 1.000742e+01 5.518856e+00
         vertex 1.752519e+01 1.005608e+01 8.000000e+00
         vertex 1.797029e+01 1.001652e+01 5.480142e+00
      endloop
   endfacet
   facet normal -1.903914e-01 -9.817083e-01 0.000000e+00
      outer loop
         vertex 1.752519e+01 1.005608e+01 0.000000e+00
         vertex 1.752519e+01 1.005608e+01 1.697084e+00
         vertex 1.624766e+01 1.030385e+01 0.000000e+00
      endloop
   endfacet
   facet normal -1.392993e-01 -9.894585e-01 -3.959265e-02
      outer loop
         vertex 1.624766e+01 1.030385e+01 0.000000e+00
         vertex 1.752519e+01 1.005608e+01 1.697084e+00
         vertex 1.747589e+01 1.006192e+01 1.724648e+00
      endloop
   endfacet
   facet normal -1.563161e-01 -9.873332e-01 -2.717581e-02
      outer loop
         vertex 1.747589e+01 1.006192e+01 1.724648e+00
         vertex 1.718318e+01 1.010262e+01 1.929609e+00
         vertex 1.624766e+01 1.030385e+01 0.000000e+00
      endloop
   endfacet
   facet normal -1.831091e-01 -9.829967e-01 -1.373368e-02
      outer loop
         vertex 1.624766e+01 1.030385e+01 0.000000e+00
         vertex 1.718318e+01 1.010262e+01 1.929609e+00
         vertex 1.693050e+01 1.014616e+01 2.182285e+00
      endloop
   endfacet
   facet normal -2.055049e-01 -9.786351e-01 -6.410807e-03
      outer loop
         vertex 1.624766e+01 1.030385e+01 0.000000e+00
         vertex 1.693050e+01 1.014616e+01 2.182285e+00
         vertex 1.672554e+01 1.018728e+01 2.475000e+00
      endloop
   endfacet
   facet normal -2.392079e-01 -9.709679e-01 -9.541568e-04
      outer loop
         vertex 1.652065e+01 1.023367e+01 2.969780e+00
         vertex 1.648204e+01 1.024301e+01 3.144021e+00
         vertex 1.624766e+01 1.030385e+01 0.000000e+00
      endloop
   endfacet
   facet normal -2.432637e-01 -9.699600e-01 -6.323083e-04
      outer loop
         vertex 1.624766e+01 1.030385e+01 0.000000e+00
         vertex 1.648204e+01 1.024301e+01 3.144021e+00
         vertex 1.645876e+01 1.024874e+01 3.320543e+00
      endloop
   endfacet
   facet normal -2.477221e-01 -9.688311e-01 -3.301275e-04
      outer loop
         vertex 1.624766e+01 1.030385e+01 0.000000e+00
         vertex 1.645876e+01 1.024874e+01 3.320543e+00
         vertex 1.645089e+01 1.025069e+01 3.500001e+00
      endloop
   endfacet
   facet normal -2.199631e-01 -9.755020e-01 -3.471620e-03
      outer loop
         vertex 1.672554e+01 1.018728e+01 2.475000e+00
         vertex 1.664332e+01 1.020526e+01 2.632860e+00
         vertex 1.624766e+01 1.030385e+01 0.000000e+00
      endloop
   endfacet
   facet normal -2.276427e-01 -9.737421e-01 -2.251633e-03
      outer loop
         vertex 1.624766e+01 1.030385e+01 0.000000e+00
         vertex 1.664332e+01 1.020526e+01 2.632860e+00
         vertex 1.657452e+01 1.022096e+01 2.798859e+00
      endloop
   endfacet
   facet normal -2.340661e-01 -9.722196e-01 -1.456380e-03
      outer loop
         vertex 1.624766e+01 1.030385e+01 0.000000e+00
         vertex 1.657452e+01 1.022096e+01 2.798859e+00
         vertex 1.652065e+01 1.023367e+01 2.969780e+00
      endloop
   endfacet
   facet normal -2.469078e-01 -9.690389e-01 2.959992e-04
      outer loop
         vertex 1.645089e+01 1.025069e+01 3.500001e+00
         vertex 1.645873e+01 1.024875e+01 3.679068e+00
         vertex 1.624766e+01 1.030385e+01 8.000000e+00
      endloop
   endfacet
   facet normal -2.425281e-01 -9.701442e-01 5.240333e-04
      outer loop
         vertex 1.645873e+01 1.024875e+01 3.679068e+00
         vertex 1.648204e+01 1.024301e+01 3.855979e+00
         vertex 1.624766e+01 1.030385e+01 8.000000e+00
      endloop
   endfacet
   facet normal -2.384290e-01 -9.711596e-01 7.707770e-04
      outer loop
         vertex 1.624766e+01 1.030385e+01 8.000000e+00
         vertex 1.648204e+01 1.024301e+01 3.855979e+00
         vertex 1.652062e+01 1.023368e+01 4.030119e+00
      endloop
   endfacet
   facet normal -2.331643e-01 -9.724367e-01 1.155344e-03
      outer loop
         vertex 1.624766e+01 1.030385e+01 8.000000e+00
         vertex 1.652062e+01 1.023368e+01 4.030119e+00
         vertex 1.657452e+01 1.022096e+01 4.201141e+00
      endloop
   endfacet
   facet normal -2.265401e-01 -9.740002e-01 1.759420e-03
      outer loop
         vertex 1.657452e+01 1.022096e+01 4.201141e+00
         vertex 1.664309e+01 1.020531e+01 4.366635e+00
         vertex 1.624766e+01 1.030385e+01 8.000000e+00
      endloop
   endfacet
   facet normal -2.185248e-01 -9.758277e-01 2.681304e-03
      outer loop
         vertex 1.624766e+01 1.030385e+01 8.000000e+00
         vertex 1.664309e+01 1.020531e+01 4.366635e+00
         vertex 1.672554e+01 1.018728e+01 4.525000e+00
      endloop
   endfacet
   facet normal -2.033961e-01 -9.790844e-01 4.871051e-03
      outer loop
         vertex 1.624766e+01 1.030385e+01 8.000000e+00
         vertex 1.672554e+01 1.018728e+01 4.525000e+00
         vertex 1.693050e+01 1.014616e+01 4.817715e+00
      endloop
   endfacet
   facet normal -1.796793e-01 -9.836725e-01 1.018745e-02
      outer loop
         vertex 1.693050e+01 1.014616e+01 4.817715e+00
         vertex 1.718318e+01 1.010262e+01 5.070391e+00
         vertex 1.624766e+01 1.030385e+01 8.000000e+00
      endloop
   endfacet
   facet normal -1.511579e-01 -9.883150e-01 1.961416e-02
      outer loop
         vertex 1.624766e+01 1.030385e+01 8.000000e+00
         vertex 1.718318e+01 1.010262e+01 5.070391e+00
         vertex 1.747589e+01 1.006192e+01 5.275352e+00
      endloop
   endfacet
   facet normal -1.903912e-01 -9.817074e-01 1.341597e-03
      outer loop
         vertex 1.624766e+01 1.030385e+01 8.000000e+00
         vertex 1.747589e+01 1.006192e+01 5.275352e+00
         vertex 1.752519e+01 1.005608e+01 8.000000e+00
      endloop
   endfacet
   facet normal -1.175889e-01 -9.930624e-01 -0.000000e+00
      outer loop
         vertex 1.752519e+01 1.005608e+01 8.000000e+00
         vertex 1.747589e+01 1.006192e+01 5.275352e+00
         vertex 1.752519e+01 1.005608e+01 5.302917e+00
      endloop
   endfacet
   facet normal -9.854580e-02 -9.951325e-01 -0.000000e+00
      outer loop
         vertex 1.752519e+01 1.005608e+01 8.000000e+00
         vertex 1.752519e+01 1.005608e+01 5.302917e+00
         vertex 1.779975e+01 1.002889e+01 5.426370e+00
      endloop
   endfacet
   facet normal 1.920626e-02 -9.998155e-01 0.000000e+00
      outer loop
         vertex 1.882557e+01 1.000624e+01 0.000000e+00
         vertex 1.882557e+01 1.000624e+01 1.475875e+00
         vertex 1.850089e+01 1.000000e+01 1.450000e+00
      endloop
   endfacet
   facet normal -3.829926e-02 -9.991834e-01 -1.287382e-02
      outer loop
         vertex 1.882557e+01 1.000624e+01 0.000000e+00
         vertex 1.850089e+01 1.000000e+01 1.450000e+00
         vertex 1.752519e+01 1.005608e+01 0.000000e+00
      endloop
   endfacet
   facet normal -1.171598e-02 -9.994578e-01 -3.077223e-02
      outer loop
         vertex 1.752519e+01 1.005608e+01 0.000000e+00
         vertex 1.850089e+01 1.000000e+01 1.450000e+00
         vertex 1.832263e+01 1.000185e+01 1.457766e+00
      endloop
   endfacet
   facet normal -3.377418e-02 -9.992546e-01 -1.869819e-02
      outer loop
         vertex 1.752519e+01 1.005608e+01 0.000000e+00
         vertex 1.832263e+01 1.000185e+01 1.457766e+00
         vertex 1.814491e+01 1.000742e+01 1.481145e+00
      endloop
   endfacet
   facet normal -5.431900e-02 -9.984728e-01 -1.007640e-02
      outer loop
         vertex 1.814491e+01 1.000742e+01 1.481145e+00
         vertex 1.796953e+01 1.001657e+01 1.520062e+00
         vertex 1.752519e+01 1.005608e+01 0.000000e+00
      endloop
   endfacet
   facet normal -7.376611e-02 -9.972660e-01 -4.360304e-03
      outer loop
         vertex 1.752519e+01 1.005608e+01 0.000000e+00
         vertex 1.796953e+01 1.001657e+01 1.520062e+00
         vertex 1.779975e+01 1.002889e+01 1.573631e+00
      endloop
   endfacet
   facet normal -9.854580e-02 -9.951325e-01 0.000000e+00
      outer loop
         vertex 1.752519e+01 1.005608e+01 0.000000e+00
         vertex 1.779975e+01 1.002889e+01 1.573631e+00
         vertex 1.752519e+01 1.005608e+01 1.697084e+00
      endloop
   endfacet
   facet normal 1.703878e-01 -9.853770e-01 -3.843215e-04
      outer loop
         vertex 2.007128e+01 1.014649e+01 2.182285e+00
         vertex 1.981861e+01 1.010290e+01 1.929609e+00
         vertex 2.011832e+01 1.015548e+01 0.000000e+00
      endloop
   endfacet
   facet normal 1.413733e-01 -9.899437e-01 -5.015451e-03
      outer loop
         vertex 2.011832e+01 1.015548e+01 0.000000e+00
         vertex 1.981861e+01 1.010290e+01 1.929609e+00
         vertex 1.952589e+01 1.006214e+01 1.724648e+00
      endloop
   endfacet
   facet normal 1.180962e-01 -9.929148e-01 -1.317215e-02
      outer loop
         vertex 2.011832e+01 1.015548e+01 0.000000e+00
         vertex 1.952589e+01 1.006214e+01 1.724648e+00
         vertex 1.936679e+01 1.004431e+01 1.641852e+00
      endloop
   endfacet
   facet normal 1.009451e-01 -9.946673e-01 -2.114147e-02
      outer loop
         vertex 1.936679e+01 1.004431e+01 1.641852e+00
         vertex 1.920203e+01 1.002904e+01 1.573631e+00
         vertex 2.011832e+01 1.015548e+01 0.000000e+00
      endloop
   endfacet
   facet normal 8.257285e-02 -9.960727e-01 -3.195214e-02
      outer loop
         vertex 2.011832e+01 1.015548e+01 0.000000e+00
         vertex 1.920203e+01 1.002904e+01 1.573631e+00
         vertex 1.903189e+01 1.001666e+01 1.519965e+00
      endloop
   endfacet
   facet normal 1.146789e-01 -9.933640e-01 -8.756174e-03
      outer loop
         vertex 2.011832e+01 1.015548e+01 0.000000e+00
         vertex 1.903189e+01 1.001666e+01 1.519965e+00
         vertex 1.882557e+01 1.000624e+01 0.000000e+00
      endloop
   endfacet
   facet normal 5.233962e-02 -9.986293e-01 -2.581644e-04
      outer loop
         vertex 1.882557e+01 1.000624e+01 0.000000e+00
         vertex 1.903189e+01 1.001666e+01 1.519965e+00
         vertex 1.885689e+01 1.000750e+01 1.481147e+00
      endloop
   endfacet
   facet normal 4.015048e-02 -9.991936e-01 0.000000e+00
      outer loop
         vertex 1.882557e+01 1.000624e+01 0.000000e+00
         vertex 1.885689e+01 1.000750e+01 1.481147e+00
         vertex 1.882557e+01 1.000624e+01 1.475875e+00
      endloop
   endfacet
   facet normal 2.824500e-01 -9.592801e-01 -1.939297e-03
      outer loop
         vertex 2.055089e+01 1.025113e+01 3.500001e+00
         vertex 2.054312e+01 1.024920e+01 3.321623e+00
         vertex 2.137314e+01 1.050031e+01 0.000000e+00
      endloop
   endfacet
   facet normal 2.535324e-01 -9.672946e-01 7.897697e-03
      outer loop
         vertex 2.042726e+01 1.022137e+01 4.201141e+00
         vertex 2.048088e+01 1.023404e+01 4.031189e+00
         vertex 2.137314e+01 1.050031e+01 8.000000e+00
      endloop
   endfacet
   facet normal 2.456258e-01 -9.693130e-01 1.001458e-02
      outer loop
         vertex 2.042726e+01 1.022137e+01 4.201141e+00
         vertex 2.137314e+01 1.050031e+01 8.000000e+00
         vertex 2.035889e+01 1.020575e+01 4.366234e+00
      endloop
   endfacet
   facet normal 2.610775e-01 -9.652988e-01 6.067506e-03
      outer loop
         vertex 2.048088e+01 1.023404e+01 4.031189e+00
         vertex 2.051975e+01 1.024345e+01 3.855979e+00
         vertex 2.137314e+01 1.050031e+01 8.000000e+00
      endloop
   endfacet
   facet normal 2.692617e-01 -9.630577e-01 4.243210e-03
      outer loop
         vertex 2.137314e+01 1.050031e+01 8.000000e+00
         vertex 2.051975e+01 1.024345e+01 3.855979e+00
         vertex 2.054310e+01 1.024920e+01 3.678529e+00
      endloop
   endfacet
   facet normal 2.806993e-01 -9.597940e-01 1.856696e-03
      outer loop
         vertex 2.137314e+01 1.050031e+01 8.000000e+00
         vertex 2.054310e+01 1.024920e+01 3.678529e+00
         vertex 2.055089e+01 1.025113e+01 3.500001e+00
      endloop
   endfacet
   facet normal 2.723714e-01 -9.621808e-01 -4.677083e-03
      outer loop
         vertex 2.054312e+01 1.024920e+01 3.321623e+00
         vertex 2.051975e+01 1.024345e+01 3.144021e+00
         vertex 2.137314e+01 1.050031e+01 0.000000e+00
      endloop
   endfacet
   facet normal 2.647257e-01 -9.642989e-01 -6.925444e-03
      outer loop
         vertex 2.137314e+01 1.050031e+01 0.000000e+00
         vertex 2.051975e+01 1.024345e+01 3.144021e+00
         vertex 2.048100e+01 1.023407e+01 2.969288e+00
      endloop
   endfacet
   facet normal 2.575736e-01 -9.662145e-01 -9.246096e-03
      outer loop
         vertex 2.137314e+01 1.050031e+01 0.000000e+00
         vertex 2.048100e+01 1.023407e+01 2.969288e+00
         vertex 2.042726e+01 1.022137e+01 2.798859e+00
      endloop
   endfacet
   facet normal 2.500696e-01 -9.681538e-01 -1.197536e-02
      outer loop
         vertex 2.042726e+01 1.022137e+01 2.798859e+00
         vertex 2.035872e+01 1.020572e+01 2.633414e+00
         vertex 2.137314e+01 1.050031e+01 0.000000e+00
      endloop
   endfacet
   facet normal 2.418717e-01 -9.701866e-01 -1.536068e-02
      outer loop
         vertex 2.137314e+01 1.050031e+01 0.000000e+00
         vertex 2.035872e+01 1.020572e+01 2.633414e+00
         vertex 2.027624e+01 1.018766e+01 2.475000e+00
      endloop
   endfacet
   facet normal 2.649792e-01 -9.642442e-01 -4.369001e-03
      outer loop
         vertex 2.137314e+01 1.050031e+01 0.000000e+00
         vertex 2.027624e+01 1.018766e+01 2.475000e+00
         vertex 2.011832e+01 1.015548e+01 0.000000e+00
      endloop
   endfacet
   facet normal 1.999755e-01 -9.798009e-01 -1.910710e-05
      outer loop
         vertex 2.011832e+01 1.015548e+01 0.000000e+00
         vertex 2.027624e+01 1.018766e+01 2.475000e+00
         vertex 2.012272e+01 1.015633e+01 2.246141e+00
      endloop
   endfacet
   facet normal 1.878650e-01 -9.821949e-01 5.521241e-06
      outer loop
         vertex 2.011832e+01 1.015548e+01 0.000000e+00
         vertex 2.012272e+01 1.015633e+01 2.246141e+00
         vertex 2.007128e+01 1.014649e+01 2.182285e+00
      endloop
   endfacet
   facet normal 1.920626e-02 -9.998155e-01 0.000000e+00
      outer loop
         vertex 1.850089e+01 1.000000e+01 5.550000e+00
         vertex 1.882557e+01 1.000624e+01 5.524125e+00
         vertex 1.882557e+01 1.000624e+01 8.000000e+00
      endloop
   endfacet
   facet normal 4.014003e-02 -9.991941e-01 0.000000e+00
      outer loop
         vertex 1.882557e+01 1.000624e+01 8.000000e+00
         vertex 1.882557e+01 1.000624e+01 5.524125e+00
         vertex 1.885687e+01 1.000750e+01 5.518856e+00
      endloop
   endfacet
   facet normal 1.146832e-01 -9.934017e-01 9.432259e-04
      outer loop
         vertex 1.882557e+01 1.000624e+01 8.000000e+00
         vertex 1.885687e+01 1.000750e+01 5.518856e+00
         vertex 2.011832e+01 1.015548e+01 8.000000e+00
      endloop
   endfacet
   facet normal 5.874557e-02 -9.978327e-01 2.964713e-02
      outer loop
         vertex 2.011832e+01 1.015548e+01 8.000000e+00
         vertex 1.885687e+01 1.000750e+01 5.518856e+00
         vertex 1.903086e+01 1.001659e+01 5.480312e+00
      endloop
   endfacet
   facet normal 7.904059e-02 -9.966539e-01 2.082309e-02
      outer loop
         vertex 2.011832e+01 1.015548e+01 8.000000e+00
         vertex 1.903086e+01 1.001659e+01 5.480312e+00
         vertex 1.920203e+01 1.002904e+01 5.426370e+00
      endloop
   endfacet
   facet normal 9.807613e-02 -9.950809e-01 1.396857e-02
      outer loop
         vertex 1.920203e+01 1.002904e+01 5.426370e+00
         vertex 1.936779e+01 1.004441e+01 5.357682e+00
         vertex 2.011832e+01 1.015548e+01 8.000000e+00
      endloop
   endfacet
   facet normal 1.159286e-01 -9.932184e-01 8.819429e-03
      outer loop
         vertex 2.011832e+01 1.015548e+01 8.000000e+00
         vertex 1.936779e+01 1.004441e+01 5.357682e+00
         vertex 1.952589e+01 1.006214e+01 5.275352e+00
      endloop
   endfacet
   facet normal 1.402777e-01 -9.901063e-01 3.418467e-03
      outer loop
         vertex 2.011832e+01 1.015548e+01 8.000000e+00
         vertex 1.952589e+01 1.006214e+01 5.275352e+00
         vertex 1.981861e+01 1.010290e+01 5.070391e+00
      endloop
   endfacet
   facet normal 1.702722e-01 -9.853970e-01 2.653171e-04
      outer loop
         vertex 1.981861e+01 1.010290e+01 5.070391e+00
         vertex 2.007128e+01 1.014649e+01 4.817715e+00
         vertex 2.011832e+01 1.015548e+01 8.000000e+00
      endloop
   endfacet
   facet normal 1.878670e-01 -9.821945e-01 -3.817510e-06
      outer loop
         vertex 2.011832e+01 1.015548e+01 8.000000e+00
         vertex 2.007128e+01 1.014649e+01 4.817715e+00
         vertex 2.012272e+01 1.015633e+01 4.753859e+00
      endloop
   endfacet
   facet normal 2.649817e-01 -9.642534e-01 1.054040e-04
      outer loop
         vertex 2.011832e+01 1.015548e+01 8.000000e+00
         vertex 2.012272e+01 1.015633e+01 4.753859e+00
         vertex 2.137314e+01 1.050031e+01 8.000000e+00
      endloop
   endfacet
   facet normal 2.240924e-01 -9.744208e-01 1.693341e-02
      outer loop
         vertex 2.137314e+01 1.050031e+01 8.000000e+00
         vertex 2.012272e+01 1.015633e+01 4.753859e+00
         vertex 2.027624e+01 1.018766e+01 4.525000e+00
      endloop
   endfacet
   facet normal 2.369004e-01 -9.714519e-01 1.262341e-02
      outer loop
         vertex 2.137314e+01 1.050031e+01 8.000000e+00
         vertex 2.027624e+01 1.018766e+01 4.525000e+00
         vertex 2.035889e+01 1.020575e+01 4.366234e+00
      endloop
   endfacet
   facet normal -2.530472e-01 -9.674539e-01 0.000000e+00
      outer loop
         vertex 1.645089e+01 1.025069e+01 3.500001e+00
         vertex 1.624766e+01 1.030385e+01 8.000000e+00
         vertex 1.624766e+01 1.030385e+01 0.000000e+00
      endloop
   endfacet
   facet normal -3.380168e-01 -9.411401e-01 0.000000e+00
      outer loop
         vertex 1.624766e+01 1.030385e+01 0.000000e+00
         vertex 1.624766e+01 1.030385e+01 8.000000e+00
         vertex 1.502292e+01 1.074372e+01 8.000000e+00
      endloop
   endfacet
   facet normal -3.380168e-01 -9.411401e-01 0.000000e+00
      outer loop
         vertex 1.624766e+01 1.030385e+01 0.000000e+00
         vertex 1.502292e+01 1.074372e+01 8.000000e+00
         vertex 1.502292e+01 1.074372e+01 0.000000e+00
      endloop
   endfacet
   facet normal -4.777198e-01 -8.785123e-01 0.000000e+00
      outer loop
         vertex 1.502292e+01 1.074372e+01 0.000000e+00
         vertex 1.502292e+01 1.074372e+01 8.000000e+00
         vertex 1.387968e+01 1.136539e+01 8.000000e+00
      endloop
   endfacet
   facet normal -4.777198e-01 -8.785123e-01 0.000000e+00
      outer loop
         vertex 1.502292e+01 1.074372e+01 0.000000e+00
         vertex 1.387968e+01 1.136539e+01 8.000000e+00
         vertex 1.387968e+01 1.136539e+01 0.000000e+00
      endloop
   endfacet
   facet normal -6.062254e-01 -7.952929e-01 0.000000e+00
      outer loop
         vertex 1.387968e+01 1.136539e+01 0.000000e+00
         vertex 1.387968e+01 1.136539e+01 8.000000e+00
         vertex 1.284473e+01 1.215430e+01 8.000000e+00
      endloop
   endfacet
   facet normal -6.062254e-01 -7.952929e-01 0.000000e+00
      outer loop
         vertex 1.387968e+01 1.136539e+01 0.000000e+00
         vertex 1.284473e+01 1.215430e+01 8.000000e+00
         vertex 1.284473e+01 1.215430e+01 0.000000e+00
      endloop
   endfacet
   facet normal -7.205217e-01 -6.934324e-01 0.000000e+00
      outer loop
         vertex 1.284473e+01 1.215430e+01 0.000000e+00
         vertex 1.284473e+01 1.215430e+01 8.000000e+00
         vertex 1.194234e+01 1.309194e+01 8.000000e+00
      endloop
   endfacet
   facet normal -7.205217e-01 -6.934324e-01 0.000000e+00
      outer loop
         vertex 1.284473e+01 1.215430e+01 0.000000e+00
         vertex 1.194234e+01 1.309194e+01 8.000000e+00
         vertex 1.194234e+01 1.309194e+01 0.000000e+00
      endloop
   endfacet
   facet normal -8.179294e-01 -5.753187e-01 0.000000e+00
      outer loop
         vertex 1.194234e+01 1.309194e+01 0.000000e+00
         vertex 1.194234e+01 1.309194e+01 8.000000e+00
         vertex 1.119366e+01 1.415634e+01 8.000000e+00
      endloop
   endfacet
   facet normal -8.179294e-01 -5.753187e-01 0.000000e+00
      outer loop
         vertex 1.194234e+01 1.309194e+01 0.000000e+00
         vertex 1.119366e+01 1.415634e+01 8.000000e+00
         vertex 1.119366e+01 1.415634e+01 0.000000e+00
      endloop
   endfacet
   facet normal -8.961656e-01 -4.437197e-01 0.000000e+00
      outer loop
         vertex 1.119366e+01 1.415634e+01 0.000000e+00
         vertex 1.119366e+01 1.415634e+01 8.000000e+00
         vertex 1.061623e+01 1.532256e+01 8.000000e+00
      endloop
   endfacet
   facet normal -8.961656e-01 -4.437197e-01 0.000000e+00
      outer loop
         vertex 1.119366e+01 1.415634e+01 0.000000e+00
         vertex 1.061623e+01 1.532256e+01 8.000000e+00
         vertex 1.061623e+01 1.532256e+01 0.000000e+00
      endloop
   endfacet
   facet normal -9.533962e-01 -3.017211e-01 0.000000e+00
      outer loop
         vertex 1.061623e+01 1.532256e+01 0.000000e+00
         vertex 1.061623e+01 1.532256e+01 8.000000e+00
         vertex 1.022359e+01 1.656325e+01 8.000000e+00
      endloop
   endfacet
   facet normal -9.533962e-01 -3.017211e-01 0.000000e+00
      outer loop
         vertex 1.061623e+01 1.532256e+01 0.000000e+00
         vertex 1.022359e+01 1.656325e+01 8.000000e+00
         vertex 1.022359e+01 1.656325e+01 0.000000e+00
      endloop
   endfacet
   facet normal -9.882804e-01 -1.526494e-01 0.000000e+00
      outer loop
         vertex 1.022359e+01 1.656325e+01 0.000000e+00
         vertex 1.022359e+01 1.656325e+01 8.000000e+00
         vertex 1.002494e+01 1.784933e+01 8.000000e+00
      endloop
   endfacet
   facet normal -9.882804e-01 -1.526494e-01 0.000000e+00
      outer loop
         vertex 1.022359e+01 1.656325e+01 0.000000e+00
         vertex 1.002494e+01 1.784933e+01 8.000000e+00
         vertex 1.002494e+01 1.784933e+01 0.000000e+00
      endloop
   endfacet
   facet normal -9.992662e-01 -3.830293e-02 0.000000e+00
      outer loop
         vertex 1.002494e+01 1.784933e+01 0.000000e+00
         vertex 1.002494e+01 1.784933e+01 8.000000e+00
         vertex 1.000000e+01 1.850000e+01 0.000000e+00
      endloop
   endfacet
   facet normal -9.992662e-01 -3.830293e-02 -9.967857e-18
      outer loop
         vertex 1.000000e+01 1.850000e+01 0.000000e+00
         vertex 1.002494e+01 1.784933e+01 8.000000e+00
         vertex 1.000000e+01 1.850000e+01 8.000000e+00
      endloop
   endfacet
   facet normal -9.992662e-01 3.830293e-02 9.967857e-18
      outer loop
         vertex 1.000000e+01 1.850000e+01 0.000000e+00
         vertex 1.000000e+01 1.850000e+01 8.000000e+00
         vertex 1.002494e+01 1.915067e+01 0.000000e+00
      endloop
   endfacet
   facet normal -9.992662e-01 3.830293e-02 0.000000e+00
      outer loop
         vertex 1.000000e+01 1.850000e+01 8.000000e+00
         vertex 1.002494e+01 1.915067e+01 8.000000e+00
         vertex 1.002494e+01 1.915067e+01 0.000000e+00
      endloop
   endfacet
   facet normal -9.882804e-01 1.526494e-01 0.000000e+00
      outer loop
         vertex 1.002494e+01 1.915067e+01 0.000000e+00
         vertex 1.002494e+01 1.915067e+01 8.000000e+00
         vertex 1.022359e+01 2.043676e+01 8.000000e+00
      endloop
   endfacet
   facet normal -9.882804e-01 1.526494e-01 0.000000e+00
      outer loop
         vertex 1.002494e+01 1.915067e+01 0.000000e+00
         vertex 1.022359e+01 2.043676e+01 8.000000e+00
         vertex 1.022359e+01 2.043676e+01 0.000000e+00
      endloop
   endfacet
   facet normal -9.533962e-01 3.017211e-01 0.000000e+00
      outer loop
         vertex 1.022359e+01 2.043676e+01 0.000000e+00
         vertex 1.022359e+01 2.043676e+01 8.000000e+00
         vertex 1.061623e+01 2.167745e+01 8.000000e+00
      endloop
   endfacet
   facet normal -9.533962e-01 3.017211e-01 0.000000e+00
      outer loop
         vertex 1.022359e+01 2.043676e+01 0.000000e+00
         vertex 1.061623e+01 2.167745e+01 8.000000e+00
         vertex 1.061623e+01 2.167745e+01 0.000000e+00
      endloop
   endfacet
   facet normal -8.961656e-01 4.437197e-01 0.000000e+00
      outer loop
         vertex 1.061623e+01 2.167745e+01 0.000000e+00
         vertex 1.061623e+01 2.167745e+01 8.000000e+00
         vertex 1.119366e+01 2.284366e+01 8.000000e+00
      endloop
   endfacet
   facet normal -8.961656e-01 4.437197e-01 0.000000e+00
      outer loop
         vertex 1.061623e+01 2.167745e+01 0.000000e+00
         vertex 1.119366e+01 2.284366e+01 8.000000e+00
         vertex 1.119366e+01 2.284366e+01 0.000000e+00
      endloop
   endfacet
   facet normal -8.179294e-01 5.753187e-01 0.000000e+00
      outer loop
         vertex 1.119366e+01 2.284366e+01 0.000000e+00
         vertex 1.119366e+01 2.284366e+01 8.000000e+00
         vertex 1.194234e+01 2.390806e+01 8.000000e+00
      endloop
   endfacet
   facet normal -8.179294e-01 5.753187e-01 0.000000e+00
      outer loop
         vertex 1.119366e+01 2.284366e+01 0.000000e+00
         vertex 1.194234e+01 2.390806e+01 8.000000e+00
         vertex 1.194234e+01 2.390806e+01 0.000000e+00
      endloop
   endfacet
   facet normal -7.205217e-01 6.934324e-01 0.000000e+00
      outer loop
         vertex 1.194234e+01 2.390806e+01 0.000000e+00
         vertex 1.194234e+01 2.390806e+01 8.000000e+00
         vertex 1.284473e+01 2.484570e+01 8.000000e+00
      endloop
   endfacet
   facet normal -7.205217e-01 6.934324e-01 0.000000e+00
      outer loop
         vertex 1.194234e+01 2.390806e+01 0.000000e+00
         vertex 1.284473e+01 2.484570e+01 8.000000e+00
         vertex 1.284473e+01 2.484570e+01 0.000000e+00
      endloop
   endfacet
   facet normal -6.062254e-01 7.952929e-01 0.000000e+00
      outer loop
         vertex 1.284473e+01 2.484570e+01 0.000000e+00
         vertex 1.284473e+01 2.484570e+01 8.000000e+00
         vertex 1.387968e+01 2.563461e+01 8.000000e+00
      endloop
   endfacet
   facet normal -6.062254e-01 7.952929e-01 0.000000e+00
      outer loop
         vertex 1.284473e+01 2.484570e+01 0.000000e+00
         vertex 1.387968e+01 2.563461e+01 8.000000e+00
         vertex 1.387968e+01 2.563461e+01 0.000000e+00
      endloop
   endfacet
   facet normal -4.777198e-01 8.785123e-01 0.000000e+00
      outer loop
         vertex 1.387968e+01 2.563461e+01 0.000000e+00
         vertex 1.387968e+01 2.563461e+01 8.000000e+00
         vertex 1.502292e+01 2.625628e+01 8.000000e+00
      endloop
   endfacet
   facet normal -4.777198e-01 8.785123e-01 0.000000e+00
      outer loop
         vertex 1.387968e+01 2.563461e+01 0.000000e+00
         vertex 1.502292e+01 2.625628e+01 8.000000e+00
         vertex 1.502292e+01 2.625628e+01 0.000000e+00
      endloop
   endfacet
   facet normal -3.380168e-01 9.411401e-01 0.000000e+00
      outer loop
         vertex 1.502292e+01 2.625628e+01 0.000000e+00
         vertex 1.502292e+01 2.625628e+01 8.000000e+00
         vertex 1.624766e+01 2.669615e+01 8.000000e+00
      endloop
   endfacet
   facet normal -3.380168e-01 9.411401e-01 0.000000e+00
      outer loop
         vertex 1.502292e+01 2.625628e+01 0.000000e+00
         vertex 1.624766e+01 2.669615e+01 8.000000e+00
         vertex 1.624766e+01 2.669615e+01 0.000000e+00
      endloop
   endfacet
   facet normal -2.530472e-01 9.674539e-01 0.000000e+00
      outer loop
         vertex 1.624766e+01 2.669615e+01 0.000000e+00
         vertex 1.624766e+01 2.669615e+01 8.000000e+00
         vertex 1.645089e+01 2.674931e+01 3.500001e+00
      endloop
   endfacet
   facet normal -2.476875e-01 9.688399e-01 -3.322735e-04
      outer loop
         vertex 1.624766e+01 2.669615e+01 0.000000e+00
         vertex 1.645089e+01 2.674931e+01 3.500001e+00
         vertex 1.645873e+01 2.675125e+01 3.320932e+00
      endloop
   endfacet
   facet normal 2.900201e-01 -9.570206e-01 0.000000e+00
      outer loop
         vertex 2.055089e+01 1.025113e+01 3.500001e+00
         vertex 2.137314e+01 1.050031e+01 0.000000e+00
         vertex 2.137314e+01 1.050031e+01 8.000000e+00
      endloop
   endfacet
   facet normal 4.090685e-01 -9.125037e-01 0.000000e+00
      outer loop
         vertex 2.137314e+01 1.050031e+01 8.000000e+00
         vertex 2.137314e+01 1.050031e+01 0.000000e+00
         vertex 2.256062e+01 1.103265e+01 0.000000e+00
      endloop
   endfacet
   facet normal 4.090685e-01 -9.125037e-01 0.000000e+00
      outer loop
         vertex 2.137314e+01 1.050031e+01 8.000000e+00
         vertex 2.256062e+01 1.103265e+01 0.000000e+00
         vertex 2.256062e+01 1.103265e+01 8.000000e+00
      endloop
   endfacet
   facet normal 5.435675e-01 -8.393654e-01 0.000000e+00
      outer loop
         vertex 2.256062e+01 1.103265e+01 8.000000e+00
         vertex 2.256062e+01 1.103265e+01 0.000000e+00
         vertex 2.365292e+01 1.174001e+01 0.000000e+00
      endloop
   endfacet
   facet normal 5.435675e-01 -8.393654e-01 0.000000e+00
      outer loop
         vertex 2.256062e+01 1.103265e+01 8.000000e+00
         vertex 2.365292e+01 1.174001e+01 0.000000e+00
         vertex 2.365292e+01 1.174001e+01 8.000000e+00
      endloop
   endfacet
   facet normal 6.653258e-01 -7.465531e-01 0.000000e+00
      outer loop
         vertex 2.365292e+01 1.174001e+01 8.000000e+00
         vertex 2.365292e+01 1.174001e+01 0.000000e+00
         vertex 2.462443e+01 1.260582e+01 0.000000e+00
      endloop
   endfacet
   facet normal 6.653258e-01 -7.465531e-01 0.000000e+00
      outer loop
         vertex 2.365292e+01 1.174001e+01 8.000000e+00
         vertex 2.462443e+01 1.260582e+01 0.000000e+00
         vertex 2.462443e+01 1.260582e+01 8.000000e+00
      endloop
   endfacet
   facet normal 7.714893e-01 -6.362424e-01 0.000000e+00
      outer loop
         vertex 2.462443e+01 1.260582e+01 8.000000e+00
         vertex 2.462443e+01 1.260582e+01 0.000000e+00
         vertex 2.545240e+01 1.360979e+01 0.000000e+00
      endloop
   endfacet
   facet normal 7.714893e-01 -6.362424e-01 0.000000e+00
      outer loop
         vertex 2.462443e+01 1.260582e+01 8.000000e+00
         vertex 2.545240e+01 1.360979e+01 0.000000e+00
         vertex 2.545240e+01 1.360979e+01 8.000000e+00
      endloop
   endfacet
   facet normal 8.595696e-01 -5.110187e-01 0.000000e+00
      outer loop
         vertex 2.545240e+01 1.360979e+01 8.000000e+00
         vertex 2.545240e+01 1.360979e+01 0.000000e+00
         vertex 2.611741e+01 1.472838e+01 0.000000e+00
      endloop
   endfacet
   facet normal 8.595696e-01 -5.110187e-01 0.000000e+00
      outer loop
         vertex 2.545240e+01 1.360979e+01 8.000000e+00
         vertex 2.611741e+01 1.472838e+01 0.000000e+00
         vertex 2.611741e+01 1.472838e+01 8.000000e+00
      endloop
   endfacet
   facet normal 9.275025e-01 -3.738169e-01 0.000000e+00
      outer loop
         vertex 2.611741e+01 1.472838e+01 8.000000e+00
         vertex 2.611741e+01 1.472838e+01 0.000000e+00
         vertex 2.660387e+01 1.593538e+01 0.000000e+00
      endloop
   endfacet
   facet normal 9.275025e-01 -3.738169e-01 0.000000e+00
      outer loop
         vertex 2.611741e+01 1.472838e+01 8.000000e+00
         vertex 2.660387e+01 1.593538e+01 0.000000e+00
         vertex 2.660387e+01 1.593538e+01 8.000000e+00
      endloop
   endfacet
   facet normal 9.736954e-01 -2.278537e-01 0.000000e+00
      outer loop
         vertex 2.660387e+01 1.593538e+01 8.000000e+00
         vertex 2.660387e+01 1.593538e+01 0.000000e+00
         vertex 2.690038e+01 1.720248e+01 0.000000e+00
      endloop
   endfacet
   facet normal 9.736954e-01 -2.278537e-01 0.000000e+00
      outer loop
         vertex 2.660387e+01 1.593538e+01 8.000000e+00
         vertex 2.690038e+01 1.720248e+01 0.000000e+00
         vertex 2.690038e+01 1.720248e+01 8.000000e+00
      endloop
   endfacet
   facet normal 9.970658e-01 -7.654975e-02 0.000000e+00
      outer loop
         vertex 2.690038e+01 1.720248e+01 8.000000e+00
         vertex 2.690038e+01 1.720248e+01 0.000000e+00
         vertex 2.700000e+01 1.850000e+01 0.000000e+00
      endloop
   endfacet
   facet normal 9.970658e-01 -7.654975e-02 0.000000e+00
      outer loop
         vertex 2.690038e+01 1.720248e+01 8.000000e+00
         vertex 2.700000e+01 1.850000e+01 0.000000e+00
         vertex 2.700000e+01 1.850000e+01 8.000000e+00
      endloop
   endfacet
   facet normal 9.970658e-01 7.654975e-02 0.000000e+00
      outer loop
         vertex 2.700000e+01 1.850000e+01 8.000000e+00
         vertex 2.700000e+01 1.850000e+01 0.000000e+00
         vertex 2.690038e+01 1.979752e+01 0.000000e+00
      endloop
   endfacet
   facet normal 9.970658e-01 7.654975e-02 0.000000e+00
      outer loop
         vertex 2.700000e+01 1.850000e+01 8.000000e+00
         vertex 2.690038e+01 1.979752e+01 0.000000e+00
         vertex 2.690038e+01 1.979752e+01 8.000000e+00
      endloop
   endfacet
   facet normal 9.736954e-01 2.278537e-01 0.000000e+00
      outer loop
         vertex 2.690038e+01 1.979752e+01 8.000000e+00
         vertex 2.690038e+01 1.979752e+01 0.000000e+00
         vertex 2.660387e+01 2.106463e+01 0.000000e+00
      endloop
   endfacet
   facet normal 9.736954e-01 2.278537e-01 0.000000e+00
      outer loop
         vertex 2.690038e+01 1.979752e+01 8.000000e+00
         vertex 2.660387e+01 2.106463e+01 0.000000e+00
         vertex 2.660387e+01 2.106463e+01 8.000000e+00
      endloop
   endfacet
   facet normal 9.275025e-01 3.738169e-01 0.000000e+00
      outer loop
         vertex 2.660387e+01 2.106463e+01 8.000000e+00
         vertex 2.660387e+01 2.106463e+01 0.000000e+00
         vertex 2.611741e+01 2.227162e+01 0.000000e+00
      endloop
   endfacet
   facet normal 9.275025e-01 3.738169e-01 0.000000e+00
      outer loop
         vertex 2.660387e+01 2.106463e+01 8.000000e+00
         vertex 2.611741e+01 2.227162e+01 0.000000e+00
         vertex 2.611741e+01 2.227162e+01 8.000000e+00
      endloop
   endfacet
   facet normal 8.595696e-01 5.110187e-01 0.000000e+00
      outer loop
         vertex 2.611741e+01 2.227162e+01 8.000000e+00
         vertex 2.611741e+01 2.227162e+01 0.000000e+00
         vertex 2.545240e+01 2.339021e+01 0.000000e+00
      endloop
   endfacet
   facet normal 8.595696e-01 5.110187e-01 0.000000e+00
      outer loop
         vertex 2.611741e+01 2.227162e+01 8.000000e+00
         vertex 2.545240e+01 2.339021e+01 0.000000e+00
         vertex 2.545240e+01 2.339021e+01 8.000000e+00
      endloop
   endfacet
   facet normal 7.714893e-01 6.362424e-01 0.000000e+00
      outer loop
         vertex 2.545240e+01 2.339021e+01 8.000000e+00
         vertex 2.545240e+01 2.339021e+01 0.000000e+00
         vertex 2.462443e+01 2.439418e+01 0.000000e+00
      endloop
   endfacet
   facet normal 7.714893e-01 6.362424e-01 0.000000e+00
      outer loop
         vertex 2.545240e+01 2.339021e+01 8.000000e+00
         vertex 2.462443e+01 2.439418e+01 0.000000e+00
         vertex 2.462443e+01 2.439418e+01 8.000000e+00
      endloop
   endfacet
   facet normal 6.653258e-01 7.465531e-01 0.000000e+00
      outer loop
         vertex 2.462443e+01 2.439418e+01 8.000000e+00
         vertex 2.462443e+01 2.439418e+01 0.000000e+00
         vertex 2.365292e+01 2.525999e+01 0.000000e+00
      endloop
   endfacet
   facet normal 6.653258e-01 7.465531e-01 0.000000e+00
      outer loop
         vertex 2.462443e+01 2.439418e+01 8.000000e+00
         vertex 2.365292e+01 2.525999e+01 0.000000e+00
         vertex 2.365292e+01 2.525999e+01 8.000000e+00
      endloop
   endfacet
   facet normal 5.435675e-01 8.393654e-01 0.000000e+00
      outer loop
         vertex 2.365292e+01 2.525999e+01 8.000000e+00
         vertex 2.365292e+01 2.525999e+01 0.000000e+00
         vertex 2.256062e+01 2.596735e+01 0.000000e+00
      endloop
   endfacet
   facet normal 5.435675e-01 8.393654e-01 0.000000e+00
      outer loop
         vertex 2.365292e+01 2.525999e+01 8.000000e+00
         vertex 2.256062e+01 2.596735e+01 0.000000e+00
         vertex 2.256062e+01 2.596735e+01 8.000000e+00
      endloop
   endfacet
   facet normal 4.090685e-01 9.125037e-01 0.000000e+00
      outer loop
         vertex 2.256062e+01 2.596735e+01 8.000000e+00
         vertex 2.256062e+01 2.596735e+01 0.000000e+00
         vertex 2.137314e+01 2.649969e+01 0.000000e+00
      endloop
   endfacet
   facet normal 4.090685e-01 9.125037e-01 0.000000e+00
      outer loop
         vertex 2.256062e+01 2.596735e+01 8.000000e+00
         vertex 2.137314e+01 2.649969e+01 0.000000e+00
         vertex 2.137314e+01 2.649969e+01 8.000000e+00
      endloop
   endfacet
   facet normal 2.900201e-01 9.570206e-01 0.000000e+00
      outer loop
         vertex 2.137314e+01 2.649969e+01 8.000000e+00
         vertex 2.137314e+01 2.649969e+01 0.000000e+00
         vertex 2.055089e+01 2.674887e+01 3.500001e+00
      endloop
   endfacet
   facet normal 2.806963e-01 9.597948e-01 1.857288e-03
      outer loop
         vertex 2.137314e+01 2.649969e+01 8.000000e+00
         vertex 2.055089e+01 2.674887e+01 3.500001e+00
         vertex 2.054312e+01 2.675080e+01 3.678378e+00
      endloop
   endfacet
   facet normal -8.021268e-01 5.971538e-01 0.000000e+00
      outer loop
         vertex 2.192089e+01 1.550000e+01 0.000000e+00
         vertex 2.192089e+01 1.550000e+01 8.000000e+00
         vertex 2.235512e+01 1.608328e+01 0.000000e+00
      endloop
   endfacet
   facet normal -8.021268e-01 5.971538e-01 0.000000e+00
      outer loop
         vertex 2.235512e+01 1.608328e+01 0.000000e+00
         vertex 2.192089e+01 1.550000e+01 8.000000e+00
         vertex 2.235512e+01 1.608328e+01 8.000000e+00
      endloop
   endfacet
   facet normal -8.870131e-01 4.617443e-01 0.000000e+00
      outer loop
         vertex 2.235512e+01 1.608328e+01 0.000000e+00
         vertex 2.235512e+01 1.608328e+01 8.000000e+00
         vertex 2.269089e+01 1.672828e+01 0.000000e+00
      endloop
   endfacet
   facet normal -8.870131e-01 4.617443e-01 0.000000e+00
      outer loop
         vertex 2.269089e+01 1.672828e+01 0.000000e+00
         vertex 2.235512e+01 1.608328e+01 8.000000e+00
         vertex 2.269089e+01 1.672828e+01 8.000000e+00
      endloop
   endfacet
   facet normal -9.492435e-01 3.145421e-01 0.000000e+00
      outer loop
         vertex 2.269089e+01 1.672828e+01 0.000000e+00
         vertex 2.269089e+01 1.672828e+01 8.000000e+00
         vertex 2.291961e+01 1.741854e+01 0.000000e+00
      endloop
   endfacet
   facet normal -9.492435e-01 3.145421e-01 0.000000e+00
      outer loop
         vertex 2.291961e+01 1.741854e+01 0.000000e+00
         vertex 2.269089e+01 1.672828e+01 8.000000e+00
         vertex 2.291961e+01 1.741854e+01 8.000000e+00
      endloop
   endfacet
   facet normal -9.872294e-01 1.593053e-01 0.000000e+00
      outer loop
         vertex 2.291961e+01 1.741854e+01 0.000000e+00
         vertex 2.291961e+01 1.741854e+01 8.000000e+00
         vertex 2.303545e+01 1.813642e+01 0.000000e+00
      endloop
   endfacet
   facet normal -9.872294e-01 1.593053e-01 0.000000e+00
      outer loop
         vertex 2.303545e+01 1.813642e+01 0.000000e+00
         vertex 2.291961e+01 1.741854e+01 8.000000e+00
         vertex 2.303545e+01 1.813642e+01 8.000000e+00
      endloop
   endfacet
   facet normal -1.000000e+00 0.000000e+00 0.000000e+00
      outer loop
         vertex 2.303545e+01 1.813642e+01 0.000000e+00
         vertex 2.303545e+01 1.813642e+01 8.000000e+00
         vertex 2.303545e+01 1.886358e+01 0.000000e+00
      endloop
   endfacet
   facet normal -1.000000e+00 0.000000e+00 0.000000e+00
      outer loop
         vertex 2.303545e+01 1.886358e+01 0.000000e+00
         vertex 2.303545e+01 1.813642e+01 8.000000e+00
         vertex 2.303545e+01 1.886358e+01 8.000000e+00
      endloop
   endfacet
   facet normal -9.872294e-01 -1.593053e-01 0.000000e+00
      outer loop
         vertex 2.303545e+01 1.886358e+01 0.000000e+00
         vertex 2.303545e+01 1.886358e+01 8.000000e+00
         vertex 2.291961e+01 1.958146e+01 0.000000e+00
      endloop
   endfacet
   facet normal -9.872294e-01 -1.593053e-01 0.000000e+00
      outer loop
         vertex 2.291961e+01 1.958146e+01 0.000000e+00
         vertex 2.303545e+01 1.886358e+01 8.000000e+00
         vertex 2.291961e+01 1.958146e+01 8.000000e+00
      endloop
   endfacet
   facet normal -9.492435e-01 -3.145421e-01 0.000000e+00
      outer loop
         vertex 2.291961e+01 1.958146e+01 0.000000e+00
         vertex 2.291961e+01 1.958146e+01 8.000000e+00
         vertex 2.269089e+01 2.027172e+01 0.000000e+00
      endloop
   endfacet
   facet normal -9.492435e-01 -3.145421e-01 0.000000e+00
      outer loop
         vertex 2.269089e+01 2.027172e+01 0.000000e+00
         vertex 2.291961e+01 1.958146e+01 8.000000e+00
         vertex 2.269089e+01 2.027172e+01 8.000000e+00
      endloop
   endfacet
   facet normal -8.870131e-01 -4.617443e-01 0.000000e+00
      outer loop
         vertex 2.269089e+01 2.027172e+01 0.000000e+00
         vertex 2.269089e+01 2.027172e+01 8.000000e+00
         vertex 2.235512e+01 2.091672e+01 0.000000e+00
      endloop
   endfacet
   facet normal -8.870131e-01 -4.617443e-01 0.000000e+00
      outer loop
         vertex 2.235512e+01 2.091672e+01 0.000000e+00
         vertex 2.269089e+01 2.027172e+01 8.000000e+00
         vertex 2.235512e+01 2.091672e+01 8.000000e+00
      endloop
   endfacet
   facet normal -8.021268e-01 -5.971538e-01 0.000000e+00
      outer loop
         vertex 2.235512e+01 2.091672e+01 0.000000e+00
         vertex 2.235512e+01 2.091672e+01 8.000000e+00
         vertex 2.192089e+01 2.150000e+01 0.000000e+00
      endloop
   endfacet
   facet normal -8.021268e-01 -5.971538e-01 0.000000e+00
      outer loop
         vertex 2.192089e+01 2.150000e+01 0.000000e+00
         vertex 2.235512e+01 2.091672e+01 8.000000e+00
         vertex 2.192089e+01 2.150000e+01 8.000000e+00
      endloop
   endfacet
   facet normal 0.000000e+00 0.000000e+00 -1.000000e+00
      outer loop
         vertex 2.235512e+01 1.608328e+01 8.000000e+00
         vertex 2.192089e+01 1.550000e+01 8.000000e+00
         vertex 1.507911e+01 1.550000e+01 8.000000e+00
      endloop
   endfacet
   facet normal 0.000000e+00 0.000000e+00 -1.000000e+00
      outer loop
         vertex 1.507911e+01 1.550000e+01 8.000000e+00
         vertex 1.464488e+01 1.608328e+01 8.000000e+00
         vertex 2.235512e+01 1.608328e+01 8.000000e+00
      endloop
   endfacet
   facet normal 0.000000e+00 0.000000e+00 -1.000000e+00
      outer loop
         vertex 2.235512e+01 1.608328e+01 8.000000e+00
         vertex 1.464488e+01 1.608328e+01 8.000000e+00
         vertex 1.430912e+01 1.672828e+01 8.000000e+00
      endloop
   endfacet
   facet normal 0.000000e+00 0.000000e+00 -1.000000e+00
      outer loop
         vertex 2.235512e+01 1.608328e+01 8.000000e+00
         vertex 1.430912e+01 1.672828e+01 8.000000e+00
         vertex 1.408039e+01 1.741854e+01 8.000000e+00
      endloop
   endfacet
   facet normal 0.000000e+00 0.000000e+00 -1.000000e+00
      outer loop
         vertex 2.291961e+01 1.741854e+01 8.000000e+00
         vertex 1.464488e+01 2.091672e+01 8.000000e+00
         vertex 2.303545e+01 1.813642e+01 8.000000e+00
      endloop
   endfacet
   facet normal 0.000000e+00 0.000000e+00 -1.000000e+00
      outer loop
         vertex 2.303545e+01 1.813642e+01 8.000000e+00
         vertex 1.464488e+01 2.091672e+01 8.000000e+00
         vertex 2.303545e+01 1.886358e+01 8.000000e+00
      endloop
   endfacet
   facet normal 0.000000e+00 0.000000e+00 -1.000000e+00
      outer loop
         vertex 1.408039e+01 1.741854e+01 8.000000e+00
         vertex 1.396455e+01 1.813642e+01 8.000000e+00
         vertex 2.235512e+01 1.608328e+01 8.000000e+00
      endloop
   endfacet
   facet normal 0.000000e+00 0.000000e+00 -1.000000e+00
      outer loop
         vertex 2.235512e+01 1.608328e+01 8.000000e+00
         vertex 1.396455e+01 1.813642e+01 8.000000e+00
         vertex 1.396455e+01 1.886358e+01 8.000000e+00
      endloop
   endfacet
   facet normal 0.000000e+00 0.000000e+00 -1.000000e+00
      outer loop
         vertex 2.235512e+01 1.608328e+01 8.000000e+00
         vertex 1.396455e+01 1.886358e+01 8.000000e+00
         vertex 1.408039e+01 1.958146e+01 8.000000e+00
      endloop
   endfacet
   facet normal -0.000000e+00 0.000000e+00 -1.000000e+00
      outer loop
         vertex 2.291961e+01 1.741854e+01 8.000000e+00
         vertex 2.269089e+01 1.672828e+01 8.000000e+00
         vertex 1.464488e+01 2.091672e+01 8.000000e+00
      endloop
   endfacet
   facet normal 0.000000e+00 0.000000e+00 -1.000000e+00
      outer loop
         vertex 1.464488e+01 2.091672e+01 8.000000e+00
         vertex 2.269089e+01 1.672828e+01 8.000000e+00
         vertex 2.235512e+01 1.608328e+01 8.000000e+00
      endloop
   endfacet
   facet normal 0.000000e+00 -0.000000e+00 -1.000000e+00
      outer loop
         vertex 1.464488e+01 2.091672e+01 8.000000e+00
         vertex 2.235512e+01 1.608328e+01 8.000000e+00
         vertex 1.430912e+01 2.027172e+01 8.000000e+00
      endloop
   endfacet
   facet normal 0.000000e+00 -0.000000e+00 -1.000000e+00
      outer loop
         vertex 1.430912e+01 2.027172e+01 8.000000e+00
         vertex 2.235512e+01 1.608328e+01 8.000000e+00
         vertex 1.408039e+01 1.958146e+01 8.000000e+00
      endloop
   endfacet
   facet normal 0.000000e+00 -0.000000e+00 -1.000000e+00
      outer loop
         vertex 1.507911e+01 2.150000e+01 8.000000e+00
         vertex 2.192089e+01 2.150000e+01 8.000000e+00
         vertex 1.464488e+01 2.091672e+01 8.000000e+00
      endloop
   endfacet
   facet normal 0.000000e+00 0.000000e+00 -1.000000e+00
      outer loop
         vertex 1.464488e+01 2.091672e+01 8.000000e+00
         vertex 2.192089e+01 2.150000e+01 8.000000e+00
         vertex 2.235512e+01 2.091672e+01 8.000000e+00
      endloop
   endfacet
   facet normal -0.000000e+00 -0.000000e+00 -1.000000e+00
      outer loop
         vertex 2.235512e+01 2.091672e+01 8.000000e+00
         vertex 2.269089e+01 2.027172e+01 8.000000e+00
         vertex 1.464488e+01 2.091672e+01 8.000000e+00
      endloop
   endfacet
   facet normal 0.000000e+00 0.000000e+00 -1.000000e+00
      outer loop
         vertex 1.464488e+01 2.091672e+01 8.000000e+00
         vertex 2.269089e+01 2.027172e+01 8.000000e+00
         vertex 2.291961e+01 1.958146e+01 8.000000e+00
      endloop
   endfacet
   facet normal 0.000000e+00 0.000000e+00 -1.000000e+00
      outer loop
         vertex 1.464488e+01 2.091672e+01 8.000000e+00
         vertex 2.291961e+01 1.958146e+01 8.000000e+00
         vertex 2.303545e+01 1.886358e+01 8.000000e+00
      endloop
   endfacet
   facet normal 0.000000e+00 -1.000000e+00 0.000000e+00
      outer loop
         vertex 1.850089e+01 2.150000e+01 5.550000e+00
         vertex 1.885687e+01 2.150000e+01 5.518856e+00
         vertex 2.192089e+01 2.150000e+01 8.000000e+00
      endloop
   endfacet
   facet normal 0.000000e+00 -1.000000e+00 -0.000000e+00
      outer loop
         vertex 1.814491e+01 2.150000e+01 1.481145e+00
         vertex 1.507911e+01 2.150000e+01 0.000000e+00
         vertex 1.850089e+01 2.150000e+01 1.450000e+00
      endloop
   endfacet
   facet normal 0.000000e+00 -1.000000e+00 -0.000000e+00
      outer loop
         vertex 1.850089e+01 2.150000e+01 1.450000e+00
         vertex 1.507911e+01 2.150000e+01 0.000000e+00
         vertex 2.192089e+01 2.150000e+01 0.000000e+00
      endloop
   endfacet
   facet normal 0.000000e+00 -1.000000e+00 0.000000e+00
      outer loop
         vertex 1.885687e+01 2.150000e+01 5.518856e+00
         vertex 1.920203e+01 2.150000e+01 5.426370e+00
         vertex 2.192089e+01 2.150000e+01 8.000000e+00
      endloop
   endfacet
   facet normal 0.000000e+00 -1.000000e+00 0.000000e+00
      outer loop
         vertex 2.192089e+01 2.150000e+01 8.000000e+00
         vertex 1.920203e+01 2.150000e+01 5.426370e+00
         vertex 1.952589e+01 2.150000e+01 5.275352e+00
      endloop
   endfacet
   facet normal 0.000000e+00 -1.000000e+00 0.000000e+00
      outer loop
         vertex 2.192089e+01 2.150000e+01 8.000000e+00
         vertex 1.952589e+01 2.150000e+01 5.275352e+00
         vertex 1.981861e+01 2.150000e+01 5.070391e+00
      endloop
   endfacet
   facet normal 0.000000e+00 -1.000000e+00 -0.000000e+00
      outer loop
         vertex 1.952589e+01 2.150000e+01 1.724648e+00
         vertex 1.920203e+01 2.150000e+01 1.573631e+00
         vertex 2.192089e+01 2.150000e+01 0.000000e+00
      endloop
   endfacet
   facet normal 0.000000e+00 -1.000000e+00 0.000000e+00
      outer loop
         vertex 2.192089e+01 2.150000e+01 0.000000e+00
         vertex 1.920203e+01 2.150000e+01 1.573631e+00
         vertex 1.885687e+01 2.150000e+01 1.481145e+00
      endloop
   endfacet
   facet normal 0.000000e+00 -1.000000e+00 0.000000e+00
      outer loop
         vertex 2.192089e+01 2.150000e+01 0.000000e+00
         vertex 1.885687e+01 2.150000e+01 1.481145e+00
         vertex 1.850089e+01 2.150000e+01 1.450000e+00
      endloop
   endfacet
   facet normal 0.000000e+00 -1.000000e+00 0.000000e+00
      outer loop
         vertex 2.192089e+01 2.150000e+01 0.000000e+00
         vertex 2.042726e+01 2.150000e+01 2.798859e+00
         vertex 2.027624e+01 2.150000e+01 2.475000e+00
      endloop
   endfacet
   facet normal 0.000000e+00 -1.000000e+00 0.000000e+00
      outer loop
         vertex 1.981861e+01 2.150000e+01 5.070391e+00
         vertex 2.007128e+01 2.150000e+01 4.817715e+00
         vertex 2.192089e+01 2.150000e+01 8.000000e+00
      endloop
   endfacet
   facet normal 0.000000e+00 -1.000000e+00 0.000000e+00
      outer loop
         vertex 2.192089e+01 2.150000e+01 8.000000e+00
         vertex 2.007128e+01 2.150000e+01 4.817715e+00
         vertex 2.027624e+01 2.150000e+01 4.525000e+00
      endloop
   endfacet
   facet normal 0.000000e+00 -1.000000e+00 0.000000e+00
      outer loop
         vertex 2.192089e+01 2.150000e+01 8.000000e+00
         vertex 2.027624e+01 2.150000e+01 4.525000e+00
         vertex 2.042726e+01 2.150000e+01 4.201141e+00
      endloop
   endfacet
   facet normal 0.000000e+00 -1.000000e+00 -0.000000e+00
      outer loop
         vertex 2.027624e+01 2.150000e+01 2.475000e+00
         vertex 2.007128e+01 2.150000e+01 2.182285e+00
         vertex 2.192089e+01 2.150000e+01 0.000000e+00
      endloop
   endfacet
   facet normal 0.000000e+00 -1.000000e+00 0.000000e+00
      outer loop
         vertex 2.192089e+01 2.150000e+01 0.000000e+00
         vertex 2.007128e+01 2.150000e+01 2.182285e+00
         vertex 1.981861e+01 2.150000e+01 1.929609e+00
      endloop
   endfacet
   facet normal 0.000000e+00 -1.000000e+00 0.000000e+00
      outer loop
         vertex 2.192089e+01 2.150000e+01 0.000000e+00
         vertex 1.981861e+01 2.150000e+01 1.929609e+00
         vertex 1.952589e+01 2.150000e+01 1.724648e+00
      endloop
   endfacet
   facet normal -0.000000e+00 -1.000000e+00 0.000000e+00
      outer loop
         vertex 1.814491e+01 2.150000e+01 1.481145e+00
         vertex 1.779975e+01 2.150000e+01 1.573631e+00
         vertex 1.507911e+01 2.150000e+01 0.000000e+00
      endloop
   endfacet
   facet normal 0.000000e+00 -1.000000e+00 0.000000e+00
      outer loop
         vertex 1.507911e+01 2.150000e+01 0.000000e+00
         vertex 1.779975e+01 2.150000e+01 1.573631e+00
         vertex 1.747589e+01 2.150000e+01 1.724648e+00
      endloop
   endfacet
   facet normal 0.000000e+00 -1.000000e+00 0.000000e+00
      outer loop
         vertex 1.507911e+01 2.150000e+01 0.000000e+00
         vertex 1.747589e+01 2.150000e+01 1.724648e+00
         vertex 1.718318e+01 2.150000e+01 1.929609e+00
      endloop
   endfacet
   facet normal -0.000000e+00 -1.000000e+00 0.000000e+00
      outer loop
         vertex 1.718318e+01 2.150000e+01 1.929609e+00
         vertex 1.693050e+01 2.150000e+01 2.182285e+00
         vertex 1.507911e+01 2.150000e+01 0.000000e+00
      endloop
   endfacet
   facet normal 0.000000e+00 -1.000000e+00 0.000000e+00
      outer loop
         vertex 1.507911e+01 2.150000e+01 0.000000e+00
         vertex 1.693050e+01 2.150000e+01 2.182285e+00
         vertex 1.672554e+01 2.150000e+01 2.475000e+00
      endloop
   endfacet
   facet normal 0.000000e+00 -1.000000e+00 0.000000e+00
      outer loop
         vertex 1.507911e+01 2.150000e+01 0.000000e+00
         vertex 1.672554e+01 2.150000e+01 2.475000e+00
         vertex 1.657452e+01 2.150000e+01 2.798859e+00
      endloop
   endfacet
   facet normal 0.000000e+00 -1.000000e+00 0.000000e+00
      outer loop
         vertex 1.657452e+01 2.150000e+01 4.201141e+00
         vertex 1.672554e+01 2.150000e+01 4.525000e+00
         vertex 1.507911e+01 2.150000e+01 8.000000e+00
      endloop
   endfacet
   facet normal 0.000000e+00 -1.000000e+00 0.000000e+00
      outer loop
         vertex 1.507911e+01 2.150000e+01 8.000000e+00
         vertex 1.672554e+01 2.150000e+01 4.525000e+00
         vertex 1.693050e+01 2.150000e+01 4.817715e+00
      endloop
   endfacet
   facet normal -0.000000e+00 -1.000000e+00 0.000000e+00
      outer loop
         vertex 1.850089e+01 2.150000e+01 5.550000e+00
         vertex 2.192089e+01 2.150000e+01 8.000000e+00
         vertex 1.814491e+01 2.150000e+01 5.518856e+00
      endloop
   endfacet
   facet normal 0.000000e+00 -1.000000e+00 0.000000e+00
      outer loop
         vertex 1.814491e+01 2.150000e+01 5.518856e+00
         vertex 2.192089e+01 2.150000e+01 8.000000e+00
         vertex 1.507911e+01 2.150000e+01 8.000000e+00
      endloop
   endfacet
   facet normal -0.000000e+00 -1.000000e+00 0.000000e+00
      outer loop
         vertex 1.814491e+01 2.150000e+01 5.518856e+00
         vertex 1.507911e+01 2.150000e+01 8.000000e+00
         vertex 1.779975e+01 2.150000e+01 5.426370e+00
      endloop
   endfacet
   facet normal 0.000000e+00 -1.000000e+00 0.000000e+00
      outer loop
         vertex 2.042726e+01 2.150000e+01 4.201141e+00
         vertex 2.051975e+01 2.150000e+01 3.855979e+00
         vertex 2.192089e+01 2.150000e+01 8.000000e+00
      endloop
   endfacet
   facet normal 0.000000e+00 -1.000000e+00 0.000000e+00
      outer loop
         vertex 2.192089e+01 2.150000e+01 8.000000e+00
         vertex 2.051975e+01 2.150000e+01 3.855979e+00
         vertex 2.055089e+01 2.150000e+01 3.500001e+00
      endloop
   endfacet
   facet normal 0.000000e+00 -1.000000e+00 -0.000000e+00
      outer loop
         vertex 2.192089e+01 2.150000e+01 8.000000e+00
         vertex 2.055089e+01 2.150000e+01 3.500001e+00
         vertex 2.192089e+01 2.150000e+01 0.000000e+00
      endloop
   endfacet
   facet normal 0.000000e+00 -1.000000e+00 0.000000e+00
      outer loop
         vertex 2.192089e+01 2.150000e+01 0.000000e+00
         vertex 2.055089e+01 2.150000e+01 3.500001e+00
         vertex 2.051975e+01 2.150000e+01 3.144021e+00
      endloop
   endfacet
   facet normal 0.000000e+00 -1.000000e+00 0.000000e+00
      outer loop
         vertex 2.192089e+01 2.150000e+01 0.000000e+00
         vertex 2.051975e+01 2.150000e+01 3.144021e+00
         vertex 2.042726e+01 2.150000e+01 2.798859e+00
      endloop
   endfacet
   facet normal 0.000000e+00 -1.000000e+00 0.000000e+00
      outer loop
         vertex 1.693050e+01 2.150000e+01 4.817715e+00
         vertex 1.718318e+01 2.150000e+01 5.070391e+00
         vertex 1.507911e+01 2.150000e+01 8.000000e+00
      endloop
   endfacet
   facet normal 0.000000e+00 -1.000000e+00 0.000000e+00
      outer loop
         vertex 1.507911e+01 2.150000e+01 8.000000e+00
         vertex 1.718318e+01 2.150000e+01 5.070391e+00
         vertex 1.747589e+01 2.150000e+01 5.275352e+00
      endloop
   endfacet
   facet normal 0.000000e+00 -1.000000e+00 0.000000e+00
      outer loop
         vertex 1.507911e+01 2.150000e+01 8.000000e+00
         vertex 1.747589e+01 2.150000e+01 5.275352e+00
         vertex 1.779975e+01 2.150000e+01 5.426370e+00
      endloop
   endfacet
   facet normal -0.000000e+00 -1.000000e+00 0.000000e+00
      outer loop
         vertex 1.657452e+01 2.150000e+01 2.798859e+00
         vertex 1.648204e+01 2.150000e+01 3.144021e+00
         vertex 1.507911e+01 2.150000e+01 0.000000e+00
      endloop
   endfacet
   facet normal 0.000000e+00 -1.000000e+00 0.000000e+00
      outer loop
         vertex 1.507911e+01 2.150000e+01 0.000000e+00
         vertex 1.648204e+01 2.150000e+01 3.144021e+00
         vertex 1.645089e+01 2.150000e+01 3.500001e+00
      endloop
   endfacet
   facet normal 0.000000e+00 -1.000000e+00 0.000000e+00
      outer loop
         vertex 1.507911e+01 2.150000e+01 0.000000e+00
         vertex 1.645089e+01 2.150000e+01 3.500001e+00
         vertex 1.507911e+01 2.150000e+01 8.000000e+00
      endloop
   endfacet
   facet normal 0.000000e+00 -1.000000e+00 0.000000e+00
      outer loop
         vertex 1.507911e+01 2.150000e+01 8.000000e+00
         vertex 1.645089e+01 2.150000e+01 3.500001e+00
         vertex 1.648204e+01 2.150000e+01 3.855979e+00
      endloop
   endfacet
   facet normal 0.000000e+00 -1.000000e+00 0.000000e+00
      outer loop
         vertex 1.507911e+01 2.150000e+01 8.000000e+00
         vertex 1.648204e+01 2.150000e+01 3.855979e+00
         vertex 1.657452e+01 2.150000e+01 4.201141e+00
      endloop
   endfacet
   facet normal 0.000000e+00 1.000000e+00 0.000000e+00
      outer loop
         vertex 2.192089e+01 1.550000e+01 8.000000e+00
         vertex 1.850089e+01 1.550000e+01 5.550000e+00
         vertex 1.507911e+01 1.550000e+01 8.000000e+00
      endloop
   endfacet
   facet normal 0.000000e+00 1.000000e+00 0.000000e+00
      outer loop
         vertex 1.507911e+01 1.550000e+01 8.000000e+00
         vertex 1.850089e+01 1.550000e+01 5.550000e+00
         vertex 1.814491e+01 1.550000e+01 5.518856e+00
      endloop
   endfacet
   facet normal -0.000000e+00 1.000000e+00 0.000000e+00
      outer loop
         vertex 1.952589e+01 1.550000e+01 1.724648e+00
         vertex 1.981861e+01 1.550000e+01 1.929609e+00
         vertex 2.192089e+01 1.550000e+01 0.000000e+00
      endloop
   endfacet
   facet normal 0.000000e+00 1.000000e+00 -0.000000e+00
      outer loop
         vertex 1.952589e+01 1.550000e+01 5.275352e+00
         vertex 1.920203e+01 1.550000e+01 5.426370e+00
         vertex 2.192089e+01 1.550000e+01 8.000000e+00
      endloop
   endfacet
   facet normal 0.000000e+00 1.000000e+00 0.000000e+00
      outer loop
         vertex 2.192089e+01 1.550000e+01 8.000000e+00
         vertex 1.920203e+01 1.550000e+01 5.426370e+00
         vertex 1.885687e+01 1.550000e+01 5.518856e+00
      endloop
   endfacet
   facet normal 0.000000e+00 1.000000e+00 0.000000e+00
      outer loop
         vertex 2.192089e+01 1.550000e+01 8.000000e+00
         vertex 1.885687e+01 1.550000e+01 5.518856e+00
         vertex 1.850089e+01 1.550000e+01 5.550000e+00
      endloop
   endfacet
   facet normal 0.000000e+00 1.000000e+00 0.000000e+00
      outer loop
         vertex 1.814491e+01 1.550000e+01 5.518856e+00
         vertex 1.779975e+01 1.550000e+01 5.426370e+00
         vertex 1.507911e+01 1.550000e+01 8.000000e+00
      endloop
   endfacet
   facet normal 0.000000e+00 1.000000e+00 0.000000e+00
      outer loop
         vertex 1.507911e+01 1.550000e+01 8.000000e+00
         vertex 1.779975e+01 1.550000e+01 5.426370e+00
         vertex 1.747589e+01 1.550000e+01 5.275352e+00
      endloop
   endfacet
   facet normal 0.000000e+00 1.000000e+00 0.000000e+00
      outer loop
         vertex 1.507911e+01 1.550000e+01 8.000000e+00
         vertex 1.747589e+01 1.550000e+01 5.275352e+00
         vertex 1.718318e+01 1.550000e+01 5.070391e+00
      endloop
   endfacet
   facet normal 0.000000e+00 1.000000e+00 0.000000e+00
      outer loop
         vertex 1.718318e+01 1.550000e+01 5.070391e+00
         vertex 1.693050e+01 1.550000e+01 4.817715e+00
         vertex 1.507911e+01 1.550000e+01 8.000000e+00
      endloop
   endfacet
   facet normal 0.000000e+00 1.000000e+00 0.000000e+00
      outer loop
         vertex 1.507911e+01 1.550000e+01 8.000000e+00
         vertex 1.693050e+01 1.550000e+01 4.817715e+00
         vertex 1.672554e+01 1.550000e+01 4.525000e+00
      endloop
   endfacet
   facet normal 0.000000e+00 1.000000e+00 0.000000e+00
      outer loop
         vertex 1.507911e+01 1.550000e+01 8.000000e+00
         vertex 1.672554e+01 1.550000e+01 4.525000e+00
         vertex 1.657452e+01 1.550000e+01 4.201141e+00
      endloop
   endfacet
   facet normal 0.000000e+00 1.000000e+00 0.000000e+00
      outer loop
         vertex 1.657452e+01 1.550000e+01 2.798859e+00
         vertex 1.672554e+01 1.550000e+01 2.475000e+00
         vertex 1.507911e+01 1.550000e+01 0.000000e+00
      endloop
   endfacet
   facet normal 0.000000e+00 1.000000e+00 0.000000e+00
      outer loop
         vertex 1.507911e+01 1.550000e+01 0.000000e+00
         vertex 1.672554e+01 1.550000e+01 2.475000e+00
         vertex 1.693050e+01 1.550000e+01 2.182285e+00
      endloop
   endfacet
   facet normal 0.000000e+00 1.000000e+00 0.000000e+00
      outer loop
         vertex 1.952589e+01 1.550000e+01 1.724648e+00
         vertex 2.192089e+01 1.550000e+01 0.000000e+00
         vertex 1.920203e+01 1.550000e+01 1.573631e+00
      endloop
   endfacet
   facet normal 0.000000e+00 1.000000e+00 0.000000e+00
      outer loop
         vertex 1.657452e+01 1.550000e+01 4.201141e+00
         vertex 1.648204e+01 1.550000e+01 3.855979e+00
         vertex 1.507911e+01 1.550000e+01 8.000000e+00
      endloop
   endfacet
   facet normal 0.000000e+00 1.000000e+00 0.000000e+00
      outer loop
         vertex 1.507911e+01 1.550000e+01 8.000000e+00
         vertex 1.648204e+01 1.550000e+01 3.855979e+00
         vertex 1.645089e+01 1.550000e+01 3.500001e+00
      endloop
   endfacet
   facet normal 0.000000e+00 1.000000e+00 0.000000e+00
      outer loop
         vertex 1.507911e+01 1.550000e+01 8.000000e+00
         vertex 1.645089e+01 1.550000e+01 3.500001e+00
         vertex 1.507911e+01 1.550000e+01 0.000000e+00
      endloop
   endfacet
   facet normal 0.000000e+00 1.000000e+00 0.000000e+00
      outer loop
         vertex 1.507911e+01 1.550000e+01 0.000000e+00
         vertex 1.645089e+01 1.550000e+01 3.500001e+00
         vertex 1.648204e+01 1.550000e+01 3.144021e+00
      endloop
   endfacet
   facet normal 0.000000e+00 1.000000e+00 0.000000e+00
      outer loop
         vertex 1.507911e+01 1.550000e+01 0.000000e+00
         vertex 1.648204e+01 1.550000e+01 3.144021e+00
         vertex 1.657452e+01 1.550000e+01 2.798859e+00
      endloop
   endfacet
   facet normal 0.000000e+00 1.000000e+00 0.000000e+00
      outer loop
         vertex 1.693050e+01 1.550000e+01 2.182285e+00
         vertex 1.718318e+01 1.550000e+01 1.929609e+00
         vertex 1.507911e+01 1.550000e+01 0.000000e+00
      endloop
   endfacet
   facet normal 0.000000e+00 1.000000e+00 0.000000e+00
      outer loop
         vertex 1.507911e+01 1.550000e+01 0.000000e+00
         vertex 1.718318e+01 1.550000e+01 1.929609e+00
         vertex 1.747589e+01 1.550000e+01 1.724648e+00
      endloop
   endfacet
   facet normal 0.000000e+00 1.000000e+00 0.000000e+00
      outer loop
         vertex 1.507911e+01 1.550000e+01 0.000000e+00
         vertex 1.747589e+01 1.550000e+01 1.724648e+00
         vertex 1.779975e+01 1.550000e+01 1.573631e+00
      endloop
   endfacet
   facet normal 0.000000e+00 1.000000e+00 0.000000e+00
      outer loop
         vertex 1.779975e+01 1.550000e+01 1.573631e+00
         vertex 1.814491e+01 1.550000e+01 1.481145e+00
         vertex 1.507911e+01 1.550000e+01 0.000000e+00
      endloop
   endfacet
   facet normal 0.000000e+00 1.000000e+00 0.000000e+00
      outer loop
         vertex 1.507911e+01 1.550000e+01 0.000000e+00
         vertex 1.814491e+01 1.550000e+01 1.481145e+00
         vertex 1.850089e+01 1.550000e+01 1.450000e+00
      endloop
   endfacet
   facet normal 0.000000e+00 1.000000e+00 0.000000e+00
      outer loop
         vertex 1.507911e+01 1.550000e+01 0.000000e+00
         vertex 1.850089e+01 1.550000e+01 1.450000e+00
         vertex 2.192089e+01 1.550000e+01 0.000000e+00
      endloop
   endfacet
   facet normal 0.000000e+00 1.000000e+00 0.000000e+00
      outer loop
         vertex 2.192089e+01 1.550000e+01 0.000000e+00
         vertex 1.850089e+01 1.550000e+01 1.450000e+00
         vertex 1.885687e+01 1.550000e+01 1.481145e+00
      endloop
   endfacet
   facet normal 0.000000e+00 1.000000e+00 0.000000e+00
      outer loop
         vertex 2.192089e+01 1.550000e+01 0.000000e+00
         vertex 1.885687e+01 1.550000e+01 1.481145e+00
         vertex 1.920203e+01 1.550000e+01 1.573631e+00
      endloop
   endfacet
   facet normal -0.000000e+00 1.000000e+00 0.000000e+00
      outer loop
         vertex 1.981861e+01 1.550000e+01 1.929609e+00
         vertex 2.007128e+01 1.550000e+01 2.182285e+00
         vertex 2.192089e+01 1.550000e+01 0.000000e+00
      endloop
   endfacet
   facet normal 0.000000e+00 1.000000e+00 0.000000e+00
      outer loop
         vertex 2.192089e+01 1.550000e+01 0.000000e+00
         vertex 2.007128e+01 1.550000e+01 2.182285e+00
         vertex 2.027624e+01 1.550000e+01 2.475000e+00
      endloop
   endfacet
   facet normal 0.000000e+00 1.000000e+00 0.000000e+00
      outer loop
         vertex 2.192089e+01 1.550000e+01 0.000000e+00
         vertex 2.027624e+01 1.550000e+01 2.475000e+00
         vertex 2.042726e+01 1.550000e+01 2.798859e+00
      endloop
   endfacet
   facet normal 0.000000e+00 1.000000e+00 0.000000e+00
      outer loop
         vertex 2.192089e+01 1.550000e+01 8.000000e+00
         vertex 2.042726e+01 1.550000e+01 4.201141e+00
         vertex 2.027624e+01 1.550000e+01 4.525000e+00
      endloop
   endfacet
   facet normal 0.000000e+00 1.000000e+00 -0.000000e+00
      outer loop
         vertex 2.027624e+01 1.550000e+01 4.525000e+00
         vertex 2.007128e+01 1.550000e+01 4.817715e+00
         vertex 2.192089e+01 1.550000e+01 8.000000e+00
      endloop
   endfacet
   facet normal 0.000000e+00 1.000000e+00 0.000000e+00
      outer loop
         vertex 2.192089e+01 1.550000e+01 8.000000e+00
         vertex 2.007128e+01 1.550000e+01 4.817715e+00
         vertex 1.981861e+01 1.550000e+01 5.070391e+00
      endloop
   endfacet
   facet normal 0.000000e+00 1.000000e+00 0.000000e+00
      outer loop
         vertex 2.192089e+01 1.550000e+01 8.000000e+00
         vertex 1.981861e+01 1.550000e+01 5.070391e+00
         vertex 1.952589e+01 1.550000e+01 5.275352e+00
      endloop
   endfacet
   facet normal -0.000000e+00 1.000000e+00 0.000000e+00
      outer loop
         vertex 2.042726e+01 1.550000e+01 2.798859e+00
         vertex 2.051975e+01 1.550000e+01 3.144021e+00
         vertex 2.192089e+01 1.550000e+01 0.000000e+00
      endloop
   endfacet
   facet normal 0.000000e+00 1.000000e+00 0.000000e+00
      outer loop
         vertex 2.192089e+01 1.550000e+01 0.000000e+00
         vertex 2.051975e+01 1.550000e+01 3.144021e+00
         vertex 2.055089e+01 1.550000e+01 3.500001e+00
      endloop
   endfacet
   facet normal 0.000000e+00 1.000000e+00 -0.000000e+00
      outer loop
         vertex 2.192089e+01 1.550000e+01 0.000000e+00
         vertex 2.055089e+01 1.550000e+01 3.500001e+00
         vertex 2.192089e+01 1.550000e+01 8.000000e+00
      endloop
   endfacet
   facet normal 0.000000e+00 1.000000e+00 0.000000e+00
      outer loop
         vertex 2.192089e+01 1.550000e+01 8.000000e+00
         vertex 2.055089e+01 1.550000e+01 3.500001e+00
         vertex 2.051975e+01 1.550000e+01 3.855979e+00
      endloop
   endfacet
   facet normal 0.000000e+00 1.000000e+00 0.000000e+00
      outer loop
         vertex 2.192089e+01 1.550000e+01 8.000000e+00
         vertex 2.051975e+01 1.550000e+01 3.855979e+00
         vertex 2.042726e+01 1.550000e+01 4.201141e+00
      endloop
   endfacet
   facet normal -9.914494e-01 0.000000e+00 1.304915e-01
      outer loop
         vertex 2.054310e+01 2.675080e+01 3.321472e+00
         vertex 2.051975e+01 2.675655e+01 3.144021e+00
         vertex 2.051975e+01 2.150000e+01 3.144021e+00
      endloop
   endfacet
   facet normal -1.660302e-01 0.000000e+00 9.861207e-01
      outer loop
         vertex 1.885687e+01 2.699251e+01 1.481145e+00
         vertex 1.882557e+01 2.699376e+01 1.475875e+00
         vertex 1.885687e+01 2.150000e+01 1.481145e+00
      endloop
   endfacet
   facet normal -8.715643e-02 4.589960e-04 9.961945e-01
      outer loop
         vertex 1.885687e+01 2.150000e+01 1.481145e+00
         vertex 1.882557e+01 2.699376e+01 1.475875e+00
         vertex 1.850089e+01 2.150000e+01 1.450000e+00
      endloop
   endfacet
   facet normal -2.162858e-01 0.000000e+00 9.763301e-01
      outer loop
         vertex 1.885687e+01 2.699251e+01 1.481145e+00
         vertex 1.885687e+01 2.150000e+01 1.481145e+00
         vertex 1.903086e+01 2.698341e+01 1.519688e+00
      endloop
   endfacet
   facet normal -2.588185e-01 1.422710e-03 9.659249e-01
      outer loop
         vertex 1.903086e+01 2.698341e+01 1.519688e+00
         vertex 1.885687e+01 2.150000e+01 1.481145e+00
         vertex 1.920203e+01 2.150000e+01 1.573631e+00
      endloop
   endfacet
   facet normal -3.005612e-01 0.000000e+00 9.537625e-01
      outer loop
         vertex 1.903086e+01 2.698341e+01 1.519688e+00
         vertex 1.920203e+01 2.150000e+01 1.573631e+00
         vertex 1.920203e+01 2.697096e+01 1.573631e+00
      endloop
   endfacet
   facet normal -3.828137e-01 0.000000e+00 9.238256e-01
      outer loop
         vertex 1.920203e+01 2.697096e+01 1.573631e+00
         vertex 1.920203e+01 2.150000e+01 1.573631e+00
         vertex 1.936779e+01 2.695559e+01 1.642318e+00
      endloop
   endfacet
   facet normal -4.226175e-01 1.429953e-03 9.063070e-01
      outer loop
         vertex 1.936779e+01 2.695559e+01 1.642318e+00
         vertex 1.920203e+01 2.150000e+01 1.573631e+00
         vertex 1.952589e+01 2.150000e+01 1.724648e+00
      endloop
   endfacet
   facet normal -4.618782e-01 0.000000e+00 8.869434e-01
      outer loop
         vertex 1.936779e+01 2.695559e+01 1.642318e+00
         vertex 1.952589e+01 2.150000e+01 1.724648e+00
         vertex 1.952589e+01 2.693786e+01 1.724648e+00
      endloop
   endfacet
   facet normal -5.735762e-01 0.000000e+00 8.191522e-01
      outer loop
         vertex 1.952589e+01 2.693786e+01 1.724648e+00
         vertex 1.952589e+01 2.150000e+01 1.724648e+00
         vertex 1.981861e+01 2.150000e+01 1.929609e+00
      endloop
   endfacet
   facet normal -5.735762e-01 0.000000e+00 8.191522e-01
      outer loop
         vertex 1.952589e+01 2.693786e+01 1.724648e+00
         vertex 1.981861e+01 2.150000e+01 1.929609e+00
         vertex 1.981861e+01 2.689710e+01 1.929609e+00
      endloop
   endfacet
   facet normal -7.071063e-01 0.000000e+00 7.071073e-01
      outer loop
         vertex 1.981861e+01 2.689710e+01 1.929609e+00
         vertex 1.981861e+01 2.150000e+01 1.929609e+00
         vertex 2.007128e+01 2.150000e+01 2.182285e+00
      endloop
   endfacet
   facet normal -7.071063e-01 0.000000e+00 7.071073e-01
      outer loop
         vertex 1.981861e+01 2.689710e+01 1.929609e+00
         vertex 2.007128e+01 2.150000e+01 2.182285e+00
         vertex 2.007128e+01 2.685351e+01 2.182285e+00
      endloop
   endfacet
   facet normal -8.191522e-01 0.000000e+00 5.735763e-01
      outer loop
         vertex 2.027624e+01 2.150000e+01 2.475000e+00
         vertex 2.027624e+01 2.681234e+01 2.475000e+00
         vertex 2.007128e+01 2.150000e+01 2.182285e+00
      endloop
   endfacet
   facet normal -8.303739e-01 1.335026e-03 5.572050e-01
      outer loop
         vertex 2.007128e+01 2.150000e+01 2.182285e+00
         vertex 2.027624e+01 2.681234e+01 2.475000e+00
         vertex 2.012272e+01 2.684367e+01 2.246141e+00
      endloop
   endfacet
   facet normal -7.787486e-01 0.000000e+00 6.273361e-01
      outer loop
         vertex 2.007128e+01 2.150000e+01 2.182285e+00
         vertex 2.012272e+01 2.684367e+01 2.246141e+00
         vertex 2.007128e+01 2.685351e+01 2.182285e+00
      endloop
   endfacet
   facet normal -9.659257e-01 0.000000e+00 2.588194e-01
      outer loop
         vertex 2.051975e+01 2.150000e+01 3.144021e+00
         vertex 2.051975e+01 2.675655e+01 3.144021e+00
         vertex 2.042726e+01 2.150000e+01 2.798859e+00
      endloop
   endfacet
   facet normal -9.762248e-01 2.944239e-03 2.167405e-01
      outer loop
         vertex 2.051975e+01 2.675655e+01 3.144021e+00
         vertex 2.048088e+01 2.676596e+01 2.968812e+00
         vertex 2.042726e+01 2.150000e+01 2.798859e+00
      endloop
   endfacet
   facet normal -9.536708e-01 0.000000e+00 3.008520e-01
      outer loop
         vertex 2.042726e+01 2.150000e+01 2.798859e+00
         vertex 2.048088e+01 2.676596e+01 2.968812e+00
         vertex 2.042726e+01 2.677863e+01 2.798859e+00
      endloop
   endfacet
   facet normal -9.063080e-01 0.000000e+00 4.226179e-01
      outer loop
         vertex 2.042726e+01 2.150000e+01 2.798859e+00
         vertex 2.042726e+01 2.677863e+01 2.798859e+00
         vertex 2.027624e+01 2.150000e+01 2.475000e+00
      endloop
   endfacet
   facet normal -9.237913e-01 2.937913e-03 3.828850e-01
      outer loop
         vertex 2.027624e+01 2.150000e+01 2.475000e+00
         vertex 2.042726e+01 2.677863e+01 2.798859e+00
         vertex 2.035889e+01 2.679425e+01 2.633766e+00
      endloop
   endfacet
   facet normal -8.870274e-01 0.000000e+00 4.617168e-01
      outer loop
         vertex 2.027624e+01 2.150000e+01 2.475000e+00
         vertex 2.035889e+01 2.679425e+01 2.633766e+00
         vertex 2.027624e+01 2.681234e+01 2.475000e+00
      endloop
   endfacet
   facet normal -9.990439e-01 2.969688e-03 4.361726e-02
      outer loop
         vertex 2.054310e+01 2.675080e+01 3.321472e+00
         vertex 2.051975e+01 2.150000e+01 3.144021e+00
         vertex 2.055089e+01 2.674887e+01 3.500001e+00
      endloop
   endfacet
   facet normal -9.961947e-01 0.000000e+00 8.715563e-02
      outer loop
         vertex 2.055089e+01 2.674887e+01 3.500001e+00
         vertex 2.051975e+01 2.150000e+01 3.144021e+00
         vertex 2.055089e+01 2.150000e+01 3.500001e+00
      endloop
   endfacet
   facet normal -9.990513e-01 -0.000000e+00 -4.354820e-02
      outer loop
         vertex 2.055089e+01 2.674887e+01 3.500001e+00
         vertex 2.055089e+01 2.150000e+01 3.500001e+00
         vertex 2.054312e+01 2.675080e+01 3.678378e+00
      endloop
   endfacet
   facet normal -9.961936e-01 1.485643e-03 -8.715576e-02
      outer loop
         vertex 2.054312e+01 2.675080e+01 3.678378e+00
         vertex 2.055089e+01 2.150000e+01 3.500001e+00
         vertex 2.051975e+01 2.150000e+01 3.855979e+00
      endloop
   endfacet
   facet normal -9.914542e-01 0.000000e+00 -1.304553e-01
      outer loop
         vertex 2.054312e+01 2.675080e+01 3.678378e+00
         vertex 2.051975e+01 2.150000e+01 3.855979e+00
         vertex 2.051975e+01 2.675655e+01 3.855979e+00
      endloop
   endfacet
   facet normal -9.762888e-01 -0.000000e+00 -2.164723e-01
      outer loop
         vertex 2.051975e+01 2.675655e+01 3.855979e+00
         vertex 2.051975e+01 2.150000e+01 3.855979e+00
         vertex 2.048100e+01 2.676593e+01 4.030712e+00
      endloop
   endfacet
   facet normal -9.659247e-01 1.481394e-03 -2.588191e-01
      outer loop
         vertex 2.048100e+01 2.676593e+01 4.030712e+00
         vertex 2.051975e+01 2.150000e+01 3.855979e+00
         vertex 2.042726e+01 2.150000e+01 4.201141e+00
      endloop
   endfacet
   facet normal -9.537066e-01 0.000000e+00 -3.007385e-01
      outer loop
         vertex 2.048100e+01 2.676593e+01 4.030712e+00
         vertex 2.042726e+01 2.150000e+01 4.201141e+00
         vertex 2.042726e+01 2.677863e+01 4.201141e+00
      endloop
   endfacet
   facet normal -9.238575e-01 -0.000000e+00 -3.827367e-01
      outer loop
         vertex 2.042726e+01 2.677863e+01 4.201141e+00
         vertex 2.042726e+01 2.150000e+01 4.201141e+00
         vertex 2.035872e+01 2.679428e+01 4.366587e+00
      endloop
   endfacet
   facet normal -9.063070e-01 1.473482e-03 -4.226174e-01
      outer loop
         vertex 2.035872e+01 2.679428e+01 4.366587e+00
         vertex 2.042726e+01 2.150000e+01 4.201141e+00
         vertex 2.027624e+01 2.150000e+01 4.525000e+00
      endloop
   endfacet
   facet normal -8.869833e-01 0.000000e+00 -4.618015e-01
      outer loop
         vertex 2.035872e+01 2.679428e+01 4.366587e+00
         vertex 2.027624e+01 2.150000e+01 4.525000e+00
         vertex 2.027624e+01 2.681234e+01 4.525000e+00
      endloop
   endfacet
   facet normal -8.304592e-01 -0.000000e+00 -5.570795e-01
      outer loop
         vertex 2.027624e+01 2.681234e+01 4.525000e+00
         vertex 2.027624e+01 2.150000e+01 4.525000e+00
         vertex 2.012272e+01 2.684367e+01 4.753859e+00
      endloop
   endfacet
   facet normal -8.191517e-01 1.031366e-03 -5.735759e-01
      outer loop
         vertex 2.012272e+01 2.684367e+01 4.753859e+00
         vertex 2.027624e+01 2.150000e+01 4.525000e+00
         vertex 2.007128e+01 2.150000e+01 4.817715e+00
      endloop
   endfacet
   facet normal -7.787486e-01 0.000000e+00 -6.273361e-01
      outer loop
         vertex 2.012272e+01 2.684367e+01 4.753859e+00
         vertex 2.007128e+01 2.150000e+01 4.817715e+00
         vertex 2.007128e+01 2.685351e+01 4.817715e+00
      endloop
   endfacet
   facet normal -7.071063e-01 -0.000000e+00 -7.071073e-01
      outer loop
         vertex 2.007128e+01 2.685351e+01 4.817715e+00
         vertex 2.007128e+01 2.150000e+01 4.817715e+00
         vertex 1.981861e+01 2.150000e+01 5.070391e+00
      endloop
   endfacet
   facet normal -7.071063e-01 0.000000e+00 -7.071073e-01
      outer loop
         vertex 2.007128e+01 2.685351e+01 4.817715e+00
         vertex 1.981861e+01 2.150000e+01 5.070391e+00
         vertex 1.981861e+01 2.689710e+01 5.070391e+00
      endloop
   endfacet
   facet normal -5.735771e-01 -0.000000e+00 -8.191516e-01
      outer loop
         vertex 1.981861e+01 2.689710e+01 5.070391e+00
         vertex 1.981861e+01 2.150000e+01 5.070391e+00
         vertex 1.952589e+01 2.150000e+01 5.275352e+00
      endloop
   endfacet
   facet normal -5.735771e-01 0.000000e+00 -8.191516e-01
      outer loop
         vertex 1.981861e+01 2.689710e+01 5.070391e+00
         vertex 1.952589e+01 2.150000e+01 5.275352e+00
         vertex 1.952589e+01 2.693786e+01 5.275352e+00
      endloop
   endfacet
   facet normal -4.616375e-01 -0.000000e+00 -8.870687e-01
      outer loop
         vertex 1.952589e+01 2.693786e+01 5.275352e+00
         vertex 1.952589e+01 2.150000e+01 5.275352e+00
         vertex 1.936679e+01 2.695569e+01 5.358148e+00
      endloop
   endfacet
   facet normal -4.226175e-01 1.429859e-03 -9.063070e-01
      outer loop
         vertex 1.936679e+01 2.695569e+01 5.358148e+00
         vertex 1.952589e+01 2.150000e+01 5.275352e+00
         vertex 1.920203e+01 2.150000e+01 5.426370e+00
      endloop
   endfacet
   facet normal -3.825670e-01 0.000000e+00 -9.239278e-01
      outer loop
         vertex 1.936679e+01 2.695569e+01 5.358148e+00
         vertex 1.920203e+01 2.150000e+01 5.426370e+00
         vertex 1.920203e+01 2.697096e+01 5.426370e+00
      endloop
   endfacet
   facet normal -3.008084e-01 -0.000000e+00 -9.536846e-01
      outer loop
         vertex 1.920203e+01 2.697096e+01 5.426370e+00
         vertex 1.920203e+01 2.150000e+01 5.426370e+00
         vertex 1.903189e+01 2.698334e+01 5.480035e+00
      endloop
   endfacet
   facet normal -2.588185e-01 1.422681e-03 -9.659249e-01
      outer loop
         vertex 1.903189e+01 2.698334e+01 5.480035e+00
         vertex 1.920203e+01 2.150000e+01 5.426370e+00
         vertex 1.885687e+01 2.150000e+01 5.518856e+00
      endloop
   endfacet
   facet normal -2.165474e-01 1.782351e-07 -9.762721e-01
      outer loop
         vertex 1.903189e+01 2.698334e+01 5.480035e+00
         vertex 1.885687e+01 2.150000e+01 5.518856e+00
         vertex 1.885689e+01 2.699250e+01 5.518854e+00
      endloop
   endfacet
   facet normal -1.660241e-01 3.591907e-08 -9.861217e-01
      outer loop
         vertex 1.885689e+01 2.699250e+01 5.518854e+00
         vertex 1.885687e+01 2.150000e+01 5.518856e+00
         vertex 1.882557e+01 2.699376e+01 5.524125e+00
      endloop
   endfacet
   facet normal -8.715643e-02 4.589960e-04 -9.961945e-01
      outer loop
         vertex 1.882557e+01 2.699376e+01 5.524125e+00
         vertex 1.885687e+01 2.150000e+01 5.518856e+00
         vertex 1.850089e+01 2.150000e+01 5.550000e+00
      endloop
   endfacet
   facet normal -7.944141e-02 0.000000e+00 -9.968395e-01
      outer loop
         vertex 1.882557e+01 2.699376e+01 5.524125e+00
         vertex 1.850089e+01 2.150000e+01 5.550000e+00
         vertex 1.850089e+01 2.700000e+01 5.550000e+00
      endloop
   endfacet
   facet normal 4.352073e-02 0.000000e+00 -9.990525e-01
      outer loop
         vertex 1.850089e+01 2.700000e+01 5.550000e+00
         vertex 1.850089e+01 2.150000e+01 5.550000e+00
         vertex 1.832263e+01 2.699815e+01 5.542235e+00
      endloop
   endfacet
   facet normal 8.715635e-02 1.418785e-03 -9.961936e-01
      outer loop
         vertex 1.832263e+01 2.699815e+01 5.542235e+00
         vertex 1.850089e+01 2.150000e+01 5.550000e+00
         vertex 1.814491e+01 2.150000e+01 5.518856e+00
      endloop
   endfacet
   facet normal 1.304269e-01 0.000000e+00 -9.914579e-01
      outer loop
         vertex 1.832263e+01 2.699815e+01 5.542235e+00
         vertex 1.814491e+01 2.150000e+01 5.518856e+00
         vertex 1.814491e+01 2.699258e+01 5.518856e+00
      endloop
   endfacet
   facet normal 2.166306e-01 0.000000e+00 -9.762536e-01
      outer loop
         vertex 1.814491e+01 2.699258e+01 5.518856e+00
         vertex 1.814491e+01 2.150000e+01 5.518856e+00
         vertex 1.796953e+01 2.698343e+01 5.479939e+00
      endloop
   endfacet
   facet normal 2.588185e-01 1.422640e-03 -9.659249e-01
      outer loop
         vertex 1.796953e+01 2.698343e+01 5.479939e+00
         vertex 1.814491e+01 2.150000e+01 5.518856e+00
         vertex 1.779975e+01 2.150000e+01 5.426370e+00
      endloop
   endfacet
   facet normal 3.008950e-01 0.000000e+00 -9.536573e-01
      outer loop
         vertex 1.796953e+01 2.698343e+01 5.479939e+00
         vertex 1.779975e+01 2.150000e+01 5.426370e+00
         vertex 1.779975e+01 2.697111e+01 5.426370e+00
      endloop
   endfacet
   facet normal 4.100926e-01 0.000000e+00 -9.120439e-01
      outer loop
         vertex 1.779975e+01 2.697111e+01 5.426370e+00
         vertex 1.779975e+01 2.150000e+01 5.426370e+00
         vertex 1.752519e+01 2.694392e+01 5.302917e+00
      endloop
   endfacet
   facet normal 4.226179e-01 7.617824e-04 -9.063076e-01
      outer loop
         vertex 1.752519e+01 2.694392e+01 5.302917e+00
         vertex 1.779975e+01 2.150000e+01 5.426370e+00
         vertex 1.747589e+01 2.150000e+01 5.275352e+00
      endloop
   endfacet
   facet normal 4.880214e-01 0.000000e+00 -8.728317e-01
      outer loop
         vertex 1.752519e+01 2.694392e+01 5.302917e+00
         vertex 1.747589e+01 2.150000e+01 5.275352e+00
         vertex 1.747589e+01 2.693808e+01 5.275352e+00
      endloop
   endfacet
   facet normal 5.735769e-01 0.000000e+00 -8.191517e-01
      outer loop
         vertex 1.747589e+01 2.693808e+01 5.275352e+00
         vertex 1.747589e+01 2.150000e+01 5.275352e+00
         vertex 1.718318e+01 2.150000e+01 5.070391e+00
      endloop
   endfacet
   facet normal 5.735769e-01 0.000000e+00 -8.191517e-01
      outer loop
         vertex 1.747589e+01 2.693808e+01 5.275352e+00
         vertex 1.718318e+01 2.150000e+01 5.070391e+00
         vertex 1.718318e+01 2.689738e+01 5.070391e+00
      endloop
   endfacet
   facet normal 7.071065e-01 0.000000e+00 -7.071071e-01
      outer loop
         vertex 1.718318e+01 2.689738e+01 5.070391e+00
         vertex 1.718318e+01 2.150000e+01 5.070391e+00
         vertex 1.693050e+01 2.150000e+01 4.817715e+00
      endloop
   endfacet
   facet normal 7.071065e-01 0.000000e+00 -7.071071e-01
      outer loop
         vertex 1.718318e+01 2.689738e+01 5.070391e+00
         vertex 1.693050e+01 2.150000e+01 4.817715e+00
         vertex 1.693050e+01 2.685384e+01 4.817715e+00
      endloop
   endfacet
   facet normal 8.191520e-01 0.000000e+00 -5.735765e-01
      outer loop
         vertex 1.693050e+01 2.685384e+01 4.817715e+00
         vertex 1.693050e+01 2.150000e+01 4.817715e+00
         vertex 1.672554e+01 2.150000e+01 4.525000e+00
      endloop
   endfacet
   facet normal 8.191520e-01 0.000000e+00 -5.735765e-01
      outer loop
         vertex 1.693050e+01 2.685384e+01 4.817715e+00
         vertex 1.672554e+01 2.150000e+01 4.525000e+00
         vertex 1.672554e+01 2.681272e+01 4.525000e+00
      endloop
   endfacet
   facet normal 9.659258e-01 0.000000e+00 -2.588191e-01
      outer loop
         vertex 1.657452e+01 2.150000e+01 4.201141e+00
         vertex 1.648204e+01 2.150000e+01 3.855979e+00
         vertex 1.648204e+01 2.675699e+01 3.855979e+00
      endloop
   endfacet
   facet normal 9.762779e-01 2.960625e-03 -2.165011e-01
      outer loop
         vertex 1.648204e+01 2.675699e+01 3.855979e+00
         vertex 1.652065e+01 2.676633e+01 4.030220e+00
         vertex 1.657452e+01 2.150000e+01 4.201141e+00
      endloop
   endfacet
   facet normal 9.537441e-01 0.000000e+00 -3.006197e-01
      outer loop
         vertex 1.657452e+01 2.150000e+01 4.201141e+00
         vertex 1.652065e+01 2.676633e+01 4.030220e+00
         vertex 1.657452e+01 2.677904e+01 4.201141e+00
      endloop
   endfacet
   facet normal 9.063080e-01 0.000000e+00 -4.226179e-01
      outer loop
         vertex 1.657452e+01 2.150000e+01 4.201141e+00
         vertex 1.657452e+01 2.677904e+01 4.201141e+00
         vertex 1.672554e+01 2.150000e+01 4.525000e+00
      endloop
   endfacet
   facet normal 9.236985e-01 2.921284e-03 -3.831091e-01
      outer loop
         vertex 1.672554e+01 2.150000e+01 4.525000e+00
         vertex 1.657452e+01 2.677904e+01 4.201141e+00
         vertex 1.664332e+01 2.679474e+01 4.367141e+00
      endloop
   endfacet
   facet normal 8.869146e-01 0.000000e+00 -4.619334e-01
      outer loop
         vertex 1.672554e+01 2.150000e+01 4.525000e+00
         vertex 1.664332e+01 2.679474e+01 4.367141e+00
         vertex 1.672554e+01 2.681272e+01 4.525000e+00
      endloop
   endfacet
   facet normal 9.961936e-01 1.485536e-03 8.715554e-02
      outer loop
         vertex 1.648204e+01 2.150000e+01 3.144021e+00
         vertex 1.645873e+01 2.675125e+01 3.320932e+00
         vertex 1.645089e+01 2.150000e+01 3.500001e+00
      endloop
   endfacet
   facet normal 9.990440e-01 -0.000000e+00 4.371626e-02
      outer loop
         vertex 1.645089e+01 2.150000e+01 3.500001e+00
         vertex 1.645873e+01 2.675125e+01 3.320932e+00
         vertex 1.645089e+01 2.674931e+01 3.500001e+00
      endloop
   endfacet
   facet normal 9.961947e-01 0.000000e+00 -8.715586e-02
      outer loop
         vertex 1.645089e+01 2.150000e+01 3.500001e+00
         vertex 1.645089e+01 2.674931e+01 3.500001e+00
         vertex 1.648204e+01 2.150000e+01 3.855979e+00
      endloop
   endfacet
   facet normal 9.990340e-01 2.954018e-03 -4.384387e-02
      outer loop
         vertex 1.648204e+01 2.150000e+01 3.855979e+00
         vertex 1.645089e+01 2.674931e+01 3.500001e+00
         vertex 1.645876e+01 2.675126e+01 3.679457e+00
      endloop
   endfacet
   facet normal 9.914197e-01 0.000000e+00 -1.307175e-01
      outer loop
         vertex 1.648204e+01 2.150000e+01 3.855979e+00
         vertex 1.645876e+01 2.675126e+01 3.679457e+00
         vertex 1.648204e+01 2.675699e+01 3.855979e+00
      endloop
   endfacet
   facet normal 9.659248e-01 1.481285e-03 2.588188e-01
      outer loop
         vertex 1.657452e+01 2.150000e+01 2.798859e+00
         vertex 1.652062e+01 2.676632e+01 2.969882e+00
         vertex 1.648204e+01 2.150000e+01 3.144021e+00
      endloop
   endfacet
   facet normal 9.763213e-01 -0.000000e+00 2.163254e-01
      outer loop
         vertex 1.648204e+01 2.150000e+01 3.144021e+00
         vertex 1.652062e+01 2.676632e+01 2.969882e+00
         vertex 1.648204e+01 2.675699e+01 3.144021e+00
      endloop
   endfacet
   facet normal 9.914321e-01 -0.000000e+00 1.306233e-01
      outer loop
         vertex 1.648204e+01 2.150000e+01 3.144021e+00
         vertex 1.648204e+01 2.675699e+01 3.144021e+00
         vertex 1.645873e+01 2.675125e+01 3.320932e+00
      endloop
   endfacet
   facet normal 5.735760e-01 0.000000e+00 8.191523e-01
      outer loop
         vertex 1.747589e+01 2.150000e+01 1.724648e+00
         vertex 1.718318e+01 2.689738e+01 1.929609e+00
         vertex 1.718318e+01 2.150000e+01 1.929609e+00
      endloop
   endfacet
   facet normal 7.071065e-01 -0.000000e+00 7.071071e-01
      outer loop
         vertex 1.718318e+01 2.150000e+01 1.929609e+00
         vertex 1.718318e+01 2.689738e+01 1.929609e+00
         vertex 1.693050e+01 2.685384e+01 2.182285e+00
      endloop
   endfacet
   facet normal 7.071065e-01 0.000000e+00 7.071071e-01
      outer loop
         vertex 1.718318e+01 2.150000e+01 1.929609e+00
         vertex 1.693050e+01 2.685384e+01 2.182285e+00
         vertex 1.693050e+01 2.150000e+01 2.182285e+00
      endloop
   endfacet
   facet normal 8.191520e-01 -0.000000e+00 5.735765e-01
      outer loop
         vertex 1.693050e+01 2.150000e+01 2.182285e+00
         vertex 1.693050e+01 2.685384e+01 2.182285e+00
         vertex 1.672554e+01 2.681272e+01 2.475000e+00
      endloop
   endfacet
   facet normal 8.191520e-01 0.000000e+00 5.735765e-01
      outer loop
         vertex 1.693050e+01 2.150000e+01 2.182285e+00
         vertex 1.672554e+01 2.681272e+01 2.475000e+00
         vertex 1.672554e+01 2.150000e+01 2.475000e+00
      endloop
   endfacet
   facet normal 8.869784e-01 -0.000000e+00 4.618110e-01
      outer loop
         vertex 1.672554e+01 2.150000e+01 2.475000e+00
         vertex 1.672554e+01 2.681272e+01 2.475000e+00
         vertex 1.664309e+01 2.679469e+01 2.633366e+00
      endloop
   endfacet
   facet normal 9.063070e-01 1.473295e-03 4.226174e-01
      outer loop
         vertex 1.672554e+01 2.150000e+01 2.475000e+00
         vertex 1.664309e+01 2.679469e+01 2.633366e+00
         vertex 1.657452e+01 2.150000e+01 2.798859e+00
      endloop
   endfacet
   facet normal 9.238517e-01 -0.000000e+00 3.827505e-01
      outer loop
         vertex 1.657452e+01 2.150000e+01 2.798859e+00
         vertex 1.664309e+01 2.679469e+01 2.633366e+00
         vertex 1.657452e+01 2.677904e+01 2.798859e+00
      endloop
   endfacet
   facet normal 9.537517e-01 -0.000000e+00 3.005956e-01
      outer loop
         vertex 1.657452e+01 2.150000e+01 2.798859e+00
         vertex 1.657452e+01 2.677904e+01 2.798859e+00
         vertex 1.652062e+01 2.676632e+01 2.969882e+00
      endloop
   endfacet
   facet normal 4.226179e-01 7.617824e-04 9.063076e-01
      outer loop
         vertex 1.779975e+01 2.150000e+01 1.573631e+00
         vertex 1.752519e+01 2.694392e+01 1.697084e+00
         vertex 1.747589e+01 2.150000e+01 1.724648e+00
      endloop
   endfacet
   facet normal 4.880214e-01 -0.000000e+00 8.728317e-01
      outer loop
         vertex 1.747589e+01 2.150000e+01 1.724648e+00
         vertex 1.752519e+01 2.694392e+01 1.697084e+00
         vertex 1.747589e+01 2.693808e+01 1.724648e+00
      endloop
   endfacet
   facet normal 5.735760e-01 -0.000000e+00 8.191523e-01
      outer loop
         vertex 1.747589e+01 2.150000e+01 1.724648e+00
         vertex 1.747589e+01 2.693808e+01 1.724648e+00
         vertex 1.718318e+01 2.689738e+01 1.929609e+00
      endloop
   endfacet
   facet normal 2.588185e-01 1.422699e-03 9.659249e-01
      outer loop
         vertex 1.814491e+01 2.150000e+01 1.481145e+00
         vertex 1.797029e+01 2.698348e+01 1.519858e+00
         vertex 1.779975e+01 2.150000e+01 1.573631e+00
      endloop
   endfacet
   facet normal 3.007133e-01 -0.000000e+00 9.537146e-01
      outer loop
         vertex 1.779975e+01 2.150000e+01 1.573631e+00
         vertex 1.797029e+01 2.698348e+01 1.519858e+00
         vertex 1.779975e+01 2.697111e+01 1.573631e+00
      endloop
   endfacet
   facet normal 4.100926e-01 -0.000000e+00 9.120439e-01
      outer loop
         vertex 1.779975e+01 2.150000e+01 1.573631e+00
         vertex 1.779975e+01 2.697111e+01 1.573631e+00
         vertex 1.752519e+01 2.694392e+01 1.697084e+00
      endloop
   endfacet
   facet normal -7.944141e-02 0.000000e+00 9.968395e-01
      outer loop
         vertex 1.882557e+01 2.699376e+01 1.475875e+00
         vertex 1.850089e+01 2.700000e+01 1.450000e+00
         vertex 1.850089e+01 2.150000e+01 1.450000e+00
      endloop
   endfacet
   facet normal 4.372920e-02 -0.000000e+00 9.990434e-01
      outer loop
         vertex 1.850089e+01 2.150000e+01 1.450000e+00
         vertex 1.850089e+01 2.700000e+01 1.450000e+00
         vertex 1.832178e+01 2.699813e+01 1.457840e+00
      endloop
   endfacet
   facet normal 8.715635e-02 1.418776e-03 9.961936e-01
      outer loop
         vertex 1.850089e+01 2.150000e+01 1.450000e+00
         vertex 1.832178e+01 2.699813e+01 1.457840e+00
         vertex 1.814491e+01 2.150000e+01 1.481145e+00
      endloop
   endfacet
   facet normal 1.306330e-01 -0.000000e+00 9.914308e-01
      outer loop
         vertex 1.814491e+01 2.150000e+01 1.481145e+00
         vertex 1.832178e+01 2.699813e+01 1.457840e+00
         vertex 1.814491e+01 2.699258e+01 1.481145e+00
      endloop
   endfacet
   facet normal 2.164421e-01 -0.000000e+00 9.762955e-01
      outer loop
         vertex 1.814491e+01 2.150000e+01 1.481145e+00
         vertex 1.814491e+01 2.699258e+01 1.481145e+00
         vertex 1.797029e+01 2.698348e+01 1.519858e+00
      endloop
   endfacet
   facet normal -9.914494e-01 0.000000e+00 -1.304915e-01
      outer loop
         vertex 2.054310e+01 1.024920e+01 3.678529e+00
         vertex 2.051975e+01 1.024345e+01 3.855979e+00
         vertex 2.051975e+01 1.550000e+01 3.855979e+00
      endloop
   endfacet
   facet normal -1.660302e-01 0.000000e+00 -9.861207e-01
      outer loop
         vertex 1.885687e+01 1.000750e+01 5.518856e+00
         vertex 1.882557e+01 1.000624e+01 5.524125e+00
         vertex 1.885687e+01 1.550000e+01 5.518856e+00
      endloop
   endfacet
   facet normal -8.715643e-02 -4.589960e-04 -9.961945e-01
      outer loop
         vertex 1.885687e+01 1.550000e+01 5.518856e+00
         vertex 1.882557e+01 1.000624e+01 5.524125e+00
         vertex 1.850089e+01 1.550000e+01 5.550000e+00
      endloop
   endfacet
   facet normal -2.162883e-01 0.000000e+00 -9.763296e-01
      outer loop
         vertex 1.885687e+01 1.000750e+01 5.518856e+00
         vertex 1.885687e+01 1.550000e+01 5.518856e+00
         vertex 1.903086e+01 1.001659e+01 5.480312e+00
      endloop
   endfacet
   facet normal -2.588185e-01 -1.422628e-03 -9.659249e-01
      outer loop
         vertex 1.903086e+01 1.001659e+01 5.480312e+00
         vertex 1.885687e+01 1.550000e+01 5.518856e+00
         vertex 1.920203e+01 1.550000e+01 5.426370e+00
      endloop
   endfacet
   facet normal -3.005588e-01 0.000000e+00 -9.537633e-01
      outer loop
         vertex 1.903086e+01 1.001659e+01 5.480312e+00
         vertex 1.920203e+01 1.550000e+01 5.426370e+00
         vertex 1.920203e+01 1.002904e+01 5.426370e+00
      endloop
   endfacet
   facet normal -3.828159e-01 0.000000e+00 -9.238246e-01
      outer loop
         vertex 1.920203e+01 1.002904e+01 5.426370e+00
         vertex 1.920203e+01 1.550000e+01 5.426370e+00
         vertex 1.936779e+01 1.004441e+01 5.357682e+00
      endloop
   endfacet
   facet normal -4.226175e-01 -1.429875e-03 -9.063070e-01
      outer loop
         vertex 1.936779e+01 1.004441e+01 5.357682e+00
         vertex 1.920203e+01 1.550000e+01 5.426370e+00
         vertex 1.952589e+01 1.550000e+01 5.275352e+00
      endloop
   endfacet
   facet normal -4.618761e-01 0.000000e+00 -8.869444e-01
      outer loop
         vertex 1.936779e+01 1.004441e+01 5.357682e+00
         vertex 1.952589e+01 1.550000e+01 5.275352e+00
         vertex 1.952589e+01 1.006214e+01 5.275352e+00
      endloop
   endfacet
   facet normal -5.735771e-01 0.000000e+00 -8.191516e-01
      outer loop
         vertex 1.952589e+01 1.006214e+01 5.275352e+00
         vertex 1.952589e+01 1.550000e+01 5.275352e+00
         vertex 1.981861e+01 1.550000e+01 5.070391e+00
      endloop
   endfacet
   facet normal -5.735771e-01 0.000000e+00 -8.191516e-01
      outer loop
         vertex 1.952589e+01 1.006214e+01 5.275352e+00
         vertex 1.981861e+01 1.550000e+01 5.070391e+00
         vertex 1.981861e+01 1.010290e+01 5.070391e+00
      endloop
   endfacet
   facet normal -7.071063e-01 0.000000e+00 -7.071073e-01
      outer loop
         vertex 1.981861e+01 1.010290e+01 5.070391e+00
         vertex 1.981861e+01 1.550000e+01 5.070391e+00
         vertex 2.007128e+01 1.550000e+01 4.817715e+00
      endloop
   endfacet
   facet normal -7.071063e-01 0.000000e+00 -7.071073e-01
      outer loop
         vertex 1.981861e+01 1.010290e+01 5.070391e+00
         vertex 2.007128e+01 1.550000e+01 4.817715e+00
         vertex 2.007128e+01 1.014649e+01 4.817715e+00
      endloop
   endfacet
   facet normal -8.191522e-01 -0.000000e+00 -5.735763e-01
      outer loop
         vertex 2.027624e+01 1.550000e+01 4.525000e+00
         vertex 2.027624e+01 1.018766e+01 4.525000e+00
         vertex 2.007128e+01 1.550000e+01 4.817715e+00
      endloop
   endfacet
   facet normal -8.303739e-01 -1.335026e-03 -5.572050e-01
      outer loop
         vertex 2.007128e+01 1.550000e+01 4.817715e+00
         vertex 2.027624e+01 1.018766e+01 4.525000e+00
         vertex 2.012272e+01 1.015633e+01 4.753859e+00
      endloop
   endfacet
   facet normal -7.787486e-01 -0.000000e+00 -6.273361e-01
      outer loop
         vertex 2.007128e+01 1.550000e+01 4.817715e+00
         vertex 2.012272e+01 1.015633e+01 4.753859e+00
         vertex 2.007128e+01 1.014649e+01 4.817715e+00
      endloop
   endfacet
   facet normal -9.659257e-01 -0.000000e+00 -2.588194e-01
      outer loop
         vertex 2.051975e+01 1.550000e+01 3.855979e+00
         vertex 2.051975e+01 1.024345e+01 3.855979e+00
         vertex 2.042726e+01 1.550000e+01 4.201141e+00
      endloop
   endfacet
   facet normal -9.762250e-01 -2.944315e-03 -2.167394e-01
      outer loop
         vertex 2.051975e+01 1.024345e+01 3.855979e+00
         vertex 2.048088e+01 1.023404e+01 4.031189e+00
         vertex 2.042726e+01 1.550000e+01 4.201141e+00
      endloop
   endfacet
   facet normal -9.536704e-01 -0.000000e+00 -3.008535e-01
      outer loop
         vertex 2.042726e+01 1.550000e+01 4.201141e+00
         vertex 2.048088e+01 1.023404e+01 4.031189e+00
         vertex 2.042726e+01 1.022137e+01 4.201141e+00
      endloop
   endfacet
   facet normal -9.063080e-01 -0.000000e+00 -4.226179e-01
      outer loop
         vertex 2.042726e+01 1.550000e+01 4.201141e+00
         vertex 2.042726e+01 1.022137e+01 4.201141e+00
         vertex 2.027624e+01 1.550000e+01 4.525000e+00
      endloop
   endfacet
   facet normal -9.237913e-01 -2.937913e-03 -3.828850e-01
      outer loop
         vertex 2.027624e+01 1.550000e+01 4.525000e+00
         vertex 2.042726e+01 1.022137e+01 4.201141e+00
         vertex 2.035889e+01 1.020575e+01 4.366234e+00
      endloop
   endfacet
   facet normal -8.870274e-01 -0.000000e+00 -4.617168e-01
      outer loop
         vertex 2.027624e+01 1.550000e+01 4.525000e+00
         vertex 2.035889e+01 1.020575e+01 4.366234e+00
         vertex 2.027624e+01 1.018766e+01 4.525000e+00
      endloop
   endfacet
   facet normal -9.990439e-01 -2.969680e-03 -4.361748e-02
      outer loop
         vertex 2.054310e+01 1.024920e+01 3.678529e+00
         vertex 2.051975e+01 1.550000e+01 3.855979e+00
         vertex 2.055089e+01 1.025113e+01 3.500001e+00
      endloop
   endfacet
   facet normal -9.961947e-01 0.000000e+00 -8.715586e-02
      outer loop
         vertex 2.055089e+01 1.025113e+01 3.500001e+00
         vertex 2.051975e+01 1.550000e+01 3.855979e+00
         vertex 2.055089e+01 1.550000e+01 3.500001e+00
      endloop
   endfacet
   facet normal -9.990513e-01 0.000000e+00 4.354820e-02
      outer loop
         vertex 2.055089e+01 1.025113e+01 3.500001e+00
         vertex 2.055089e+01 1.550000e+01 3.500001e+00
         vertex 2.054312e+01 1.024920e+01 3.321623e+00
      endloop
   endfacet
   facet normal -9.961936e-01 -1.485636e-03 8.715554e-02
      outer loop
         vertex 2.054312e+01 1.024920e+01 3.321623e+00
         vertex 2.055089e+01 1.550000e+01 3.500001e+00
         vertex 2.051975e+01 1.550000e+01 3.144021e+00
      endloop
   endfacet
   facet normal -9.914543e-01 0.000000e+00 1.304546e-01
      outer loop
         vertex 2.054312e+01 1.024920e+01 3.321623e+00
         vertex 2.051975e+01 1.550000e+01 3.144021e+00
         vertex 2.051975e+01 1.024345e+01 3.144021e+00
      endloop
   endfacet
   facet normal -9.762888e-01 0.000000e+00 2.164723e-01
      outer loop
         vertex 2.051975e+01 1.024345e+01 3.144021e+00
         vertex 2.051975e+01 1.550000e+01 3.144021e+00
         vertex 2.048100e+01 1.023407e+01 2.969288e+00
      endloop
   endfacet
   facet normal -9.659247e-01 -1.481394e-03 2.588191e-01
      outer loop
         vertex 2.048100e+01 1.023407e+01 2.969288e+00
         vertex 2.051975e+01 1.550000e+01 3.144021e+00
         vertex 2.042726e+01 1.550000e+01 2.798859e+00
      endloop
   endfacet
   facet normal -9.537066e-01 0.000000e+00 3.007385e-01
      outer loop
         vertex 2.048100e+01 1.023407e+01 2.969288e+00
         vertex 2.042726e+01 1.550000e+01 2.798859e+00
         vertex 2.042726e+01 1.022137e+01 2.798859e+00
      endloop
   endfacet
   facet normal -9.238567e-01 0.000000e+00 3.827385e-01
      outer loop
         vertex 2.042726e+01 1.022137e+01 2.798859e+00
         vertex 2.042726e+01 1.550000e+01 2.798859e+00
         vertex 2.035872e+01 1.020572e+01 2.633414e+00
      endloop
   endfacet
   facet normal -9.063070e-01 -1.473408e-03 4.226174e-01
      outer loop
         vertex 2.035872e+01 1.020572e+01 2.633414e+00
         vertex 2.042726e+01 1.550000e+01 2.798859e+00
         vertex 2.027624e+01 1.550000e+01 2.475000e+00
      endloop
   endfacet
   facet normal -8.869844e-01 0.000000e+00 4.617994e-01
      outer loop
         vertex 2.035872e+01 1.020572e+01 2.633414e+00
         vertex 2.027624e+01 1.550000e+01 2.475000e+00
         vertex 2.027624e+01 1.018766e+01 2.475000e+00
      endloop
   endfacet
   facet normal -8.304592e-01 0.000000e+00 5.570795e-01
      outer loop
         vertex 2.027624e+01 1.018766e+01 2.475000e+00
         vertex 2.027624e+01 1.550000e+01 2.475000e+00
         vertex 2.012272e+01 1.015633e+01 2.246141e+00
      endloop
   endfacet
   facet normal -8.191517e-01 -1.031366e-03 5.735759e-01
      outer loop
         vertex 2.012272e+01 1.015633e+01 2.246141e+00
         vertex 2.027624e+01 1.550000e+01 2.475000e+00
         vertex 2.007128e+01 1.550000e+01 2.182285e+00
      endloop
   endfacet
   facet normal -7.787486e-01 0.000000e+00 6.273361e-01
      outer loop
         vertex 2.012272e+01 1.015633e+01 2.246141e+00
         vertex 2.007128e+01 1.550000e+01 2.182285e+00
         vertex 2.007128e+01 1.014649e+01 2.182285e+00
      endloop
   endfacet
   facet normal -7.071063e-01 0.000000e+00 7.071073e-01
      outer loop
         vertex 2.007128e+01 1.014649e+01 2.182285e+00
         vertex 2.007128e+01 1.550000e+01 2.182285e+00
         vertex 1.981861e+01 1.550000e+01 1.929609e+00
      endloop
   endfacet
   facet normal -7.071063e-01 0.000000e+00 7.071073e-01
      outer loop
         vertex 2.007128e+01 1.014649e+01 2.182285e+00
         vertex 1.981861e+01 1.550000e+01 1.929609e+00
         vertex 1.981861e+01 1.010290e+01 1.929609e+00
      endloop
   endfacet
   facet normal -5.735762e-01 0.000000e+00 8.191522e-01
      outer loop
         vertex 1.981861e+01 1.010290e+01 1.929609e+00
         vertex 1.981861e+01 1.550000e+01 1.929609e+00
         vertex 1.952589e+01 1.550000e+01 1.724648e+00
      endloop
   endfacet
   facet normal -5.735762e-01 0.000000e+00 8.191522e-01
      outer loop
         vertex 1.981861e+01 1.010290e+01 1.929609e+00
         vertex 1.952589e+01 1.550000e+01 1.724648e+00
         vertex 1.952589e+01 1.006214e+01 1.724648e+00
      endloop
   endfacet
   facet normal -4.616395e-01 0.000000e+00 8.870676e-01
      outer loop
         vertex 1.952589e+01 1.006214e+01 1.724648e+00
         vertex 1.952589e+01 1.550000e+01 1.724648e+00
         vertex 1.936679e+01 1.004431e+01 1.641852e+00
      endloop
   endfacet
   facet normal -4.226175e-01 -1.429937e-03 9.063070e-01
      outer loop
         vertex 1.936679e+01 1.004431e+01 1.641852e+00
         vertex 1.952589e+01 1.550000e+01 1.724648e+00
         vertex 1.920203e+01 1.550000e+01 1.573631e+00
      endloop
   endfacet
   facet normal -3.825647e-01 0.000000e+00 9.239287e-01
      outer loop
         vertex 1.936679e+01 1.004431e+01 1.641852e+00
         vertex 1.920203e+01 1.550000e+01 1.573631e+00
         vertex 1.920203e+01 1.002904e+01 1.573631e+00
      endloop
   endfacet
   facet normal -3.008108e-01 0.000000e+00 9.536838e-01
      outer loop
         vertex 1.920203e+01 1.002904e+01 1.573631e+00
         vertex 1.920203e+01 1.550000e+01 1.573631e+00
         vertex 1.903189e+01 1.001666e+01 1.519965e+00
      endloop
   endfacet
   facet normal -2.588185e-01 -1.422763e-03 9.659249e-01
      outer loop
         vertex 1.903189e+01 1.001666e+01 1.519965e+00
         vertex 1.920203e+01 1.550000e+01 1.573631e+00
         vertex 1.885687e+01 1.550000e+01 1.481145e+00
      endloop
   endfacet
   facet normal -2.165425e-01 -9.545145e-08 9.762732e-01
      outer loop
         vertex 1.903189e+01 1.001666e+01 1.519965e+00
         vertex 1.885687e+01 1.550000e+01 1.481145e+00
         vertex 1.885689e+01 1.000750e+01 1.481147e+00
      endloop
   endfacet
   facet normal -1.660383e-01 4.764533e-08 9.861193e-01
      outer loop
         vertex 1.885689e+01 1.000750e+01 1.481147e+00
         vertex 1.885687e+01 1.550000e+01 1.481145e+00
         vertex 1.882557e+01 1.000624e+01 1.475875e+00
      endloop
   endfacet
   facet normal -8.715643e-02 -4.589960e-04 9.961945e-01
      outer loop
         vertex 1.882557e+01 1.000624e+01 1.475875e+00
         vertex 1.885687e+01 1.550000e+01 1.481145e+00
         vertex 1.850089e+01 1.550000e+01 1.450000e+00
      endloop
   endfacet
   facet normal -7.944141e-02 0.000000e+00 9.968395e-01
      outer loop
         vertex 1.882557e+01 1.000624e+01 1.475875e+00
         vertex 1.850089e+01 1.550000e+01 1.450000e+00
         vertex 1.850089e+01 1.000000e+01 1.450000e+00
      endloop
   endfacet
   facet normal 4.352073e-02 -0.000000e+00 9.990525e-01
      outer loop
         vertex 1.850089e+01 1.000000e+01 1.450000e+00
         vertex 1.850089e+01 1.550000e+01 1.450000e+00
         vertex 1.832263e+01 1.000185e+01 1.457766e+00
      endloop
   endfacet
   facet normal 8.715635e-02 -1.418785e-03 9.961936e-01
      outer loop
         vertex 1.832263e+01 1.000185e+01 1.457766e+00
         vertex 1.850089e+01 1.550000e+01 1.450000e+00
         vertex 1.814491e+01 1.550000e+01 1.481145e+00
      endloop
   endfacet
   facet normal 1.304269e-01 0.000000e+00 9.914579e-01
      outer loop
         vertex 1.832263e+01 1.000185e+01 1.457766e+00
         vertex 1.814491e+01 1.550000e+01 1.481145e+00
         vertex 1.814491e+01 1.000742e+01 1.481145e+00
      endloop
   endfacet
   facet normal 2.166306e-01 -0.000000e+00 9.762536e-01
      outer loop
         vertex 1.814491e+01 1.000742e+01 1.481145e+00
         vertex 1.814491e+01 1.550000e+01 1.481145e+00
         vertex 1.796953e+01 1.001657e+01 1.520062e+00
      endloop
   endfacet
   facet normal 2.588185e-01 -1.422640e-03 9.659249e-01
      outer loop
         vertex 1.796953e+01 1.001657e+01 1.520062e+00
         vertex 1.814491e+01 1.550000e+01 1.481145e+00
         vertex 1.779975e+01 1.550000e+01 1.573631e+00
      endloop
   endfacet
   facet normal 3.008950e-01 0.000000e+00 9.536573e-01
      outer loop
         vertex 1.796953e+01 1.001657e+01 1.520062e+00
         vertex 1.779975e+01 1.550000e+01 1.573631e+00
         vertex 1.779975e+01 1.002889e+01 1.573631e+00
      endloop
   endfacet
   facet normal 4.100926e-01 -0.000000e+00 9.120439e-01
      outer loop
         vertex 1.779975e+01 1.002889e+01 1.573631e+00
         vertex 1.779975e+01 1.550000e+01 1.573631e+00
         vertex 1.752519e+01 1.005608e+01 1.697084e+00
      endloop
   endfacet
   facet normal 4.226179e-01 -7.617824e-04 9.063076e-01
      outer loop
         vertex 1.752519e+01 1.005608e+01 1.697084e+00
         vertex 1.779975e+01 1.550000e+01 1.573631e+00
         vertex 1.747589e+01 1.550000e+01 1.724648e+00
      endloop
   endfacet
   facet normal 4.880214e-01 0.000000e+00 8.728317e-01
      outer loop
         vertex 1.752519e+01 1.005608e+01 1.697084e+00
         vertex 1.747589e+01 1.550000e+01 1.724648e+00
         vertex 1.747589e+01 1.006192e+01 1.724648e+00
      endloop
   endfacet
   facet normal 5.735760e-01 -0.000000e+00 8.191523e-01
      outer loop
         vertex 1.747589e+01 1.006192e+01 1.724648e+00
         vertex 1.747589e+01 1.550000e+01 1.724648e+00
         vertex 1.718318e+01 1.550000e+01 1.929609e+00
      endloop
   endfacet
   facet normal 5.735760e-01 0.000000e+00 8.191523e-01
      outer loop
         vertex 1.747589e+01 1.006192e+01 1.724648e+00
         vertex 1.718318e+01 1.550000e+01 1.929609e+00
         vertex 1.718318e+01 1.010262e+01 1.929609e+00
      endloop
   endfacet
   facet normal 7.071065e-01 -0.000000e+00 7.071071e-01
      outer loop
         vertex 1.718318e+01 1.010262e+01 1.929609e+00
         vertex 1.718318e+01 1.550000e+01 1.929609e+00
         vertex 1.693050e+01 1.550000e+01 2.182285e+00
      endloop
   endfacet
   facet normal 7.071065e-01 0.000000e+00 7.071071e-01
      outer loop
         vertex 1.718318e+01 1.010262e+01 1.929609e+00
         vertex 1.693050e+01 1.550000e+01 2.182285e+00
         vertex 1.693050e+01 1.014616e+01 2.182285e+00
      endloop
   endfacet
   facet normal 8.191520e-01 -0.000000e+00 5.735765e-01
      outer loop
         vertex 1.693050e+01 1.014616e+01 2.182285e+00
         vertex 1.693050e+01 1.550000e+01 2.182285e+00
         vertex 1.672554e+01 1.550000e+01 2.475000e+00
      endloop
   endfacet
   facet normal 8.191520e-01 0.000000e+00 5.735765e-01
      outer loop
         vertex 1.693050e+01 1.014616e+01 2.182285e+00
         vertex 1.672554e+01 1.550000e+01 2.475000e+00
         vertex 1.672554e+01 1.018728e+01 2.475000e+00
      endloop
   endfacet
   facet normal 9.659258e-01 0.000000e+00 2.588191e-01
      outer loop
         vertex 1.657452e+01 1.550000e+01 2.798859e+00
         vertex 1.648204e+01 1.550000e+01 3.144021e+00
         vertex 1.648204e+01 1.024301e+01 3.144021e+00
      endloop
   endfacet
   facet normal 9.762779e-01 -2.960625e-03 2.165011e-01
      outer loop
         vertex 1.648204e+01 1.024301e+01 3.144021e+00
         vertex 1.652065e+01 1.023367e+01 2.969780e+00
         vertex 1.657452e+01 1.550000e+01 2.798859e+00
      endloop
   endfacet
   facet normal 9.537441e-01 0.000000e+00 3.006197e-01
      outer loop
         vertex 1.657452e+01 1.550000e+01 2.798859e+00
         vertex 1.652065e+01 1.023367e+01 2.969780e+00
         vertex 1.657452e+01 1.022096e+01 2.798859e+00
      endloop
   endfacet
   facet normal 9.063080e-01 0.000000e+00 4.226179e-01
      outer loop
         vertex 1.657452e+01 1.550000e+01 2.798859e+00
         vertex 1.657452e+01 1.022096e+01 2.798859e+00
         vertex 1.672554e+01 1.550000e+01 2.475000e+00
      endloop
   endfacet
   facet normal 9.236977e-01 -2.921151e-03 3.831109e-01
      outer loop
         vertex 1.672554e+01 1.550000e+01 2.475000e+00
         vertex 1.657452e+01 1.022096e+01 2.798859e+00
         vertex 1.664332e+01 1.020526e+01 2.632860e+00
      endloop
   endfacet
   facet normal 8.869157e-01 0.000000e+00 4.619312e-01
      outer loop
         vertex 1.672554e+01 1.550000e+01 2.475000e+00
         vertex 1.664332e+01 1.020526e+01 2.632860e+00
         vertex 1.672554e+01 1.018728e+01 2.475000e+00
      endloop
   endfacet
   facet normal 9.961936e-01 -1.485528e-03 -8.715576e-02
      outer loop
         vertex 1.648204e+01 1.550000e+01 3.855979e+00
         vertex 1.645873e+01 1.024875e+01 3.679068e+00
         vertex 1.645089e+01 1.550000e+01 3.500001e+00
      endloop
   endfacet
   facet normal 9.990440e-01 0.000000e+00 -4.371649e-02
      outer loop
         vertex 1.645089e+01 1.550000e+01 3.500001e+00
         vertex 1.645873e+01 1.024875e+01 3.679068e+00
         vertex 1.645089e+01 1.025069e+01 3.500001e+00
      endloop
   endfacet
   facet normal 9.961947e-01 0.000000e+00 8.715563e-02
      outer loop
         vertex 1.645089e+01 1.550000e+01 3.500001e+00
         vertex 1.645089e+01 1.025069e+01 3.500001e+00
         vertex 1.648204e+01 1.550000e+01 3.144021e+00
      endloop
   endfacet
   facet normal 9.990340e-01 -2.954026e-03 4.384365e-02
      outer loop
         vertex 1.648204e+01 1.550000e+01 3.144021e+00
         vertex 1.645089e+01 1.025069e+01 3.500001e+00
         vertex 1.645876e+01 1.024874e+01 3.320543e+00
      endloop
   endfacet
   facet normal 9.914197e-01 0.000000e+00 1.307175e-01
      outer loop
         vertex 1.648204e+01 1.550000e+01 3.144021e+00
         vertex 1.645876e+01 1.024874e+01 3.320543e+00
         vertex 1.648204e+01 1.024301e+01 3.144021e+00
      endloop
   endfacet
   facet normal 9.659248e-01 -1.481285e-03 -2.588188e-01
      outer loop
         vertex 1.657452e+01 1.550000e+01 4.201141e+00
         vertex 1.652062e+01 1.023368e+01 4.030119e+00
         vertex 1.648204e+01 1.550000e+01 3.855979e+00
      endloop
   endfacet
   facet normal 9.763213e-01 0.000000e+00 -2.163254e-01
      outer loop
         vertex 1.648204e+01 1.550000e+01 3.855979e+00
         vertex 1.652062e+01 1.023368e+01 4.030119e+00
         vertex 1.648204e+01 1.024301e+01 3.855979e+00
      endloop
   endfacet
   facet normal 9.914321e-01 0.000000e+00 -1.306233e-01
      outer loop
         vertex 1.648204e+01 1.550000e+01 3.855979e+00
         vertex 1.648204e+01 1.024301e+01 3.855979e+00
         vertex 1.645873e+01 1.024875e+01 3.679068e+00
      endloop
   endfacet
   facet normal 5.735769e-01 0.000000e+00 -8.191517e-01
      outer loop
         vertex 1.747589e+01 1.550000e+01 5.275352e+00
         vertex 1.718318e+01 1.010262e+01 5.070391e+00
         vertex 1.718318e+01 1.550000e+01 5.070391e+00
      endloop
   endfacet
   facet normal 7.071065e-01 0.000000e+00 -7.071071e-01
      outer loop
         vertex 1.718318e+01 1.550000e+01 5.070391e+00
         vertex 1.718318e+01 1.010262e+01 5.070391e+00
         vertex 1.693050e+01 1.014616e+01 4.817715e+00
      endloop
   endfacet
   facet normal 7.071065e-01 0.000000e+00 -7.071071e-01
      outer loop
         vertex 1.718318e+01 1.550000e+01 5.070391e+00
         vertex 1.693050e+01 1.014616e+01 4.817715e+00
         vertex 1.693050e+01 1.550000e+01 4.817715e+00
      endloop
   endfacet
   facet normal 8.191520e-01 0.000000e+00 -5.735765e-01
      outer loop
         vertex 1.693050e+01 1.550000e+01 4.817715e+00
         vertex 1.693050e+01 1.014616e+01 4.817715e+00
         vertex 1.672554e+01 1.018728e+01 4.525000e+00
      endloop
   endfacet
   facet normal 8.191520e-01 0.000000e+00 -5.735765e-01
      outer loop
         vertex 1.693050e+01 1.550000e+01 4.817715e+00
         vertex 1.672554e+01 1.018728e+01 4.525000e+00
         vertex 1.672554e+01 1.550000e+01 4.525000e+00
      endloop
   endfacet
   facet normal 8.869773e-01 0.000000e+00 -4.618131e-01
      outer loop
         vertex 1.672554e+01 1.550000e+01 4.525000e+00
         vertex 1.672554e+01 1.018728e+01 4.525000e+00
         vertex 1.664309e+01 1.020531e+01 4.366635e+00
      endloop
   endfacet
   facet normal 9.063070e-01 -1.473369e-03 -4.226174e-01
      outer loop
         vertex 1.672554e+01 1.550000e+01 4.525000e+00
         vertex 1.664309e+01 1.020531e+01 4.366635e+00
         vertex 1.657452e+01 1.550000e+01 4.201141e+00
      endloop
   endfacet
   facet normal 9.238525e-01 0.000000e+00 -3.827487e-01
      outer loop
         vertex 1.657452e+01 1.550000e+01 4.201141e+00
         vertex 1.664309e+01 1.020531e+01 4.366635e+00
         vertex 1.657452e+01 1.022096e+01 4.201141e+00
      endloop
   endfacet
   facet normal 9.537517e-01 0.000000e+00 -3.005956e-01
      outer loop
         vertex 1.657452e+01 1.550000e+01 4.201141e+00
         vertex 1.657452e+01 1.022096e+01 4.201141e+00
         vertex 1.652062e+01 1.023368e+01 4.030119e+00
      endloop
   endfacet
   facet normal 4.226179e-01 -7.617824e-04 -9.063076e-01
      outer loop
         vertex 1.779975e+01 1.550000e+01 5.426370e+00
         vertex 1.752519e+01 1.005608e+01 5.302917e+00
         vertex 1.747589e+01 1.550000e+01 5.275352e+00
      endloop
   endfacet
   facet normal 4.880214e-01 0.000000e+00 -8.728317e-01
      outer loop
         vertex 1.747589e+01 1.550000e+01 5.275352e+00
         vertex 1.752519e+01 1.005608e+01 5.302917e+00
         vertex 1.747589e+01 1.006192e+01 5.275352e+00
      endloop
   endfacet
   facet normal 5.735769e-01 0.000000e+00 -8.191517e-01
      outer loop
         vertex 1.747589e+01 1.550000e+01 5.275352e+00
         vertex 1.747589e+01 1.006192e+01 5.275352e+00
         vertex 1.718318e+01 1.010262e+01 5.070391e+00
      endloop
   endfacet
   facet normal 2.588185e-01 -1.422617e-03 -9.659249e-01
      outer loop
         vertex 1.814491e+01 1.550000e+01 5.518856e+00
         vertex 1.797029e+01 1.001652e+01 5.480142e+00
         vertex 1.779975e+01 1.550000e+01 5.426370e+00
      endloop
   endfacet
   facet normal 3.007110e-01 0.000000e+00 -9.537153e-01
      outer loop
         vertex 1.779975e+01 1.550000e+01 5.426370e+00
         vertex 1.797029e+01 1.001652e+01 5.480142e+00
         vertex 1.779975e+01 1.002889e+01 5.426370e+00
      endloop
   endfacet
   facet normal 4.100926e-01 0.000000e+00 -9.120439e-01
      outer loop
         vertex 1.779975e+01 1.550000e+01 5.426370e+00
         vertex 1.779975e+01 1.002889e+01 5.426370e+00
         vertex 1.752519e+01 1.005608e+01 5.302917e+00
      endloop
   endfacet
   facet normal -7.944141e-02 0.000000e+00 -9.968395e-01
      outer loop
         vertex 1.882557e+01 1.000624e+01 5.524125e+00
         vertex 1.850089e+01 1.000000e+01 5.550000e+00
         vertex 1.850089e+01 1.550000e+01 5.550000e+00
      endloop
   endfacet
   facet normal 4.372661e-02 0.000000e+00 -9.990435e-01
      outer loop
         vertex 1.850089e+01 1.550000e+01 5.550000e+00
         vertex 1.850089e+01 1.000000e+01 5.550000e+00
         vertex 1.832178e+01 1.000187e+01 5.542161e+00
      endloop
   endfacet
   facet normal 8.715635e-02 -1.418860e-03 -9.961936e-01
      outer loop
         vertex 1.850089e+01 1.550000e+01 5.550000e+00
         vertex 1.832178e+01 1.000187e+01 5.542161e+00
         vertex 1.814491e+01 1.550000e+01 5.518856e+00
      endloop
   endfacet
   facet normal 1.306355e-01 0.000000e+00 -9.914305e-01
      outer loop
         vertex 1.814491e+01 1.550000e+01 5.518856e+00
         vertex 1.832178e+01 1.000187e+01 5.542161e+00
         vertex 1.814491e+01 1.000742e+01 5.518856e+00
      endloop
   endfacet
   facet normal 2.164445e-01 0.000000e+00 -9.762949e-01
      outer loop
         vertex 1.814491e+01 1.550000e+01 5.518856e+00
         vertex 1.814491e+01 1.000742e+01 5.518856e+00
         vertex 1.797029e+01 1.001652e+01 5.480142e+00
      endloop
   endfacet
endsolid Connectorliner tosyringe