solid cylinderpacking1
   facet normal -0.000000e+00 1.481793e-01 9.889605e-01
      outer loop
         vertex 0.000000e+00 3.685714e+01 7.420582e+01
         vertex 2.000000e+01 3.685714e+01 7.420582e+01
         vertex 0.000000e+00 3.766602e+01 7.408462e+01
      endloop
   endfacet
   facet normal -0.000000e+00 1.481793e-01 9.889605e-01
      outer loop
         vertex 0.000000e+00 3.766602e+01 7.408462e+01
         vertex 2.000000e+01 3.685714e+01 7.420582e+01
         vertex 2.000000e+01 3.766602e+01 7.408462e+01
      endloop
   endfacet
   facet normal 0.000000e+00 -1.503495e-02 9.998870e-01
      outer loop
         vertex 0.000000e+00 3.766602e+01 7.408462e+01
         vertex 2.000000e+01 3.766602e+01 7.408462e+01
         vertex 0.000000e+00 3.848383e+01 7.409692e+01
      endloop
   endfacet
   facet normal 0.000000e+00 -1.503495e-02 9.998870e-01
      outer loop
         vertex 0.000000e+00 3.848383e+01 7.409692e+01
         vertex 2.000000e+01 3.766602e+01 7.408462e+01
         vertex 2.000000e+01 3.848383e+01 7.409692e+01
      endloop
   endfacet
   facet normal 0.000000e+00 -1.778504e-01 9.840575e-01
      outer loop
         vertex 0.000000e+00 3.848383e+01 7.409692e+01
         vertex 2.000000e+01 3.848383e+01 7.409692e+01
         vertex 0.000000e+00 3.928870e+01 7.424238e+01
      endloop
   endfacet
   facet normal 0.000000e+00 -1.778504e-01 9.840575e-01
      outer loop
         vertex 0.000000e+00 3.928870e+01 7.424238e+01
         vertex 2.000000e+01 3.848383e+01 7.409692e+01
         vertex 2.000000e+01 3.928870e+01 7.424238e+01
      endloop
   endfacet
   facet normal 0.000000e+00 -3.359024e-01 9.418968e-01
      outer loop
         vertex 0.000000e+00 3.928870e+01 7.424238e+01
         vertex 2.000000e+01 3.928870e+01 7.424238e+01
         vertex 0.000000e+00 4.005908e+01 7.451712e+01
      endloop
   endfacet
   facet normal 0.000000e+00 -3.359024e-01 9.418968e-01
      outer loop
         vertex 0.000000e+00 4.005908e+01 7.451712e+01
         vertex 2.000000e+01 3.928870e+01 7.424238e+01
         vertex 2.000000e+01 4.005908e+01 7.451712e+01
      endloop
   endfacet
   facet normal 0.000000e+00 -4.849712e-01 8.745301e-01
      outer loop
         vertex 0.000000e+00 4.005908e+01 7.451712e+01
         vertex 2.000000e+01 4.005908e+01 7.451712e+01
         vertex 0.000000e+00 4.077437e+01 7.491378e+01
      endloop
   endfacet
   facet normal 0.000000e+00 -4.849712e-01 8.745301e-01
      outer loop
         vertex 0.000000e+00 4.077437e+01 7.491378e+01
         vertex 2.000000e+01 4.005908e+01 7.451712e+01
         vertex 2.000000e+01 4.077437e+01 7.491378e+01
      endloop
   endfacet
   facet normal 0.000000e+00 -6.210587e-01 7.837640e-01
      outer loop
         vertex 0.000000e+00 4.077437e+01 7.491378e+01
         vertex 2.000000e+01 4.077437e+01 7.491378e+01
         vertex 0.000000e+00 4.141541e+01 7.542175e+01
      endloop
   endfacet
   facet normal 0.000000e+00 -6.210587e-01 7.837640e-01
      outer loop
         vertex 0.000000e+00 4.141541e+01 7.542175e+01
         vertex 2.000000e+01 4.077437e+01 7.491378e+01
         vertex 2.000000e+01 4.141541e+01 7.542175e+01
      endloop
   endfacet
   facet normal 0.000000e+00 -7.405295e-01 6.720239e-01
      outer loop
         vertex 0.000000e+00 4.141541e+01 7.542175e+01
         vertex 2.000000e+01 4.141541e+01 7.542175e+01
         vertex 0.000000e+00 4.196507e+01 7.602743e+01
      endloop
   endfacet
   facet normal 0.000000e+00 -7.405295e-01 6.720239e-01
      outer loop
         vertex 0.000000e+00 4.196507e+01 7.602743e+01
         vertex 2.000000e+01 4.141541e+01 7.542175e+01
         vertex 2.000000e+01 4.196507e+01 7.602743e+01
      endloop
   endfacet
   facet normal 0.000000e+00 -8.401827e-01 5.423035e-01
      outer loop
         vertex 0.000000e+00 4.196507e+01 7.602743e+01
         vertex 2.000000e+01 4.196507e+01 7.602743e+01
         vertex 0.000000e+00 4.240862e+01 7.671462e+01
      endloop
   endfacet
   facet normal 0.000000e+00 -8.401827e-01 5.423035e-01
      outer loop
         vertex 0.000000e+00 4.240862e+01 7.671462e+01
         vertex 2.000000e+01 4.196507e+01 7.602743e+01
         vertex 2.000000e+01 4.240862e+01 7.671462e+01
      endloop
   endfacet
   facet normal 0.000000e+00 -9.173563e-01 3.980672e-01
      outer loop
         vertex 0.000000e+00 4.240862e+01 7.671462e+01
         vertex 2.000000e+01 4.240862e+01 7.671462e+01
         vertex 0.000000e+00 4.273420e+01 7.746493e+01
      endloop
   endfacet
   facet normal 0.000000e+00 -9.173563e-01 3.980672e-01
      outer loop
         vertex 0.000000e+00 4.273420e+01 7.746493e+01
         vertex 2.000000e+01 4.240862e+01 7.671462e+01
         vertex 2.000000e+01 4.273420e+01 7.746493e+01
      endloop
   endfacet
   facet normal 0.000000e+00 -9.699802e-01 2.431839e-01
      outer loop
         vertex 0.000000e+00 4.273420e+01 7.746493e+01
         vertex 2.000000e+01 4.273420e+01 7.746493e+01
         vertex 0.000000e+00 4.293310e+01 7.825829e+01
      endloop
   endfacet
   facet normal 0.000000e+00 -9.699802e-01 2.431839e-01
      outer loop
         vertex 0.000000e+00 4.293310e+01 7.825829e+01
         vertex 2.000000e+01 4.273420e+01 7.746493e+01
         vertex 2.000000e+01 4.293310e+01 7.825829e+01
      endloop
   endfacet
   facet normal 0.000000e+00 -9.966495e-01 8.179059e-02
      outer loop
         vertex 0.000000e+00 4.293310e+01 7.825829e+01
         vertex 2.000000e+01 4.293310e+01 7.825829e+01
         vertex 0.000000e+00 4.300000e+01 7.907345e+01
      endloop
   endfacet
   facet normal 0.000000e+00 -9.966495e-01 8.179059e-02
      outer loop
         vertex 0.000000e+00 4.300000e+01 7.907345e+01
         vertex 2.000000e+01 4.293310e+01 7.825829e+01
         vertex 2.000000e+01 4.300000e+01 7.907345e+01
      endloop
   endfacet
   facet normal -0.000000e+00 -1.000000e+00 0.000000e+00
      outer loop
         vertex 1.000000e+01 4.300000e+01 8.455000e+01
         vertex 2.000000e+01 4.300000e+01 9.000000e+01
         vertex 9.644020e+00 4.300000e+01 8.451886e+01
      endloop
   endfacet
   facet normal 0.000000e+00 -1.000000e+00 0.000000e+00
      outer loop
         vertex 9.644020e+00 4.300000e+01 8.451886e+01
         vertex 2.000000e+01 4.300000e+01 9.000000e+01
         vertex 0.000000e+00 4.300000e+01 9.000000e+01
      endloop
   endfacet
   facet normal -0.000000e+00 -1.000000e+00 0.000000e+00
      outer loop
         vertex 9.644020e+00 4.300000e+01 8.451886e+01
         vertex 0.000000e+00 4.300000e+01 9.000000e+01
         vertex 9.298858e+00 4.300000e+01 8.442637e+01
      endloop
   endfacet
   facet normal -0.000000e+00 -1.000000e+00 0.000000e+00
      outer loop
         vertex 8.224647e+00 4.300000e+01 8.147500e+01
         vertex 8.073630e+00 4.300000e+01 8.179886e+01
         vertex 0.000000e+00 4.300000e+01 7.907345e+01
      endloop
   endfacet
   facet normal 0.000000e+00 -1.000000e+00 0.000000e+00
      outer loop
         vertex 1.000000e+01 4.300000e+01 8.455000e+01
         vertex 1.035598e+01 4.300000e+01 8.451886e+01
         vertex 2.000000e+01 4.300000e+01 9.000000e+01
      endloop
   endfacet
   facet normal 0.000000e+00 -1.000000e+00 0.000000e+00
      outer loop
         vertex 2.000000e+01 4.300000e+01 9.000000e+01
         vertex 1.035598e+01 4.300000e+01 8.451886e+01
         vertex 1.070114e+01 4.300000e+01 8.442637e+01
      endloop
   endfacet
   facet normal 0.000000e+00 -1.000000e+00 0.000000e+00
      outer loop
         vertex 2.000000e+01 4.300000e+01 9.000000e+01
         vertex 1.070114e+01 4.300000e+01 8.442637e+01
         vertex 1.102500e+01 4.300000e+01 8.427535e+01
      endloop
   endfacet
   facet normal 0.000000e+00 -1.000000e+00 -0.000000e+00
      outer loop
         vertex 1.157039e+01 4.300000e+01 8.118229e+01
         vertex 1.131771e+01 4.300000e+01 8.092961e+01
         vertex 2.000000e+01 4.300000e+01 7.907345e+01
      endloop
   endfacet
   facet normal 0.000000e+00 -1.000000e+00 0.000000e+00
      outer loop
         vertex 2.000000e+01 4.300000e+01 7.907345e+01
         vertex 1.131771e+01 4.300000e+01 8.092961e+01
         vertex 1.102500e+01 4.300000e+01 8.072465e+01
      endloop
   endfacet
   facet normal 0.000000e+00 -1.000000e+00 0.000000e+00
      outer loop
         vertex 2.000000e+01 4.300000e+01 7.907345e+01
         vertex 1.102500e+01 4.300000e+01 8.072465e+01
         vertex 1.070114e+01 4.300000e+01 8.057363e+01
      endloop
   endfacet
   facet normal -0.000000e+00 -1.000000e+00 0.000000e+00
      outer loop
         vertex 9.298858e+00 4.300000e+01 8.057363e+01
         vertex 8.974999e+00 4.300000e+01 8.072465e+01
         vertex 0.000000e+00 4.300000e+01 7.907345e+01
      endloop
   endfacet
   facet normal -0.000000e+00 -1.000000e+00 0.000000e+00
      outer loop
         vertex 8.429608e+00 4.300000e+01 8.381772e+01
         vertex 0.000000e+00 4.300000e+01 9.000000e+01
         vertex 8.224647e+00 4.300000e+01 8.352500e+01
      endloop
   endfacet
   facet normal -0.000000e+00 -1.000000e+00 0.000000e+00
      outer loop
         vertex 8.224647e+00 4.300000e+01 8.352500e+01
         vertex 0.000000e+00 4.300000e+01 9.000000e+01
         vertex 8.073630e+00 4.300000e+01 8.320114e+01
      endloop
   endfacet
   facet normal 0.000000e+00 -1.000000e+00 0.000000e+00
      outer loop
         vertex 8.429608e+00 4.300000e+01 8.381772e+01
         vertex 8.682285e+00 4.300000e+01 8.407039e+01
         vertex 0.000000e+00 4.300000e+01 9.000000e+01
      endloop
   endfacet
   facet normal 0.000000e+00 -1.000000e+00 0.000000e+00
      outer loop
         vertex 0.000000e+00 4.300000e+01 9.000000e+01
         vertex 8.682285e+00 4.300000e+01 8.407039e+01
         vertex 8.974999e+00 4.300000e+01 8.427535e+01
      endloop
   endfacet
   facet normal 0.000000e+00 -1.000000e+00 0.000000e+00
      outer loop
         vertex 0.000000e+00 4.300000e+01 9.000000e+01
         vertex 8.974999e+00 4.300000e+01 8.427535e+01
         vertex 9.298858e+00 4.300000e+01 8.442637e+01
      endloop
   endfacet
   facet normal 0.000000e+00 -1.000000e+00 0.000000e+00
      outer loop
         vertex 1.102500e+01 4.300000e+01 8.427535e+01
         vertex 1.131771e+01 4.300000e+01 8.407039e+01
         vertex 2.000000e+01 4.300000e+01 9.000000e+01
      endloop
   endfacet
   facet normal 0.000000e+00 -1.000000e+00 0.000000e+00
      outer loop
         vertex 2.000000e+01 4.300000e+01 9.000000e+01
         vertex 1.131771e+01 4.300000e+01 8.407039e+01
         vertex 1.157039e+01 4.300000e+01 8.381772e+01
      endloop
   endfacet
   facet normal 0.000000e+00 -1.000000e+00 0.000000e+00
      outer loop
         vertex 2.000000e+01 4.300000e+01 9.000000e+01
         vertex 1.157039e+01 4.300000e+01 8.381772e+01
         vertex 1.177535e+01 4.300000e+01 8.352500e+01
      endloop
   endfacet
   facet normal 0.000000e+00 -1.000000e+00 -0.000000e+00
      outer loop
         vertex 1.201886e+01 4.300000e+01 8.214402e+01
         vertex 1.192637e+01 4.300000e+01 8.179886e+01
         vertex 2.000000e+01 4.300000e+01 7.907345e+01
      endloop
   endfacet
   facet normal 0.000000e+00 -1.000000e+00 0.000000e+00
      outer loop
         vertex 2.000000e+01 4.300000e+01 7.907345e+01
         vertex 1.192637e+01 4.300000e+01 8.179886e+01
         vertex 1.177535e+01 4.300000e+01 8.147500e+01
      endloop
   endfacet
   facet normal 0.000000e+00 -1.000000e+00 0.000000e+00
      outer loop
         vertex 2.000000e+01 4.300000e+01 7.907345e+01
         vertex 1.177535e+01 4.300000e+01 8.147500e+01
         vertex 1.157039e+01 4.300000e+01 8.118229e+01
      endloop
   endfacet
   facet normal 0.000000e+00 -1.000000e+00 -0.000000e+00
      outer loop
         vertex 1.070114e+01 4.300000e+01 8.057363e+01
         vertex 1.035598e+01 4.300000e+01 8.048115e+01
         vertex 2.000000e+01 4.300000e+01 7.907345e+01
      endloop
   endfacet
   facet normal 0.000000e+00 -1.000000e+00 0.000000e+00
      outer loop
         vertex 2.000000e+01 4.300000e+01 7.907345e+01
         vertex 1.035598e+01 4.300000e+01 8.048115e+01
         vertex 1.000000e+01 4.300000e+01 8.045000e+01
      endloop
   endfacet
   facet normal 0.000000e+00 -1.000000e+00 0.000000e+00
      outer loop
         vertex 2.000000e+01 4.300000e+01 7.907345e+01
         vertex 1.000000e+01 4.300000e+01 8.045000e+01
         vertex 0.000000e+00 4.300000e+01 7.907345e+01
      endloop
   endfacet
   facet normal 0.000000e+00 -1.000000e+00 0.000000e+00
      outer loop
         vertex 0.000000e+00 4.300000e+01 7.907345e+01
         vertex 1.000000e+01 4.300000e+01 8.045000e+01
         vertex 9.644020e+00 4.300000e+01 8.048115e+01
      endloop
   endfacet
   facet normal 0.000000e+00 -1.000000e+00 0.000000e+00
      outer loop
         vertex 0.000000e+00 4.300000e+01 7.907345e+01
         vertex 9.644020e+00 4.300000e+01 8.048115e+01
         vertex 9.298858e+00 4.300000e+01 8.057363e+01
      endloop
   endfacet
   facet normal -0.000000e+00 -1.000000e+00 0.000000e+00
      outer loop
         vertex 8.974999e+00 4.300000e+01 8.072465e+01
         vertex 8.682285e+00 4.300000e+01 8.092961e+01
         vertex 0.000000e+00 4.300000e+01 7.907345e+01
      endloop
   endfacet
   facet normal 0.000000e+00 -1.000000e+00 0.000000e+00
      outer loop
         vertex 0.000000e+00 4.300000e+01 7.907345e+01
         vertex 8.682285e+00 4.300000e+01 8.092961e+01
         vertex 8.429608e+00 4.300000e+01 8.118229e+01
      endloop
   endfacet
   facet normal 0.000000e+00 -1.000000e+00 0.000000e+00
      outer loop
         vertex 0.000000e+00 4.300000e+01 7.907345e+01
         vertex 8.429608e+00 4.300000e+01 8.118229e+01
         vertex 8.224647e+00 4.300000e+01 8.147500e+01
      endloop
   endfacet
   facet normal -0.000000e+00 -1.000000e+00 0.000000e+00
      outer loop
         vertex 8.073630e+00 4.300000e+01 8.179886e+01
         vertex 7.981144e+00 4.300000e+01 8.214402e+01
         vertex 0.000000e+00 4.300000e+01 7.907345e+01
      endloop
   endfacet
   facet normal 0.000000e+00 -1.000000e+00 0.000000e+00
      outer loop
         vertex 0.000000e+00 4.300000e+01 7.907345e+01
         vertex 7.981144e+00 4.300000e+01 8.214402e+01
         vertex 7.950000e+00 4.300000e+01 8.250000e+01
      endloop
   endfacet
   facet normal 0.000000e+00 -1.000000e+00 0.000000e+00
      outer loop
         vertex 0.000000e+00 4.300000e+01 7.907345e+01
         vertex 7.950000e+00 4.300000e+01 8.250000e+01
         vertex 0.000000e+00 4.300000e+01 9.000000e+01
      endloop
   endfacet
   facet normal 0.000000e+00 -1.000000e+00 0.000000e+00
      outer loop
         vertex 0.000000e+00 4.300000e+01 9.000000e+01
         vertex 7.950000e+00 4.300000e+01 8.250000e+01
         vertex 7.981144e+00 4.300000e+01 8.285598e+01
      endloop
   endfacet
   facet normal 0.000000e+00 -1.000000e+00 0.000000e+00
      outer loop
         vertex 0.000000e+00 4.300000e+01 9.000000e+01
         vertex 7.981144e+00 4.300000e+01 8.285598e+01
         vertex 8.073630e+00 4.300000e+01 8.320114e+01
      endloop
   endfacet
   facet normal 0.000000e+00 -1.000000e+00 0.000000e+00
      outer loop
         vertex 1.177535e+01 4.300000e+01 8.352500e+01
         vertex 1.192637e+01 4.300000e+01 8.320114e+01
         vertex 2.000000e+01 4.300000e+01 9.000000e+01
      endloop
   endfacet
   facet normal 0.000000e+00 -1.000000e+00 0.000000e+00
      outer loop
         vertex 2.000000e+01 4.300000e+01 9.000000e+01
         vertex 1.192637e+01 4.300000e+01 8.320114e+01
         vertex 1.201886e+01 4.300000e+01 8.285598e+01
      endloop
   endfacet
   facet normal 0.000000e+00 -1.000000e+00 -0.000000e+00
      outer loop
         vertex 2.000000e+01 4.300000e+01 9.000000e+01
         vertex 1.201886e+01 4.300000e+01 8.285598e+01
         vertex 2.000000e+01 4.300000e+01 7.907345e+01
      endloop
   endfacet
   facet normal 0.000000e+00 -1.000000e+00 0.000000e+00
      outer loop
         vertex 2.000000e+01 4.300000e+01 7.907345e+01
         vertex 1.201886e+01 4.300000e+01 8.285598e+01
         vertex 1.205000e+01 4.300000e+01 8.250000e+01
      endloop
   endfacet
   facet normal 0.000000e+00 -1.000000e+00 0.000000e+00
      outer loop
         vertex 2.000000e+01 4.300000e+01 7.907345e+01
         vertex 1.205000e+01 4.300000e+01 8.250000e+01
         vertex 1.201886e+01 4.300000e+01 8.214402e+01
      endloop
   endfacet
   facet normal -0.000000e+00 0.000000e+00 1.000000e+00
      outer loop
         vertex 0.000000e+00 5.100000e+01 9.000000e+01
         vertex 0.000000e+00 4.300000e+01 9.000000e+01
         vertex 2.000000e+01 5.100000e+01 9.000000e+01
      endloop
   endfacet
   facet normal 0.000000e+00 0.000000e+00 1.000000e+00
      outer loop
         vertex 2.000000e+01 5.100000e+01 9.000000e+01
         vertex 0.000000e+00 4.300000e+01 9.000000e+01
         vertex 2.000000e+01 4.300000e+01 9.000000e+01
      endloop
   endfacet
   facet normal -0.000000e+00 1.000000e+00 0.000000e+00
      outer loop
         vertex 1.070114e+01 5.100000e+01 8.057363e+01
         vertex 1.102500e+01 5.100000e+01 8.072465e+01
         vertex 2.000000e+01 5.100000e+01 6.234935e+01
      endloop
   endfacet
   facet normal 0.000000e+00 1.000000e+00 0.000000e+00
      outer loop
         vertex 2.000000e+01 5.100000e+01 6.234935e+01
         vertex 1.102500e+01 5.100000e+01 8.072465e+01
         vertex 1.131771e+01 5.100000e+01 8.092961e+01
      endloop
   endfacet
   facet normal 0.000000e+00 1.000000e+00 0.000000e+00
      outer loop
         vertex 2.000000e+01 5.100000e+01 6.234935e+01
         vertex 1.131771e+01 5.100000e+01 8.092961e+01
         vertex 1.157039e+01 5.100000e+01 8.118229e+01
      endloop
   endfacet
   facet normal 0.000000e+00 1.000000e+00 0.000000e+00
      outer loop
         vertex 0.000000e+00 5.100000e+01 6.234935e+01
         vertex 1.000000e+01 5.100000e+01 8.045000e+01
         vertex 2.000000e+01 5.100000e+01 6.234935e+01
      endloop
   endfacet
   facet normal 0.000000e+00 1.000000e+00 0.000000e+00
      outer loop
         vertex 2.000000e+01 5.100000e+01 6.234935e+01
         vertex 1.000000e+01 5.100000e+01 8.045000e+01
         vertex 1.035598e+01 5.100000e+01 8.048115e+01
      endloop
   endfacet
   facet normal 0.000000e+00 1.000000e+00 0.000000e+00
      outer loop
         vertex 2.000000e+01 5.100000e+01 6.234935e+01
         vertex 1.035598e+01 5.100000e+01 8.048115e+01
         vertex 1.070114e+01 5.100000e+01 8.057363e+01
      endloop
   endfacet
   facet normal 0.000000e+00 1.000000e+00 0.000000e+00
      outer loop
         vertex 2.000000e+01 5.100000e+01 9.000000e+01
         vertex 1.177535e+01 5.100000e+01 8.352500e+01
         vertex 1.157039e+01 5.100000e+01 8.381772e+01
      endloop
   endfacet
   facet normal 0.000000e+00 1.000000e+00 -0.000000e+00
      outer loop
         vertex 1.070114e+01 5.100000e+01 8.442637e+01
         vertex 1.035598e+01 5.100000e+01 8.451886e+01
         vertex 2.000000e+01 5.100000e+01 9.000000e+01
      endloop
   endfacet
   facet normal 0.000000e+00 1.000000e+00 0.000000e+00
      outer loop
         vertex 2.000000e+01 5.100000e+01 9.000000e+01
         vertex 1.035598e+01 5.100000e+01 8.451886e+01
         vertex 1.000000e+01 5.100000e+01 8.455000e+01
      endloop
   endfacet
   facet normal 0.000000e+00 1.000000e+00 0.000000e+00
      outer loop
         vertex 2.000000e+01 5.100000e+01 9.000000e+01
         vertex 1.000000e+01 5.100000e+01 8.455000e+01
         vertex 0.000000e+00 5.100000e+01 9.000000e+01
      endloop
   endfacet
   facet normal 0.000000e+00 1.000000e+00 0.000000e+00
      outer loop
         vertex 0.000000e+00 5.100000e+01 9.000000e+01
         vertex 1.000000e+01 5.100000e+01 8.455000e+01
         vertex 9.644020e+00 5.100000e+01 8.451886e+01
      endloop
   endfacet
   facet normal 0.000000e+00 1.000000e+00 0.000000e+00
      outer loop
         vertex 0.000000e+00 5.100000e+01 9.000000e+01
         vertex 9.644020e+00 5.100000e+01 8.451886e+01
         vertex 9.298858e+00 5.100000e+01 8.442637e+01
      endloop
   endfacet
   facet normal 0.000000e+00 1.000000e+00 -0.000000e+00
      outer loop
         vertex 1.157039e+01 5.100000e+01 8.381772e+01
         vertex 1.131771e+01 5.100000e+01 8.407039e+01
         vertex 2.000000e+01 5.100000e+01 9.000000e+01
      endloop
   endfacet
   facet normal 0.000000e+00 1.000000e+00 0.000000e+00
      outer loop
         vertex 2.000000e+01 5.100000e+01 9.000000e+01
         vertex 1.131771e+01 5.100000e+01 8.407039e+01
         vertex 1.102500e+01 5.100000e+01 8.427535e+01
      endloop
   endfacet
   facet normal 0.000000e+00 1.000000e+00 0.000000e+00
      outer loop
         vertex 2.000000e+01 5.100000e+01 9.000000e+01
         vertex 1.102500e+01 5.100000e+01 8.427535e+01
         vertex 1.070114e+01 5.100000e+01 8.442637e+01
      endloop
   endfacet
   facet normal 0.000000e+00 1.000000e+00 0.000000e+00
      outer loop
         vertex 9.298858e+00 5.100000e+01 8.442637e+01
         vertex 8.974999e+00 5.100000e+01 8.427535e+01
         vertex 0.000000e+00 5.100000e+01 9.000000e+01
      endloop
   endfacet
   facet normal 0.000000e+00 1.000000e+00 0.000000e+00
      outer loop
         vertex 0.000000e+00 5.100000e+01 9.000000e+01
         vertex 8.974999e+00 5.100000e+01 8.427535e+01
         vertex 8.682285e+00 5.100000e+01 8.407039e+01
      endloop
   endfacet
   facet normal 0.000000e+00 1.000000e+00 0.000000e+00
      outer loop
         vertex 0.000000e+00 5.100000e+01 9.000000e+01
         vertex 8.682285e+00 5.100000e+01 8.407039e+01
         vertex 8.429608e+00 5.100000e+01 8.381772e+01
      endloop
   endfacet
   facet normal 0.000000e+00 1.000000e+00 0.000000e+00
      outer loop
         vertex 8.429608e+00 5.100000e+01 8.381772e+01
         vertex 8.224647e+00 5.100000e+01 8.352500e+01
         vertex 0.000000e+00 5.100000e+01 9.000000e+01
      endloop
   endfacet
   facet normal 0.000000e+00 1.000000e+00 0.000000e+00
      outer loop
         vertex 0.000000e+00 5.100000e+01 9.000000e+01
         vertex 8.224647e+00 5.100000e+01 8.352500e+01
         vertex 8.073630e+00 5.100000e+01 8.320114e+01
      endloop
   endfacet
   facet normal 0.000000e+00 1.000000e+00 0.000000e+00
      outer loop
         vertex 0.000000e+00 5.100000e+01 9.000000e+01
         vertex 8.073630e+00 5.100000e+01 8.320114e+01
         vertex 7.981144e+00 5.100000e+01 8.285598e+01
      endloop
   endfacet
   facet normal 0.000000e+00 1.000000e+00 -0.000000e+00
      outer loop
         vertex 1.205000e+01 5.100000e+01 8.250000e+01
         vertex 1.201886e+01 5.100000e+01 8.285598e+01
         vertex 2.000000e+01 5.100000e+01 9.000000e+01
      endloop
   endfacet
   facet normal 0.000000e+00 1.000000e+00 0.000000e+00
      outer loop
         vertex 2.000000e+01 5.100000e+01 9.000000e+01
         vertex 1.201886e+01 5.100000e+01 8.285598e+01
         vertex 1.192637e+01 5.100000e+01 8.320114e+01
      endloop
   endfacet
   facet normal 0.000000e+00 1.000000e+00 0.000000e+00
      outer loop
         vertex 2.000000e+01 5.100000e+01 9.000000e+01
         vertex 1.192637e+01 5.100000e+01 8.320114e+01
         vertex 1.177535e+01 5.100000e+01 8.352500e+01
      endloop
   endfacet
   facet normal 0.000000e+00 1.000000e+00 0.000000e+00
      outer loop
         vertex 7.981144e+00 5.100000e+01 8.285598e+01
         vertex 7.950000e+00 5.100000e+01 8.250000e+01
         vertex 0.000000e+00 5.100000e+01 9.000000e+01
      endloop
   endfacet
   facet normal 0.000000e+00 1.000000e+00 0.000000e+00
      outer loop
         vertex 0.000000e+00 5.100000e+01 9.000000e+01
         vertex 7.950000e+00 5.100000e+01 8.250000e+01
         vertex 7.981144e+00 5.100000e+01 8.214402e+01
      endloop
   endfacet
   facet normal 0.000000e+00 1.000000e+00 0.000000e+00
      outer loop
         vertex 0.000000e+00 5.100000e+01 9.000000e+01
         vertex 7.981144e+00 5.100000e+01 8.214402e+01
         vertex 0.000000e+00 5.100000e+01 6.234935e+01
      endloop
   endfacet
   facet normal 0.000000e+00 1.000000e+00 0.000000e+00
      outer loop
         vertex 0.000000e+00 5.100000e+01 6.234935e+01
         vertex 7.981144e+00 5.100000e+01 8.214402e+01
         vertex 8.073630e+00 5.100000e+01 8.179886e+01
      endloop
   endfacet
   facet normal 0.000000e+00 1.000000e+00 0.000000e+00
      outer loop
         vertex 0.000000e+00 5.100000e+01 6.234935e+01
         vertex 8.073630e+00 5.100000e+01 8.179886e+01
         vertex 8.224647e+00 5.100000e+01 8.147500e+01
      endloop
   endfacet
   facet normal 0.000000e+00 1.000000e+00 0.000000e+00
      outer loop
         vertex 8.224647e+00 5.100000e+01 8.147500e+01
         vertex 8.429608e+00 5.100000e+01 8.118229e+01
         vertex 0.000000e+00 5.100000e+01 6.234935e+01
      endloop
   endfacet
   facet normal 0.000000e+00 1.000000e+00 0.000000e+00
      outer loop
         vertex 0.000000e+00 5.100000e+01 6.234935e+01
         vertex 8.429608e+00 5.100000e+01 8.118229e+01
         vertex 8.682285e+00 5.100000e+01 8.092961e+01
      endloop
   endfacet
   facet normal 0.000000e+00 1.000000e+00 0.000000e+00
      outer loop
         vertex 0.000000e+00 5.100000e+01 6.234935e+01
         vertex 8.682285e+00 5.100000e+01 8.092961e+01
         vertex 8.974999e+00 5.100000e+01 8.072465e+01
      endloop
   endfacet
   facet normal 0.000000e+00 1.000000e+00 0.000000e+00
      outer loop
         vertex 8.974999e+00 5.100000e+01 8.072465e+01
         vertex 9.298858e+00 5.100000e+01 8.057363e+01
         vertex 0.000000e+00 5.100000e+01 6.234935e+01
      endloop
   endfacet
   facet normal 0.000000e+00 1.000000e+00 0.000000e+00
      outer loop
         vertex 0.000000e+00 5.100000e+01 6.234935e+01
         vertex 9.298858e+00 5.100000e+01 8.057363e+01
         vertex 9.644020e+00 5.100000e+01 8.048115e+01
      endloop
   endfacet
   facet normal 0.000000e+00 1.000000e+00 0.000000e+00
      outer loop
         vertex 0.000000e+00 5.100000e+01 6.234935e+01
         vertex 9.644020e+00 5.100000e+01 8.048115e+01
         vertex 1.000000e+01 5.100000e+01 8.045000e+01
      endloop
   endfacet
   facet normal -0.000000e+00 1.000000e+00 0.000000e+00
      outer loop
         vertex 1.157039e+01 5.100000e+01 8.118229e+01
         vertex 1.177535e+01 5.100000e+01 8.147500e+01
         vertex 2.000000e+01 5.100000e+01 6.234935e+01
      endloop
   endfacet
   facet normal 0.000000e+00 1.000000e+00 0.000000e+00
      outer loop
         vertex 2.000000e+01 5.100000e+01 6.234935e+01
         vertex 1.177535e+01 5.100000e+01 8.147500e+01
         vertex 1.192637e+01 5.100000e+01 8.179886e+01
      endloop
   endfacet
   facet normal 0.000000e+00 1.000000e+00 -0.000000e+00
      outer loop
         vertex 2.000000e+01 5.100000e+01 6.234935e+01
         vertex 1.192637e+01 5.100000e+01 8.179886e+01
         vertex 2.000000e+01 5.100000e+01 9.000000e+01
      endloop
   endfacet
   facet normal 0.000000e+00 1.000000e+00 0.000000e+00
      outer loop
         vertex 2.000000e+01 5.100000e+01 9.000000e+01
         vertex 1.192637e+01 5.100000e+01 8.179886e+01
         vertex 1.201886e+01 5.100000e+01 8.214402e+01
      endloop
   endfacet
   facet normal 0.000000e+00 1.000000e+00 0.000000e+00
      outer loop
         vertex 2.000000e+01 5.100000e+01 9.000000e+01
         vertex 1.201886e+01 5.100000e+01 8.214402e+01
         vertex 1.205000e+01 5.100000e+01 8.250000e+01
      endloop
   endfacet
   facet normal 0.000000e+00 9.964061e-01 -8.470414e-02
      outer loop
         vertex 0.000000e+00 5.100000e+01 6.234935e+01
         vertex 2.000000e+01 5.100000e+01 6.234935e+01
         vertex 2.000000e+01 5.095695e+01 6.184295e+01
      endloop
   endfacet
   facet normal 0.000000e+00 9.964061e-01 -8.470414e-02
      outer loop
         vertex 0.000000e+00 5.100000e+01 6.234935e+01
         vertex 2.000000e+01 5.095695e+01 6.184295e+01
         vertex 0.000000e+00 5.095695e+01 6.184295e+01
      endloop
   endfacet
   facet normal 0.000000e+00 9.678089e-01 -2.516863e-01
      outer loop
         vertex 0.000000e+00 5.095695e+01 6.184295e+01
         vertex 2.000000e+01 5.095695e+01 6.184295e+01
         vertex 2.000000e+01 5.082903e+01 6.135107e+01
      endloop
   endfacet
   facet normal 0.000000e+00 9.678089e-01 -2.516863e-01
      outer loop
         vertex 0.000000e+00 5.095695e+01 6.184295e+01
         vertex 2.000000e+01 5.082903e+01 6.135107e+01
         vertex 0.000000e+00 5.082903e+01 6.135107e+01
      endloop
   endfacet
   facet normal 0.000000e+00 9.114360e-01 -4.114418e-01
      outer loop
         vertex 0.000000e+00 5.082903e+01 6.135107e+01
         vertex 2.000000e+01 5.082903e+01 6.135107e+01
         vertex 2.000000e+01 5.061993e+01 6.088785e+01
      endloop
   endfacet
   facet normal 0.000000e+00 9.114360e-01 -4.114418e-01
      outer loop
         vertex 0.000000e+00 5.082903e+01 6.135107e+01
         vertex 2.000000e+01 5.061993e+01 6.088785e+01
         vertex 0.000000e+00 5.061993e+01 6.088785e+01
      endloop
   endfacet
   facet normal 0.000000e+00 8.289038e-01 -5.593912e-01
      outer loop
         vertex 0.000000e+00 5.061993e+01 6.088785e+01
         vertex 2.000000e+01 5.061993e+01 6.088785e+01
         vertex 2.000000e+01 5.033563e+01 6.046658e+01
      endloop
   endfacet
   facet normal 0.000000e+00 8.289038e-01 -5.593912e-01
      outer loop
         vertex 0.000000e+00 5.061993e+01 6.088785e+01
         vertex 2.000000e+01 5.033563e+01 6.046658e+01
         vertex 0.000000e+00 5.033563e+01 6.046658e+01
      endloop
   endfacet
   facet normal 0.000000e+00 7.225847e-01 -6.912824e-01
      outer loop
         vertex 0.000000e+00 5.033563e+01 6.046658e+01
         vertex 2.000000e+01 5.033563e+01 6.046658e+01
         vertex 2.000000e+01 4.998429e+01 6.009934e+01
      endloop
   endfacet
   facet normal 0.000000e+00 7.225847e-01 -6.912824e-01
      outer loop
         vertex 0.000000e+00 5.033563e+01 6.046658e+01
         vertex 2.000000e+01 4.998429e+01 6.009934e+01
         vertex 0.000000e+00 4.998429e+01 6.009934e+01
      endloop
   endfacet
   facet normal 0.000000e+00 5.955241e-01 -8.033374e-01
      outer loop
         vertex 0.000000e+00 4.998429e+01 6.009934e+01
         vertex 2.000000e+01 4.998429e+01 6.009934e+01
         vertex 2.000000e+01 4.957601e+01 5.979667e+01
      endloop
   endfacet
   facet normal 0.000000e+00 5.955241e-01 -8.033374e-01
      outer loop
         vertex 0.000000e+00 4.998429e+01 6.009934e+01
         vertex 2.000000e+01 4.957601e+01 5.979667e+01
         vertex 0.000000e+00 4.957601e+01 5.979667e+01
      endloop
   endfacet
   facet normal 0.000000e+00 4.513736e-01 -8.923351e-01
      outer loop
         vertex 0.000000e+00 4.957601e+01 5.979667e+01
         vertex 2.000000e+01 4.957601e+01 5.979667e+01
         vertex 2.000000e+01 4.912250e+01 5.956727e+01
      endloop
   endfacet
   facet normal 0.000000e+00 4.513736e-01 -8.923351e-01
      outer loop
         vertex 0.000000e+00 4.957601e+01 5.979667e+01
         vertex 2.000000e+01 4.912250e+01 5.956727e+01
         vertex 0.000000e+00 4.912250e+01 5.956727e+01
      endloop
   endfacet
   facet normal 0.000000e+00 2.942684e-01 -9.557228e-01
      outer loop
         vertex 0.000000e+00 4.912250e+01 5.956727e+01
         vertex 2.000000e+01 4.912250e+01 5.956727e+01
         vertex 2.000000e+01 4.863677e+01 5.941771e+01
      endloop
   endfacet
   facet normal 0.000000e+00 2.942684e-01 -9.557228e-01
      outer loop
         vertex 0.000000e+00 4.912250e+01 5.956727e+01
         vertex 2.000000e+01 4.863677e+01 5.941771e+01
         vertex 0.000000e+00 4.863677e+01 5.941771e+01
      endloop
   endfacet
   facet normal 0.000000e+00 1.287168e-01 -9.916814e-01
      outer loop
         vertex 0.000000e+00 4.863677e+01 5.941771e+01
         vertex 2.000000e+01 4.863677e+01 5.941771e+01
         vertex 2.000000e+01 4.813276e+01 5.935229e+01
      endloop
   endfacet
   facet normal 0.000000e+00 1.287168e-01 -9.916814e-01
      outer loop
         vertex 0.000000e+00 4.863677e+01 5.941771e+01
         vertex 2.000000e+01 4.813276e+01 5.935229e+01
         vertex 0.000000e+00 4.813276e+01 5.935229e+01
      endloop
   endfacet
   facet normal 0.000000e+00 -4.052685e-02 -9.991784e-01
      outer loop
         vertex 0.000000e+00 4.813276e+01 5.935229e+01
         vertex 2.000000e+01 4.813276e+01 5.935229e+01
         vertex 2.000000e+01 4.762495e+01 5.937289e+01
      endloop
   endfacet
   facet normal 0.000000e+00 -4.052685e-02 -9.991784e-01
      outer loop
         vertex 0.000000e+00 4.813276e+01 5.935229e+01
         vertex 2.000000e+01 4.762495e+01 5.937289e+01
         vertex 0.000000e+00 4.762495e+01 5.937289e+01
      endloop
   endfacet
   facet normal 0.000000e+00 -2.086089e-01 -9.779991e-01
      outer loop
         vertex 0.000000e+00 4.762495e+01 5.937289e+01
         vertex 2.000000e+01 4.762495e+01 5.937289e+01
         vertex 2.000000e+01 4.712790e+01 5.947891e+01
      endloop
   endfacet
   facet normal 0.000000e+00 -2.086089e-01 -9.779991e-01
      outer loop
         vertex 0.000000e+00 4.762495e+01 5.937289e+01
         vertex 2.000000e+01 4.712790e+01 5.947891e+01
         vertex 0.000000e+00 4.712790e+01 5.947891e+01
      endloop
   endfacet
   facet normal 0.000000e+00 -3.707034e-01 -9.287513e-01
      outer loop
         vertex 0.000000e+00 4.712790e+01 5.947891e+01
         vertex 2.000000e+01 4.712790e+01 5.947891e+01
         vertex 2.000000e+01 4.665587e+01 5.966732e+01
      endloop
   endfacet
   facet normal 0.000000e+00 -3.707034e-01 -9.287513e-01
      outer loop
         vertex 0.000000e+00 4.712790e+01 5.947891e+01
         vertex 2.000000e+01 4.665587e+01 5.966732e+01
         vertex 0.000000e+00 4.665587e+01 5.966732e+01
      endloop
   endfacet
   facet normal 0.000000e+00 -5.221610e-01 -8.528470e-01
      outer loop
         vertex 0.000000e+00 4.665587e+01 5.966732e+01
         vertex 2.000000e+01 4.665587e+01 5.966732e+01
         vertex 2.000000e+01 4.622243e+01 5.993269e+01
      endloop
   endfacet
   facet normal 0.000000e+00 -5.221610e-01 -8.528470e-01
      outer loop
         vertex 0.000000e+00 4.665587e+01 5.966732e+01
         vertex 2.000000e+01 4.622243e+01 5.993269e+01
         vertex 0.000000e+00 4.622243e+01 5.993269e+01
      endloop
   endfacet
   facet normal 0.000000e+00 -6.586278e-01 -7.524688e-01
      outer loop
         vertex 0.000000e+00 4.622243e+01 5.993269e+01
         vertex 2.000000e+01 4.622243e+01 5.993269e+01
         vertex 2.000000e+01 4.584000e+01 6.026743e+01
      endloop
   endfacet
   facet normal 0.000000e+00 -6.586278e-01 -7.524688e-01
      outer loop
         vertex 0.000000e+00 4.622243e+01 5.993269e+01
         vertex 2.000000e+01 4.584000e+01 6.026743e+01
         vertex 0.000000e+00 4.584000e+01 6.026743e+01
      endloop
   endfacet
   facet normal 0.000000e+00 -6.726926e-01 -7.399221e-01
      outer loop
         vertex 0.000000e+00 4.584000e+01 6.026743e+01
         vertex 2.000000e+01 4.584000e+01 6.026743e+01
         vertex 0.000000e+00 4.369409e+01 6.221836e+01
      endloop
   endfacet
   facet normal 0.000000e+00 -6.726926e-01 -7.399221e-01
      outer loop
         vertex 0.000000e+00 4.369409e+01 6.221836e+01
         vertex 2.000000e+01 4.584000e+01 6.026743e+01
         vertex 2.000000e+01 4.369409e+01 6.221836e+01
      endloop
   endfacet
   facet normal 0.000000e+00 -5.695174e-01 -8.219793e-01
      outer loop
         vertex 0.000000e+00 4.369409e+01 6.221836e+01
         vertex 2.000000e+01 4.369409e+01 6.221836e+01
         vertex 0.000000e+00 4.131020e+01 6.387007e+01
      endloop
   endfacet
   facet normal 0.000000e+00 -5.695174e-01 -8.219793e-01
      outer loop
         vertex 0.000000e+00 4.131020e+01 6.387007e+01
         vertex 2.000000e+01 4.369409e+01 6.221836e+01
         vertex 2.000000e+01 4.131020e+01 6.387007e+01
      endloop
   endfacet
   facet normal 0.000000e+00 -4.564463e-01 -8.897510e-01
      outer loop
         vertex 0.000000e+00 4.131020e+01 6.387007e+01
         vertex 2.000000e+01 4.131020e+01 6.387007e+01
         vertex 0.000000e+00 3.872976e+01 6.519384e+01
      endloop
   endfacet
   facet normal 0.000000e+00 -4.564463e-01 -8.897510e-01
      outer loop
         vertex 0.000000e+00 3.872976e+01 6.519384e+01
         vertex 2.000000e+01 4.131020e+01 6.387007e+01
         vertex 2.000000e+01 3.872976e+01 6.519384e+01
      endloop
   endfacet
   facet normal 0.000000e+00 -3.354425e-01 -9.420607e-01
      outer loop
         vertex 0.000000e+00 3.872976e+01 6.519384e+01
         vertex 2.000000e+01 3.872976e+01 6.519384e+01
         vertex 0.000000e+00 3.599761e+01 6.616669e+01
      endloop
   endfacet
   facet normal 0.000000e+00 -3.354425e-01 -9.420607e-01
      outer loop
         vertex 0.000000e+00 3.599761e+01 6.616669e+01
         vertex 2.000000e+01 3.872976e+01 6.519384e+01
         vertex 2.000000e+01 3.599761e+01 6.616669e+01
      endloop
   endfacet
   facet normal 0.000000e+00 -2.086089e-01 -9.779991e-01
      outer loop
         vertex 0.000000e+00 3.599761e+01 6.616669e+01
         vertex 2.000000e+01 3.599761e+01 6.616669e+01
         vertex 0.000000e+00 3.316123e+01 6.677169e+01
      endloop
   endfacet
   facet normal 0.000000e+00 -2.086089e-01 -9.779991e-01
      outer loop
         vertex 0.000000e+00 3.316123e+01 6.677169e+01
         vertex 2.000000e+01 3.599761e+01 6.616669e+01
         vertex 2.000000e+01 3.316123e+01 6.677169e+01
      endloop
   endfacet
   facet normal 0.000000e+00 -7.815101e-02 -9.969415e-01
      outer loop
         vertex 0.000000e+00 3.316123e+01 6.677169e+01
         vertex 2.000000e+01 3.316123e+01 6.677169e+01
         vertex 0.000000e+00 3.026992e+01 6.699835e+01
      endloop
   endfacet
   facet normal 0.000000e+00 -7.815101e-02 -9.969415e-01
      outer loop
         vertex 0.000000e+00 3.026992e+01 6.699835e+01
         vertex 2.000000e+01 3.316123e+01 6.677169e+01
         vertex 2.000000e+01 3.026992e+01 6.699835e+01
      endloop
   endfacet
   facet normal 0.000000e+00 5.366584e-02 -9.985590e-01
      outer loop
         vertex 0.000000e+00 3.026992e+01 6.699835e+01
         vertex 2.000000e+01 3.026992e+01 6.699835e+01
         vertex 0.000000e+00 2.737392e+01 6.684271e+01
      endloop
   endfacet
   facet normal 0.000000e+00 5.366584e-02 -9.985590e-01
      outer loop
         vertex 0.000000e+00 2.737392e+01 6.684271e+01
         vertex 2.000000e+01 3.026992e+01 6.699835e+01
         vertex 2.000000e+01 2.737392e+01 6.684271e+01
      endloop
   endfacet
   facet normal 0.000000e+00 1.845495e-01 -9.828232e-01
      outer loop
         vertex 0.000000e+00 2.737392e+01 6.684271e+01
         vertex 2.000000e+01 2.737392e+01 6.684271e+01
         vertex 0.000000e+00 2.452355e+01 6.630748e+01
      endloop
   endfacet
   facet normal 0.000000e+00 1.845495e-01 -9.828232e-01
      outer loop
         vertex 0.000000e+00 2.452355e+01 6.630748e+01
         vertex 2.000000e+01 2.737392e+01 6.684271e+01
         vertex 2.000000e+01 2.452355e+01 6.630748e+01
      endloop
   endfacet
   facet normal 0.000000e+00 3.122270e-01 -9.500075e-01
      outer loop
         vertex 0.000000e+00 2.452355e+01 6.630748e+01
         vertex 2.000000e+01 2.452355e+01 6.630748e+01
         vertex 0.000000e+00 2.176835e+01 6.540196e+01
      endloop
   endfacet
   facet normal 0.000000e+00 3.122270e-01 -9.500075e-01
      outer loop
         vertex 0.000000e+00 2.176835e+01 6.540196e+01
         vertex 2.000000e+01 2.452355e+01 6.630748e+01
         vertex 2.000000e+01 2.176835e+01 6.540196e+01
      endloop
   endfacet
   facet normal 0.000000e+00 4.344776e-01 -9.006827e-01
      outer loop
         vertex 0.000000e+00 2.176835e+01 6.540196e+01
         vertex 2.000000e+01 2.176835e+01 6.540196e+01
         vertex 0.000000e+00 1.915621e+01 6.414190e+01
      endloop
   endfacet
   facet normal 0.000000e+00 4.344776e-01 -9.006827e-01
      outer loop
         vertex 0.000000e+00 1.915621e+01 6.414190e+01
         vertex 2.000000e+01 2.176835e+01 6.540196e+01
         vertex 2.000000e+01 1.915621e+01 6.414190e+01
      endloop
   endfacet
   facet normal 0.000000e+00 5.491778e-01 -8.357055e-01
      outer loop
         vertex 0.000000e+00 1.915621e+01 6.414190e+01
         vertex 2.000000e+01 1.915621e+01 6.414190e+01
         vertex 0.000000e+00 1.673251e+01 6.254918e+01
      endloop
   endfacet
   facet normal 0.000000e+00 5.491778e-01 -8.357055e-01
      outer loop
         vertex 0.000000e+00 1.673251e+01 6.254918e+01
         vertex 2.000000e+01 1.915621e+01 6.414190e+01
         vertex 2.000000e+01 1.673251e+01 6.254918e+01
      endloop
   endfacet
   facet normal 0.000000e+00 6.543344e-01 -7.562053e-01
      outer loop
         vertex 0.000000e+00 1.673251e+01 6.254918e+01
         vertex 2.000000e+01 1.673251e+01 6.254918e+01
         vertex 0.000000e+00 1.453938e+01 6.065149e+01
      endloop
   endfacet
   facet normal 0.000000e+00 6.543344e-01 -7.562053e-01
      outer loop
         vertex 0.000000e+00 1.453938e+01 6.065149e+01
         vertex 2.000000e+01 1.673251e+01 6.254918e+01
         vertex 2.000000e+01 1.453938e+01 6.065149e+01
      endloop
   endfacet
   facet normal 0.000000e+00 7.481203e-01 -6.635632e-01
      outer loop
         vertex 0.000000e+00 1.453938e+01 6.065149e+01
         vertex 2.000000e+01 1.453938e+01 6.065149e+01
         vertex 0.000000e+00 1.261492e+01 5.848181e+01
      endloop
   endfacet
   facet normal 0.000000e+00 7.481203e-01 -6.635632e-01
      outer loop
         vertex 0.000000e+00 1.261492e+01 5.848181e+01
         vertex 2.000000e+01 1.453938e+01 6.065149e+01
         vertex 2.000000e+01 1.261492e+01 5.848181e+01
      endloop
   endfacet
   facet normal 0.000000e+00 8.289047e-01 -5.593898e-01
      outer loop
         vertex 0.000000e+00 1.261492e+01 5.848181e+01
         vertex 2.000000e+01 1.261492e+01 5.848181e+01
         vertex 0.000000e+00 1.099259e+01 5.607783e+01
      endloop
   endfacet
   facet normal 0.000000e+00 8.289047e-01 -5.593898e-01
      outer loop
         vertex 0.000000e+00 1.099259e+01 5.607783e+01
         vertex 2.000000e+01 1.261492e+01 5.848181e+01
         vertex 2.000000e+01 1.099259e+01 5.607783e+01
      endloop
   endfacet
   facet normal 0.000000e+00 8.952842e-01 -4.454954e-01
      outer loop
         vertex 0.000000e+00 1.099259e+01 5.607783e+01
         vertex 2.000000e+01 1.099259e+01 5.607783e+01
         vertex 0.000000e+00 9.700570e+00 5.348134e+01
      endloop
   endfacet
   facet normal 0.000000e+00 8.952842e-01 -4.454954e-01
      outer loop
         vertex 0.000000e+00 9.700570e+00 5.348134e+01
         vertex 2.000000e+01 1.099259e+01 5.607783e+01
         vertex 2.000000e+01 9.700570e+00 5.348134e+01
      endloop
   endfacet
   facet normal 0.000000e+00 9.461052e-01 -3.238594e-01
      outer loop
         vertex 0.000000e+00 9.700570e+00 5.348134e+01
         vertex 2.000000e+01 9.700570e+00 5.348134e+01
         vertex 0.000000e+00 8.761318e+00 5.073746e+01
      endloop
   endfacet
   facet normal 0.000000e+00 9.461052e-01 -3.238594e-01
      outer loop
         vertex 0.000000e+00 8.761318e+00 5.073746e+01
         vertex 2.000000e+01 9.700570e+00 5.348134e+01
         vertex 2.000000e+01 8.761318e+00 5.073746e+01
      endloop
   endfacet
   facet normal 0.000000e+00 9.804849e-01 -1.965943e-01
      outer loop
         vertex 0.000000e+00 8.761318e+00 5.073746e+01
         vertex 2.000000e+01 8.761318e+00 5.073746e+01
         vertex 0.000000e+00 8.191159e+00 4.789388e+01
      endloop
   endfacet
   facet normal 0.000000e+00 9.804849e-01 -1.965943e-01
      outer loop
         vertex 0.000000e+00 8.191159e+00 4.789388e+01
         vertex 2.000000e+01 8.761318e+00 5.073746e+01
         vertex 2.000000e+01 8.191159e+00 4.789388e+01
      endloop
   endfacet
   facet normal 0.000000e+00 9.978254e-01 -6.591292e-02
      outer loop
         vertex 0.000000e+00 8.191159e+00 4.789388e+01
         vertex 2.000000e+01 8.191159e+00 4.789388e+01
         vertex 0.000000e+00 7.999999e+00 4.500000e+01
      endloop
   endfacet
   facet normal 0.000000e+00 9.978254e-01 -6.591292e-02
      outer loop
         vertex 0.000000e+00 7.999999e+00 4.500000e+01
         vertex 2.000000e+01 8.191159e+00 4.789388e+01
         vertex 2.000000e+01 7.999999e+00 4.500000e+01
      endloop
   endfacet
   facet normal -0.000000e+00 9.978254e-01 6.591292e-02
      outer loop
         vertex 0.000000e+00 7.999999e+00 4.500000e+01
         vertex 2.000000e+01 7.999999e+00 4.500000e+01
         vertex 0.000000e+00 8.191159e+00 4.210613e+01
      endloop
   endfacet
   facet normal -0.000000e+00 9.978254e-01 6.591292e-02
      outer loop
         vertex 0.000000e+00 8.191159e+00 4.210613e+01
         vertex 2.000000e+01 7.999999e+00 4.500000e+01
         vertex 2.000000e+01 8.191159e+00 4.210613e+01
      endloop
   endfacet
   facet normal -0.000000e+00 9.804849e-01 1.965943e-01
      outer loop
         vertex 0.000000e+00 8.191159e+00 4.210613e+01
         vertex 2.000000e+01 8.191159e+00 4.210613e+01
         vertex 0.000000e+00 8.761318e+00 3.926254e+01
      endloop
   endfacet
   facet normal -0.000000e+00 9.804849e-01 1.965943e-01
      outer loop
         vertex 0.000000e+00 8.761318e+00 3.926254e+01
         vertex 2.000000e+01 8.191159e+00 4.210613e+01
         vertex 2.000000e+01 8.761318e+00 3.926254e+01
      endloop
   endfacet
   facet normal -0.000000e+00 9.461052e-01 3.238594e-01
      outer loop
         vertex 0.000000e+00 8.761318e+00 3.926254e+01
         vertex 2.000000e+01 8.761318e+00 3.926254e+01
         vertex 0.000000e+00 9.700570e+00 3.651866e+01
      endloop
   endfacet
   facet normal -0.000000e+00 9.461052e-01 3.238594e-01
      outer loop
         vertex 0.000000e+00 9.700570e+00 3.651866e+01
         vertex 2.000000e+01 8.761318e+00 3.926254e+01
         vertex 2.000000e+01 9.700570e+00 3.651866e+01
      endloop
   endfacet
   facet normal -0.000000e+00 8.952842e-01 4.454954e-01
      outer loop
         vertex 0.000000e+00 9.700570e+00 3.651866e+01
         vertex 2.000000e+01 9.700570e+00 3.651866e+01
         vertex 0.000000e+00 1.099259e+01 3.392217e+01
      endloop
   endfacet
   facet normal -0.000000e+00 8.952842e-01 4.454954e-01
      outer loop
         vertex 0.000000e+00 1.099259e+01 3.392217e+01
         vertex 2.000000e+01 9.700570e+00 3.651866e+01
         vertex 2.000000e+01 1.099259e+01 3.392217e+01
      endloop
   endfacet
   facet normal -0.000000e+00 8.289047e-01 5.593898e-01
      outer loop
         vertex 0.000000e+00 1.099259e+01 3.392217e+01
         vertex 2.000000e+01 1.099259e+01 3.392217e+01
         vertex 0.000000e+00 1.261492e+01 3.151820e+01
      endloop
   endfacet
   facet normal -0.000000e+00 8.289047e-01 5.593898e-01
      outer loop
         vertex 0.000000e+00 1.261492e+01 3.151820e+01
         vertex 2.000000e+01 1.099259e+01 3.392217e+01
         vertex 2.000000e+01 1.261492e+01 3.151820e+01
      endloop
   endfacet
   facet normal -0.000000e+00 7.481203e-01 6.635632e-01
      outer loop
         vertex 0.000000e+00 1.261492e+01 3.151820e+01
         vertex 2.000000e+01 1.261492e+01 3.151820e+01
         vertex 0.000000e+00 1.453938e+01 2.934851e+01
      endloop
   endfacet
   facet normal -0.000000e+00 7.481203e-01 6.635632e-01
      outer loop
         vertex 0.000000e+00 1.453938e+01 2.934851e+01
         vertex 2.000000e+01 1.261492e+01 3.151820e+01
         vertex 2.000000e+01 1.453938e+01 2.934851e+01
      endloop
   endfacet
   facet normal -0.000000e+00 6.543344e-01 7.562053e-01
      outer loop
         vertex 0.000000e+00 1.453938e+01 2.934851e+01
         vertex 2.000000e+01 1.453938e+01 2.934851e+01
         vertex 0.000000e+00 1.673251e+01 2.745082e+01
      endloop
   endfacet
   facet normal -0.000000e+00 6.543344e-01 7.562053e-01
      outer loop
         vertex 0.000000e+00 1.673251e+01 2.745082e+01
         vertex 2.000000e+01 1.453938e+01 2.934851e+01
         vertex 2.000000e+01 1.673251e+01 2.745082e+01
      endloop
   endfacet
   facet normal -0.000000e+00 5.491778e-01 8.357055e-01
      outer loop
         vertex 0.000000e+00 1.673251e+01 2.745082e+01
         vertex 2.000000e+01 1.673251e+01 2.745082e+01
         vertex 0.000000e+00 1.915621e+01 2.585811e+01
      endloop
   endfacet
   facet normal -0.000000e+00 5.491778e-01 8.357055e-01
      outer loop
         vertex 0.000000e+00 1.915621e+01 2.585811e+01
         vertex 2.000000e+01 1.673251e+01 2.745082e+01
         vertex 2.000000e+01 1.915621e+01 2.585811e+01
      endloop
   endfacet
   facet normal -0.000000e+00 4.344776e-01 9.006827e-01
      outer loop
         vertex 0.000000e+00 1.915621e+01 2.585811e+01
         vertex 2.000000e+01 1.915621e+01 2.585811e+01
         vertex 0.000000e+00 2.176835e+01 2.459804e+01
      endloop
   endfacet
   facet normal -0.000000e+00 4.344776e-01 9.006827e-01
      outer loop
         vertex 0.000000e+00 2.176835e+01 2.459804e+01
         vertex 2.000000e+01 1.915621e+01 2.585811e+01
         vertex 2.000000e+01 2.176835e+01 2.459804e+01
      endloop
   endfacet
   facet normal -0.000000e+00 3.122270e-01 9.500075e-01
      outer loop
         vertex 0.000000e+00 2.176835e+01 2.459804e+01
         vertex 2.000000e+01 2.176835e+01 2.459804e+01
         vertex 0.000000e+00 2.452355e+01 2.369253e+01
      endloop
   endfacet
   facet normal -0.000000e+00 3.122270e-01 9.500075e-01
      outer loop
         vertex 0.000000e+00 2.452355e+01 2.369253e+01
         vertex 2.000000e+01 2.176835e+01 2.459804e+01
         vertex 2.000000e+01 2.452355e+01 2.369253e+01
      endloop
   endfacet
   facet normal -0.000000e+00 1.845495e-01 9.828232e-01
      outer loop
         vertex 0.000000e+00 2.452355e+01 2.369253e+01
         vertex 2.000000e+01 2.452355e+01 2.369253e+01
         vertex 0.000000e+00 2.737392e+01 2.315730e+01
      endloop
   endfacet
   facet normal -0.000000e+00 1.845495e-01 9.828232e-01
      outer loop
         vertex 0.000000e+00 2.737392e+01 2.315730e+01
         vertex 2.000000e+01 2.452355e+01 2.369253e+01
         vertex 2.000000e+01 2.737392e+01 2.315730e+01
      endloop
   endfacet
   facet normal -0.000000e+00 5.366584e-02 9.985590e-01
      outer loop
         vertex 0.000000e+00 2.737392e+01 2.315730e+01
         vertex 2.000000e+01 2.737392e+01 2.315730e+01
         vertex 0.000000e+00 3.026992e+01 2.300166e+01
      endloop
   endfacet
   facet normal -0.000000e+00 5.366584e-02 9.985590e-01
      outer loop
         vertex 0.000000e+00 3.026992e+01 2.300166e+01
         vertex 2.000000e+01 2.737392e+01 2.315730e+01
         vertex 2.000000e+01 3.026992e+01 2.300166e+01
      endloop
   endfacet
   facet normal 0.000000e+00 -7.815101e-02 9.969415e-01
      outer loop
         vertex 0.000000e+00 3.026992e+01 2.300166e+01
         vertex 2.000000e+01 3.026992e+01 2.300166e+01
         vertex 0.000000e+00 3.316123e+01 2.322831e+01
      endloop
   endfacet
   facet normal 0.000000e+00 -7.815101e-02 9.969415e-01
      outer loop
         vertex 0.000000e+00 3.316123e+01 2.322831e+01
         vertex 2.000000e+01 3.026992e+01 2.300166e+01
         vertex 2.000000e+01 3.316123e+01 2.322831e+01
      endloop
   endfacet
   facet normal 0.000000e+00 -2.086089e-01 9.779991e-01
      outer loop
         vertex 0.000000e+00 3.316123e+01 2.322831e+01
         vertex 2.000000e+01 3.316123e+01 2.322831e+01
         vertex 0.000000e+00 3.599761e+01 2.383331e+01
      endloop
   endfacet
   facet normal 0.000000e+00 -2.086089e-01 9.779991e-01
      outer loop
         vertex 0.000000e+00 3.599761e+01 2.383331e+01
         vertex 2.000000e+01 3.316123e+01 2.322831e+01
         vertex 2.000000e+01 3.599761e+01 2.383331e+01
      endloop
   endfacet
   facet normal 0.000000e+00 -3.354425e-01 9.420607e-01
      outer loop
         vertex 0.000000e+00 3.599761e+01 2.383331e+01
         vertex 2.000000e+01 3.599761e+01 2.383331e+01
         vertex 0.000000e+00 3.872976e+01 2.480616e+01
      endloop
   endfacet
   facet normal 0.000000e+00 -3.354425e-01 9.420607e-01
      outer loop
         vertex 0.000000e+00 3.872976e+01 2.480616e+01
         vertex 2.000000e+01 3.599761e+01 2.383331e+01
         vertex 2.000000e+01 3.872976e+01 2.480616e+01
      endloop
   endfacet
   facet normal 0.000000e+00 -4.564463e-01 8.897510e-01
      outer loop
         vertex 0.000000e+00 3.872976e+01 2.480616e+01
         vertex 2.000000e+01 3.872976e+01 2.480616e+01
         vertex 0.000000e+00 4.131020e+01 2.612994e+01
      endloop
   endfacet
   facet normal 0.000000e+00 -4.564463e-01 8.897510e-01
      outer loop
         vertex 0.000000e+00 4.131020e+01 2.612994e+01
         vertex 2.000000e+01 3.872976e+01 2.480616e+01
         vertex 2.000000e+01 4.131020e+01 2.612994e+01
      endloop
   endfacet
   facet normal 0.000000e+00 -5.695174e-01 8.219793e-01
      outer loop
         vertex 0.000000e+00 4.131020e+01 2.612994e+01
         vertex 2.000000e+01 4.131020e+01 2.612994e+01
         vertex 0.000000e+00 4.369409e+01 2.778164e+01
      endloop
   endfacet
   facet normal 0.000000e+00 -5.695174e-01 8.219793e-01
      outer loop
         vertex 0.000000e+00 4.369409e+01 2.778164e+01
         vertex 2.000000e+01 4.131020e+01 2.612994e+01
         vertex 2.000000e+01 4.369409e+01 2.778164e+01
      endloop
   endfacet
   facet normal 0.000000e+00 -6.726926e-01 7.399221e-01
      outer loop
         vertex 0.000000e+00 4.369409e+01 2.778164e+01
         vertex 2.000000e+01 4.369409e+01 2.778164e+01
         vertex 0.000000e+00 4.584000e+01 2.973257e+01
      endloop
   endfacet
   facet normal 0.000000e+00 -6.726926e-01 7.399221e-01
      outer loop
         vertex 0.000000e+00 4.584000e+01 2.973257e+01
         vertex 2.000000e+01 4.369409e+01 2.778164e+01
         vertex 2.000000e+01 4.584000e+01 2.973257e+01
      endloop
   endfacet
   facet normal 0.000000e+00 -6.586278e-01 7.524688e-01
      outer loop
         vertex 0.000000e+00 4.584000e+01 2.973257e+01
         vertex 2.000000e+01 4.584000e+01 2.973257e+01
         vertex 2.000000e+01 4.622243e+01 3.006731e+01
      endloop
   endfacet
   facet normal 0.000000e+00 -6.586278e-01 7.524688e-01
      outer loop
         vertex 0.000000e+00 4.584000e+01 2.973257e+01
         vertex 2.000000e+01 4.622243e+01 3.006731e+01
         vertex 0.000000e+00 4.622243e+01 3.006731e+01
      endloop
   endfacet
   facet normal 0.000000e+00 -5.221610e-01 8.528470e-01
      outer loop
         vertex 0.000000e+00 4.622243e+01 3.006731e+01
         vertex 2.000000e+01 4.622243e+01 3.006731e+01
         vertex 2.000000e+01 4.665587e+01 3.033269e+01
      endloop
   endfacet
   facet normal 0.000000e+00 -5.221610e-01 8.528470e-01
      outer loop
         vertex 0.000000e+00 4.622243e+01 3.006731e+01
         vertex 2.000000e+01 4.665587e+01 3.033269e+01
         vertex 0.000000e+00 4.665587e+01 3.033269e+01
      endloop
   endfacet
   facet normal 0.000000e+00 -3.707034e-01 9.287513e-01
      outer loop
         vertex 0.000000e+00 4.665587e+01 3.033269e+01
         vertex 2.000000e+01 4.665587e+01 3.033269e+01
         vertex 2.000000e+01 4.712790e+01 3.052109e+01
      endloop
   endfacet
   facet normal 0.000000e+00 -3.707034e-01 9.287513e-01
      outer loop
         vertex 0.000000e+00 4.665587e+01 3.033269e+01
         vertex 2.000000e+01 4.712790e+01 3.052109e+01
         vertex 0.000000e+00 4.712790e+01 3.052109e+01
      endloop
   endfacet
   facet normal 0.000000e+00 -2.086089e-01 9.779991e-01
      outer loop
         vertex 0.000000e+00 4.712790e+01 3.052109e+01
         vertex 2.000000e+01 4.712790e+01 3.052109e+01
         vertex 2.000000e+01 4.762495e+01 3.062711e+01
      endloop
   endfacet
   facet normal 0.000000e+00 -2.086089e-01 9.779991e-01
      outer loop
         vertex 0.000000e+00 4.712790e+01 3.052109e+01
         vertex 2.000000e+01 4.762495e+01 3.062711e+01
         vertex 0.000000e+00 4.762495e+01 3.062711e+01
      endloop
   endfacet
   facet normal 0.000000e+00 -4.052685e-02 9.991784e-01
      outer loop
         vertex 0.000000e+00 4.762495e+01 3.062711e+01
         vertex 2.000000e+01 4.762495e+01 3.062711e+01
         vertex 2.000000e+01 4.813276e+01 3.064771e+01
      endloop
   endfacet
   facet normal 0.000000e+00 -4.052685e-02 9.991784e-01
      outer loop
         vertex 0.000000e+00 4.762495e+01 3.062711e+01
         vertex 2.000000e+01 4.813276e+01 3.064771e+01
         vertex 0.000000e+00 4.813276e+01 3.064771e+01
      endloop
   endfacet
   facet normal -0.000000e+00 1.287168e-01 9.916814e-01
      outer loop
         vertex 0.000000e+00 4.813276e+01 3.064771e+01
         vertex 2.000000e+01 4.813276e+01 3.064771e+01
         vertex 2.000000e+01 4.863677e+01 3.058229e+01
      endloop
   endfacet
   facet normal 0.000000e+00 1.287168e-01 9.916814e-01
      outer loop
         vertex 0.000000e+00 4.813276e+01 3.064771e+01
         vertex 2.000000e+01 4.863677e+01 3.058229e+01
         vertex 0.000000e+00 4.863677e+01 3.058229e+01
      endloop
   endfacet
   facet normal -0.000000e+00 2.942684e-01 9.557228e-01
      outer loop
         vertex 0.000000e+00 4.863677e+01 3.058229e+01
         vertex 2.000000e+01 4.863677e+01 3.058229e+01
         vertex 2.000000e+01 4.912250e+01 3.043274e+01
      endloop
   endfacet
   facet normal 0.000000e+00 2.942684e-01 9.557228e-01
      outer loop
         vertex 0.000000e+00 4.863677e+01 3.058229e+01
         vertex 2.000000e+01 4.912250e+01 3.043274e+01
         vertex 0.000000e+00 4.912250e+01 3.043274e+01
      endloop
   endfacet
   facet normal -0.000000e+00 4.513736e-01 8.923351e-01
      outer loop
         vertex 0.000000e+00 4.912250e+01 3.043274e+01
         vertex 2.000000e+01 4.912250e+01 3.043274e+01
         vertex 2.000000e+01 4.957601e+01 3.020333e+01
      endloop
   endfacet
   facet normal 0.000000e+00 4.513736e-01 8.923351e-01
      outer loop
         vertex 0.000000e+00 4.912250e+01 3.043274e+01
         vertex 2.000000e+01 4.957601e+01 3.020333e+01
         vertex 0.000000e+00 4.957601e+01 3.020333e+01
      endloop
   endfacet
   facet normal -0.000000e+00 5.955241e-01 8.033374e-01
      outer loop
         vertex 0.000000e+00 4.957601e+01 3.020333e+01
         vertex 2.000000e+01 4.957601e+01 3.020333e+01
         vertex 2.000000e+01 4.998429e+01 2.990067e+01
      endloop
   endfacet
   facet normal 0.000000e+00 5.955241e-01 8.033374e-01
      outer loop
         vertex 0.000000e+00 4.957601e+01 3.020333e+01
         vertex 2.000000e+01 4.998429e+01 2.990067e+01
         vertex 0.000000e+00 4.998429e+01 2.990067e+01
      endloop
   endfacet
   facet normal -0.000000e+00 7.225847e-01 6.912824e-01
      outer loop
         vertex 0.000000e+00 4.998429e+01 2.990067e+01
         vertex 2.000000e+01 4.998429e+01 2.990067e+01
         vertex 2.000000e+01 5.033563e+01 2.953343e+01
      endloop
   endfacet
   facet normal 0.000000e+00 7.225847e-01 6.912824e-01
      outer loop
         vertex 0.000000e+00 4.998429e+01 2.990067e+01
         vertex 2.000000e+01 5.033563e+01 2.953343e+01
         vertex 0.000000e+00 5.033563e+01 2.953343e+01
      endloop
   endfacet
   facet normal -0.000000e+00 8.289038e-01 5.593912e-01
      outer loop
         vertex 0.000000e+00 5.033563e+01 2.953343e+01
         vertex 2.000000e+01 5.033563e+01 2.953343e+01
         vertex 2.000000e+01 5.061993e+01 2.911215e+01
      endloop
   endfacet
   facet normal 0.000000e+00 8.289038e-01 5.593912e-01
      outer loop
         vertex 0.000000e+00 5.033563e+01 2.953343e+01
         vertex 2.000000e+01 5.061993e+01 2.911215e+01
         vertex 0.000000e+00 5.061993e+01 2.911215e+01
      endloop
   endfacet
   facet normal -0.000000e+00 9.114360e-01 4.114418e-01
      outer loop
         vertex 0.000000e+00 5.061993e+01 2.911215e+01
         vertex 2.000000e+01 5.061993e+01 2.911215e+01
         vertex 2.000000e+01 5.082903e+01 2.864893e+01
      endloop
   endfacet
   facet normal 0.000000e+00 9.114360e-01 4.114418e-01
      outer loop
         vertex 0.000000e+00 5.061993e+01 2.911215e+01
         vertex 2.000000e+01 5.082903e+01 2.864893e+01
         vertex 0.000000e+00 5.082903e+01 2.864893e+01
      endloop
   endfacet
   facet normal -0.000000e+00 9.678089e-01 2.516863e-01
      outer loop
         vertex 0.000000e+00 5.082903e+01 2.864893e+01
         vertex 2.000000e+01 5.082903e+01 2.864893e+01
         vertex 2.000000e+01 5.095695e+01 2.815706e+01
      endloop
   endfacet
   facet normal 0.000000e+00 9.678089e-01 2.516863e-01
      outer loop
         vertex 0.000000e+00 5.082903e+01 2.864893e+01
         vertex 2.000000e+01 5.095695e+01 2.815706e+01
         vertex 0.000000e+00 5.095695e+01 2.815706e+01
      endloop
   endfacet
   facet normal -0.000000e+00 9.964061e-01 8.470414e-02
      outer loop
         vertex 0.000000e+00 5.095695e+01 2.815706e+01
         vertex 2.000000e+01 5.095695e+01 2.815706e+01
         vertex 2.000000e+01 5.100000e+01 2.765065e+01
      endloop
   endfacet
   facet normal 0.000000e+00 9.964061e-01 8.470414e-02
      outer loop
         vertex 0.000000e+00 5.095695e+01 2.815706e+01
         vertex 2.000000e+01 5.100000e+01 2.765065e+01
         vertex 0.000000e+00 5.100000e+01 2.765065e+01
      endloop
   endfacet
   facet normal -0.000000e+00 1.000000e+00 0.000000e+00
      outer loop
         vertex 1.070114e+01 5.100000e+01 5.573630e+00
         vertex 1.102500e+01 5.100000e+01 5.724650e+00
         vertex 2.000000e+01 5.100000e+01 0.000000e+00
      endloop
   endfacet
   facet normal 0.000000e+00 1.000000e+00 0.000000e+00
      outer loop
         vertex 2.000000e+01 5.100000e+01 0.000000e+00
         vertex 1.102500e+01 5.100000e+01 5.724650e+00
         vertex 1.131771e+01 5.100000e+01 5.929612e+00
      endloop
   endfacet
   facet normal 0.000000e+00 1.000000e+00 0.000000e+00
      outer loop
         vertex 2.000000e+01 5.100000e+01 0.000000e+00
         vertex 1.131771e+01 5.100000e+01 5.929612e+00
         vertex 1.157039e+01 5.100000e+01 6.182287e+00
      endloop
   endfacet
   facet normal 0.000000e+00 1.000000e+00 0.000000e+00
      outer loop
         vertex 0.000000e+00 5.100000e+01 0.000000e+00
         vertex 1.000000e+01 5.100000e+01 5.450003e+00
         vertex 2.000000e+01 5.100000e+01 0.000000e+00
      endloop
   endfacet
   facet normal 0.000000e+00 1.000000e+00 0.000000e+00
      outer loop
         vertex 2.000000e+01 5.100000e+01 0.000000e+00
         vertex 1.000000e+01 5.100000e+01 5.450003e+00
         vertex 1.035598e+01 5.100000e+01 5.481146e+00
      endloop
   endfacet
   facet normal 0.000000e+00 1.000000e+00 0.000000e+00
      outer loop
         vertex 2.000000e+01 5.100000e+01 0.000000e+00
         vertex 1.035598e+01 5.100000e+01 5.481146e+00
         vertex 1.070114e+01 5.100000e+01 5.573630e+00
      endloop
   endfacet
   facet normal 0.000000e+00 1.000000e+00 0.000000e+00
      outer loop
         vertex 2.000000e+01 5.100000e+01 2.765065e+01
         vertex 1.177535e+01 5.100000e+01 8.525003e+00
         vertex 1.157039e+01 5.100000e+01 8.817717e+00
      endloop
   endfacet
   facet normal 0.000000e+00 1.000000e+00 -0.000000e+00
      outer loop
         vertex 1.070114e+01 5.100000e+01 9.426370e+00
         vertex 1.035598e+01 5.100000e+01 9.518858e+00
         vertex 2.000000e+01 5.100000e+01 2.765065e+01
      endloop
   endfacet
   facet normal 0.000000e+00 1.000000e+00 0.000000e+00
      outer loop
         vertex 2.000000e+01 5.100000e+01 2.765065e+01
         vertex 1.035598e+01 5.100000e+01 9.518858e+00
         vertex 1.000000e+01 5.100000e+01 9.550001e+00
      endloop
   endfacet
   facet normal 0.000000e+00 1.000000e+00 0.000000e+00
      outer loop
         vertex 2.000000e+01 5.100000e+01 2.765065e+01
         vertex 1.000000e+01 5.100000e+01 9.550001e+00
         vertex 0.000000e+00 5.100000e+01 2.765065e+01
      endloop
   endfacet
   facet normal 0.000000e+00 1.000000e+00 0.000000e+00
      outer loop
         vertex 0.000000e+00 5.100000e+01 2.765065e+01
         vertex 1.000000e+01 5.100000e+01 9.550001e+00
         vertex 9.644020e+00 5.100000e+01 9.518858e+00
      endloop
   endfacet
   facet normal 0.000000e+00 1.000000e+00 0.000000e+00
      outer loop
         vertex 0.000000e+00 5.100000e+01 2.765065e+01
         vertex 9.644020e+00 5.100000e+01 9.518858e+00
         vertex 9.298858e+00 5.100000e+01 9.426370e+00
      endloop
   endfacet
   facet normal 0.000000e+00 1.000000e+00 -0.000000e+00
      outer loop
         vertex 1.157039e+01 5.100000e+01 8.817717e+00
         vertex 1.131771e+01 5.100000e+01 9.070393e+00
         vertex 2.000000e+01 5.100000e+01 2.765065e+01
      endloop
   endfacet
   facet normal 0.000000e+00 1.000000e+00 0.000000e+00
      outer loop
         vertex 2.000000e+01 5.100000e+01 2.765065e+01
         vertex 1.131771e+01 5.100000e+01 9.070393e+00
         vertex 1.102500e+01 5.100000e+01 9.275354e+00
      endloop
   endfacet
   facet normal 0.000000e+00 1.000000e+00 0.000000e+00
      outer loop
         vertex 2.000000e+01 5.100000e+01 2.765065e+01
         vertex 1.102500e+01 5.100000e+01 9.275354e+00
         vertex 1.070114e+01 5.100000e+01 9.426370e+00
      endloop
   endfacet
   facet normal 0.000000e+00 1.000000e+00 0.000000e+00
      outer loop
         vertex 9.298858e+00 5.100000e+01 9.426370e+00
         vertex 8.974999e+00 5.100000e+01 9.275354e+00
         vertex 0.000000e+00 5.100000e+01 2.765065e+01
      endloop
   endfacet
   facet normal 0.000000e+00 1.000000e+00 0.000000e+00
      outer loop
         vertex 0.000000e+00 5.100000e+01 2.765065e+01
         vertex 8.974999e+00 5.100000e+01 9.275354e+00
         vertex 8.682285e+00 5.100000e+01 9.070393e+00
      endloop
   endfacet
   facet normal 0.000000e+00 1.000000e+00 0.000000e+00
      outer loop
         vertex 0.000000e+00 5.100000e+01 2.765065e+01
         vertex 8.682285e+00 5.100000e+01 9.070393e+00
         vertex 8.429608e+00 5.100000e+01 8.817717e+00
      endloop
   endfacet
   facet normal 0.000000e+00 1.000000e+00 0.000000e+00
      outer loop
         vertex 7.950000e+00 5.100000e+01 7.500000e+00
         vertex 7.981144e+00 5.100000e+01 7.144023e+00
         vertex 0.000000e+00 5.100000e+01 0.000000e+00
      endloop
   endfacet
   facet normal 0.000000e+00 1.000000e+00 0.000000e+00
      outer loop
         vertex 0.000000e+00 5.100000e+01 0.000000e+00
         vertex 7.981144e+00 5.100000e+01 7.144023e+00
         vertex 8.073630e+00 5.100000e+01 6.798860e+00
      endloop
   endfacet
   facet normal 0.000000e+00 1.000000e+00 0.000000e+00
      outer loop
         vertex 0.000000e+00 5.100000e+01 0.000000e+00
         vertex 8.073630e+00 5.100000e+01 6.798860e+00
         vertex 8.224647e+00 5.100000e+01 6.475002e+00
      endloop
   endfacet
   facet normal -0.000000e+00 1.000000e+00 0.000000e+00
      outer loop
         vertex 1.157039e+01 5.100000e+01 6.182287e+00
         vertex 1.177535e+01 5.100000e+01 6.475002e+00
         vertex 2.000000e+01 5.100000e+01 0.000000e+00
      endloop
   endfacet
   facet normal 0.000000e+00 1.000000e+00 0.000000e+00
      outer loop
         vertex 2.000000e+01 5.100000e+01 0.000000e+00
         vertex 1.177535e+01 5.100000e+01 6.475002e+00
         vertex 1.192637e+01 5.100000e+01 6.798860e+00
      endloop
   endfacet
   facet normal 0.000000e+00 1.000000e+00 0.000000e+00
      outer loop
         vertex 2.000000e+01 5.100000e+01 0.000000e+00
         vertex 1.192637e+01 5.100000e+01 6.798860e+00
         vertex 1.201886e+01 5.100000e+01 7.144023e+00
      endloop
   endfacet
   facet normal 0.000000e+00 1.000000e+00 0.000000e+00
      outer loop
         vertex 8.429608e+00 5.100000e+01 8.817717e+00
         vertex 8.224647e+00 5.100000e+01 8.525003e+00
         vertex 0.000000e+00 5.100000e+01 2.765065e+01
      endloop
   endfacet
   facet normal 0.000000e+00 1.000000e+00 0.000000e+00
      outer loop
         vertex 0.000000e+00 5.100000e+01 2.765065e+01
         vertex 8.224647e+00 5.100000e+01 8.525003e+00
         vertex 8.073630e+00 5.100000e+01 8.201145e+00
      endloop
   endfacet
   facet normal 0.000000e+00 1.000000e+00 0.000000e+00
      outer loop
         vertex 0.000000e+00 5.100000e+01 2.765065e+01
         vertex 8.073630e+00 5.100000e+01 8.201145e+00
         vertex 0.000000e+00 5.100000e+01 0.000000e+00
      endloop
   endfacet
   facet normal 0.000000e+00 1.000000e+00 0.000000e+00
      outer loop
         vertex 0.000000e+00 5.100000e+01 0.000000e+00
         vertex 8.073630e+00 5.100000e+01 8.201145e+00
         vertex 7.981144e+00 5.100000e+01 7.855982e+00
      endloop
   endfacet
   facet normal 0.000000e+00 1.000000e+00 0.000000e+00
      outer loop
         vertex 0.000000e+00 5.100000e+01 0.000000e+00
         vertex 7.981144e+00 5.100000e+01 7.855982e+00
         vertex 7.950000e+00 5.100000e+01 7.500000e+00
      endloop
   endfacet
   facet normal 0.000000e+00 1.000000e+00 0.000000e+00
      outer loop
         vertex 8.224647e+00 5.100000e+01 6.475002e+00
         vertex 8.429608e+00 5.100000e+01 6.182287e+00
         vertex 0.000000e+00 5.100000e+01 0.000000e+00
      endloop
   endfacet
   facet normal 0.000000e+00 1.000000e+00 0.000000e+00
      outer loop
         vertex 0.000000e+00 5.100000e+01 0.000000e+00
         vertex 8.429608e+00 5.100000e+01 6.182287e+00
         vertex 8.682285e+00 5.100000e+01 5.929612e+00
      endloop
   endfacet
   facet normal 0.000000e+00 1.000000e+00 0.000000e+00
      outer loop
         vertex 0.000000e+00 5.100000e+01 0.000000e+00
         vertex 8.682285e+00 5.100000e+01 5.929612e+00
         vertex 8.974999e+00 5.100000e+01 5.724650e+00
      endloop
   endfacet
   facet normal 0.000000e+00 1.000000e+00 0.000000e+00
      outer loop
         vertex 8.974999e+00 5.100000e+01 5.724650e+00
         vertex 9.298858e+00 5.100000e+01 5.573630e+00
         vertex 0.000000e+00 5.100000e+01 0.000000e+00
      endloop
   endfacet
   facet normal 0.000000e+00 1.000000e+00 0.000000e+00
      outer loop
         vertex 0.000000e+00 5.100000e+01 0.000000e+00
         vertex 9.298858e+00 5.100000e+01 5.573630e+00
         vertex 9.644020e+00 5.100000e+01 5.481146e+00
      endloop
   endfacet
   facet normal 0.000000e+00 1.000000e+00 0.000000e+00
      outer loop
         vertex 0.000000e+00 5.100000e+01 0.000000e+00
         vertex 9.644020e+00 5.100000e+01 5.481146e+00
         vertex 1.000000e+01 5.100000e+01 5.450003e+00
      endloop
   endfacet
   facet normal -0.000000e+00 1.000000e+00 0.000000e+00
      outer loop
         vertex 1.201886e+01 5.100000e+01 7.144023e+00
         vertex 1.205000e+01 5.100000e+01 7.500000e+00
         vertex 2.000000e+01 5.100000e+01 0.000000e+00
      endloop
   endfacet
   facet normal 0.000000e+00 1.000000e+00 0.000000e+00
      outer loop
         vertex 2.000000e+01 5.100000e+01 0.000000e+00
         vertex 1.205000e+01 5.100000e+01 7.500000e+00
         vertex 1.201886e+01 5.100000e+01 7.855982e+00
      endloop
   endfacet
   facet normal 0.000000e+00 1.000000e+00 -0.000000e+00
      outer loop
         vertex 2.000000e+01 5.100000e+01 0.000000e+00
         vertex 1.201886e+01 5.100000e+01 7.855982e+00
         vertex 2.000000e+01 5.100000e+01 2.765065e+01
      endloop
   endfacet
   facet normal 0.000000e+00 1.000000e+00 0.000000e+00
      outer loop
         vertex 2.000000e+01 5.100000e+01 2.765065e+01
         vertex 1.201886e+01 5.100000e+01 7.855982e+00
         vertex 1.192637e+01 5.100000e+01 8.201145e+00
      endloop
   endfacet
   facet normal 0.000000e+00 1.000000e+00 0.000000e+00
      outer loop
         vertex 2.000000e+01 5.100000e+01 2.765065e+01
         vertex 1.192637e+01 5.100000e+01 8.201145e+00
         vertex 1.177535e+01 5.100000e+01 8.525003e+00
      endloop
   endfacet
   facet normal 0.000000e+00 0.000000e+00 -1.000000e+00
      outer loop
         vertex 0.000000e+00 4.300000e+01 0.000000e+00
         vertex 0.000000e+00 5.100000e+01 0.000000e+00
         vertex 2.000000e+01 4.300000e+01 0.000000e+00
      endloop
   endfacet
   facet normal 0.000000e+00 0.000000e+00 -1.000000e+00
      outer loop
         vertex 2.000000e+01 4.300000e+01 0.000000e+00
         vertex 0.000000e+00 5.100000e+01 0.000000e+00
         vertex 2.000000e+01 5.100000e+01 0.000000e+00
      endloop
   endfacet
   facet normal 0.000000e+00 -1.000000e+00 0.000000e+00
      outer loop
         vertex 9.298858e+00 4.300000e+01 9.426370e+00
         vertex 9.644020e+00 4.300000e+01 9.518858e+00
         vertex 0.000000e+00 4.300000e+01 1.092655e+01
      endloop
   endfacet
   facet normal 0.000000e+00 -1.000000e+00 0.000000e+00
      outer loop
         vertex 0.000000e+00 4.300000e+01 1.092655e+01
         vertex 9.644020e+00 4.300000e+01 9.518858e+00
         vertex 1.000000e+01 4.300000e+01 9.550001e+00
      endloop
   endfacet
   facet normal 0.000000e+00 -1.000000e+00 0.000000e+00
      outer loop
         vertex 0.000000e+00 4.300000e+01 1.092655e+01
         vertex 1.000000e+01 4.300000e+01 9.550001e+00
         vertex 2.000000e+01 4.300000e+01 1.092655e+01
      endloop
   endfacet
   facet normal 0.000000e+00 -1.000000e+00 0.000000e+00
      outer loop
         vertex 1.000000e+01 4.300000e+01 9.550001e+00
         vertex 1.035598e+01 4.300000e+01 9.518858e+00
         vertex 2.000000e+01 4.300000e+01 1.092655e+01
      endloop
   endfacet
   facet normal 0.000000e+00 -1.000000e+00 0.000000e+00
      outer loop
         vertex 2.000000e+01 4.300000e+01 1.092655e+01
         vertex 1.035598e+01 4.300000e+01 9.518858e+00
         vertex 1.070114e+01 4.300000e+01 9.426370e+00
      endloop
   endfacet
   facet normal 0.000000e+00 -1.000000e+00 0.000000e+00
      outer loop
         vertex 2.000000e+01 4.300000e+01 1.092655e+01
         vertex 1.070114e+01 4.300000e+01 9.426370e+00
         vertex 1.102500e+01 4.300000e+01 9.275354e+00
      endloop
   endfacet
   facet normal 0.000000e+00 -1.000000e+00 -0.000000e+00
      outer loop
         vertex 1.192637e+01 4.300000e+01 6.798860e+00
         vertex 1.177535e+01 4.300000e+01 6.475002e+00
         vertex 2.000000e+01 4.300000e+01 0.000000e+00
      endloop
   endfacet
   facet normal 0.000000e+00 -1.000000e+00 0.000000e+00
      outer loop
         vertex 2.000000e+01 4.300000e+01 0.000000e+00
         vertex 1.102500e+01 4.300000e+01 5.724650e+00
         vertex 1.070114e+01 4.300000e+01 5.573630e+00
      endloop
   endfacet
   facet normal 0.000000e+00 -1.000000e+00 0.000000e+00
      outer loop
         vertex 2.000000e+01 4.300000e+01 1.092655e+01
         vertex 1.177535e+01 4.300000e+01 8.525003e+00
         vertex 1.192637e+01 4.300000e+01 8.201145e+00
      endloop
   endfacet
   facet normal 0.000000e+00 -1.000000e+00 -0.000000e+00
      outer loop
         vertex 1.177535e+01 4.300000e+01 6.475002e+00
         vertex 1.157039e+01 4.300000e+01 6.182287e+00
         vertex 2.000000e+01 4.300000e+01 0.000000e+00
      endloop
   endfacet
   facet normal 0.000000e+00 -1.000000e+00 0.000000e+00
      outer loop
         vertex 2.000000e+01 4.300000e+01 0.000000e+00
         vertex 1.157039e+01 4.300000e+01 6.182287e+00
         vertex 1.131771e+01 4.300000e+01 5.929612e+00
      endloop
   endfacet
   facet normal 0.000000e+00 -1.000000e+00 0.000000e+00
      outer loop
         vertex 2.000000e+01 4.300000e+01 0.000000e+00
         vertex 1.131771e+01 4.300000e+01 5.929612e+00
         vertex 1.102500e+01 4.300000e+01 5.724650e+00
      endloop
   endfacet
   facet normal -0.000000e+00 -1.000000e+00 0.000000e+00
      outer loop
         vertex 9.298858e+00 4.300000e+01 5.573630e+00
         vertex 8.974999e+00 4.300000e+01 5.724650e+00
         vertex 0.000000e+00 4.300000e+01 0.000000e+00
      endloop
   endfacet
   facet normal 0.000000e+00 -1.000000e+00 0.000000e+00
      outer loop
         vertex 7.981144e+00 4.300000e+01 7.855982e+00
         vertex 8.073630e+00 4.300000e+01 8.201145e+00
         vertex 0.000000e+00 4.300000e+01 1.092655e+01
      endloop
   endfacet
   facet normal 0.000000e+00 -1.000000e+00 0.000000e+00
      outer loop
         vertex 0.000000e+00 4.300000e+01 1.092655e+01
         vertex 8.073630e+00 4.300000e+01 8.201145e+00
         vertex 8.224647e+00 4.300000e+01 8.525003e+00
      endloop
   endfacet
   facet normal 0.000000e+00 -1.000000e+00 0.000000e+00
      outer loop
         vertex 0.000000e+00 4.300000e+01 1.092655e+01
         vertex 8.224647e+00 4.300000e+01 8.525003e+00
         vertex 8.429608e+00 4.300000e+01 8.817717e+00
      endloop
   endfacet
   facet normal 0.000000e+00 -1.000000e+00 0.000000e+00
      outer loop
         vertex 8.429608e+00 4.300000e+01 8.817717e+00
         vertex 8.682285e+00 4.300000e+01 9.070393e+00
         vertex 0.000000e+00 4.300000e+01 1.092655e+01
      endloop
   endfacet
   facet normal 0.000000e+00 -1.000000e+00 0.000000e+00
      outer loop
         vertex 0.000000e+00 4.300000e+01 1.092655e+01
         vertex 8.682285e+00 4.300000e+01 9.070393e+00
         vertex 8.974999e+00 4.300000e+01 9.275354e+00
      endloop
   endfacet
   facet normal 0.000000e+00 -1.000000e+00 0.000000e+00
      outer loop
         vertex 0.000000e+00 4.300000e+01 1.092655e+01
         vertex 8.974999e+00 4.300000e+01 9.275354e+00
         vertex 9.298858e+00 4.300000e+01 9.426370e+00
      endloop
   endfacet
   facet normal 0.000000e+00 -1.000000e+00 0.000000e+00
      outer loop
         vertex 1.102500e+01 4.300000e+01 9.275354e+00
         vertex 1.131771e+01 4.300000e+01 9.070393e+00
         vertex 2.000000e+01 4.300000e+01 1.092655e+01
      endloop
   endfacet
   facet normal 0.000000e+00 -1.000000e+00 0.000000e+00
      outer loop
         vertex 2.000000e+01 4.300000e+01 1.092655e+01
         vertex 1.131771e+01 4.300000e+01 9.070393e+00
         vertex 1.157039e+01 4.300000e+01 8.817717e+00
      endloop
   endfacet
   facet normal 0.000000e+00 -1.000000e+00 0.000000e+00
      outer loop
         vertex 2.000000e+01 4.300000e+01 1.092655e+01
         vertex 1.157039e+01 4.300000e+01 8.817717e+00
         vertex 1.177535e+01 4.300000e+01 8.525003e+00
      endloop
   endfacet
   facet normal 0.000000e+00 -1.000000e+00 -0.000000e+00
      outer loop
         vertex 1.070114e+01 4.300000e+01 5.573630e+00
         vertex 1.035598e+01 4.300000e+01 5.481146e+00
         vertex 2.000000e+01 4.300000e+01 0.000000e+00
      endloop
   endfacet
   facet normal 0.000000e+00 -1.000000e+00 0.000000e+00
      outer loop
         vertex 2.000000e+01 4.300000e+01 0.000000e+00
         vertex 1.035598e+01 4.300000e+01 5.481146e+00
         vertex 1.000000e+01 4.300000e+01 5.450003e+00
      endloop
   endfacet
   facet normal 0.000000e+00 -1.000000e+00 0.000000e+00
      outer loop
         vertex 2.000000e+01 4.300000e+01 0.000000e+00
         vertex 1.000000e+01 4.300000e+01 5.450003e+00
         vertex 0.000000e+00 4.300000e+01 0.000000e+00
      endloop
   endfacet
   facet normal 0.000000e+00 -1.000000e+00 0.000000e+00
      outer loop
         vertex 0.000000e+00 4.300000e+01 0.000000e+00
         vertex 1.000000e+01 4.300000e+01 5.450003e+00
         vertex 9.644020e+00 4.300000e+01 5.481146e+00
      endloop
   endfacet
   facet normal 0.000000e+00 -1.000000e+00 0.000000e+00
      outer loop
         vertex 0.000000e+00 4.300000e+01 0.000000e+00
         vertex 9.644020e+00 4.300000e+01 5.481146e+00
         vertex 9.298858e+00 4.300000e+01 5.573630e+00
      endloop
   endfacet
   facet normal -0.000000e+00 -1.000000e+00 0.000000e+00
      outer loop
         vertex 8.974999e+00 4.300000e+01 5.724650e+00
         vertex 8.682285e+00 4.300000e+01 5.929612e+00
         vertex 0.000000e+00 4.300000e+01 0.000000e+00
      endloop
   endfacet
   facet normal 0.000000e+00 -1.000000e+00 0.000000e+00
      outer loop
         vertex 0.000000e+00 4.300000e+01 0.000000e+00
         vertex 8.682285e+00 4.300000e+01 5.929612e+00
         vertex 8.429608e+00 4.300000e+01 6.182287e+00
      endloop
   endfacet
   facet normal 0.000000e+00 -1.000000e+00 0.000000e+00
      outer loop
         vertex 0.000000e+00 4.300000e+01 0.000000e+00
         vertex 8.429608e+00 4.300000e+01 6.182287e+00
         vertex 8.224647e+00 4.300000e+01 6.475002e+00
      endloop
   endfacet
   facet normal -0.000000e+00 -1.000000e+00 0.000000e+00
      outer loop
         vertex 8.224647e+00 4.300000e+01 6.475002e+00
         vertex 8.073630e+00 4.300000e+01 6.798860e+00
         vertex 0.000000e+00 4.300000e+01 0.000000e+00
      endloop
   endfacet
   facet normal 0.000000e+00 -1.000000e+00 0.000000e+00
      outer loop
         vertex 0.000000e+00 4.300000e+01 0.000000e+00
         vertex 8.073630e+00 4.300000e+01 6.798860e+00
         vertex 7.981144e+00 4.300000e+01 7.144023e+00
      endloop
   endfacet
   facet normal 0.000000e+00 -1.000000e+00 0.000000e+00
      outer loop
         vertex 0.000000e+00 4.300000e+01 0.000000e+00
         vertex 7.981144e+00 4.300000e+01 7.144023e+00
         vertex 0.000000e+00 4.300000e+01 1.092655e+01
      endloop
   endfacet
   facet normal 0.000000e+00 -1.000000e+00 0.000000e+00
      outer loop
         vertex 0.000000e+00 4.300000e+01 1.092655e+01
         vertex 7.981144e+00 4.300000e+01 7.144023e+00
         vertex 7.950000e+00 4.300000e+01 7.500000e+00
      endloop
   endfacet
   facet normal 0.000000e+00 -1.000000e+00 0.000000e+00
      outer loop
         vertex 0.000000e+00 4.300000e+01 1.092655e+01
         vertex 7.950000e+00 4.300000e+01 7.500000e+00
         vertex 7.981144e+00 4.300000e+01 7.855982e+00
      endloop
   endfacet
   facet normal 0.000000e+00 -1.000000e+00 0.000000e+00
      outer loop
         vertex 1.192637e+01 4.300000e+01 8.201145e+00
         vertex 1.201886e+01 4.300000e+01 7.855982e+00
         vertex 2.000000e+01 4.300000e+01 1.092655e+01
      endloop
   endfacet
   facet normal 0.000000e+00 -1.000000e+00 0.000000e+00
      outer loop
         vertex 2.000000e+01 4.300000e+01 1.092655e+01
         vertex 1.201886e+01 4.300000e+01 7.855982e+00
         vertex 1.205000e+01 4.300000e+01 7.500000e+00
      endloop
   endfacet
   facet normal 0.000000e+00 -1.000000e+00 -0.000000e+00
      outer loop
         vertex 2.000000e+01 4.300000e+01 1.092655e+01
         vertex 1.205000e+01 4.300000e+01 7.500000e+00
         vertex 2.000000e+01 4.300000e+01 0.000000e+00
      endloop
   endfacet
   facet normal 0.000000e+00 -1.000000e+00 0.000000e+00
      outer loop
         vertex 2.000000e+01 4.300000e+01 0.000000e+00
         vertex 1.205000e+01 4.300000e+01 7.500000e+00
         vertex 1.201886e+01 4.300000e+01 7.144023e+00
      endloop
   endfacet
   facet normal 0.000000e+00 -1.000000e+00 0.000000e+00
      outer loop
         vertex 2.000000e+01 4.300000e+01 0.000000e+00
         vertex 1.201886e+01 4.300000e+01 7.144023e+00
         vertex 1.192637e+01 4.300000e+01 6.798860e+00
      endloop
   endfacet
   facet normal 0.000000e+00 -9.966495e-01 -8.179059e-02
      outer loop
         vertex 0.000000e+00 4.300000e+01 1.092655e+01
         vertex 2.000000e+01 4.300000e+01 1.092655e+01
         vertex 0.000000e+00 4.293310e+01 1.174172e+01
      endloop
   endfacet
   facet normal 0.000000e+00 -9.966495e-01 -8.179059e-02
      outer loop
         vertex 0.000000e+00 4.293310e+01 1.174172e+01
         vertex 2.000000e+01 4.300000e+01 1.092655e+01
         vertex 2.000000e+01 4.293310e+01 1.174172e+01
      endloop
   endfacet
   facet normal 0.000000e+00 -9.699802e-01 -2.431839e-01
      outer loop
         vertex 0.000000e+00 4.293310e+01 1.174172e+01
         vertex 2.000000e+01 4.293310e+01 1.174172e+01
         vertex 0.000000e+00 4.273420e+01 1.253507e+01
      endloop
   endfacet
   facet normal 0.000000e+00 -9.699802e-01 -2.431839e-01
      outer loop
         vertex 0.000000e+00 4.273420e+01 1.253507e+01
         vertex 2.000000e+01 4.293310e+01 1.174172e+01
         vertex 2.000000e+01 4.273420e+01 1.253507e+01
      endloop
   endfacet
   facet normal 0.000000e+00 -9.173563e-01 -3.980672e-01
      outer loop
         vertex 0.000000e+00 4.273420e+01 1.253507e+01
         vertex 2.000000e+01 4.273420e+01 1.253507e+01
         vertex 0.000000e+00 4.240862e+01 1.328538e+01
      endloop
   endfacet
   facet normal 0.000000e+00 -9.173563e-01 -3.980672e-01
      outer loop
         vertex 0.000000e+00 4.240862e+01 1.328538e+01
         vertex 2.000000e+01 4.273420e+01 1.253507e+01
         vertex 2.000000e+01 4.240862e+01 1.328538e+01
      endloop
   endfacet
   facet normal 0.000000e+00 -8.401827e-01 -5.423035e-01
      outer loop
         vertex 0.000000e+00 4.240862e+01 1.328538e+01
         vertex 2.000000e+01 4.240862e+01 1.328538e+01
         vertex 0.000000e+00 4.196507e+01 1.397257e+01
      endloop
   endfacet
   facet normal 0.000000e+00 -8.401827e-01 -5.423035e-01
      outer loop
         vertex 0.000000e+00 4.196507e+01 1.397257e+01
         vertex 2.000000e+01 4.240862e+01 1.328538e+01
         vertex 2.000000e+01 4.196507e+01 1.397257e+01
      endloop
   endfacet
   facet normal 0.000000e+00 -7.405295e-01 -6.720239e-01
      outer loop
         vertex 0.000000e+00 4.196507e+01 1.397257e+01
         vertex 2.000000e+01 4.196507e+01 1.397257e+01
         vertex 0.000000e+00 4.141541e+01 1.457826e+01
      endloop
   endfacet
   facet normal 0.000000e+00 -7.405295e-01 -6.720239e-01
      outer loop
         vertex 0.000000e+00 4.141541e+01 1.457826e+01
         vertex 2.000000e+01 4.196507e+01 1.397257e+01
         vertex 2.000000e+01 4.141541e+01 1.457826e+01
      endloop
   endfacet
   facet normal 0.000000e+00 -6.210587e-01 -7.837640e-01
      outer loop
         vertex 0.000000e+00 4.141541e+01 1.457826e+01
         vertex 2.000000e+01 4.141541e+01 1.457826e+01
         vertex 0.000000e+00 4.077437e+01 1.508622e+01
      endloop
   endfacet
   facet normal 0.000000e+00 -6.210587e-01 -7.837640e-01
      outer loop
         vertex 0.000000e+00 4.077437e+01 1.508622e+01
         vertex 2.000000e+01 4.141541e+01 1.457826e+01
         vertex 2.000000e+01 4.077437e+01 1.508622e+01
      endloop
   endfacet
   facet normal 0.000000e+00 -4.849712e-01 -8.745301e-01
      outer loop
         vertex 0.000000e+00 4.077437e+01 1.508622e+01
         vertex 2.000000e+01 4.077437e+01 1.508622e+01
         vertex 0.000000e+00 4.005908e+01 1.548289e+01
      endloop
   endfacet
   facet normal 0.000000e+00 -4.849712e-01 -8.745301e-01
      outer loop
         vertex 0.000000e+00 4.005908e+01 1.548289e+01
         vertex 2.000000e+01 4.077437e+01 1.508622e+01
         vertex 2.000000e+01 4.005908e+01 1.548289e+01
      endloop
   endfacet
   facet normal 0.000000e+00 -3.359024e-01 -9.418968e-01
      outer loop
         vertex 0.000000e+00 4.005908e+01 1.548289e+01
         vertex 2.000000e+01 4.005908e+01 1.548289e+01
         vertex 0.000000e+00 3.928870e+01 1.575762e+01
      endloop
   endfacet
   facet normal 0.000000e+00 -3.359024e-01 -9.418968e-01
      outer loop
         vertex 0.000000e+00 3.928870e+01 1.575762e+01
         vertex 2.000000e+01 4.005908e+01 1.548289e+01
         vertex 2.000000e+01 3.928870e+01 1.575762e+01
      endloop
   endfacet
   facet normal 0.000000e+00 -1.778504e-01 -9.840575e-01
      outer loop
         vertex 0.000000e+00 3.928870e+01 1.575762e+01
         vertex 2.000000e+01 3.928870e+01 1.575762e+01
         vertex 0.000000e+00 3.848383e+01 1.590309e+01
      endloop
   endfacet
   facet normal 0.000000e+00 -1.778504e-01 -9.840575e-01
      outer loop
         vertex 0.000000e+00 3.848383e+01 1.590309e+01
         vertex 2.000000e+01 3.928870e+01 1.575762e+01
         vertex 2.000000e+01 3.848383e+01 1.590309e+01
      endloop
   endfacet
   facet normal 0.000000e+00 -1.503495e-02 -9.998870e-01
      outer loop
         vertex 0.000000e+00 3.848383e+01 1.590309e+01
         vertex 2.000000e+01 3.848383e+01 1.590309e+01
         vertex 0.000000e+00 3.766602e+01 1.591538e+01
      endloop
   endfacet
   facet normal 0.000000e+00 -1.503495e-02 -9.998870e-01
      outer loop
         vertex 0.000000e+00 3.766602e+01 1.591538e+01
         vertex 2.000000e+01 3.848383e+01 1.590309e+01
         vertex 2.000000e+01 3.766602e+01 1.591538e+01
      endloop
   endfacet
   facet normal 0.000000e+00 1.481793e-01 -9.889605e-01
      outer loop
         vertex 0.000000e+00 3.766602e+01 1.591538e+01
         vertex 2.000000e+01 3.766602e+01 1.591538e+01
         vertex 0.000000e+00 3.685714e+01 1.579419e+01
      endloop
   endfacet
   facet normal 0.000000e+00 1.481793e-01 -9.889605e-01
      outer loop
         vertex 0.000000e+00 3.685714e+01 1.579419e+01
         vertex 2.000000e+01 3.766602e+01 1.591538e+01
         vertex 2.000000e+01 3.685714e+01 1.579419e+01
      endloop
   endfacet
   facet normal 0.000000e+00 1.734349e-01 -9.848453e-01
      outer loop
         vertex 0.000000e+00 3.685714e+01 1.579419e+01
         vertex 2.000000e+01 3.685714e+01 1.579419e+01
         vertex 2.000000e+01 3.353245e+01 1.520870e+01
      endloop
   endfacet
   facet normal 0.000000e+00 1.734349e-01 -9.848453e-01
      outer loop
         vertex 0.000000e+00 3.685714e+01 1.579419e+01
         vertex 2.000000e+01 3.353245e+01 1.520870e+01
         vertex 0.000000e+00 3.353245e+01 1.520870e+01
      endloop
   endfacet
   facet normal 0.000000e+00 6.168901e-02 -9.980954e-01
      outer loop
         vertex 0.000000e+00 3.353245e+01 1.520870e+01
         vertex 2.000000e+01 3.353245e+01 1.520870e+01
         vertex 2.000000e+01 3.016303e+01 1.500044e+01
      endloop
   endfacet
   facet normal 0.000000e+00 6.168901e-02 -9.980954e-01
      outer loop
         vertex 0.000000e+00 3.353245e+01 1.520870e+01
         vertex 2.000000e+01 3.016303e+01 1.500044e+01
         vertex 0.000000e+00 3.016303e+01 1.500044e+01
      endloop
   endfacet
   facet normal 0.000000e+00 -5.083819e-02 -9.987069e-01
      outer loop
         vertex 0.000000e+00 3.016303e+01 1.500044e+01
         vertex 2.000000e+01 3.016303e+01 1.500044e+01
         vertex 2.000000e+01 2.679154e+01 1.517207e+01
      endloop
   endfacet
   facet normal 0.000000e+00 -5.083819e-02 -9.987069e-01
      outer loop
         vertex 0.000000e+00 3.016303e+01 1.500044e+01
         vertex 2.000000e+01 2.679154e+01 1.517207e+01
         vertex 0.000000e+00 2.679154e+01 1.517207e+01
      endloop
   endfacet
   facet normal 0.000000e+00 -1.627209e-01 -9.866721e-01
      outer loop
         vertex 0.000000e+00 2.679154e+01 1.517207e+01
         vertex 2.000000e+01 2.679154e+01 1.517207e+01
         vertex 2.000000e+01 2.346068e+01 1.572139e+01
      endloop
   endfacet
   facet normal 0.000000e+00 -1.627209e-01 -9.866721e-01
      outer loop
         vertex 0.000000e+00 2.679154e+01 1.517207e+01
         vertex 2.000000e+01 2.346068e+01 1.572139e+01
         vertex 0.000000e+00 2.346068e+01 1.572139e+01
      endloop
   endfacet
   facet normal 0.000000e+00 -2.725434e-01 -9.621435e-01
      outer loop
         vertex 0.000000e+00 2.346068e+01 1.572139e+01
         vertex 2.000000e+01 2.346068e+01 1.572139e+01
         vertex 2.000000e+01 2.021262e+01 1.664145e+01
      endloop
   endfacet
   facet normal 0.000000e+00 -2.725434e-01 -9.621435e-01
      outer loop
         vertex 0.000000e+00 2.346068e+01 1.572139e+01
         vertex 2.000000e+01 2.021262e+01 1.664145e+01
         vertex 0.000000e+00 2.021262e+01 1.664145e+01
      endloop
   endfacet
   facet normal 0.000000e+00 -3.789148e-01 -9.254316e-01
      outer loop
         vertex 0.000000e+00 2.021262e+01 1.664145e+01
         vertex 2.000000e+01 2.021262e+01 1.664145e+01
         vertex 2.000000e+01 1.708850e+01 1.792062e+01
      endloop
   endfacet
   facet normal 0.000000e+00 -3.789148e-01 -9.254316e-01
      outer loop
         vertex 0.000000e+00 2.021262e+01 1.664145e+01
         vertex 2.000000e+01 1.708850e+01 1.792062e+01
         vertex 0.000000e+00 1.708850e+01 1.792062e+01
      endloop
   endfacet
   facet normal 0.000000e+00 -4.804879e-01 -8.770014e-01
      outer loop
         vertex 0.000000e+00 1.708850e+01 1.792062e+01
         vertex 2.000000e+01 1.708850e+01 1.792062e+01
         vertex 2.000000e+01 1.412787e+01 1.954267e+01
      endloop
   endfacet
   facet normal 0.000000e+00 -4.804879e-01 -8.770014e-01
      outer loop
         vertex 0.000000e+00 1.708850e+01 1.792062e+01
         vertex 2.000000e+01 1.412787e+01 1.954267e+01
         vertex 0.000000e+00 1.412787e+01 1.954267e+01
      endloop
   endfacet
   facet normal 0.000000e+00 -5.759776e-01 -8.174655e-01
      outer loop
         vertex 0.000000e+00 1.412787e+01 1.954267e+01
         vertex 2.000000e+01 1.412787e+01 1.954267e+01
         vertex 2.000000e+01 1.136823e+01 2.148709e+01
      endloop
   endfacet
   facet normal 0.000000e+00 -5.759776e-01 -8.174655e-01
      outer loop
         vertex 0.000000e+00 1.412787e+01 1.954267e+01
         vertex 2.000000e+01 1.136823e+01 2.148709e+01
         vertex 0.000000e+00 1.136823e+01 2.148709e+01
      endloop
   endfacet
   facet normal 0.000000e+00 -6.641732e-01 -7.475787e-01
      outer loop
         vertex 0.000000e+00 1.136823e+01 2.148709e+01
         vertex 2.000000e+01 1.136823e+01 2.148709e+01
         vertex 2.000000e+01 8.844513e+00 2.372924e+01
      endloop
   endfacet
   facet normal 0.000000e+00 -6.641732e-01 -7.475787e-01
      outer loop
         vertex 0.000000e+00 1.136823e+01 2.148709e+01
         vertex 2.000000e+01 8.844513e+00 2.372924e+01
         vertex 0.000000e+00 8.844513e+00 2.372924e+01
      endloop
   endfacet
   facet normal 0.000000e+00 -7.439583e-01 -6.682260e-01
      outer loop
         vertex 0.000000e+00 8.844513e+00 2.372924e+01
         vertex 2.000000e+01 8.844513e+00 2.372924e+01
         vertex 2.000000e+01 6.588681e+00 2.624073e+01
      endloop
   endfacet
   facet normal 0.000000e+00 -7.439583e-01 -6.682260e-01
      outer loop
         vertex 0.000000e+00 8.844513e+00 2.372924e+01
         vertex 2.000000e+01 6.588681e+00 2.624073e+01
         vertex 0.000000e+00 6.588681e+00 2.624073e+01
      endloop
   endfacet
   facet normal 0.000000e+00 -8.143235e-01 -5.804113e-01
      outer loop
         vertex 0.000000e+00 6.588681e+00 2.624073e+01
         vertex 2.000000e+01 6.588681e+00 2.624073e+01
         vertex 2.000000e+01 4.629297e+00 2.898977e+01
      endloop
   endfacet
   facet normal 0.000000e+00 -8.143235e-01 -5.804113e-01
      outer loop
         vertex 0.000000e+00 6.588681e+00 2.624073e+01
         vertex 2.000000e+01 4.629297e+00 2.898977e+01
         vertex 0.000000e+00 4.629297e+00 2.898977e+01
      endloop
   endfacet
   facet normal 0.000000e+00 -8.743772e-01 -4.852468e-01
      outer loop
         vertex 0.000000e+00 4.629297e+00 2.898977e+01
         vertex 2.000000e+01 4.629297e+00 2.898977e+01
         vertex 2.000000e+01 2.991175e+00 3.194154e+01
      endloop
   endfacet
   facet normal 0.000000e+00 -8.743772e-01 -4.852468e-01
      outer loop
         vertex 0.000000e+00 4.629297e+00 2.898977e+01
         vertex 2.000000e+01 2.991175e+00 3.194154e+01
         vertex 0.000000e+00 2.991175e+00 3.194154e+01
      endloop
   endfacet
   facet normal 0.000000e+00 -9.233589e-01 -3.839378e-01
      outer loop
         vertex 0.000000e+00 2.991175e+00 3.194154e+01
         vertex 2.000000e+01 2.991175e+00 3.194154e+01
         vertex 2.000000e+01 1.695057e+00 3.505866e+01
      endloop
   endfacet
   facet normal 0.000000e+00 -9.233589e-01 -3.839378e-01
      outer loop
         vertex 0.000000e+00 2.991175e+00 3.194154e+01
         vertex 2.000000e+01 1.695057e+00 3.505866e+01
         vertex 0.000000e+00 1.695057e+00 3.505866e+01
      endloop
   endfacet
   facet normal 0.000000e+00 -9.606482e-01 -2.777680e-01
      outer loop
         vertex 0.000000e+00 1.695057e+00 3.505866e+01
         vertex 2.000000e+01 1.695057e+00 3.505866e+01
         vertex 2.000000e+01 7.573534e-01 3.830167e+01
      endloop
   endfacet
   facet normal 0.000000e+00 -9.606482e-01 -2.777680e-01
      outer loop
         vertex 0.000000e+00 1.695057e+00 3.505866e+01
         vertex 2.000000e+01 7.573534e-01 3.830167e+01
         vertex 0.000000e+00 7.573534e-01 3.830167e+01
      endloop
   endfacet
   facet normal 0.000000e+00 -9.857733e-01 -1.680801e-01
      outer loop
         vertex 0.000000e+00 7.573534e-01 3.830167e+01
         vertex 2.000000e+01 7.573534e-01 3.830167e+01
         vertex 2.000000e+01 1.899395e-01 4.162950e+01
      endloop
   endfacet
   facet normal 0.000000e+00 -9.857733e-01 -1.680801e-01
      outer loop
         vertex 0.000000e+00 7.573534e-01 3.830167e+01
         vertex 2.000000e+01 1.899395e-01 4.162950e+01
         vertex 0.000000e+00 1.899395e-01 4.162950e+01
      endloop
   endfacet
   facet normal 0.000000e+00 -9.984159e-01 -5.626415e-02
      outer loop
         vertex 0.000000e+00 1.899395e-01 4.162950e+01
         vertex 2.000000e+01 1.899395e-01 4.162950e+01
         vertex 2.000000e+01 0.000000e+00 4.500000e+01
      endloop
   endfacet
   facet normal 0.000000e+00 -9.984159e-01 -5.626415e-02
      outer loop
         vertex 0.000000e+00 1.899395e-01 4.162950e+01
         vertex 2.000000e+01 0.000000e+00 4.500000e+01
         vertex 0.000000e+00 0.000000e+00 4.500000e+01
      endloop
   endfacet
   facet normal 0.000000e+00 -9.984159e-01 5.626415e-02
      outer loop
         vertex 0.000000e+00 0.000000e+00 4.500000e+01
         vertex 2.000000e+01 0.000000e+00 4.500000e+01
         vertex 2.000000e+01 1.899395e-01 4.837051e+01
      endloop
   endfacet
   facet normal 0.000000e+00 -9.984159e-01 5.626415e-02
      outer loop
         vertex 0.000000e+00 0.000000e+00 4.500000e+01
         vertex 2.000000e+01 1.899395e-01 4.837051e+01
         vertex 0.000000e+00 1.899395e-01 4.837051e+01
      endloop
   endfacet
   facet normal 0.000000e+00 -9.857733e-01 1.680801e-01
      outer loop
         vertex 0.000000e+00 1.899395e-01 4.837051e+01
         vertex 2.000000e+01 1.899395e-01 4.837051e+01
         vertex 2.000000e+01 7.573534e-01 5.169833e+01
      endloop
   endfacet
   facet normal 0.000000e+00 -9.857733e-01 1.680801e-01
      outer loop
         vertex 0.000000e+00 1.899395e-01 4.837051e+01
         vertex 2.000000e+01 7.573534e-01 5.169833e+01
         vertex 0.000000e+00 7.573534e-01 5.169833e+01
      endloop
   endfacet
   facet normal 0.000000e+00 -9.606482e-01 2.777680e-01
      outer loop
         vertex 0.000000e+00 7.573534e-01 5.169833e+01
         vertex 2.000000e+01 7.573534e-01 5.169833e+01
         vertex 2.000000e+01 1.695057e+00 5.494134e+01
      endloop
   endfacet
   facet normal 0.000000e+00 -9.606482e-01 2.777680e-01
      outer loop
         vertex 0.000000e+00 7.573534e-01 5.169833e+01
         vertex 2.000000e+01 1.695057e+00 5.494134e+01
         vertex 0.000000e+00 1.695057e+00 5.494134e+01
      endloop
   endfacet
   facet normal 0.000000e+00 -9.233589e-01 3.839378e-01
      outer loop
         vertex 0.000000e+00 1.695057e+00 5.494134e+01
         vertex 2.000000e+01 1.695057e+00 5.494134e+01
         vertex 2.000000e+01 2.991175e+00 5.805846e+01
      endloop
   endfacet
   facet normal 0.000000e+00 -9.233589e-01 3.839378e-01
      outer loop
         vertex 0.000000e+00 1.695057e+00 5.494134e+01
         vertex 2.000000e+01 2.991175e+00 5.805846e+01
         vertex 0.000000e+00 2.991175e+00 5.805846e+01
      endloop
   endfacet
   facet normal 0.000000e+00 -8.743772e-01 4.852468e-01
      outer loop
         vertex 0.000000e+00 2.991175e+00 5.805846e+01
         vertex 2.000000e+01 2.991175e+00 5.805846e+01
         vertex 2.000000e+01 4.629297e+00 6.101023e+01
      endloop
   endfacet
   facet normal 0.000000e+00 -8.743772e-01 4.852468e-01
      outer loop
         vertex 0.000000e+00 2.991175e+00 5.805846e+01
         vertex 2.000000e+01 4.629297e+00 6.101023e+01
         vertex 0.000000e+00 4.629297e+00 6.101023e+01
      endloop
   endfacet
   facet normal 0.000000e+00 -8.143235e-01 5.804113e-01
      outer loop
         vertex 0.000000e+00 4.629297e+00 6.101023e+01
         vertex 2.000000e+01 4.629297e+00 6.101023e+01
         vertex 2.000000e+01 6.588681e+00 6.375927e+01
      endloop
   endfacet
   facet normal 0.000000e+00 -8.143235e-01 5.804113e-01
      outer loop
         vertex 0.000000e+00 4.629297e+00 6.101023e+01
         vertex 2.000000e+01 6.588681e+00 6.375927e+01
         vertex 0.000000e+00 6.588681e+00 6.375927e+01
      endloop
   endfacet
   facet normal 0.000000e+00 -7.439583e-01 6.682260e-01
      outer loop
         vertex 0.000000e+00 6.588681e+00 6.375927e+01
         vertex 2.000000e+01 6.588681e+00 6.375927e+01
         vertex 2.000000e+01 8.844513e+00 6.627076e+01
      endloop
   endfacet
   facet normal 0.000000e+00 -7.439583e-01 6.682260e-01
      outer loop
         vertex 0.000000e+00 6.588681e+00 6.375927e+01
         vertex 2.000000e+01 8.844513e+00 6.627076e+01
         vertex 0.000000e+00 8.844513e+00 6.627076e+01
      endloop
   endfacet
   facet normal 0.000000e+00 -6.641732e-01 7.475787e-01
      outer loop
         vertex 0.000000e+00 8.844513e+00 6.627076e+01
         vertex 2.000000e+01 8.844513e+00 6.627076e+01
         vertex 2.000000e+01 1.136823e+01 6.851292e+01
      endloop
   endfacet
   facet normal 0.000000e+00 -6.641732e-01 7.475787e-01
      outer loop
         vertex 0.000000e+00 8.844513e+00 6.627076e+01
         vertex 2.000000e+01 1.136823e+01 6.851292e+01
         vertex 0.000000e+00 1.136823e+01 6.851292e+01
      endloop
   endfacet
   facet normal 0.000000e+00 -5.759776e-01 8.174655e-01
      outer loop
         vertex 0.000000e+00 1.136823e+01 6.851292e+01
         vertex 2.000000e+01 1.136823e+01 6.851292e+01
         vertex 2.000000e+01 1.412787e+01 7.045733e+01
      endloop
   endfacet
   facet normal 0.000000e+00 -5.759776e-01 8.174655e-01
      outer loop
         vertex 0.000000e+00 1.136823e+01 6.851292e+01
         vertex 2.000000e+01 1.412787e+01 7.045733e+01
         vertex 0.000000e+00 1.412787e+01 7.045733e+01
      endloop
   endfacet
   facet normal 0.000000e+00 -4.804879e-01 8.770014e-01
      outer loop
         vertex 0.000000e+00 1.412787e+01 7.045733e+01
         vertex 2.000000e+01 1.412787e+01 7.045733e+01
         vertex 2.000000e+01 1.708850e+01 7.207939e+01
      endloop
   endfacet
   facet normal 0.000000e+00 -4.804879e-01 8.770014e-01
      outer loop
         vertex 0.000000e+00 1.412787e+01 7.045733e+01
         vertex 2.000000e+01 1.708850e+01 7.207939e+01
         vertex 0.000000e+00 1.708850e+01 7.207939e+01
      endloop
   endfacet
   facet normal 0.000000e+00 -3.789148e-01 9.254316e-01
      outer loop
         vertex 0.000000e+00 1.708850e+01 7.207939e+01
         vertex 2.000000e+01 1.708850e+01 7.207939e+01
         vertex 2.000000e+01 2.021262e+01 7.335855e+01
      endloop
   endfacet
   facet normal 0.000000e+00 -3.789148e-01 9.254316e-01
      outer loop
         vertex 0.000000e+00 1.708850e+01 7.207939e+01
         vertex 2.000000e+01 2.021262e+01 7.335855e+01
         vertex 0.000000e+00 2.021262e+01 7.335855e+01
      endloop
   endfacet
   facet normal 0.000000e+00 -2.725434e-01 9.621435e-01
      outer loop
         vertex 0.000000e+00 2.021262e+01 7.335855e+01
         vertex 2.000000e+01 2.021262e+01 7.335855e+01
         vertex 2.000000e+01 2.346068e+01 7.427862e+01
      endloop
   endfacet
   facet normal 0.000000e+00 -2.725434e-01 9.621435e-01
      outer loop
         vertex 0.000000e+00 2.021262e+01 7.335855e+01
         vertex 2.000000e+01 2.346068e+01 7.427862e+01
         vertex 0.000000e+00 2.346068e+01 7.427862e+01
      endloop
   endfacet
   facet normal 0.000000e+00 -1.627209e-01 9.866721e-01
      outer loop
         vertex 0.000000e+00 2.346068e+01 7.427862e+01
         vertex 2.000000e+01 2.346068e+01 7.427862e+01
         vertex 2.000000e+01 2.679154e+01 7.482794e+01
      endloop
   endfacet
   facet normal 0.000000e+00 -1.627209e-01 9.866721e-01
      outer loop
         vertex 0.000000e+00 2.346068e+01 7.427862e+01
         vertex 2.000000e+01 2.679154e+01 7.482794e+01
         vertex 0.000000e+00 2.679154e+01 7.482794e+01
      endloop
   endfacet
   facet normal 0.000000e+00 -5.083819e-02 9.987069e-01
      outer loop
         vertex 0.000000e+00 2.679154e+01 7.482794e+01
         vertex 2.000000e+01 2.679154e+01 7.482794e+01
         vertex 2.000000e+01 3.016303e+01 7.499956e+01
      endloop
   endfacet
   facet normal 0.000000e+00 -5.083819e-02 9.987069e-01
      outer loop
         vertex 0.000000e+00 2.679154e+01 7.482794e+01
         vertex 2.000000e+01 3.016303e+01 7.499956e+01
         vertex 0.000000e+00 3.016303e+01 7.499956e+01
      endloop
   endfacet
   facet normal -0.000000e+00 6.168901e-02 9.980954e-01
      outer loop
         vertex 0.000000e+00 3.016303e+01 7.499956e+01
         vertex 2.000000e+01 3.016303e+01 7.499956e+01
         vertex 2.000000e+01 3.353245e+01 7.479131e+01
      endloop
   endfacet
   facet normal 0.000000e+00 6.168901e-02 9.980954e-01
      outer loop
         vertex 0.000000e+00 3.016303e+01 7.499956e+01
         vertex 2.000000e+01 3.353245e+01 7.479131e+01
         vertex 0.000000e+00 3.353245e+01 7.479131e+01
      endloop
   endfacet
   facet normal -0.000000e+00 1.734349e-01 9.848453e-01
      outer loop
         vertex 0.000000e+00 3.353245e+01 7.479131e+01
         vertex 2.000000e+01 3.353245e+01 7.479131e+01
         vertex 2.000000e+01 3.685714e+01 7.420582e+01
      endloop
   endfacet
   facet normal 0.000000e+00 1.734349e-01 9.848453e-01
      outer loop
         vertex 0.000000e+00 3.353245e+01 7.479131e+01
         vertex 2.000000e+01 3.685714e+01 7.420582e+01
         vertex 0.000000e+00 3.685714e+01 7.420582e+01
      endloop
   endfacet
   facet normal -1.000000e+00 0.000000e+00 0.000000e+00
      outer loop
         vertex 0.000000e+00 4.196507e+01 7.602743e+01
         vertex 0.000000e+00 4.240862e+01 7.671462e+01
         vertex 0.000000e+00 5.100000e+01 6.234935e+01
      endloop
   endfacet
   facet normal -1.000000e+00 0.000000e+00 0.000000e+00
      outer loop
         vertex 0.000000e+00 4.240862e+01 1.328538e+01
         vertex 0.000000e+00 5.100000e+01 2.765065e+01
         vertex 0.000000e+00 4.273420e+01 1.253507e+01
      endloop
   endfacet
   facet normal -1.000000e+00 0.000000e+00 0.000000e+00
      outer loop
         vertex 0.000000e+00 4.273420e+01 1.253507e+01
         vertex 0.000000e+00 5.100000e+01 2.765065e+01
         vertex 0.000000e+00 4.293310e+01 1.174172e+01
      endloop
   endfacet
   facet normal -1.000000e+00 0.000000e+00 0.000000e+00
      outer loop
         vertex 0.000000e+00 4.293310e+01 1.174172e+01
         vertex 0.000000e+00 5.100000e+01 2.765065e+01
         vertex 0.000000e+00 4.300000e+01 1.092655e+01
      endloop
   endfacet
   facet normal -1.000000e+00 0.000000e+00 0.000000e+00
      outer loop
         vertex 0.000000e+00 4.300000e+01 1.092655e+01
         vertex 0.000000e+00 5.100000e+01 2.765065e+01
         vertex 0.000000e+00 5.100000e+01 0.000000e+00
      endloop
   endfacet
   facet normal -1.000000e+00 0.000000e+00 0.000000e+00
      outer loop
         vertex 0.000000e+00 4.300000e+01 1.092655e+01
         vertex 0.000000e+00 5.100000e+01 0.000000e+00
         vertex 0.000000e+00 4.300000e+01 0.000000e+00
      endloop
   endfacet
   facet normal -1.000000e+00 0.000000e+00 -0.000000e+00
      outer loop
         vertex 0.000000e+00 4.196507e+01 7.602743e+01
         vertex 0.000000e+00 5.100000e+01 6.234935e+01
         vertex 0.000000e+00 4.141541e+01 7.542175e+01
      endloop
   endfacet
   facet normal -1.000000e+00 0.000000e+00 0.000000e+00
      outer loop
         vertex 0.000000e+00 4.240862e+01 1.328538e+01
         vertex 0.000000e+00 4.196507e+01 1.397257e+01
         vertex 0.000000e+00 5.100000e+01 2.765065e+01
      endloop
   endfacet
   facet normal -1.000000e+00 0.000000e+00 0.000000e+00
      outer loop
         vertex 0.000000e+00 5.100000e+01 2.765065e+01
         vertex 0.000000e+00 4.196507e+01 1.397257e+01
         vertex 0.000000e+00 4.141541e+01 1.457826e+01
      endloop
   endfacet
   facet normal -1.000000e+00 -0.000000e+00 0.000000e+00
      outer loop
         vertex 0.000000e+00 5.100000e+01 2.765065e+01
         vertex 0.000000e+00 4.141541e+01 1.457826e+01
         vertex 0.000000e+00 5.095695e+01 2.815706e+01
      endloop
   endfacet
   facet normal -1.000000e+00 0.000000e+00 0.000000e+00
      outer loop
         vertex 0.000000e+00 5.095695e+01 2.815706e+01
         vertex 0.000000e+00 4.141541e+01 1.457826e+01
         vertex 0.000000e+00 4.077437e+01 1.508622e+01
      endloop
   endfacet
   facet normal -1.000000e+00 -0.000000e+00 0.000000e+00
      outer loop
         vertex 0.000000e+00 5.095695e+01 2.815706e+01
         vertex 0.000000e+00 4.077437e+01 1.508622e+01
         vertex 0.000000e+00 5.082903e+01 2.864893e+01
      endloop
   endfacet
   facet normal -1.000000e+00 -0.000000e+00 0.000000e+00
      outer loop
         vertex 0.000000e+00 5.082903e+01 2.864893e+01
         vertex 0.000000e+00 4.077437e+01 1.508622e+01
         vertex 0.000000e+00 5.061993e+01 2.911215e+01
      endloop
   endfacet
   facet normal -1.000000e+00 0.000000e+00 0.000000e+00
      outer loop
         vertex 0.000000e+00 4.005908e+01 1.548289e+01
         vertex 0.000000e+00 4.584000e+01 2.973257e+01
         vertex 0.000000e+00 4.622243e+01 3.006731e+01
      endloop
   endfacet
   facet normal -1.000000e+00 0.000000e+00 0.000000e+00
      outer loop
         vertex 0.000000e+00 4.240862e+01 7.671462e+01
         vertex 0.000000e+00 4.273420e+01 7.746493e+01
         vertex 0.000000e+00 5.100000e+01 6.234935e+01
      endloop
   endfacet
   facet normal -1.000000e+00 0.000000e+00 0.000000e+00
      outer loop
         vertex 0.000000e+00 5.100000e+01 6.234935e+01
         vertex 0.000000e+00 4.273420e+01 7.746493e+01
         vertex 0.000000e+00 4.293310e+01 7.825829e+01
      endloop
   endfacet
   facet normal -1.000000e+00 0.000000e+00 0.000000e+00
      outer loop
         vertex 0.000000e+00 5.100000e+01 6.234935e+01
         vertex 0.000000e+00 4.293310e+01 7.825829e+01
         vertex 0.000000e+00 5.100000e+01 9.000000e+01
      endloop
   endfacet
   facet normal -1.000000e+00 0.000000e+00 0.000000e+00
      outer loop
         vertex 0.000000e+00 5.100000e+01 9.000000e+01
         vertex 0.000000e+00 4.293310e+01 7.825829e+01
         vertex 0.000000e+00 4.300000e+01 7.907345e+01
      endloop
   endfacet
   facet normal -1.000000e+00 -0.000000e+00 0.000000e+00
      outer loop
         vertex 0.000000e+00 5.100000e+01 9.000000e+01
         vertex 0.000000e+00 4.300000e+01 7.907345e+01
         vertex 0.000000e+00 4.300000e+01 9.000000e+01
      endloop
   endfacet
   facet normal -1.000000e+00 0.000000e+00 -0.000000e+00
      outer loop
         vertex 0.000000e+00 4.912250e+01 3.043274e+01
         vertex 0.000000e+00 4.957601e+01 3.020333e+01
         vertex 0.000000e+00 4.005908e+01 1.548289e+01
      endloop
   endfacet
   facet normal -1.000000e+00 0.000000e+00 0.000000e+00
      outer loop
         vertex 0.000000e+00 4.005908e+01 1.548289e+01
         vertex 0.000000e+00 4.957601e+01 3.020333e+01
         vertex 0.000000e+00 4.998429e+01 2.990067e+01
      endloop
   endfacet
   facet normal -1.000000e+00 0.000000e+00 0.000000e+00
      outer loop
         vertex 0.000000e+00 4.005908e+01 1.548289e+01
         vertex 0.000000e+00 4.998429e+01 2.990067e+01
         vertex 0.000000e+00 4.077437e+01 1.508622e+01
      endloop
   endfacet
   facet normal -1.000000e+00 0.000000e+00 0.000000e+00
      outer loop
         vertex 0.000000e+00 4.077437e+01 1.508622e+01
         vertex 0.000000e+00 4.998429e+01 2.990067e+01
         vertex 0.000000e+00 5.033563e+01 2.953343e+01
      endloop
   endfacet
   facet normal -1.000000e+00 0.000000e+00 0.000000e+00
      outer loop
         vertex 0.000000e+00 4.077437e+01 1.508622e+01
         vertex 0.000000e+00 5.033563e+01 2.953343e+01
         vertex 0.000000e+00 5.061993e+01 2.911215e+01
      endloop
   endfacet
   facet normal -1.000000e+00 0.000000e+00 0.000000e+00
      outer loop
         vertex 0.000000e+00 1.915621e+01 2.585811e+01
         vertex 0.000000e+00 2.176835e+01 2.459804e+01
         vertex 0.000000e+00 3.766602e+01 1.591538e+01
      endloop
   endfacet
   facet normal -1.000000e+00 0.000000e+00 0.000000e+00
      outer loop
         vertex 0.000000e+00 3.766602e+01 1.591538e+01
         vertex 0.000000e+00 2.176835e+01 2.459804e+01
         vertex 0.000000e+00 2.452355e+01 2.369253e+01
      endloop
   endfacet
   facet normal -1.000000e+00 0.000000e+00 0.000000e+00
      outer loop
         vertex 0.000000e+00 3.766602e+01 1.591538e+01
         vertex 0.000000e+00 2.452355e+01 2.369253e+01
         vertex 0.000000e+00 2.737392e+01 2.315730e+01
      endloop
   endfacet
   facet normal -1.000000e+00 0.000000e+00 0.000000e+00
      outer loop
         vertex 0.000000e+00 2.737392e+01 2.315730e+01
         vertex 0.000000e+00 3.026992e+01 2.300166e+01
         vertex 0.000000e+00 3.766602e+01 1.591538e+01
      endloop
   endfacet
   facet normal -1.000000e+00 0.000000e+00 0.000000e+00
      outer loop
         vertex 0.000000e+00 3.766602e+01 1.591538e+01
         vertex 0.000000e+00 3.026992e+01 2.300166e+01
         vertex 0.000000e+00 3.316123e+01 2.322831e+01
      endloop
   endfacet
   facet normal -1.000000e+00 0.000000e+00 0.000000e+00
      outer loop
         vertex 0.000000e+00 3.766602e+01 1.591538e+01
         vertex 0.000000e+00 3.316123e+01 2.322831e+01
         vertex 0.000000e+00 3.848383e+01 1.590309e+01
      endloop
   endfacet
   facet normal -1.000000e+00 0.000000e+00 0.000000e+00
      outer loop
         vertex 0.000000e+00 3.599761e+01 6.616669e+01
         vertex 0.000000e+00 3.766602e+01 7.408462e+01
         vertex 0.000000e+00 3.872976e+01 6.519384e+01
      endloop
   endfacet
   facet normal -1.000000e+00 0.000000e+00 0.000000e+00
      outer loop
         vertex 0.000000e+00 3.872976e+01 6.519384e+01
         vertex 0.000000e+00 3.766602e+01 7.408462e+01
         vertex 0.000000e+00 3.848383e+01 7.409692e+01
      endloop
   endfacet
   facet normal -1.000000e+00 0.000000e+00 0.000000e+00
      outer loop
         vertex 0.000000e+00 3.872976e+01 6.519384e+01
         vertex 0.000000e+00 3.848383e+01 7.409692e+01
         vertex 0.000000e+00 4.131020e+01 6.387007e+01
      endloop
   endfacet
   facet normal -1.000000e+00 0.000000e+00 0.000000e+00
      outer loop
         vertex 0.000000e+00 4.131020e+01 6.387007e+01
         vertex 0.000000e+00 3.848383e+01 7.409692e+01
         vertex 0.000000e+00 3.928870e+01 7.424238e+01
      endloop
   endfacet
   facet normal -1.000000e+00 0.000000e+00 0.000000e+00
      outer loop
         vertex 0.000000e+00 4.131020e+01 6.387007e+01
         vertex 0.000000e+00 3.928870e+01 7.424238e+01
         vertex 0.000000e+00 4.369409e+01 6.221836e+01
      endloop
   endfacet
   facet normal -1.000000e+00 0.000000e+00 0.000000e+00
      outer loop
         vertex 0.000000e+00 4.369409e+01 6.221836e+01
         vertex 0.000000e+00 3.928870e+01 7.424238e+01
         vertex 0.000000e+00 4.005908e+01 7.451712e+01
      endloop
   endfacet
   facet normal -1.000000e+00 0.000000e+00 0.000000e+00
      outer loop
         vertex 0.000000e+00 4.369409e+01 6.221836e+01
         vertex 0.000000e+00 4.005908e+01 7.451712e+01
         vertex 0.000000e+00 4.584000e+01 6.026743e+01
      endloop
   endfacet
   facet normal -1.000000e+00 0.000000e+00 0.000000e+00
      outer loop
         vertex 0.000000e+00 4.584000e+01 6.026743e+01
         vertex 0.000000e+00 4.005908e+01 7.451712e+01
         vertex 0.000000e+00 4.622243e+01 5.993269e+01
      endloop
   endfacet
   facet normal -1.000000e+00 0.000000e+00 -0.000000e+00
      outer loop
         vertex 0.000000e+00 4.622243e+01 3.006731e+01
         vertex 0.000000e+00 4.665587e+01 3.033269e+01
         vertex 0.000000e+00 4.005908e+01 1.548289e+01
      endloop
   endfacet
   facet normal -1.000000e+00 0.000000e+00 0.000000e+00
      outer loop
         vertex 0.000000e+00 4.005908e+01 1.548289e+01
         vertex 0.000000e+00 4.665587e+01 3.033269e+01
         vertex 0.000000e+00 4.712790e+01 3.052109e+01
      endloop
   endfacet
   facet normal -1.000000e+00 0.000000e+00 0.000000e+00
      outer loop
         vertex 0.000000e+00 4.005908e+01 1.548289e+01
         vertex 0.000000e+00 4.712790e+01 3.052109e+01
         vertex 0.000000e+00 4.762495e+01 3.062711e+01
      endloop
   endfacet
   facet normal -1.000000e+00 0.000000e+00 -0.000000e+00
      outer loop
         vertex 0.000000e+00 4.762495e+01 3.062711e+01
         vertex 0.000000e+00 4.813276e+01 3.064771e+01
         vertex 0.000000e+00 4.005908e+01 1.548289e+01
      endloop
   endfacet
   facet normal -1.000000e+00 0.000000e+00 0.000000e+00
      outer loop
         vertex 0.000000e+00 4.005908e+01 1.548289e+01
         vertex 0.000000e+00 4.813276e+01 3.064771e+01
         vertex 0.000000e+00 4.863677e+01 3.058229e+01
      endloop
   endfacet
   facet normal -1.000000e+00 0.000000e+00 0.000000e+00
      outer loop
         vertex 0.000000e+00 4.005908e+01 1.548289e+01
         vertex 0.000000e+00 4.863677e+01 3.058229e+01
         vertex 0.000000e+00 4.912250e+01 3.043274e+01
      endloop
   endfacet
   facet normal -1.000000e+00 0.000000e+00 0.000000e+00
      outer loop
         vertex 0.000000e+00 3.316123e+01 2.322831e+01
         vertex 0.000000e+00 3.599761e+01 2.383331e+01
         vertex 0.000000e+00 3.848383e+01 1.590309e+01
      endloop
   endfacet
   facet normal -1.000000e+00 0.000000e+00 0.000000e+00
      outer loop
         vertex 0.000000e+00 3.848383e+01 1.590309e+01
         vertex 0.000000e+00 3.599761e+01 2.383331e+01
         vertex 0.000000e+00 3.872976e+01 2.480616e+01
      endloop
   endfacet
   facet normal -1.000000e+00 0.000000e+00 0.000000e+00
      outer loop
         vertex 0.000000e+00 3.848383e+01 1.590309e+01
         vertex 0.000000e+00 3.872976e+01 2.480616e+01
         vertex 0.000000e+00 3.928870e+01 1.575762e+01
      endloop
   endfacet
   facet normal -1.000000e+00 0.000000e+00 0.000000e+00
      outer loop
         vertex 0.000000e+00 3.928870e+01 1.575762e+01
         vertex 0.000000e+00 3.872976e+01 2.480616e+01
         vertex 0.000000e+00 4.131020e+01 2.612994e+01
      endloop
   endfacet
   facet normal -1.000000e+00 0.000000e+00 0.000000e+00
      outer loop
         vertex 0.000000e+00 3.928870e+01 1.575762e+01
         vertex 0.000000e+00 4.131020e+01 2.612994e+01
         vertex 0.000000e+00 4.005908e+01 1.548289e+01
      endloop
   endfacet
   facet normal -1.000000e+00 0.000000e+00 0.000000e+00
      outer loop
         vertex 0.000000e+00 4.005908e+01 1.548289e+01
         vertex 0.000000e+00 4.131020e+01 2.612994e+01
         vertex 0.000000e+00 4.369409e+01 2.778164e+01
      endloop
   endfacet
   facet normal -1.000000e+00 0.000000e+00 0.000000e+00
      outer loop
         vertex 0.000000e+00 4.005908e+01 1.548289e+01
         vertex 0.000000e+00 4.369409e+01 2.778164e+01
         vertex 0.000000e+00 4.584000e+01 2.973257e+01
      endloop
   endfacet
   facet normal -1.000000e+00 0.000000e+00 0.000000e+00
      outer loop
         vertex 0.000000e+00 1.915621e+01 6.414190e+01
         vertex 0.000000e+00 1.708850e+01 7.207939e+01
         vertex 0.000000e+00 2.176835e+01 6.540196e+01
      endloop
   endfacet
   facet normal -1.000000e+00 0.000000e+00 0.000000e+00
      outer loop
         vertex 0.000000e+00 2.176835e+01 6.540196e+01
         vertex 0.000000e+00 1.708850e+01 7.207939e+01
         vertex 0.000000e+00 2.021262e+01 7.335855e+01
      endloop
   endfacet
   facet normal -1.000000e+00 0.000000e+00 0.000000e+00
      outer loop
         vertex 0.000000e+00 2.176835e+01 6.540196e+01
         vertex 0.000000e+00 2.021262e+01 7.335855e+01
         vertex 0.000000e+00 2.452355e+01 6.630748e+01
      endloop
   endfacet
   facet normal -1.000000e+00 0.000000e+00 0.000000e+00
      outer loop
         vertex 0.000000e+00 2.452355e+01 6.630748e+01
         vertex 0.000000e+00 2.021262e+01 7.335855e+01
         vertex 0.000000e+00 2.346068e+01 7.427862e+01
      endloop
   endfacet
   facet normal -1.000000e+00 0.000000e+00 0.000000e+00
      outer loop
         vertex 0.000000e+00 2.452355e+01 6.630748e+01
         vertex 0.000000e+00 2.346068e+01 7.427862e+01
         vertex 0.000000e+00 2.737392e+01 6.684271e+01
      endloop
   endfacet
   facet normal -1.000000e+00 0.000000e+00 0.000000e+00
      outer loop
         vertex 0.000000e+00 2.737392e+01 6.684271e+01
         vertex 0.000000e+00 2.346068e+01 7.427862e+01
         vertex 0.000000e+00 2.679154e+01 7.482794e+01
      endloop
   endfacet
   facet normal -1.000000e+00 0.000000e+00 0.000000e+00
      outer loop
         vertex 0.000000e+00 2.737392e+01 6.684271e+01
         vertex 0.000000e+00 2.679154e+01 7.482794e+01
         vertex 0.000000e+00 3.026992e+01 6.699835e+01
      endloop
   endfacet
   facet normal -1.000000e+00 0.000000e+00 0.000000e+00
      outer loop
         vertex 0.000000e+00 3.026992e+01 6.699835e+01
         vertex 0.000000e+00 2.679154e+01 7.482794e+01
         vertex 0.000000e+00 3.016303e+01 7.499956e+01
      endloop
   endfacet
   facet normal -1.000000e+00 0.000000e+00 0.000000e+00
      outer loop
         vertex 0.000000e+00 3.026992e+01 6.699835e+01
         vertex 0.000000e+00 3.016303e+01 7.499956e+01
         vertex 0.000000e+00 3.316123e+01 6.677169e+01
      endloop
   endfacet
   facet normal -1.000000e+00 0.000000e+00 0.000000e+00
      outer loop
         vertex 0.000000e+00 3.316123e+01 6.677169e+01
         vertex 0.000000e+00 3.016303e+01 7.499956e+01
         vertex 0.000000e+00 3.353245e+01 7.479131e+01
      endloop
   endfacet
   facet normal -1.000000e+00 0.000000e+00 0.000000e+00
      outer loop
         vertex 0.000000e+00 3.316123e+01 6.677169e+01
         vertex 0.000000e+00 3.353245e+01 7.479131e+01
         vertex 0.000000e+00 3.599761e+01 6.616669e+01
      endloop
   endfacet
   facet normal -1.000000e+00 0.000000e+00 0.000000e+00
      outer loop
         vertex 0.000000e+00 3.599761e+01 6.616669e+01
         vertex 0.000000e+00 3.353245e+01 7.479131e+01
         vertex 0.000000e+00 3.685714e+01 7.420582e+01
      endloop
   endfacet
   facet normal -1.000000e+00 0.000000e+00 0.000000e+00
      outer loop
         vertex 0.000000e+00 3.599761e+01 6.616669e+01
         vertex 0.000000e+00 3.685714e+01 7.420582e+01
         vertex 0.000000e+00 3.766602e+01 7.408462e+01
      endloop
   endfacet
   facet normal -1.000000e+00 -0.000000e+00 0.000000e+00
      outer loop
         vertex 0.000000e+00 3.766602e+01 1.591538e+01
         vertex 0.000000e+00 3.685714e+01 1.579419e+01
         vertex 0.000000e+00 1.915621e+01 2.585811e+01
      endloop
   endfacet
   facet normal -1.000000e+00 0.000000e+00 0.000000e+00
      outer loop
         vertex 0.000000e+00 1.915621e+01 2.585811e+01
         vertex 0.000000e+00 3.685714e+01 1.579419e+01
         vertex 0.000000e+00 3.353245e+01 1.520870e+01
      endloop
   endfacet
   facet normal -1.000000e+00 0.000000e+00 0.000000e+00
      outer loop
         vertex 0.000000e+00 1.915621e+01 2.585811e+01
         vertex 0.000000e+00 3.353245e+01 1.520870e+01
         vertex 0.000000e+00 3.016303e+01 1.500044e+01
      endloop
   endfacet
   facet normal -1.000000e+00 -0.000000e+00 0.000000e+00
      outer loop
         vertex 0.000000e+00 5.082903e+01 6.135107e+01
         vertex 0.000000e+00 5.061993e+01 6.088785e+01
         vertex 0.000000e+00 4.077437e+01 7.491378e+01
      endloop
   endfacet
   facet normal -1.000000e+00 0.000000e+00 0.000000e+00
      outer loop
         vertex 0.000000e+00 2.021262e+01 1.664145e+01
         vertex 0.000000e+00 1.708850e+01 1.792062e+01
         vertex 0.000000e+00 1.915621e+01 2.585811e+01
      endloop
   endfacet
   facet normal -1.000000e+00 0.000000e+00 0.000000e+00
      outer loop
         vertex 0.000000e+00 1.915621e+01 2.585811e+01
         vertex 0.000000e+00 1.708850e+01 1.792062e+01
         vertex 0.000000e+00 1.412787e+01 1.954267e+01
      endloop
   endfacet
   facet normal -1.000000e+00 -0.000000e+00 0.000000e+00
      outer loop
         vertex 0.000000e+00 1.915621e+01 2.585811e+01
         vertex 0.000000e+00 1.412787e+01 1.954267e+01
         vertex 0.000000e+00 1.673251e+01 2.745082e+01
      endloop
   endfacet
   facet normal -1.000000e+00 0.000000e+00 0.000000e+00
      outer loop
         vertex 0.000000e+00 1.673251e+01 2.745082e+01
         vertex 0.000000e+00 1.412787e+01 1.954267e+01
         vertex 0.000000e+00 1.136823e+01 2.148709e+01
      endloop
   endfacet
   facet normal -1.000000e+00 -0.000000e+00 0.000000e+00
      outer loop
         vertex 0.000000e+00 1.673251e+01 2.745082e+01
         vertex 0.000000e+00 1.136823e+01 2.148709e+01
         vertex 0.000000e+00 1.453938e+01 2.934851e+01
      endloop
   endfacet
   facet normal -1.000000e+00 0.000000e+00 0.000000e+00
      outer loop
         vertex 0.000000e+00 1.453938e+01 2.934851e+01
         vertex 0.000000e+00 1.136823e+01 2.148709e+01
         vertex 0.000000e+00 8.844513e+00 2.372924e+01
      endloop
   endfacet
   facet normal -1.000000e+00 -0.000000e+00 0.000000e+00
      outer loop
         vertex 0.000000e+00 1.453938e+01 2.934851e+01
         vertex 0.000000e+00 8.844513e+00 2.372924e+01
         vertex 0.000000e+00 1.261492e+01 3.151820e+01
      endloop
   endfacet
   facet normal -1.000000e+00 0.000000e+00 0.000000e+00
      outer loop
         vertex 0.000000e+00 1.261492e+01 3.151820e+01
         vertex 0.000000e+00 8.844513e+00 2.372924e+01
         vertex 0.000000e+00 6.588681e+00 2.624073e+01
      endloop
   endfacet
   facet normal -1.000000e+00 -0.000000e+00 0.000000e+00
      outer loop
         vertex 0.000000e+00 1.261492e+01 3.151820e+01
         vertex 0.000000e+00 6.588681e+00 2.624073e+01
         vertex 0.000000e+00 1.099259e+01 3.392217e+01
      endloop
   endfacet
   facet normal -1.000000e+00 0.000000e+00 0.000000e+00
      outer loop
         vertex 0.000000e+00 1.099259e+01 3.392217e+01
         vertex 0.000000e+00 6.588681e+00 2.624073e+01
         vertex 0.000000e+00 4.629297e+00 2.898977e+01
      endloop
   endfacet
   facet normal -1.000000e+00 -0.000000e+00 0.000000e+00
      outer loop
         vertex 0.000000e+00 1.099259e+01 3.392217e+01
         vertex 0.000000e+00 4.629297e+00 2.898977e+01
         vertex 0.000000e+00 9.700570e+00 3.651866e+01
      endloop
   endfacet
   facet normal -1.000000e+00 0.000000e+00 0.000000e+00
      outer loop
         vertex 0.000000e+00 3.016303e+01 1.500044e+01
         vertex 0.000000e+00 2.679154e+01 1.517207e+01
         vertex 0.000000e+00 1.915621e+01 2.585811e+01
      endloop
   endfacet
   facet normal -1.000000e+00 0.000000e+00 0.000000e+00
      outer loop
         vertex 0.000000e+00 1.915621e+01 2.585811e+01
         vertex 0.000000e+00 2.679154e+01 1.517207e+01
         vertex 0.000000e+00 2.346068e+01 1.572139e+01
      endloop
   endfacet
   facet normal -1.000000e+00 0.000000e+00 0.000000e+00
      outer loop
         vertex 0.000000e+00 1.915621e+01 2.585811e+01
         vertex 0.000000e+00 2.346068e+01 1.572139e+01
         vertex 0.000000e+00 2.021262e+01 1.664145e+01
      endloop
   endfacet
   facet normal -1.000000e+00 -0.000000e+00 0.000000e+00
      outer loop
         vertex 0.000000e+00 5.061993e+01 6.088785e+01
         vertex 0.000000e+00 5.033563e+01 6.046658e+01
         vertex 0.000000e+00 4.077437e+01 7.491378e+01
      endloop
   endfacet
   facet normal -1.000000e+00 0.000000e+00 0.000000e+00
      outer loop
         vertex 0.000000e+00 4.077437e+01 7.491378e+01
         vertex 0.000000e+00 5.033563e+01 6.046658e+01
         vertex 0.000000e+00 4.998429e+01 6.009934e+01
      endloop
   endfacet
   facet normal -1.000000e+00 0.000000e+00 0.000000e+00
      outer loop
         vertex 0.000000e+00 4.077437e+01 7.491378e+01
         vertex 0.000000e+00 4.998429e+01 6.009934e+01
         vertex 0.000000e+00 4.957601e+01 5.979667e+01
      endloop
   endfacet
   facet normal -1.000000e+00 0.000000e+00 -0.000000e+00
      outer loop
         vertex 0.000000e+00 4.141541e+01 7.542175e+01
         vertex 0.000000e+00 5.100000e+01 6.234935e+01
         vertex 0.000000e+00 4.077437e+01 7.491378e+01
      endloop
   endfacet
   facet normal -1.000000e+00 0.000000e+00 0.000000e+00
      outer loop
         vertex 0.000000e+00 4.077437e+01 7.491378e+01
         vertex 0.000000e+00 5.100000e+01 6.234935e+01
         vertex 0.000000e+00 5.095695e+01 6.184295e+01
      endloop
   endfacet
   facet normal -1.000000e+00 0.000000e+00 0.000000e+00
      outer loop
         vertex 0.000000e+00 4.077437e+01 7.491378e+01
         vertex 0.000000e+00 5.095695e+01 6.184295e+01
         vertex 0.000000e+00 5.082903e+01 6.135107e+01
      endloop
   endfacet
   facet normal -1.000000e+00 0.000000e+00 0.000000e+00
      outer loop
         vertex 0.000000e+00 8.761318e+00 5.073746e+01
         vertex 0.000000e+00 1.695057e+00 5.494134e+01
         vertex 0.000000e+00 9.700570e+00 5.348134e+01
      endloop
   endfacet
   facet normal -1.000000e+00 0.000000e+00 0.000000e+00
      outer loop
         vertex 0.000000e+00 9.700570e+00 5.348134e+01
         vertex 0.000000e+00 1.695057e+00 5.494134e+01
         vertex 0.000000e+00 2.991175e+00 5.805846e+01
      endloop
   endfacet
   facet normal -1.000000e+00 0.000000e+00 0.000000e+00
      outer loop
         vertex 0.000000e+00 9.700570e+00 5.348134e+01
         vertex 0.000000e+00 2.991175e+00 5.805846e+01
         vertex 0.000000e+00 1.099259e+01 5.607783e+01
      endloop
   endfacet
   facet normal -1.000000e+00 0.000000e+00 0.000000e+00
      outer loop
         vertex 0.000000e+00 1.099259e+01 5.607783e+01
         vertex 0.000000e+00 2.991175e+00 5.805846e+01
         vertex 0.000000e+00 4.629297e+00 6.101023e+01
      endloop
   endfacet
   facet normal -1.000000e+00 0.000000e+00 0.000000e+00
      outer loop
         vertex 0.000000e+00 1.099259e+01 5.607783e+01
         vertex 0.000000e+00 4.629297e+00 6.101023e+01
         vertex 0.000000e+00 1.261492e+01 5.848181e+01
      endloop
   endfacet
   facet normal -1.000000e+00 0.000000e+00 0.000000e+00
      outer loop
         vertex 0.000000e+00 1.261492e+01 5.848181e+01
         vertex 0.000000e+00 4.629297e+00 6.101023e+01
         vertex 0.000000e+00 6.588681e+00 6.375927e+01
      endloop
   endfacet
   facet normal -1.000000e+00 0.000000e+00 0.000000e+00
      outer loop
         vertex 0.000000e+00 1.261492e+01 5.848181e+01
         vertex 0.000000e+00 6.588681e+00 6.375927e+01
         vertex 0.000000e+00 1.453938e+01 6.065149e+01
      endloop
   endfacet
   facet normal -1.000000e+00 0.000000e+00 0.000000e+00
      outer loop
         vertex 0.000000e+00 1.453938e+01 6.065149e+01
         vertex 0.000000e+00 6.588681e+00 6.375927e+01
         vertex 0.000000e+00 8.844513e+00 6.627076e+01
      endloop
   endfacet
   facet normal -1.000000e+00 0.000000e+00 0.000000e+00
      outer loop
         vertex 0.000000e+00 1.453938e+01 6.065149e+01
         vertex 0.000000e+00 8.844513e+00 6.627076e+01
         vertex 0.000000e+00 1.673251e+01 6.254918e+01
      endloop
   endfacet
   facet normal -1.000000e+00 0.000000e+00 0.000000e+00
      outer loop
         vertex 0.000000e+00 1.673251e+01 6.254918e+01
         vertex 0.000000e+00 8.844513e+00 6.627076e+01
         vertex 0.000000e+00 1.136823e+01 6.851292e+01
      endloop
   endfacet
   facet normal -1.000000e+00 0.000000e+00 0.000000e+00
      outer loop
         vertex 0.000000e+00 1.673251e+01 6.254918e+01
         vertex 0.000000e+00 1.136823e+01 6.851292e+01
         vertex 0.000000e+00 1.915621e+01 6.414190e+01
      endloop
   endfacet
   facet normal -1.000000e+00 0.000000e+00 0.000000e+00
      outer loop
         vertex 0.000000e+00 1.915621e+01 6.414190e+01
         vertex 0.000000e+00 1.136823e+01 6.851292e+01
         vertex 0.000000e+00 1.412787e+01 7.045733e+01
      endloop
   endfacet
   facet normal -1.000000e+00 0.000000e+00 0.000000e+00
      outer loop
         vertex 0.000000e+00 1.915621e+01 6.414190e+01
         vertex 0.000000e+00 1.412787e+01 7.045733e+01
         vertex 0.000000e+00 1.708850e+01 7.207939e+01
      endloop
   endfacet
   facet normal -1.000000e+00 0.000000e+00 0.000000e+00
      outer loop
         vertex 0.000000e+00 4.629297e+00 2.898977e+01
         vertex 0.000000e+00 2.991175e+00 3.194154e+01
         vertex 0.000000e+00 9.700570e+00 3.651866e+01
      endloop
   endfacet
   facet normal -1.000000e+00 0.000000e+00 0.000000e+00
      outer loop
         vertex 0.000000e+00 9.700570e+00 3.651866e+01
         vertex 0.000000e+00 2.991175e+00 3.194154e+01
         vertex 0.000000e+00 1.695057e+00 3.505866e+01
      endloop
   endfacet
   facet normal -1.000000e+00 -0.000000e+00 0.000000e+00
      outer loop
         vertex 0.000000e+00 9.700570e+00 3.651866e+01
         vertex 0.000000e+00 1.695057e+00 3.505866e+01
         vertex 0.000000e+00 8.761318e+00 3.926254e+01
      endloop
   endfacet
   facet normal -1.000000e+00 0.000000e+00 0.000000e+00
      outer loop
         vertex 0.000000e+00 8.761318e+00 3.926254e+01
         vertex 0.000000e+00 1.695057e+00 3.505866e+01
         vertex 0.000000e+00 7.573534e-01 3.830167e+01
      endloop
   endfacet
   facet normal -1.000000e+00 -0.000000e+00 0.000000e+00
      outer loop
         vertex 0.000000e+00 8.761318e+00 3.926254e+01
         vertex 0.000000e+00 7.573534e-01 3.830167e+01
         vertex 0.000000e+00 8.191159e+00 4.210613e+01
      endloop
   endfacet
   facet normal -1.000000e+00 0.000000e+00 0.000000e+00
      outer loop
         vertex 0.000000e+00 8.191159e+00 4.210613e+01
         vertex 0.000000e+00 7.573534e-01 3.830167e+01
         vertex 0.000000e+00 1.899395e-01 4.162950e+01
      endloop
   endfacet
   facet normal -1.000000e+00 -0.000000e+00 0.000000e+00
      outer loop
         vertex 0.000000e+00 8.191159e+00 4.210613e+01
         vertex 0.000000e+00 1.899395e-01 4.162950e+01
         vertex 0.000000e+00 7.999999e+00 4.500000e+01
      endloop
   endfacet
   facet normal -1.000000e+00 -0.000000e+00 0.000000e+00
      outer loop
         vertex 0.000000e+00 7.999999e+00 4.500000e+01
         vertex 0.000000e+00 1.899395e-01 4.162950e+01
         vertex 0.000000e+00 0.000000e+00 4.500000e+01
      endloop
   endfacet
   facet normal -1.000000e+00 0.000000e+00 0.000000e+00
      outer loop
         vertex 0.000000e+00 7.999999e+00 4.500000e+01
         vertex 0.000000e+00 0.000000e+00 4.500000e+01
         vertex 0.000000e+00 8.191159e+00 4.789388e+01
      endloop
   endfacet
   facet normal -1.000000e+00 -0.000000e+00 0.000000e+00
      outer loop
         vertex 0.000000e+00 8.191159e+00 4.789388e+01
         vertex 0.000000e+00 0.000000e+00 4.500000e+01
         vertex 0.000000e+00 1.899395e-01 4.837051e+01
      endloop
   endfacet
   facet normal -1.000000e+00 0.000000e+00 0.000000e+00
      outer loop
         vertex 0.000000e+00 8.191159e+00 4.789388e+01
         vertex 0.000000e+00 1.899395e-01 4.837051e+01
         vertex 0.000000e+00 8.761318e+00 5.073746e+01
      endloop
   endfacet
   facet normal -1.000000e+00 -0.000000e+00 0.000000e+00
      outer loop
         vertex 0.000000e+00 8.761318e+00 5.073746e+01
         vertex 0.000000e+00 1.899395e-01 4.837051e+01
         vertex 0.000000e+00 7.573534e-01 5.169833e+01
      endloop
   endfacet
   facet normal -1.000000e+00 0.000000e+00 0.000000e+00
      outer loop
         vertex 0.000000e+00 8.761318e+00 5.073746e+01
         vertex 0.000000e+00 7.573534e-01 5.169833e+01
         vertex 0.000000e+00 1.695057e+00 5.494134e+01
      endloop
   endfacet
   facet normal -1.000000e+00 -0.000000e+00 0.000000e+00
      outer loop
         vertex 0.000000e+00 4.957601e+01 5.979667e+01
         vertex 0.000000e+00 4.912250e+01 5.956727e+01
         vertex 0.000000e+00 4.077437e+01 7.491378e+01
      endloop
   endfacet
   facet normal -1.000000e+00 0.000000e+00 0.000000e+00
      outer loop
         vertex 0.000000e+00 4.077437e+01 7.491378e+01
         vertex 0.000000e+00 4.912250e+01 5.956727e+01
         vertex 0.000000e+00 4.863677e+01 5.941771e+01
      endloop
   endfacet
   facet normal -1.000000e+00 0.000000e+00 0.000000e+00
      outer loop
         vertex 0.000000e+00 4.077437e+01 7.491378e+01
         vertex 0.000000e+00 4.863677e+01 5.941771e+01
         vertex 0.000000e+00 4.813276e+01 5.935229e+01
      endloop
   endfacet
   facet normal -1.000000e+00 0.000000e+00 0.000000e+00
      outer loop
         vertex 0.000000e+00 4.813276e+01 5.935229e+01
         vertex 0.000000e+00 4.762495e+01 5.937289e+01
         vertex 0.000000e+00 4.077437e+01 7.491378e+01
      endloop
   endfacet
   facet normal -1.000000e+00 0.000000e+00 0.000000e+00
      outer loop
         vertex 0.000000e+00 4.077437e+01 7.491378e+01
         vertex 0.000000e+00 4.762495e+01 5.937289e+01
         vertex 0.000000e+00 4.712790e+01 5.947891e+01
      endloop
   endfacet
   facet normal -1.000000e+00 0.000000e+00 -0.000000e+00
      outer loop
         vertex 0.000000e+00 4.077437e+01 7.491378e+01
         vertex 0.000000e+00 4.712790e+01 5.947891e+01
         vertex 0.000000e+00 4.005908e+01 7.451712e+01
      endloop
   endfacet
   facet normal -1.000000e+00 0.000000e+00 0.000000e+00
      outer loop
         vertex 0.000000e+00 4.005908e+01 7.451712e+01
         vertex 0.000000e+00 4.712790e+01 5.947891e+01
         vertex 0.000000e+00 4.665587e+01 5.966732e+01
      endloop
   endfacet
   facet normal -1.000000e+00 0.000000e+00 0.000000e+00
      outer loop
         vertex 0.000000e+00 4.005908e+01 7.451712e+01
         vertex 0.000000e+00 4.665587e+01 5.966732e+01
         vertex 0.000000e+00 4.622243e+01 5.993269e+01
      endloop
   endfacet
   facet normal 1.000000e+00 0.000000e+00 0.000000e+00
      outer loop
         vertex 2.000000e+01 4.273420e+01 7.746493e+01
         vertex 2.000000e+01 4.240862e+01 7.671462e+01
         vertex 2.000000e+01 5.100000e+01 6.234935e+01
      endloop
   endfacet
   facet normal 1.000000e+00 -0.000000e+00 0.000000e+00
      outer loop
         vertex 2.000000e+01 4.273420e+01 7.746493e+01
         vertex 2.000000e+01 5.100000e+01 6.234935e+01
         vertex 2.000000e+01 4.293310e+01 7.825829e+01
      endloop
   endfacet
   facet normal 1.000000e+00 -0.000000e+00 0.000000e+00
      outer loop
         vertex 2.000000e+01 3.599761e+01 2.383331e+01
         vertex 2.000000e+01 3.766602e+01 1.591538e+01
         vertex 2.000000e+01 3.872976e+01 2.480616e+01
      endloop
   endfacet
   facet normal 1.000000e+00 0.000000e+00 0.000000e+00
      outer loop
         vertex 2.000000e+01 3.872976e+01 2.480616e+01
         vertex 2.000000e+01 3.766602e+01 1.591538e+01
         vertex 2.000000e+01 3.848383e+01 1.590309e+01
      endloop
   endfacet
   facet normal 1.000000e+00 -0.000000e+00 0.000000e+00
      outer loop
         vertex 2.000000e+01 3.872976e+01 2.480616e+01
         vertex 2.000000e+01 3.848383e+01 1.590309e+01
         vertex 2.000000e+01 4.131020e+01 2.612994e+01
      endloop
   endfacet
   facet normal 1.000000e+00 0.000000e+00 0.000000e+00
      outer loop
         vertex 2.000000e+01 4.131020e+01 2.612994e+01
         vertex 2.000000e+01 3.848383e+01 1.590309e+01
         vertex 2.000000e+01 3.928870e+01 1.575762e+01
      endloop
   endfacet
   facet normal 1.000000e+00 -0.000000e+00 0.000000e+00
      outer loop
         vertex 2.000000e+01 4.131020e+01 2.612994e+01
         vertex 2.000000e+01 3.928870e+01 1.575762e+01
         vertex 2.000000e+01 4.369409e+01 2.778164e+01
      endloop
   endfacet
   facet normal 1.000000e+00 0.000000e+00 0.000000e+00
      outer loop
         vertex 2.000000e+01 4.369409e+01 2.778164e+01
         vertex 2.000000e+01 3.928870e+01 1.575762e+01
         vertex 2.000000e+01 4.005908e+01 1.548289e+01
      endloop
   endfacet
   facet normal 1.000000e+00 -0.000000e+00 0.000000e+00
      outer loop
         vertex 2.000000e+01 4.369409e+01 2.778164e+01
         vertex 2.000000e+01 4.005908e+01 1.548289e+01
         vertex 2.000000e+01 4.584000e+01 2.973257e+01
      endloop
   endfacet
   facet normal 1.000000e+00 -0.000000e+00 0.000000e+00
      outer loop
         vertex 2.000000e+01 4.584000e+01 2.973257e+01
         vertex 2.000000e+01 4.005908e+01 1.548289e+01
         vertex 2.000000e+01 4.622243e+01 3.006731e+01
      endloop
   endfacet
   facet normal 1.000000e+00 0.000000e+00 -0.000000e+00
      outer loop
         vertex 2.000000e+01 4.240862e+01 1.328538e+01
         vertex 2.000000e+01 5.100000e+01 2.765065e+01
         vertex 2.000000e+01 4.196507e+01 1.397257e+01
      endloop
   endfacet
   facet normal 1.000000e+00 0.000000e+00 -0.000000e+00
      outer loop
         vertex 2.000000e+01 4.196507e+01 1.397257e+01
         vertex 2.000000e+01 5.100000e+01 2.765065e+01
         vertex 2.000000e+01 4.141541e+01 1.457826e+01
      endloop
   endfacet
   facet normal 1.000000e+00 0.000000e+00 -0.000000e+00
      outer loop
         vertex 2.000000e+01 2.737392e+01 6.684271e+01
         vertex 2.000000e+01 3.766602e+01 7.408462e+01
         vertex 2.000000e+01 2.452355e+01 6.630748e+01
      endloop
   endfacet
   facet normal 1.000000e+00 0.000000e+00 -0.000000e+00
      outer loop
         vertex 2.000000e+01 2.452355e+01 6.630748e+01
         vertex 2.000000e+01 3.766602e+01 7.408462e+01
         vertex 2.000000e+01 2.176835e+01 6.540196e+01
      endloop
   endfacet
   facet normal 1.000000e+00 0.000000e+00 0.000000e+00
      outer loop
         vertex 2.000000e+01 2.737392e+01 6.684271e+01
         vertex 2.000000e+01 3.026992e+01 6.699835e+01
         vertex 2.000000e+01 3.766602e+01 7.408462e+01
      endloop
   endfacet
   facet normal 1.000000e+00 0.000000e+00 0.000000e+00
      outer loop
         vertex 2.000000e+01 3.766602e+01 7.408462e+01
         vertex 2.000000e+01 3.026992e+01 6.699835e+01
         vertex 2.000000e+01 3.316123e+01 6.677169e+01
      endloop
   endfacet
   facet normal 1.000000e+00 -0.000000e+00 0.000000e+00
      outer loop
         vertex 2.000000e+01 3.766602e+01 7.408462e+01
         vertex 2.000000e+01 3.316123e+01 6.677169e+01
         vertex 2.000000e+01 3.848383e+01 7.409692e+01
      endloop
   endfacet
   facet normal 1.000000e+00 -0.000000e+00 0.000000e+00
      outer loop
         vertex 2.000000e+01 4.240862e+01 1.328538e+01
         vertex 2.000000e+01 4.273420e+01 1.253507e+01
         vertex 2.000000e+01 5.100000e+01 2.765065e+01
      endloop
   endfacet
   facet normal 1.000000e+00 0.000000e+00 0.000000e+00
      outer loop
         vertex 2.000000e+01 5.100000e+01 2.765065e+01
         vertex 2.000000e+01 4.273420e+01 1.253507e+01
         vertex 2.000000e+01 4.293310e+01 1.174172e+01
      endloop
   endfacet
   facet normal 1.000000e+00 0.000000e+00 0.000000e+00
      outer loop
         vertex 2.000000e+01 5.100000e+01 2.765065e+01
         vertex 2.000000e+01 4.293310e+01 1.174172e+01
         vertex 2.000000e+01 5.100000e+01 0.000000e+00
      endloop
   endfacet
   facet normal 1.000000e+00 0.000000e+00 0.000000e+00
      outer loop
         vertex 2.000000e+01 5.100000e+01 0.000000e+00
         vertex 2.000000e+01 4.293310e+01 1.174172e+01
         vertex 2.000000e+01 4.300000e+01 1.092655e+01
      endloop
   endfacet
   facet normal 1.000000e+00 0.000000e+00 0.000000e+00
      outer loop
         vertex 2.000000e+01 5.100000e+01 0.000000e+00
         vertex 2.000000e+01 4.300000e+01 1.092655e+01
         vertex 2.000000e+01 4.300000e+01 0.000000e+00
      endloop
   endfacet
   facet normal 1.000000e+00 -0.000000e+00 0.000000e+00
      outer loop
         vertex 2.000000e+01 4.293310e+01 7.825829e+01
         vertex 2.000000e+01 5.100000e+01 6.234935e+01
         vertex 2.000000e+01 4.300000e+01 7.907345e+01
      endloop
   endfacet
   facet normal 1.000000e+00 -0.000000e+00 0.000000e+00
      outer loop
         vertex 2.000000e+01 4.300000e+01 7.907345e+01
         vertex 2.000000e+01 5.100000e+01 6.234935e+01
         vertex 2.000000e+01 5.100000e+01 9.000000e+01
      endloop
   endfacet
   facet normal 1.000000e+00 0.000000e+00 0.000000e+00
      outer loop
         vertex 2.000000e+01 4.300000e+01 7.907345e+01
         vertex 2.000000e+01 5.100000e+01 9.000000e+01
         vertex 2.000000e+01 4.300000e+01 9.000000e+01
      endloop
   endfacet
   facet normal 1.000000e+00 0.000000e+00 -0.000000e+00
      outer loop
         vertex 2.000000e+01 4.141541e+01 1.457826e+01
         vertex 2.000000e+01 5.100000e+01 2.765065e+01
         vertex 2.000000e+01 4.077437e+01 1.508622e+01
      endloop
   endfacet
   facet normal 1.000000e+00 0.000000e+00 0.000000e+00
      outer loop
         vertex 2.000000e+01 4.077437e+01 1.508622e+01
         vertex 2.000000e+01 5.100000e+01 2.765065e+01
         vertex 2.000000e+01 5.095695e+01 2.815706e+01
      endloop
   endfacet
   facet normal 1.000000e+00 0.000000e+00 0.000000e+00
      outer loop
         vertex 2.000000e+01 4.077437e+01 1.508622e+01
         vertex 2.000000e+01 5.095695e+01 2.815706e+01
         vertex 2.000000e+01 5.082903e+01 2.864893e+01
      endloop
   endfacet
   facet normal 1.000000e+00 -0.000000e+00 0.000000e+00
      outer loop
         vertex 2.000000e+01 3.316123e+01 6.677169e+01
         vertex 2.000000e+01 3.599761e+01 6.616669e+01
         vertex 2.000000e+01 3.848383e+01 7.409692e+01
      endloop
   endfacet
   facet normal 1.000000e+00 0.000000e+00 0.000000e+00
      outer loop
         vertex 2.000000e+01 3.848383e+01 7.409692e+01
         vertex 2.000000e+01 3.599761e+01 6.616669e+01
         vertex 2.000000e+01 3.872976e+01 6.519384e+01
      endloop
   endfacet
   facet normal 1.000000e+00 -0.000000e+00 0.000000e+00
      outer loop
         vertex 2.000000e+01 3.848383e+01 7.409692e+01
         vertex 2.000000e+01 3.872976e+01 6.519384e+01
         vertex 2.000000e+01 3.928870e+01 7.424238e+01
      endloop
   endfacet
   facet normal 1.000000e+00 0.000000e+00 0.000000e+00
      outer loop
         vertex 2.000000e+01 3.928870e+01 7.424238e+01
         vertex 2.000000e+01 3.872976e+01 6.519384e+01
         vertex 2.000000e+01 4.131020e+01 6.387007e+01
      endloop
   endfacet
   facet normal 1.000000e+00 -0.000000e+00 0.000000e+00
      outer loop
         vertex 2.000000e+01 3.928870e+01 7.424238e+01
         vertex 2.000000e+01 4.131020e+01 6.387007e+01
         vertex 2.000000e+01 4.005908e+01 7.451712e+01
      endloop
   endfacet
   facet normal 1.000000e+00 0.000000e+00 0.000000e+00
      outer loop
         vertex 2.000000e+01 4.005908e+01 7.451712e+01
         vertex 2.000000e+01 4.131020e+01 6.387007e+01
         vertex 2.000000e+01 4.369409e+01 6.221836e+01
      endloop
   endfacet
   facet normal 1.000000e+00 0.000000e+00 0.000000e+00
      outer loop
         vertex 2.000000e+01 4.005908e+01 7.451712e+01
         vertex 2.000000e+01 4.369409e+01 6.221836e+01
         vertex 2.000000e+01 4.584000e+01 6.026743e+01
      endloop
   endfacet
   facet normal 1.000000e+00 0.000000e+00 -0.000000e+00
      outer loop
         vertex 2.000000e+01 4.077437e+01 1.508622e+01
         vertex 2.000000e+01 4.998429e+01 2.990067e+01
         vertex 2.000000e+01 4.005908e+01 1.548289e+01
      endloop
   endfacet
   facet normal 1.000000e+00 0.000000e+00 0.000000e+00
      outer loop
         vertex 2.000000e+01 4.005908e+01 1.548289e+01
         vertex 2.000000e+01 4.998429e+01 2.990067e+01
         vertex 2.000000e+01 4.957601e+01 3.020333e+01
      endloop
   endfacet
   facet normal 1.000000e+00 0.000000e+00 0.000000e+00
      outer loop
         vertex 2.000000e+01 4.005908e+01 1.548289e+01
         vertex 2.000000e+01 4.957601e+01 3.020333e+01
         vertex 2.000000e+01 4.912250e+01 3.043274e+01
      endloop
   endfacet
   facet normal 1.000000e+00 0.000000e+00 0.000000e+00
      outer loop
         vertex 2.000000e+01 5.082903e+01 2.864893e+01
         vertex 2.000000e+01 5.061993e+01 2.911215e+01
         vertex 2.000000e+01 4.077437e+01 1.508622e+01
      endloop
   endfacet
   facet normal 1.000000e+00 0.000000e+00 0.000000e+00
      outer loop
         vertex 2.000000e+01 4.077437e+01 1.508622e+01
         vertex 2.000000e+01 5.061993e+01 2.911215e+01
         vertex 2.000000e+01 5.033563e+01 2.953343e+01
      endloop
   endfacet
   facet normal 1.000000e+00 0.000000e+00 0.000000e+00
      outer loop
         vertex 2.000000e+01 4.077437e+01 1.508622e+01
         vertex 2.000000e+01 5.033563e+01 2.953343e+01
         vertex 2.000000e+01 4.998429e+01 2.990067e+01
      endloop
   endfacet
   facet normal 1.000000e+00 0.000000e+00 0.000000e+00
      outer loop
         vertex 2.000000e+01 1.915621e+01 2.585811e+01
         vertex 2.000000e+01 1.708850e+01 1.792062e+01
         vertex 2.000000e+01 2.176835e+01 2.459804e+01
      endloop
   endfacet
   facet normal 1.000000e+00 0.000000e+00 0.000000e+00
      outer loop
         vertex 2.000000e+01 2.176835e+01 2.459804e+01
         vertex 2.000000e+01 1.708850e+01 1.792062e+01
         vertex 2.000000e+01 2.021262e+01 1.664145e+01
      endloop
   endfacet
   facet normal 1.000000e+00 0.000000e+00 0.000000e+00
      outer loop
         vertex 2.000000e+01 2.176835e+01 2.459804e+01
         vertex 2.000000e+01 2.021262e+01 1.664145e+01
         vertex 2.000000e+01 2.452355e+01 2.369253e+01
      endloop
   endfacet
   facet normal 1.000000e+00 0.000000e+00 0.000000e+00
      outer loop
         vertex 2.000000e+01 2.452355e+01 2.369253e+01
         vertex 2.000000e+01 2.021262e+01 1.664145e+01
         vertex 2.000000e+01 2.346068e+01 1.572139e+01
      endloop
   endfacet
   facet normal 1.000000e+00 0.000000e+00 0.000000e+00
      outer loop
         vertex 2.000000e+01 2.452355e+01 2.369253e+01
         vertex 2.000000e+01 2.346068e+01 1.572139e+01
         vertex 2.000000e+01 2.737392e+01 2.315730e+01
      endloop
   endfacet
   facet normal 1.000000e+00 0.000000e+00 0.000000e+00
      outer loop
         vertex 2.000000e+01 2.737392e+01 2.315730e+01
         vertex 2.000000e+01 2.346068e+01 1.572139e+01
         vertex 2.000000e+01 2.679154e+01 1.517207e+01
      endloop
   endfacet
   facet normal 1.000000e+00 0.000000e+00 0.000000e+00
      outer loop
         vertex 2.000000e+01 2.737392e+01 2.315730e+01
         vertex 2.000000e+01 2.679154e+01 1.517207e+01
         vertex 2.000000e+01 3.026992e+01 2.300166e+01
      endloop
   endfacet
   facet normal 1.000000e+00 0.000000e+00 0.000000e+00
      outer loop
         vertex 2.000000e+01 3.026992e+01 2.300166e+01
         vertex 2.000000e+01 2.679154e+01 1.517207e+01
         vertex 2.000000e+01 3.016303e+01 1.500044e+01
      endloop
   endfacet
   facet normal 1.000000e+00 -0.000000e+00 0.000000e+00
      outer loop
         vertex 2.000000e+01 3.026992e+01 2.300166e+01
         vertex 2.000000e+01 3.016303e+01 1.500044e+01
         vertex 2.000000e+01 3.316123e+01 2.322831e+01
      endloop
   endfacet
   facet normal 1.000000e+00 0.000000e+00 0.000000e+00
      outer loop
         vertex 2.000000e+01 3.316123e+01 2.322831e+01
         vertex 2.000000e+01 3.016303e+01 1.500044e+01
         vertex 2.000000e+01 3.353245e+01 1.520870e+01
      endloop
   endfacet
   facet normal 1.000000e+00 -0.000000e+00 0.000000e+00
      outer loop
         vertex 2.000000e+01 3.316123e+01 2.322831e+01
         vertex 2.000000e+01 3.353245e+01 1.520870e+01
         vertex 2.000000e+01 3.599761e+01 2.383331e+01
      endloop
   endfacet
   facet normal 1.000000e+00 0.000000e+00 0.000000e+00
      outer loop
         vertex 2.000000e+01 3.599761e+01 2.383331e+01
         vertex 2.000000e+01 3.353245e+01 1.520870e+01
         vertex 2.000000e+01 3.685714e+01 1.579419e+01
      endloop
   endfacet
   facet normal 1.000000e+00 0.000000e+00 0.000000e+00
      outer loop
         vertex 2.000000e+01 3.599761e+01 2.383331e+01
         vertex 2.000000e+01 3.685714e+01 1.579419e+01
         vertex 2.000000e+01 3.766602e+01 1.591538e+01
      endloop
   endfacet
   facet normal 1.000000e+00 0.000000e+00 0.000000e+00
      outer loop
         vertex 2.000000e+01 8.761318e+00 3.926254e+01
         vertex 2.000000e+01 1.695057e+00 3.505866e+01
         vertex 2.000000e+01 9.700570e+00 3.651866e+01
      endloop
   endfacet
   facet normal 1.000000e+00 0.000000e+00 0.000000e+00
      outer loop
         vertex 2.000000e+01 9.700570e+00 3.651866e+01
         vertex 2.000000e+01 1.695057e+00 3.505866e+01
         vertex 2.000000e+01 2.991175e+00 3.194154e+01
      endloop
   endfacet
   facet normal 1.000000e+00 0.000000e+00 0.000000e+00
      outer loop
         vertex 2.000000e+01 9.700570e+00 3.651866e+01
         vertex 2.000000e+01 2.991175e+00 3.194154e+01
         vertex 2.000000e+01 1.099259e+01 3.392217e+01
      endloop
   endfacet
   facet normal 1.000000e+00 0.000000e+00 0.000000e+00
      outer loop
         vertex 2.000000e+01 1.099259e+01 3.392217e+01
         vertex 2.000000e+01 2.991175e+00 3.194154e+01
         vertex 2.000000e+01 4.629297e+00 2.898977e+01
      endloop
   endfacet
   facet normal 1.000000e+00 0.000000e+00 0.000000e+00
      outer loop
         vertex 2.000000e+01 1.099259e+01 3.392217e+01
         vertex 2.000000e+01 4.629297e+00 2.898977e+01
         vertex 2.000000e+01 1.261492e+01 3.151820e+01
      endloop
   endfacet
   facet normal 1.000000e+00 0.000000e+00 0.000000e+00
      outer loop
         vertex 2.000000e+01 1.261492e+01 3.151820e+01
         vertex 2.000000e+01 4.629297e+00 2.898977e+01
         vertex 2.000000e+01 6.588681e+00 2.624073e+01
      endloop
   endfacet
   facet normal 1.000000e+00 0.000000e+00 0.000000e+00
      outer loop
         vertex 2.000000e+01 1.261492e+01 3.151820e+01
         vertex 2.000000e+01 6.588681e+00 2.624073e+01
         vertex 2.000000e+01 1.453938e+01 2.934851e+01
      endloop
   endfacet
   facet normal 1.000000e+00 0.000000e+00 0.000000e+00
      outer loop
         vertex 2.000000e+01 1.453938e+01 2.934851e+01
         vertex 2.000000e+01 6.588681e+00 2.624073e+01
         vertex 2.000000e+01 8.844513e+00 2.372924e+01
      endloop
   endfacet
   facet normal 1.000000e+00 0.000000e+00 0.000000e+00
      outer loop
         vertex 2.000000e+01 1.453938e+01 2.934851e+01
         vertex 2.000000e+01 8.844513e+00 2.372924e+01
         vertex 2.000000e+01 1.673251e+01 2.745082e+01
      endloop
   endfacet
   facet normal 1.000000e+00 0.000000e+00 0.000000e+00
      outer loop
         vertex 2.000000e+01 1.673251e+01 2.745082e+01
         vertex 2.000000e+01 8.844513e+00 2.372924e+01
         vertex 2.000000e+01 1.136823e+01 2.148709e+01
      endloop
   endfacet
   facet normal 1.000000e+00 0.000000e+00 0.000000e+00
      outer loop
         vertex 2.000000e+01 1.673251e+01 2.745082e+01
         vertex 2.000000e+01 1.136823e+01 2.148709e+01
         vertex 2.000000e+01 1.915621e+01 2.585811e+01
      endloop
   endfacet
   facet normal 1.000000e+00 0.000000e+00 0.000000e+00
      outer loop
         vertex 2.000000e+01 1.915621e+01 2.585811e+01
         vertex 2.000000e+01 1.136823e+01 2.148709e+01
         vertex 2.000000e+01 1.412787e+01 1.954267e+01
      endloop
   endfacet
   facet normal 1.000000e+00 0.000000e+00 0.000000e+00
      outer loop
         vertex 2.000000e+01 1.915621e+01 2.585811e+01
         vertex 2.000000e+01 1.412787e+01 1.954267e+01
         vertex 2.000000e+01 1.708850e+01 1.792062e+01
      endloop
   endfacet
   facet normal 1.000000e+00 0.000000e+00 0.000000e+00
      outer loop
         vertex 2.000000e+01 4.912250e+01 3.043274e+01
         vertex 2.000000e+01 4.863677e+01 3.058229e+01
         vertex 2.000000e+01 4.005908e+01 1.548289e+01
      endloop
   endfacet
   facet normal 1.000000e+00 0.000000e+00 0.000000e+00
      outer loop
         vertex 2.000000e+01 4.005908e+01 1.548289e+01
         vertex 2.000000e+01 4.863677e+01 3.058229e+01
         vertex 2.000000e+01 4.813276e+01 3.064771e+01
      endloop
   endfacet
   facet normal 1.000000e+00 0.000000e+00 0.000000e+00
      outer loop
         vertex 2.000000e+01 4.005908e+01 1.548289e+01
         vertex 2.000000e+01 4.813276e+01 3.064771e+01
         vertex 2.000000e+01 4.762495e+01 3.062711e+01
      endloop
   endfacet
   facet normal 1.000000e+00 0.000000e+00 0.000000e+00
      outer loop
         vertex 2.000000e+01 4.762495e+01 3.062711e+01
         vertex 2.000000e+01 4.712790e+01 3.052109e+01
         vertex 2.000000e+01 4.005908e+01 1.548289e+01
      endloop
   endfacet
   facet normal 1.000000e+00 0.000000e+00 0.000000e+00
      outer loop
         vertex 2.000000e+01 4.005908e+01 1.548289e+01
         vertex 2.000000e+01 4.712790e+01 3.052109e+01
         vertex 2.000000e+01 4.665587e+01 3.033269e+01
      endloop
   endfacet
   facet normal 1.000000e+00 0.000000e+00 0.000000e+00
      outer loop
         vertex 2.000000e+01 4.005908e+01 1.548289e+01
         vertex 2.000000e+01 4.665587e+01 3.033269e+01
         vertex 2.000000e+01 4.622243e+01 3.006731e+01
      endloop
   endfacet
   facet normal 1.000000e+00 0.000000e+00 0.000000e+00
      outer loop
         vertex 2.000000e+01 4.077437e+01 7.491378e+01
         vertex 2.000000e+01 5.033563e+01 6.046658e+01
         vertex 2.000000e+01 5.061993e+01 6.088785e+01
      endloop
   endfacet
   facet normal 1.000000e+00 0.000000e+00 0.000000e+00
      outer loop
         vertex 2.000000e+01 4.240862e+01 7.671462e+01
         vertex 2.000000e+01 4.196507e+01 7.602743e+01
         vertex 2.000000e+01 5.100000e+01 6.234935e+01
      endloop
   endfacet
   facet normal 1.000000e+00 0.000000e+00 0.000000e+00
      outer loop
         vertex 2.000000e+01 5.100000e+01 6.234935e+01
         vertex 2.000000e+01 4.196507e+01 7.602743e+01
         vertex 2.000000e+01 4.141541e+01 7.542175e+01
      endloop
   endfacet
   facet normal 1.000000e+00 0.000000e+00 0.000000e+00
      outer loop
         vertex 2.000000e+01 5.100000e+01 6.234935e+01
         vertex 2.000000e+01 4.141541e+01 7.542175e+01
         vertex 2.000000e+01 5.095695e+01 6.184295e+01
      endloop
   endfacet
   facet normal 1.000000e+00 0.000000e+00 0.000000e+00
      outer loop
         vertex 2.000000e+01 5.095695e+01 6.184295e+01
         vertex 2.000000e+01 4.141541e+01 7.542175e+01
         vertex 2.000000e+01 4.077437e+01 7.491378e+01
      endloop
   endfacet
   facet normal 1.000000e+00 0.000000e+00 0.000000e+00
      outer loop
         vertex 2.000000e+01 5.095695e+01 6.184295e+01
         vertex 2.000000e+01 4.077437e+01 7.491378e+01
         vertex 2.000000e+01 5.082903e+01 6.135107e+01
      endloop
   endfacet
   facet normal 1.000000e+00 0.000000e+00 0.000000e+00
      outer loop
         vertex 2.000000e+01 5.082903e+01 6.135107e+01
         vertex 2.000000e+01 4.077437e+01 7.491378e+01
         vertex 2.000000e+01 5.061993e+01 6.088785e+01
      endloop
   endfacet
   facet normal 1.000000e+00 0.000000e+00 -0.000000e+00
      outer loop
         vertex 2.000000e+01 4.912250e+01 5.956727e+01
         vertex 2.000000e+01 4.957601e+01 5.979667e+01
         vertex 2.000000e+01 4.077437e+01 7.491378e+01
      endloop
   endfacet
   facet normal 1.000000e+00 0.000000e+00 0.000000e+00
      outer loop
         vertex 2.000000e+01 4.077437e+01 7.491378e+01
         vertex 2.000000e+01 4.957601e+01 5.979667e+01
         vertex 2.000000e+01 4.998429e+01 6.009934e+01
      endloop
   endfacet
   facet normal 1.000000e+00 0.000000e+00 0.000000e+00
      outer loop
         vertex 2.000000e+01 4.077437e+01 7.491378e+01
         vertex 2.000000e+01 4.998429e+01 6.009934e+01
         vertex 2.000000e+01 5.033563e+01 6.046658e+01
      endloop
   endfacet
   facet normal 1.000000e+00 0.000000e+00 0.000000e+00
      outer loop
         vertex 2.000000e+01 9.700570e+00 5.348134e+01
         vertex 2.000000e+01 1.695057e+00 5.494134e+01
         vertex 2.000000e+01 8.761318e+00 5.073746e+01
      endloop
   endfacet
   facet normal 1.000000e+00 0.000000e+00 0.000000e+00
      outer loop
         vertex 2.000000e+01 8.761318e+00 5.073746e+01
         vertex 2.000000e+01 1.695057e+00 5.494134e+01
         vertex 2.000000e+01 7.573534e-01 5.169833e+01
      endloop
   endfacet
   facet normal 1.000000e+00 0.000000e+00 0.000000e+00
      outer loop
         vertex 2.000000e+01 8.761318e+00 5.073746e+01
         vertex 2.000000e+01 7.573534e-01 5.169833e+01
         vertex 2.000000e+01 8.191159e+00 4.789388e+01
      endloop
   endfacet
   facet normal 1.000000e+00 0.000000e+00 0.000000e+00
      outer loop
         vertex 2.000000e+01 8.191159e+00 4.789388e+01
         vertex 2.000000e+01 7.573534e-01 5.169833e+01
         vertex 2.000000e+01 1.899395e-01 4.837051e+01
      endloop
   endfacet
   facet normal 1.000000e+00 0.000000e+00 0.000000e+00
      outer loop
         vertex 2.000000e+01 8.191159e+00 4.789388e+01
         vertex 2.000000e+01 1.899395e-01 4.837051e+01
         vertex 2.000000e+01 7.999999e+00 4.500000e+01
      endloop
   endfacet
   facet normal 1.000000e+00 0.000000e+00 0.000000e+00
      outer loop
         vertex 2.000000e+01 7.999999e+00 4.500000e+01
         vertex 2.000000e+01 1.899395e-01 4.837051e+01
         vertex 2.000000e+01 0.000000e+00 4.500000e+01
      endloop
   endfacet
   facet normal 1.000000e+00 0.000000e+00 0.000000e+00
      outer loop
         vertex 2.000000e+01 7.999999e+00 4.500000e+01
         vertex 2.000000e+01 0.000000e+00 4.500000e+01
         vertex 2.000000e+01 8.191159e+00 4.210613e+01
      endloop
   endfacet
   facet normal 1.000000e+00 0.000000e+00 0.000000e+00
      outer loop
         vertex 2.000000e+01 8.191159e+00 4.210613e+01
         vertex 2.000000e+01 0.000000e+00 4.500000e+01
         vertex 2.000000e+01 1.899395e-01 4.162950e+01
      endloop
   endfacet
   facet normal 1.000000e+00 0.000000e+00 0.000000e+00
      outer loop
         vertex 2.000000e+01 8.191159e+00 4.210613e+01
         vertex 2.000000e+01 1.899395e-01 4.162950e+01
         vertex 2.000000e+01 8.761318e+00 3.926254e+01
      endloop
   endfacet
   facet normal 1.000000e+00 0.000000e+00 0.000000e+00
      outer loop
         vertex 2.000000e+01 8.761318e+00 3.926254e+01
         vertex 2.000000e+01 1.899395e-01 4.162950e+01
         vertex 2.000000e+01 7.573534e-01 3.830167e+01
      endloop
   endfacet
   facet normal 1.000000e+00 0.000000e+00 0.000000e+00
      outer loop
         vertex 2.000000e+01 8.761318e+00 3.926254e+01
         vertex 2.000000e+01 7.573534e-01 3.830167e+01
         vertex 2.000000e+01 1.695057e+00 3.505866e+01
      endloop
   endfacet
   facet normal 1.000000e+00 0.000000e+00 0.000000e+00
      outer loop
         vertex 2.000000e+01 1.915621e+01 6.414190e+01
         vertex 2.000000e+01 1.412787e+01 7.045733e+01
         vertex 2.000000e+01 1.673251e+01 6.254918e+01
      endloop
   endfacet
   facet normal 1.000000e+00 0.000000e+00 0.000000e+00
      outer loop
         vertex 2.000000e+01 1.673251e+01 6.254918e+01
         vertex 2.000000e+01 1.412787e+01 7.045733e+01
         vertex 2.000000e+01 1.136823e+01 6.851292e+01
      endloop
   endfacet
   facet normal 1.000000e+00 0.000000e+00 0.000000e+00
      outer loop
         vertex 2.000000e+01 1.673251e+01 6.254918e+01
         vertex 2.000000e+01 1.136823e+01 6.851292e+01
         vertex 2.000000e+01 1.453938e+01 6.065149e+01
      endloop
   endfacet
   facet normal 1.000000e+00 0.000000e+00 0.000000e+00
      outer loop
         vertex 2.000000e+01 1.453938e+01 6.065149e+01
         vertex 2.000000e+01 1.136823e+01 6.851292e+01
         vertex 2.000000e+01 8.844513e+00 6.627076e+01
      endloop
   endfacet
   facet normal 1.000000e+00 0.000000e+00 0.000000e+00
      outer loop
         vertex 2.000000e+01 1.453938e+01 6.065149e+01
         vertex 2.000000e+01 8.844513e+00 6.627076e+01
         vertex 2.000000e+01 1.261492e+01 5.848181e+01
      endloop
   endfacet
   facet normal 1.000000e+00 0.000000e+00 0.000000e+00
      outer loop
         vertex 2.000000e+01 1.261492e+01 5.848181e+01
         vertex 2.000000e+01 8.844513e+00 6.627076e+01
         vertex 2.000000e+01 6.588681e+00 6.375927e+01
      endloop
   endfacet
   facet normal 1.000000e+00 0.000000e+00 0.000000e+00
      outer loop
         vertex 2.000000e+01 1.261492e+01 5.848181e+01
         vertex 2.000000e+01 6.588681e+00 6.375927e+01
         vertex 2.000000e+01 1.099259e+01 5.607783e+01
      endloop
   endfacet
   facet normal 1.000000e+00 0.000000e+00 0.000000e+00
      outer loop
         vertex 2.000000e+01 1.099259e+01 5.607783e+01
         vertex 2.000000e+01 6.588681e+00 6.375927e+01
         vertex 2.000000e+01 4.629297e+00 6.101023e+01
      endloop
   endfacet
   facet normal 1.000000e+00 0.000000e+00 0.000000e+00
      outer loop
         vertex 2.000000e+01 1.099259e+01 5.607783e+01
         vertex 2.000000e+01 4.629297e+00 6.101023e+01
         vertex 2.000000e+01 9.700570e+00 5.348134e+01
      endloop
   endfacet
   facet normal 1.000000e+00 0.000000e+00 0.000000e+00
      outer loop
         vertex 2.000000e+01 9.700570e+00 5.348134e+01
         vertex 2.000000e+01 4.629297e+00 6.101023e+01
         vertex 2.000000e+01 2.991175e+00 5.805846e+01
      endloop
   endfacet
   facet normal 1.000000e+00 0.000000e+00 0.000000e+00
      outer loop
         vertex 2.000000e+01 9.700570e+00 5.348134e+01
         vertex 2.000000e+01 2.991175e+00 5.805846e+01
         vertex 2.000000e+01 1.695057e+00 5.494134e+01
      endloop
   endfacet
   facet normal 1.000000e+00 -0.000000e+00 -0.000000e+00
      outer loop
         vertex 2.000000e+01 4.584000e+01 6.026743e+01
         vertex 2.000000e+01 4.622243e+01 5.993269e+01
         vertex 2.000000e+01 4.005908e+01 7.451712e+01
      endloop
   endfacet
   facet normal 1.000000e+00 0.000000e+00 0.000000e+00
      outer loop
         vertex 2.000000e+01 4.005908e+01 7.451712e+01
         vertex 2.000000e+01 4.622243e+01 5.993269e+01
         vertex 2.000000e+01 4.665587e+01 5.966732e+01
      endloop
   endfacet
   facet normal 1.000000e+00 -0.000000e+00 0.000000e+00
      outer loop
         vertex 2.000000e+01 4.005908e+01 7.451712e+01
         vertex 2.000000e+01 4.665587e+01 5.966732e+01
         vertex 2.000000e+01 4.077437e+01 7.491378e+01
      endloop
   endfacet
   facet normal 1.000000e+00 0.000000e+00 0.000000e+00
      outer loop
         vertex 2.000000e+01 4.077437e+01 7.491378e+01
         vertex 2.000000e+01 4.665587e+01 5.966732e+01
         vertex 2.000000e+01 4.712790e+01 5.947891e+01
      endloop
   endfacet
   facet normal 1.000000e+00 0.000000e+00 0.000000e+00
      outer loop
         vertex 2.000000e+01 4.077437e+01 7.491378e+01
         vertex 2.000000e+01 4.712790e+01 5.947891e+01
         vertex 2.000000e+01 4.762495e+01 5.937289e+01
      endloop
   endfacet
   facet normal 1.000000e+00 -0.000000e+00 -0.000000e+00
      outer loop
         vertex 2.000000e+01 4.762495e+01 5.937289e+01
         vertex 2.000000e+01 4.813276e+01 5.935229e+01
         vertex 2.000000e+01 4.077437e+01 7.491378e+01
      endloop
   endfacet
   facet normal 1.000000e+00 0.000000e+00 0.000000e+00
      outer loop
         vertex 2.000000e+01 4.077437e+01 7.491378e+01
         vertex 2.000000e+01 4.813276e+01 5.935229e+01
         vertex 2.000000e+01 4.863677e+01 5.941771e+01
      endloop
   endfacet
   facet normal 1.000000e+00 0.000000e+00 0.000000e+00
      outer loop
         vertex 2.000000e+01 4.077437e+01 7.491378e+01
         vertex 2.000000e+01 4.863677e+01 5.941771e+01
         vertex 2.000000e+01 4.912250e+01 5.956727e+01
      endloop
   endfacet
   facet normal 1.000000e+00 0.000000e+00 -0.000000e+00
      outer loop
         vertex 2.000000e+01 2.176835e+01 6.540196e+01
         vertex 2.000000e+01 3.766602e+01 7.408462e+01
         vertex 2.000000e+01 1.915621e+01 6.414190e+01
      endloop
   endfacet
   facet normal 1.000000e+00 0.000000e+00 0.000000e+00
      outer loop
         vertex 2.000000e+01 1.915621e+01 6.414190e+01
         vertex 2.000000e+01 3.766602e+01 7.408462e+01
         vertex 2.000000e+01 3.685714e+01 7.420582e+01
      endloop
   endfacet
   facet normal 1.000000e+00 0.000000e+00 0.000000e+00
      outer loop
         vertex 2.000000e+01 1.915621e+01 6.414190e+01
         vertex 2.000000e+01 3.685714e+01 7.420582e+01
         vertex 2.000000e+01 3.353245e+01 7.479131e+01
      endloop
   endfacet
   facet normal 1.000000e+00 0.000000e+00 0.000000e+00
      outer loop
         vertex 2.000000e+01 3.353245e+01 7.479131e+01
         vertex 2.000000e+01 3.016303e+01 7.499956e+01
         vertex 2.000000e+01 1.915621e+01 6.414190e+01
      endloop
   endfacet
   facet normal 1.000000e+00 0.000000e+00 0.000000e+00
      outer loop
         vertex 2.000000e+01 1.915621e+01 6.414190e+01
         vertex 2.000000e+01 3.016303e+01 7.499956e+01
         vertex 2.000000e+01 2.679154e+01 7.482794e+01
      endloop
   endfacet
   facet normal 1.000000e+00 0.000000e+00 0.000000e+00
      outer loop
         vertex 2.000000e+01 1.915621e+01 6.414190e+01
         vertex 2.000000e+01 2.679154e+01 7.482794e+01
         vertex 2.000000e+01 2.346068e+01 7.427862e+01
      endloop
   endfacet
   facet normal 1.000000e+00 0.000000e+00 0.000000e+00
      outer loop
         vertex 2.000000e+01 2.346068e+01 7.427862e+01
         vertex 2.000000e+01 2.021262e+01 7.335855e+01
         vertex 2.000000e+01 1.915621e+01 6.414190e+01
      endloop
   endfacet
   facet normal 1.000000e+00 0.000000e+00 -0.000000e+00
      outer loop
         vertex 2.000000e+01 1.915621e+01 6.414190e+01
         vertex 2.000000e+01 2.021262e+01 7.335855e+01
         vertex 2.000000e+01 1.708850e+01 7.207939e+01
      endloop
   endfacet
   facet normal 1.000000e+00 0.000000e+00 0.000000e+00
      outer loop
         vertex 2.000000e+01 1.915621e+01 6.414190e+01
         vertex 2.000000e+01 1.708850e+01 7.207939e+01
         vertex 2.000000e+01 1.412787e+01 7.045733e+01
      endloop
   endfacet
   facet normal -8.715392e-02 0.000000e+00 9.961949e-01
      outer loop
         vertex 1.000000e+01 5.100000e+01 8.045000e+01
         vertex 1.000000e+01 4.300000e+01 8.045000e+01
         vertex 1.035598e+01 5.100000e+01 8.048115e+01
      endloop
   endfacet
   facet normal -8.715392e-02 0.000000e+00 9.961949e-01
      outer loop
         vertex 1.035598e+01 5.100000e+01 8.048115e+01
         vertex 1.000000e+01 4.300000e+01 8.045000e+01
         vertex 1.035598e+01 4.300000e+01 8.048115e+01
      endloop
   endfacet
   facet normal -2.588239e-01 0.000000e+00 9.659245e-01
      outer loop
         vertex 1.035598e+01 5.100000e+01 8.048115e+01
         vertex 1.035598e+01 4.300000e+01 8.048115e+01
         vertex 1.070114e+01 5.100000e+01 8.057363e+01
      endloop
   endfacet
   facet normal -2.588239e-01 0.000000e+00 9.659245e-01
      outer loop
         vertex 1.070114e+01 5.100000e+01 8.057363e+01
         vertex 1.035598e+01 4.300000e+01 8.048115e+01
         vertex 1.070114e+01 4.300000e+01 8.057363e+01
      endloop
   endfacet
   facet normal -4.226134e-01 0.000000e+00 9.063101e-01
      outer loop
         vertex 1.070114e+01 5.100000e+01 8.057363e+01
         vertex 1.070114e+01 4.300000e+01 8.057363e+01
         vertex 1.102500e+01 5.100000e+01 8.072465e+01
      endloop
   endfacet
   facet normal -4.226134e-01 0.000000e+00 9.063101e-01
      outer loop
         vertex 1.102500e+01 5.100000e+01 8.072465e+01
         vertex 1.070114e+01 4.300000e+01 8.057363e+01
         vertex 1.102500e+01 4.300000e+01 8.072465e+01
      endloop
   endfacet
   facet normal -5.735778e-01 0.000000e+00 8.191511e-01
      outer loop
         vertex 1.102500e+01 5.100000e+01 8.072465e+01
         vertex 1.102500e+01 4.300000e+01 8.072465e+01
         vertex 1.131771e+01 5.100000e+01 8.092961e+01
      endloop
   endfacet
   facet normal -5.735778e-01 0.000000e+00 8.191511e-01
      outer loop
         vertex 1.131771e+01 5.100000e+01 8.092961e+01
         vertex 1.102500e+01 4.300000e+01 8.072465e+01
         vertex 1.131771e+01 4.300000e+01 8.092961e+01
      endloop
   endfacet
   facet normal -7.071055e-01 0.000000e+00 7.071081e-01
      outer loop
         vertex 1.131771e+01 5.100000e+01 8.092961e+01
         vertex 1.131771e+01 4.300000e+01 8.092961e+01
         vertex 1.157039e+01 5.100000e+01 8.118229e+01
      endloop
   endfacet
   facet normal -7.071055e-01 0.000000e+00 7.071081e-01
      outer loop
         vertex 1.157039e+01 5.100000e+01 8.118229e+01
         vertex 1.131771e+01 4.300000e+01 8.092961e+01
         vertex 1.157039e+01 4.300000e+01 8.118229e+01
      endloop
   endfacet
   facet normal -8.191511e-01 0.000000e+00 5.735778e-01
      outer loop
         vertex 1.157039e+01 5.100000e+01 8.118229e+01
         vertex 1.157039e+01 4.300000e+01 8.118229e+01
         vertex 1.177535e+01 5.100000e+01 8.147500e+01
      endloop
   endfacet
   facet normal -8.191511e-01 0.000000e+00 5.735778e-01
      outer loop
         vertex 1.177535e+01 5.100000e+01 8.147500e+01
         vertex 1.157039e+01 4.300000e+01 8.118229e+01
         vertex 1.177535e+01 4.300000e+01 8.147500e+01
      endloop
   endfacet
   facet normal -9.063076e-01 0.000000e+00 4.226186e-01
      outer loop
         vertex 1.177535e+01 5.100000e+01 8.147500e+01
         vertex 1.177535e+01 4.300000e+01 8.147500e+01
         vertex 1.192637e+01 5.100000e+01 8.179886e+01
      endloop
   endfacet
   facet normal -9.063076e-01 0.000000e+00 4.226186e-01
      outer loop
         vertex 1.192637e+01 5.100000e+01 8.179886e+01
         vertex 1.177535e+01 4.300000e+01 8.147500e+01
         vertex 1.192637e+01 4.300000e+01 8.179886e+01
      endloop
   endfacet
   facet normal -9.659260e-01 0.000000e+00 2.588184e-01
      outer loop
         vertex 1.192637e+01 5.100000e+01 8.179886e+01
         vertex 1.192637e+01 4.300000e+01 8.179886e+01
         vertex 1.201886e+01 5.100000e+01 8.214402e+01
      endloop
   endfacet
   facet normal -9.659260e-01 0.000000e+00 2.588184e-01
      outer loop
         vertex 1.201886e+01 5.100000e+01 8.214402e+01
         vertex 1.192637e+01 4.300000e+01 8.179886e+01
         vertex 1.201886e+01 4.300000e+01 8.214402e+01
      endloop
   endfacet
   facet normal -9.961949e-01 0.000000e+00 8.715324e-02
      outer loop
         vertex 1.201886e+01 5.100000e+01 8.214402e+01
         vertex 1.201886e+01 4.300000e+01 8.214402e+01
         vertex 1.205000e+01 5.100000e+01 8.250000e+01
      endloop
   endfacet
   facet normal -9.961949e-01 0.000000e+00 8.715324e-02
      outer loop
         vertex 1.205000e+01 5.100000e+01 8.250000e+01
         vertex 1.201886e+01 4.300000e+01 8.214402e+01
         vertex 1.205000e+01 4.300000e+01 8.250000e+01
      endloop
   endfacet
   facet normal -9.961948e-01 -0.000000e+00 -8.715415e-02
      outer loop
         vertex 1.205000e+01 5.100000e+01 8.250000e+01
         vertex 1.205000e+01 4.300000e+01 8.250000e+01
         vertex 1.201886e+01 5.100000e+01 8.285598e+01
      endloop
   endfacet
   facet normal -9.961948e-01 -0.000000e+00 -8.715415e-02
      outer loop
         vertex 1.201886e+01 5.100000e+01 8.285598e+01
         vertex 1.205000e+01 4.300000e+01 8.250000e+01
         vertex 1.201886e+01 4.300000e+01 8.285598e+01
      endloop
   endfacet
   facet normal -9.659260e-01 -0.000000e+00 -2.588184e-01
      outer loop
         vertex 1.201886e+01 5.100000e+01 8.285598e+01
         vertex 1.201886e+01 4.300000e+01 8.285598e+01
         vertex 1.192637e+01 5.100000e+01 8.320114e+01
      endloop
   endfacet
   facet normal -9.659260e-01 -0.000000e+00 -2.588184e-01
      outer loop
         vertex 1.192637e+01 5.100000e+01 8.320114e+01
         vertex 1.201886e+01 4.300000e+01 8.285598e+01
         vertex 1.192637e+01 4.300000e+01 8.320114e+01
      endloop
   endfacet
   facet normal -9.063076e-01 -0.000000e+00 -4.226186e-01
      outer loop
         vertex 1.192637e+01 5.100000e+01 8.320114e+01
         vertex 1.192637e+01 4.300000e+01 8.320114e+01
         vertex 1.177535e+01 5.100000e+01 8.352500e+01
      endloop
   endfacet
   facet normal -9.063076e-01 -0.000000e+00 -4.226186e-01
      outer loop
         vertex 1.177535e+01 5.100000e+01 8.352500e+01
         vertex 1.192637e+01 4.300000e+01 8.320114e+01
         vertex 1.177535e+01 4.300000e+01 8.352500e+01
      endloop
   endfacet
   facet normal -8.191511e-01 -0.000000e+00 -5.735778e-01
      outer loop
         vertex 1.177535e+01 5.100000e+01 8.352500e+01
         vertex 1.177535e+01 4.300000e+01 8.352500e+01
         vertex 1.157039e+01 5.100000e+01 8.381772e+01
      endloop
   endfacet
   facet normal -8.191511e-01 -0.000000e+00 -5.735778e-01
      outer loop
         vertex 1.157039e+01 5.100000e+01 8.381772e+01
         vertex 1.177535e+01 4.300000e+01 8.352500e+01
         vertex 1.157039e+01 4.300000e+01 8.381772e+01
      endloop
   endfacet
   facet normal -7.071055e-01 -0.000000e+00 -7.071081e-01
      outer loop
         vertex 1.157039e+01 5.100000e+01 8.381772e+01
         vertex 1.157039e+01 4.300000e+01 8.381772e+01
         vertex 1.131771e+01 5.100000e+01 8.407039e+01
      endloop
   endfacet
   facet normal -7.071055e-01 -0.000000e+00 -7.071081e-01
      outer loop
         vertex 1.131771e+01 5.100000e+01 8.407039e+01
         vertex 1.157039e+01 4.300000e+01 8.381772e+01
         vertex 1.131771e+01 4.300000e+01 8.407039e+01
      endloop
   endfacet
   facet normal -5.735778e-01 -0.000000e+00 -8.191511e-01
      outer loop
         vertex 1.131771e+01 5.100000e+01 8.407039e+01
         vertex 1.131771e+01 4.300000e+01 8.407039e+01
         vertex 1.102500e+01 5.100000e+01 8.427535e+01
      endloop
   endfacet
   facet normal -5.735778e-01 -0.000000e+00 -8.191511e-01
      outer loop
         vertex 1.102500e+01 5.100000e+01 8.427535e+01
         vertex 1.131771e+01 4.300000e+01 8.407039e+01
         vertex 1.102500e+01 4.300000e+01 8.427535e+01
      endloop
   endfacet
   facet normal -4.226219e-01 -0.000000e+00 -9.063061e-01
      outer loop
         vertex 1.102500e+01 5.100000e+01 8.427535e+01
         vertex 1.102500e+01 4.300000e+01 8.427535e+01
         vertex 1.070114e+01 5.100000e+01 8.442637e+01
      endloop
   endfacet
   facet normal -4.226219e-01 -0.000000e+00 -9.063061e-01
      outer loop
         vertex 1.070114e+01 5.100000e+01 8.442637e+01
         vertex 1.102500e+01 4.300000e+01 8.427535e+01
         vertex 1.070114e+01 4.300000e+01 8.442637e+01
      endloop
   endfacet
   facet normal -2.588142e-01 -0.000000e+00 -9.659271e-01
      outer loop
         vertex 1.070114e+01 5.100000e+01 8.442637e+01
         vertex 1.070114e+01 4.300000e+01 8.442637e+01
         vertex 1.035598e+01 5.100000e+01 8.451886e+01
      endloop
   endfacet
   facet normal -2.588142e-01 -0.000000e+00 -9.659271e-01
      outer loop
         vertex 1.035598e+01 5.100000e+01 8.451886e+01
         vertex 1.070114e+01 4.300000e+01 8.442637e+01
         vertex 1.035598e+01 4.300000e+01 8.451886e+01
      endloop
   endfacet
   facet normal -8.715392e-02 -0.000000e+00 -9.961949e-01
      outer loop
         vertex 1.035598e+01 5.100000e+01 8.451886e+01
         vertex 1.035598e+01 4.300000e+01 8.451886e+01
         vertex 1.000000e+01 5.100000e+01 8.455000e+01
      endloop
   endfacet
   facet normal -8.715392e-02 -0.000000e+00 -9.961949e-01
      outer loop
         vertex 1.000000e+01 5.100000e+01 8.455000e+01
         vertex 1.035598e+01 4.300000e+01 8.451886e+01
         vertex 1.000000e+01 4.300000e+01 8.455000e+01
      endloop
   endfacet
   facet normal 8.715369e-02 0.000000e+00 -9.961949e-01
      outer loop
         vertex 1.000000e+01 5.100000e+01 8.455000e+01
         vertex 1.000000e+01 4.300000e+01 8.455000e+01
         vertex 9.644020e+00 5.100000e+01 8.451886e+01
      endloop
   endfacet
   facet normal 8.715369e-02 0.000000e+00 -9.961949e-01
      outer loop
         vertex 9.644020e+00 5.100000e+01 8.451886e+01
         vertex 1.000000e+01 4.300000e+01 8.455000e+01
         vertex 9.644020e+00 4.300000e+01 8.451886e+01
      endloop
   endfacet
   facet normal 2.588142e-01 0.000000e+00 -9.659271e-01
      outer loop
         vertex 9.644020e+00 5.100000e+01 8.451886e+01
         vertex 9.644020e+00 4.300000e+01 8.451886e+01
         vertex 9.298858e+00 5.100000e+01 8.442637e+01
      endloop
   endfacet
   facet normal 2.588142e-01 0.000000e+00 -9.659271e-01
      outer loop
         vertex 9.298858e+00 5.100000e+01 8.442637e+01
         vertex 9.644020e+00 4.300000e+01 8.451886e+01
         vertex 9.298858e+00 4.300000e+01 8.442637e+01
      endloop
   endfacet
   facet normal 4.226219e-01 0.000000e+00 -9.063061e-01
      outer loop
         vertex 9.298858e+00 5.100000e+01 8.442637e+01
         vertex 9.298858e+00 4.300000e+01 8.442637e+01
         vertex 8.974999e+00 5.100000e+01 8.427535e+01
      endloop
   endfacet
   facet normal 4.226219e-01 0.000000e+00 -9.063061e-01
      outer loop
         vertex 8.974999e+00 5.100000e+01 8.427535e+01
         vertex 9.298858e+00 4.300000e+01 8.442637e+01
         vertex 8.974999e+00 4.300000e+01 8.427535e+01
      endloop
   endfacet
   facet normal 5.735778e-01 0.000000e+00 -8.191511e-01
      outer loop
         vertex 8.974999e+00 5.100000e+01 8.427535e+01
         vertex 8.974999e+00 4.300000e+01 8.427535e+01
         vertex 8.682285e+00 5.100000e+01 8.407039e+01
      endloop
   endfacet
   facet normal 5.735778e-01 0.000000e+00 -8.191511e-01
      outer loop
         vertex 8.682285e+00 5.100000e+01 8.407039e+01
         vertex 8.974999e+00 4.300000e+01 8.427535e+01
         vertex 8.682285e+00 4.300000e+01 8.407039e+01
      endloop
   endfacet
   facet normal 7.071055e-01 0.000000e+00 -7.071081e-01
      outer loop
         vertex 8.682285e+00 5.100000e+01 8.407039e+01
         vertex 8.682285e+00 4.300000e+01 8.407039e+01
         vertex 8.429608e+00 5.100000e+01 8.381772e+01
      endloop
   endfacet
   facet normal 7.071055e-01 0.000000e+00 -7.071081e-01
      outer loop
         vertex 8.429608e+00 5.100000e+01 8.381772e+01
         vertex 8.682285e+00 4.300000e+01 8.407039e+01
         vertex 8.429608e+00 4.300000e+01 8.381772e+01
      endloop
   endfacet
   facet normal 8.191523e-01 0.000000e+00 -5.735760e-01
      outer loop
         vertex 8.429608e+00 5.100000e+01 8.381772e+01
         vertex 8.429608e+00 4.300000e+01 8.381772e+01
         vertex 8.224647e+00 5.100000e+01 8.352500e+01
      endloop
   endfacet
   facet normal 8.191523e-01 0.000000e+00 -5.735760e-01
      outer loop
         vertex 8.224647e+00 5.100000e+01 8.352500e+01
         vertex 8.429608e+00 4.300000e+01 8.381772e+01
         vertex 8.224647e+00 4.300000e+01 8.352500e+01
      endloop
   endfacet
   facet normal 9.063076e-01 0.000000e+00 -4.226186e-01
      outer loop
         vertex 8.224647e+00 5.100000e+01 8.352500e+01
         vertex 8.224647e+00 4.300000e+01 8.352500e+01
         vertex 8.073630e+00 5.100000e+01 8.320114e+01
      endloop
   endfacet
   facet normal 9.063076e-01 0.000000e+00 -4.226186e-01
      outer loop
         vertex 8.073630e+00 5.100000e+01 8.320114e+01
         vertex 8.224647e+00 4.300000e+01 8.352500e+01
         vertex 8.073630e+00 4.300000e+01 8.320114e+01
      endloop
   endfacet
   facet normal 9.659260e-01 0.000000e+00 -2.588184e-01
      outer loop
         vertex 8.073630e+00 5.100000e+01 8.320114e+01
         vertex 8.073630e+00 4.300000e+01 8.320114e+01
         vertex 7.981144e+00 5.100000e+01 8.285598e+01
      endloop
   endfacet
   facet normal 9.659260e-01 0.000000e+00 -2.588184e-01
      outer loop
         vertex 7.981144e+00 5.100000e+01 8.285598e+01
         vertex 8.073630e+00 4.300000e+01 8.320114e+01
         vertex 7.981144e+00 4.300000e+01 8.285598e+01
      endloop
   endfacet
   facet normal 9.961946e-01 0.000000e+00 -8.715673e-02
      outer loop
         vertex 7.981144e+00 5.100000e+01 8.285598e+01
         vertex 7.981144e+00 4.300000e+01 8.285598e+01
         vertex 7.950000e+00 5.100000e+01 8.250000e+01
      endloop
   endfacet
   facet normal 9.961946e-01 0.000000e+00 -8.715673e-02
      outer loop
         vertex 7.950000e+00 5.100000e+01 8.250000e+01
         vertex 7.981144e+00 4.300000e+01 8.285598e+01
         vertex 7.950000e+00 4.300000e+01 8.250000e+01
      endloop
   endfacet
   facet normal 9.961947e-01 0.000000e+00 8.715583e-02
      outer loop
         vertex 7.950000e+00 5.100000e+01 8.250000e+01
         vertex 7.950000e+00 4.300000e+01 8.250000e+01
         vertex 7.981144e+00 5.100000e+01 8.214402e+01
      endloop
   endfacet
   facet normal 9.961947e-01 0.000000e+00 8.715583e-02
      outer loop
         vertex 7.981144e+00 5.100000e+01 8.214402e+01
         vertex 7.950000e+00 4.300000e+01 8.250000e+01
         vertex 7.981144e+00 4.300000e+01 8.214402e+01
      endloop
   endfacet
   facet normal 9.659260e-01 0.000000e+00 2.588184e-01
      outer loop
         vertex 7.981144e+00 5.100000e+01 8.214402e+01
         vertex 7.981144e+00 4.300000e+01 8.214402e+01
         vertex 8.073630e+00 5.100000e+01 8.179886e+01
      endloop
   endfacet
   facet normal 9.659260e-01 0.000000e+00 2.588184e-01
      outer loop
         vertex 8.073630e+00 5.100000e+01 8.179886e+01
         vertex 7.981144e+00 4.300000e+01 8.214402e+01
         vertex 8.073630e+00 4.300000e+01 8.179886e+01
      endloop
   endfacet
   facet normal 9.063076e-01 0.000000e+00 4.226186e-01
      outer loop
         vertex 8.073630e+00 5.100000e+01 8.179886e+01
         vertex 8.073630e+00 4.300000e+01 8.179886e+01
         vertex 8.224647e+00 5.100000e+01 8.147500e+01
      endloop
   endfacet
   facet normal 9.063076e-01 0.000000e+00 4.226186e-01
      outer loop
         vertex 8.224647e+00 5.100000e+01 8.147500e+01
         vertex 8.073630e+00 4.300000e+01 8.179886e+01
         vertex 8.224647e+00 4.300000e+01 8.147500e+01
      endloop
   endfacet
   facet normal 8.191523e-01 0.000000e+00 5.735760e-01
      outer loop
         vertex 8.224647e+00 5.100000e+01 8.147500e+01
         vertex 8.224647e+00 4.300000e+01 8.147500e+01
         vertex 8.429608e+00 5.100000e+01 8.118229e+01
      endloop
   endfacet
   facet normal 8.191523e-01 0.000000e+00 5.735760e-01
      outer loop
         vertex 8.429608e+00 5.100000e+01 8.118229e+01
         vertex 8.224647e+00 4.300000e+01 8.147500e+01
         vertex 8.429608e+00 4.300000e+01 8.118229e+01
      endloop
   endfacet
   facet normal 7.071055e-01 0.000000e+00 7.071081e-01
      outer loop
         vertex 8.429608e+00 5.100000e+01 8.118229e+01
         vertex 8.429608e+00 4.300000e+01 8.118229e+01
         vertex 8.682285e+00 5.100000e+01 8.092961e+01
      endloop
   endfacet
   facet normal 7.071055e-01 0.000000e+00 7.071081e-01
      outer loop
         vertex 8.682285e+00 5.100000e+01 8.092961e+01
         vertex 8.429608e+00 4.300000e+01 8.118229e+01
         vertex 8.682285e+00 4.300000e+01 8.092961e+01
      endloop
   endfacet
   facet normal 5.735778e-01 0.000000e+00 8.191511e-01
      outer loop
         vertex 8.682285e+00 5.100000e+01 8.092961e+01
         vertex 8.682285e+00 4.300000e+01 8.092961e+01
         vertex 8.974999e+00 5.100000e+01 8.072465e+01
      endloop
   endfacet
   facet normal 5.735778e-01 0.000000e+00 8.191511e-01
      outer loop
         vertex 8.974999e+00 5.100000e+01 8.072465e+01
         vertex 8.682285e+00 4.300000e+01 8.092961e+01
         vertex 8.974999e+00 4.300000e+01 8.072465e+01
      endloop
   endfacet
   facet normal 4.226134e-01 0.000000e+00 9.063101e-01
      outer loop
         vertex 8.974999e+00 5.100000e+01 8.072465e+01
         vertex 8.974999e+00 4.300000e+01 8.072465e+01
         vertex 9.298858e+00 5.100000e+01 8.057363e+01
      endloop
   endfacet
   facet normal 4.226134e-01 0.000000e+00 9.063101e-01
      outer loop
         vertex 9.298858e+00 5.100000e+01 8.057363e+01
         vertex 8.974999e+00 4.300000e+01 8.072465e+01
         vertex 9.298858e+00 4.300000e+01 8.057363e+01
      endloop
   endfacet
   facet normal 2.588239e-01 0.000000e+00 9.659245e-01
      outer loop
         vertex 9.298858e+00 5.100000e+01 8.057363e+01
         vertex 9.298858e+00 4.300000e+01 8.057363e+01
         vertex 9.644020e+00 5.100000e+01 8.048115e+01
      endloop
   endfacet
   facet normal 2.588239e-01 0.000000e+00 9.659245e-01
      outer loop
         vertex 9.644020e+00 5.100000e+01 8.048115e+01
         vertex 9.298858e+00 4.300000e+01 8.057363e+01
         vertex 9.644020e+00 4.300000e+01 8.048115e+01
      endloop
   endfacet
   facet normal 8.715369e-02 0.000000e+00 9.961949e-01
      outer loop
         vertex 9.644020e+00 5.100000e+01 8.048115e+01
         vertex 9.644020e+00 4.300000e+01 8.048115e+01
         vertex 1.000000e+01 5.100000e+01 8.045000e+01
      endloop
   endfacet
   facet normal 8.715369e-02 0.000000e+00 9.961949e-01
      outer loop
         vertex 1.000000e+01 5.100000e+01 8.045000e+01
         vertex 9.644020e+00 4.300000e+01 8.048115e+01
         vertex 1.000000e+01 4.300000e+01 8.045000e+01
      endloop
   endfacet
   facet normal -8.715392e-02 0.000000e+00 9.961949e-01
      outer loop
         vertex 1.000000e+01 5.100000e+01 5.450003e+00
         vertex 1.000000e+01 4.300000e+01 5.450003e+00
         vertex 1.035598e+01 5.100000e+01 5.481146e+00
      endloop
   endfacet
   facet normal -8.715392e-02 0.000000e+00 9.961949e-01
      outer loop
         vertex 1.035598e+01 5.100000e+01 5.481146e+00
         vertex 1.000000e+01 4.300000e+01 5.450003e+00
         vertex 1.035598e+01 4.300000e+01 5.481146e+00
      endloop
   endfacet
   facet normal -2.588142e-01 0.000000e+00 9.659271e-01
      outer loop
         vertex 1.035598e+01 5.100000e+01 5.481146e+00
         vertex 1.035598e+01 4.300000e+01 5.481146e+00
         vertex 1.070114e+01 5.100000e+01 5.573630e+00
      endloop
   endfacet
   facet normal -2.588142e-01 0.000000e+00 9.659271e-01
      outer loop
         vertex 1.070114e+01 5.100000e+01 5.573630e+00
         vertex 1.035598e+01 4.300000e+01 5.481146e+00
         vertex 1.070114e+01 4.300000e+01 5.573630e+00
      endloop
   endfacet
   facet normal -4.226219e-01 0.000000e+00 9.063061e-01
      outer loop
         vertex 1.070114e+01 5.100000e+01 5.573630e+00
         vertex 1.070114e+01 4.300000e+01 5.573630e+00
         vertex 1.102500e+01 5.100000e+01 5.724650e+00
      endloop
   endfacet
   facet normal -4.226219e-01 0.000000e+00 9.063061e-01
      outer loop
         vertex 1.102500e+01 5.100000e+01 5.724650e+00
         vertex 1.070114e+01 4.300000e+01 5.573630e+00
         vertex 1.102500e+01 4.300000e+01 5.724650e+00
      endloop
   endfacet
   facet normal -5.735778e-01 0.000000e+00 8.191511e-01
      outer loop
         vertex 1.102500e+01 5.100000e+01 5.724650e+00
         vertex 1.102500e+01 4.300000e+01 5.724650e+00
         vertex 1.131771e+01 5.100000e+01 5.929612e+00
      endloop
   endfacet
   facet normal -5.735778e-01 0.000000e+00 8.191511e-01
      outer loop
         vertex 1.131771e+01 5.100000e+01 5.929612e+00
         vertex 1.102500e+01 4.300000e+01 5.724650e+00
         vertex 1.131771e+01 4.300000e+01 5.929612e+00
      endloop
   endfacet
   facet normal -7.071055e-01 0.000000e+00 7.071081e-01
      outer loop
         vertex 1.131771e+01 5.100000e+01 5.929612e+00
         vertex 1.131771e+01 4.300000e+01 5.929612e+00
         vertex 1.157039e+01 5.100000e+01 6.182287e+00
      endloop
   endfacet
   facet normal -7.071055e-01 0.000000e+00 7.071081e-01
      outer loop
         vertex 1.157039e+01 5.100000e+01 6.182287e+00
         vertex 1.131771e+01 4.300000e+01 5.929612e+00
         vertex 1.157039e+01 4.300000e+01 6.182287e+00
      endloop
   endfacet
   facet normal -8.191511e-01 0.000000e+00 5.735778e-01
      outer loop
         vertex 1.157039e+01 5.100000e+01 6.182287e+00
         vertex 1.157039e+01 4.300000e+01 6.182287e+00
         vertex 1.177535e+01 5.100000e+01 6.475002e+00
      endloop
   endfacet
   facet normal -8.191511e-01 0.000000e+00 5.735778e-01
      outer loop
         vertex 1.177535e+01 5.100000e+01 6.475002e+00
         vertex 1.157039e+01 4.300000e+01 6.182287e+00
         vertex 1.177535e+01 4.300000e+01 6.475002e+00
      endloop
   endfacet
   facet normal -9.063076e-01 0.000000e+00 4.226186e-01
      outer loop
         vertex 1.177535e+01 5.100000e+01 6.475002e+00
         vertex 1.177535e+01 4.300000e+01 6.475002e+00
         vertex 1.192637e+01 5.100000e+01 6.798860e+00
      endloop
   endfacet
   facet normal -9.063076e-01 0.000000e+00 4.226186e-01
      outer loop
         vertex 1.192637e+01 5.100000e+01 6.798860e+00
         vertex 1.177535e+01 4.300000e+01 6.475002e+00
         vertex 1.192637e+01 4.300000e+01 6.798860e+00
      endloop
   endfacet
   facet normal -9.659260e-01 0.000000e+00 2.588184e-01
      outer loop
         vertex 1.192637e+01 5.100000e+01 6.798860e+00
         vertex 1.192637e+01 4.300000e+01 6.798860e+00
         vertex 1.201886e+01 5.100000e+01 7.144023e+00
      endloop
   endfacet
   facet normal -9.659260e-01 0.000000e+00 2.588184e-01
      outer loop
         vertex 1.201886e+01 5.100000e+01 7.144023e+00
         vertex 1.192637e+01 4.300000e+01 6.798860e+00
         vertex 1.201886e+01 4.300000e+01 7.144023e+00
      endloop
   endfacet
   facet normal -9.961948e-01 0.000000e+00 8.715415e-02
      outer loop
         vertex 1.201886e+01 5.100000e+01 7.144023e+00
         vertex 1.201886e+01 4.300000e+01 7.144023e+00
         vertex 1.205000e+01 5.100000e+01 7.500000e+00
      endloop
   endfacet
   facet normal -9.961948e-01 0.000000e+00 8.715415e-02
      outer loop
         vertex 1.205000e+01 5.100000e+01 7.500000e+00
         vertex 1.201886e+01 4.300000e+01 7.144023e+00
         vertex 1.205000e+01 4.300000e+01 7.500000e+00
      endloop
   endfacet
   facet normal -9.961949e-01 -0.000000e+00 -8.715324e-02
      outer loop
         vertex 1.205000e+01 5.100000e+01 7.500000e+00
         vertex 1.205000e+01 4.300000e+01 7.500000e+00
         vertex 1.201886e+01 5.100000e+01 7.855982e+00
      endloop
   endfacet
   facet normal -9.961949e-01 -0.000000e+00 -8.715324e-02
      outer loop
         vertex 1.201886e+01 5.100000e+01 7.855982e+00
         vertex 1.205000e+01 4.300000e+01 7.500000e+00
         vertex 1.201886e+01 4.300000e+01 7.855982e+00
      endloop
   endfacet
   facet normal -9.659260e-01 -0.000000e+00 -2.588184e-01
      outer loop
         vertex 1.201886e+01 5.100000e+01 7.855982e+00
         vertex 1.201886e+01 4.300000e+01 7.855982e+00
         vertex 1.192637e+01 5.100000e+01 8.201145e+00
      endloop
   endfacet
   facet normal -9.659260e-01 -0.000000e+00 -2.588184e-01
      outer loop
         vertex 1.192637e+01 5.100000e+01 8.201145e+00
         vertex 1.201886e+01 4.300000e+01 7.855982e+00
         vertex 1.192637e+01 4.300000e+01 8.201145e+00
      endloop
   endfacet
   facet normal -9.063076e-01 -0.000000e+00 -4.226186e-01
      outer loop
         vertex 1.192637e+01 5.100000e+01 8.201145e+00
         vertex 1.192637e+01 4.300000e+01 8.201145e+00
         vertex 1.177535e+01 5.100000e+01 8.525003e+00
      endloop
   endfacet
   facet normal -9.063076e-01 -0.000000e+00 -4.226186e-01
      outer loop
         vertex 1.177535e+01 5.100000e+01 8.525003e+00
         vertex 1.192637e+01 4.300000e+01 8.201145e+00
         vertex 1.177535e+01 4.300000e+01 8.525003e+00
      endloop
   endfacet
   facet normal -8.191511e-01 -0.000000e+00 -5.735778e-01
      outer loop
         vertex 1.177535e+01 5.100000e+01 8.525003e+00
         vertex 1.177535e+01 4.300000e+01 8.525003e+00
         vertex 1.157039e+01 5.100000e+01 8.817717e+00
      endloop
   endfacet
   facet normal -8.191511e-01 -0.000000e+00 -5.735778e-01
      outer loop
         vertex 1.157039e+01 5.100000e+01 8.817717e+00
         vertex 1.177535e+01 4.300000e+01 8.525003e+00
         vertex 1.157039e+01 4.300000e+01 8.817717e+00
      endloop
   endfacet
   facet normal -7.071055e-01 -0.000000e+00 -7.071081e-01
      outer loop
         vertex 1.157039e+01 5.100000e+01 8.817717e+00
         vertex 1.157039e+01 4.300000e+01 8.817717e+00
         vertex 1.131771e+01 5.100000e+01 9.070393e+00
      endloop
   endfacet
   facet normal -7.071055e-01 -0.000000e+00 -7.071081e-01
      outer loop
         vertex 1.131771e+01 5.100000e+01 9.070393e+00
         vertex 1.157039e+01 4.300000e+01 8.817717e+00
         vertex 1.131771e+01 4.300000e+01 9.070393e+00
      endloop
   endfacet
   facet normal -5.735778e-01 -0.000000e+00 -8.191511e-01
      outer loop
         vertex 1.131771e+01 5.100000e+01 9.070393e+00
         vertex 1.131771e+01 4.300000e+01 9.070393e+00
         vertex 1.102500e+01 5.100000e+01 9.275354e+00
      endloop
   endfacet
   facet normal -5.735778e-01 -0.000000e+00 -8.191511e-01
      outer loop
         vertex 1.102500e+01 5.100000e+01 9.275354e+00
         vertex 1.131771e+01 4.300000e+01 9.070393e+00
         vertex 1.102500e+01 4.300000e+01 9.275354e+00
      endloop
   endfacet
   facet normal -4.226134e-01 -0.000000e+00 -9.063101e-01
      outer loop
         vertex 1.102500e+01 5.100000e+01 9.275354e+00
         vertex 1.102500e+01 4.300000e+01 9.275354e+00
         vertex 1.070114e+01 5.100000e+01 9.426370e+00
      endloop
   endfacet
   facet normal -4.226134e-01 -0.000000e+00 -9.063101e-01
      outer loop
         vertex 1.070114e+01 5.100000e+01 9.426370e+00
         vertex 1.102500e+01 4.300000e+01 9.275354e+00
         vertex 1.070114e+01 4.300000e+01 9.426370e+00
      endloop
   endfacet
   facet normal -2.588239e-01 -0.000000e+00 -9.659245e-01
      outer loop
         vertex 1.070114e+01 5.100000e+01 9.426370e+00
         vertex 1.070114e+01 4.300000e+01 9.426370e+00
         vertex 1.035598e+01 5.100000e+01 9.518858e+00
      endloop
   endfacet
   facet normal -2.588239e-01 -0.000000e+00 -9.659245e-01
      outer loop
         vertex 1.035598e+01 5.100000e+01 9.518858e+00
         vertex 1.070114e+01 4.300000e+01 9.426370e+00
         vertex 1.035598e+01 4.300000e+01 9.518858e+00
      endloop
   endfacet
   facet normal -8.715392e-02 -0.000000e+00 -9.961949e-01
      outer loop
         vertex 1.035598e+01 5.100000e+01 9.518858e+00
         vertex 1.035598e+01 4.300000e+01 9.518858e+00
         vertex 1.000000e+01 5.100000e+01 9.550001e+00
      endloop
   endfacet
   facet normal -8.715392e-02 -0.000000e+00 -9.961949e-01
      outer loop
         vertex 1.000000e+01 5.100000e+01 9.550001e+00
         vertex 1.035598e+01 4.300000e+01 9.518858e+00
         vertex 1.000000e+01 4.300000e+01 9.550001e+00
      endloop
   endfacet
   facet normal 8.715369e-02 0.000000e+00 -9.961949e-01
      outer loop
         vertex 1.000000e+01 5.100000e+01 9.550001e+00
         vertex 1.000000e+01 4.300000e+01 9.550001e+00
         vertex 9.644020e+00 5.100000e+01 9.518858e+00
      endloop
   endfacet
   facet normal 8.715369e-02 0.000000e+00 -9.961949e-01
      outer loop
         vertex 9.644020e+00 5.100000e+01 9.518858e+00
         vertex 1.000000e+01 4.300000e+01 9.550001e+00
         vertex 9.644020e+00 4.300000e+01 9.518858e+00
      endloop
   endfacet
   facet normal 2.588239e-01 0.000000e+00 -9.659245e-01
      outer loop
         vertex 9.644020e+00 5.100000e+01 9.518858e+00
         vertex 9.644020e+00 4.300000e+01 9.518858e+00
         vertex 9.298858e+00 5.100000e+01 9.426370e+00
      endloop
   endfacet
   facet normal 2.588239e-01 0.000000e+00 -9.659245e-01
      outer loop
         vertex 9.298858e+00 5.100000e+01 9.426370e+00
         vertex 9.644020e+00 4.300000e+01 9.518858e+00
         vertex 9.298858e+00 4.300000e+01 9.426370e+00
      endloop
   endfacet
   facet normal 4.226134e-01 0.000000e+00 -9.063101e-01
      outer loop
         vertex 9.298858e+00 5.100000e+01 9.426370e+00
         vertex 9.298858e+00 4.300000e+01 9.426370e+00
         vertex 8.974999e+00 5.100000e+01 9.275354e+00
      endloop
   endfacet
   facet normal 4.226134e-01 0.000000e+00 -9.063101e-01
      outer loop
         vertex 8.974999e+00 5.100000e+01 9.275354e+00
         vertex 9.298858e+00 4.300000e+01 9.426370e+00
         vertex 8.974999e+00 4.300000e+01 9.275354e+00
      endloop
   endfacet
   facet normal 5.735778e-01 0.000000e+00 -8.191511e-01
      outer loop
         vertex 8.974999e+00 5.100000e+01 9.275354e+00
         vertex 8.974999e+00 4.300000e+01 9.275354e+00
         vertex 8.682285e+00 5.100000e+01 9.070393e+00
      endloop
   endfacet
   facet normal 5.735778e-01 0.000000e+00 -8.191511e-01
      outer loop
         vertex 8.682285e+00 5.100000e+01 9.070393e+00
         vertex 8.974999e+00 4.300000e+01 9.275354e+00
         vertex 8.682285e+00 4.300000e+01 9.070393e+00
      endloop
   endfacet
   facet normal 7.071055e-01 0.000000e+00 -7.071081e-01
      outer loop
         vertex 8.682285e+00 5.100000e+01 9.070393e+00
         vertex 8.682285e+00 4.300000e+01 9.070393e+00
         vertex 8.429608e+00 5.100000e+01 8.817717e+00
      endloop
   endfacet
   facet normal 7.071055e-01 0.000000e+00 -7.071081e-01
      outer loop
         vertex 8.429608e+00 5.100000e+01 8.817717e+00
         vertex 8.682285e+00 4.300000e+01 9.070393e+00
         vertex 8.429608e+00 4.300000e+01 8.817717e+00
      endloop
   endfacet
   facet normal 8.191523e-01 0.000000e+00 -5.735760e-01
      outer loop
         vertex 8.429608e+00 5.100000e+01 8.817717e+00
         vertex 8.429608e+00 4.300000e+01 8.817717e+00
         vertex 8.224647e+00 5.100000e+01 8.525003e+00
      endloop
   endfacet
   facet normal 8.191523e-01 0.000000e+00 -5.735760e-01
      outer loop
         vertex 8.224647e+00 5.100000e+01 8.525003e+00
         vertex 8.429608e+00 4.300000e+01 8.817717e+00
         vertex 8.224647e+00 4.300000e+01 8.525003e+00
      endloop
   endfacet
   facet normal 9.063076e-01 0.000000e+00 -4.226186e-01
      outer loop
         vertex 8.224647e+00 5.100000e+01 8.525003e+00
         vertex 8.224647e+00 4.300000e+01 8.525003e+00
         vertex 8.073630e+00 5.100000e+01 8.201145e+00
      endloop
   endfacet
   facet normal 9.063076e-01 0.000000e+00 -4.226186e-01
      outer loop
         vertex 8.073630e+00 5.100000e+01 8.201145e+00
         vertex 8.224647e+00 4.300000e+01 8.525003e+00
         vertex 8.073630e+00 4.300000e+01 8.201145e+00
      endloop
   endfacet
   facet normal 9.659260e-01 0.000000e+00 -2.588184e-01
      outer loop
         vertex 8.073630e+00 5.100000e+01 8.201145e+00
         vertex 8.073630e+00 4.300000e+01 8.201145e+00
         vertex 7.981144e+00 5.100000e+01 7.855982e+00
      endloop
   endfacet
   facet normal 9.659260e-01 0.000000e+00 -2.588184e-01
      outer loop
         vertex 7.981144e+00 5.100000e+01 7.855982e+00
         vertex 8.073630e+00 4.300000e+01 8.201145e+00
         vertex 7.981144e+00 4.300000e+01 7.855982e+00
      endloop
   endfacet
   facet normal 9.961947e-01 0.000000e+00 -8.715583e-02
      outer loop
         vertex 7.981144e+00 5.100000e+01 7.855982e+00
         vertex 7.981144e+00 4.300000e+01 7.855982e+00
         vertex 7.950000e+00 5.100000e+01 7.500000e+00
      endloop
   endfacet
   facet normal 9.961947e-01 0.000000e+00 -8.715583e-02
      outer loop
         vertex 7.950000e+00 5.100000e+01 7.500000e+00
         vertex 7.981144e+00 4.300000e+01 7.855982e+00
         vertex 7.950000e+00 4.300000e+01 7.500000e+00
      endloop
   endfacet
   facet normal 9.961946e-01 0.000000e+00 8.715673e-02
      outer loop
         vertex 7.950000e+00 5.100000e+01 7.500000e+00
         vertex 7.950000e+00 4.300000e+01 7.500000e+00
         vertex 7.981144e+00 5.100000e+01 7.144023e+00
      endloop
   endfacet
   facet normal 9.961946e-01 0.000000e+00 8.715673e-02
      outer loop
         vertex 7.981144e+00 5.100000e+01 7.144023e+00
         vertex 7.950000e+00 4.300000e+01 7.500000e+00
         vertex 7.981144e+00 4.300000e+01 7.144023e+00
      endloop
   endfacet
   facet normal 9.659260e-01 0.000000e+00 2.588184e-01
      outer loop
         vertex 7.981144e+00 5.100000e+01 7.144023e+00
         vertex 7.981144e+00 4.300000e+01 7.144023e+00
         vertex 8.073630e+00 5.100000e+01 6.798860e+00
      endloop
   endfacet
   facet normal 9.659260e-01 0.000000e+00 2.588184e-01
      outer loop
         vertex 8.073630e+00 5.100000e+01 6.798860e+00
         vertex 7.981144e+00 4.300000e+01 7.144023e+00
         vertex 8.073630e+00 4.300000e+01 6.798860e+00
      endloop
   endfacet
   facet normal 9.063076e-01 0.000000e+00 4.226186e-01
      outer loop
         vertex 8.073630e+00 5.100000e+01 6.798860e+00
         vertex 8.073630e+00 4.300000e+01 6.798860e+00
         vertex 8.224647e+00 5.100000e+01 6.475002e+00
      endloop
   endfacet
   facet normal 9.063076e-01 0.000000e+00 4.226186e-01
      outer loop
         vertex 8.224647e+00 5.100000e+01 6.475002e+00
         vertex 8.073630e+00 4.300000e+01 6.798860e+00
         vertex 8.224647e+00 4.300000e+01 6.475002e+00
      endloop
   endfacet
   facet normal 8.191523e-01 0.000000e+00 5.735760e-01
      outer loop
         vertex 8.224647e+00 5.100000e+01 6.475002e+00
         vertex 8.224647e+00 4.300000e+01 6.475002e+00
         vertex 8.429608e+00 5.100000e+01 6.182287e+00
      endloop
   endfacet
   facet normal 8.191523e-01 0.000000e+00 5.735760e-01
      outer loop
         vertex 8.429608e+00 5.100000e+01 6.182287e+00
         vertex 8.224647e+00 4.300000e+01 6.475002e+00
         vertex 8.429608e+00 4.300000e+01 6.182287e+00
      endloop
   endfacet
   facet normal 7.071055e-01 0.000000e+00 7.071081e-01
      outer loop
         vertex 8.429608e+00 5.100000e+01 6.182287e+00
         vertex 8.429608e+00 4.300000e+01 6.182287e+00
         vertex 8.682285e+00 5.100000e+01 5.929612e+00
      endloop
   endfacet
   facet normal 7.071055e-01 0.000000e+00 7.071081e-01
      outer loop
         vertex 8.682285e+00 5.100000e+01 5.929612e+00
         vertex 8.429608e+00 4.300000e+01 6.182287e+00
         vertex 8.682285e+00 4.300000e+01 5.929612e+00
      endloop
   endfacet
   facet normal 5.735778e-01 0.000000e+00 8.191511e-01
      outer loop
         vertex 8.682285e+00 5.100000e+01 5.929612e+00
         vertex 8.682285e+00 4.300000e+01 5.929612e+00
         vertex 8.974999e+00 5.100000e+01 5.724650e+00
      endloop
   endfacet
   facet normal 5.735778e-01 0.000000e+00 8.191511e-01
      outer loop
         vertex 8.974999e+00 5.100000e+01 5.724650e+00
         vertex 8.682285e+00 4.300000e+01 5.929612e+00
         vertex 8.974999e+00 4.300000e+01 5.724650e+00
      endloop
   endfacet
   facet normal 4.226219e-01 0.000000e+00 9.063061e-01
      outer loop
         vertex 8.974999e+00 5.100000e+01 5.724650e+00
         vertex 8.974999e+00 4.300000e+01 5.724650e+00
         vertex 9.298858e+00 5.100000e+01 5.573630e+00
      endloop
   endfacet
   facet normal 4.226219e-01 0.000000e+00 9.063061e-01
      outer loop
         vertex 9.298858e+00 5.100000e+01 5.573630e+00
         vertex 8.974999e+00 4.300000e+01 5.724650e+00
         vertex 9.298858e+00 4.300000e+01 5.573630e+00
      endloop
   endfacet
   facet normal 2.588142e-01 0.000000e+00 9.659271e-01
      outer loop
         vertex 9.298858e+00 5.100000e+01 5.573630e+00
         vertex 9.298858e+00 4.300000e+01 5.573630e+00
         vertex 9.644020e+00 5.100000e+01 5.481146e+00
      endloop
   endfacet
   facet normal 2.588142e-01 0.000000e+00 9.659271e-01
      outer loop
         vertex 9.644020e+00 5.100000e+01 5.481146e+00
         vertex 9.298858e+00 4.300000e+01 5.573630e+00
         vertex 9.644020e+00 4.300000e+01 5.481146e+00
      endloop
   endfacet
   facet normal 8.715369e-02 0.000000e+00 9.961949e-01
      outer loop
         vertex 9.644020e+00 5.100000e+01 5.481146e+00
         vertex 9.644020e+00 4.300000e+01 5.481146e+00
         vertex 1.000000e+01 5.100000e+01 5.450003e+00
      endloop
   endfacet
   facet normal 8.715369e-02 0.000000e+00 9.961949e-01
      outer loop
         vertex 1.000000e+01 5.100000e+01 5.450003e+00
         vertex 9.644020e+00 4.300000e+01 5.481146e+00
         vertex 1.000000e+01 4.300000e+01 5.450003e+00
      endloop
   endfacet
endsolid cylinderpacking1