solid cylinderpacking2
   facet normal 0.000000e+00 9.964062e-01 -8.470383e-02
      outer loop
         vertex 0.000000e+00 5.100000e+01 1.127009e+02
         vertex 2.000000e+01 5.100000e+01 1.127009e+02
         vertex 2.000000e+01 5.095695e+01 1.121945e+02
      endloop
   endfacet
   facet normal 0.000000e+00 9.964062e-01 -8.470383e-02
      outer loop
         vertex 0.000000e+00 5.100000e+01 1.127009e+02
         vertex 2.000000e+01 5.095695e+01 1.121945e+02
         vertex 0.000000e+00 5.095695e+01 1.121945e+02
      endloop
   endfacet
   facet normal 0.000000e+00 9.678089e-01 -2.516863e-01
      outer loop
         vertex 0.000000e+00 5.095695e+01 1.121945e+02
         vertex 2.000000e+01 5.095695e+01 1.121945e+02
         vertex 2.000000e+01 5.082903e+01 1.117026e+02
      endloop
   endfacet
   facet normal 0.000000e+00 9.678089e-01 -2.516863e-01
      outer loop
         vertex 0.000000e+00 5.095695e+01 1.121945e+02
         vertex 2.000000e+01 5.082903e+01 1.117026e+02
         vertex 0.000000e+00 5.082903e+01 1.117026e+02
      endloop
   endfacet
   facet normal 0.000000e+00 9.114373e-01 -4.114390e-01
      outer loop
         vertex 0.000000e+00 5.082903e+01 1.117026e+02
         vertex 2.000000e+01 5.082903e+01 1.117026e+02
         vertex 2.000000e+01 5.061993e+01 1.112394e+02
      endloop
   endfacet
   facet normal 0.000000e+00 9.114373e-01 -4.114390e-01
      outer loop
         vertex 0.000000e+00 5.082903e+01 1.117026e+02
         vertex 2.000000e+01 5.061993e+01 1.112394e+02
         vertex 0.000000e+00 5.061993e+01 1.112394e+02
      endloop
   endfacet
   facet normal 0.000000e+00 8.289003e-01 -5.593963e-01
      outer loop
         vertex 0.000000e+00 5.061993e+01 1.112394e+02
         vertex 2.000000e+01 5.061993e+01 1.112394e+02
         vertex 2.000000e+01 5.033563e+01 1.108181e+02
      endloop
   endfacet
   facet normal 0.000000e+00 8.289003e-01 -5.593963e-01
      outer loop
         vertex 0.000000e+00 5.061993e+01 1.112394e+02
         vertex 2.000000e+01 5.033563e+01 1.108181e+02
         vertex 0.000000e+00 5.033563e+01 1.108181e+02
      endloop
   endfacet
   facet normal 0.000000e+00 7.225900e-01 -6.912769e-01
      outer loop
         vertex 0.000000e+00 5.033563e+01 1.108181e+02
         vertex 2.000000e+01 5.033563e+01 1.108181e+02
         vertex 2.000000e+01 4.998429e+01 1.104509e+02
      endloop
   endfacet
   facet normal 0.000000e+00 7.225900e-01 -6.912769e-01
      outer loop
         vertex 0.000000e+00 5.033563e+01 1.108181e+02
         vertex 2.000000e+01 4.998429e+01 1.104509e+02
         vertex 0.000000e+00 4.998429e+01 1.104509e+02
      endloop
   endfacet
   facet normal 0.000000e+00 5.955241e-01 -8.033374e-01
      outer loop
         vertex 0.000000e+00 4.998429e+01 1.104509e+02
         vertex 2.000000e+01 4.998429e+01 1.104509e+02
         vertex 2.000000e+01 4.957601e+01 1.101482e+02
      endloop
   endfacet
   facet normal 0.000000e+00 5.955241e-01 -8.033374e-01
      outer loop
         vertex 0.000000e+00 4.998429e+01 1.104509e+02
         vertex 2.000000e+01 4.957601e+01 1.101482e+02
         vertex 0.000000e+00 4.957601e+01 1.101482e+02
      endloop
   endfacet
   facet normal 0.000000e+00 4.513751e-01 -8.923343e-01
      outer loop
         vertex 0.000000e+00 4.957601e+01 1.101482e+02
         vertex 2.000000e+01 4.957601e+01 1.101482e+02
         vertex 2.000000e+01 4.912250e+01 1.099188e+02
      endloop
   endfacet
   facet normal 0.000000e+00 4.513751e-01 -8.923343e-01
      outer loop
         vertex 0.000000e+00 4.957601e+01 1.101482e+02
         vertex 2.000000e+01 4.912250e+01 1.099188e+02
         vertex 0.000000e+00 4.912250e+01 1.099188e+02
      endloop
   endfacet
   facet normal 0.000000e+00 2.942651e-01 -9.557238e-01
      outer loop
         vertex 0.000000e+00 4.912250e+01 1.099188e+02
         vertex 2.000000e+01 4.912250e+01 1.099188e+02
         vertex 2.000000e+01 4.863677e+01 1.097693e+02
      endloop
   endfacet
   facet normal 0.000000e+00 2.942651e-01 -9.557238e-01
      outer loop
         vertex 0.000000e+00 4.912250e+01 1.099188e+02
         vertex 2.000000e+01 4.863677e+01 1.097693e+02
         vertex 0.000000e+00 4.863677e+01 1.097693e+02
      endloop
   endfacet
   facet normal 0.000000e+00 1.287132e-01 -9.916819e-01
      outer loop
         vertex 0.000000e+00 4.863677e+01 1.097693e+02
         vertex 2.000000e+01 4.863677e+01 1.097693e+02
         vertex 2.000000e+01 4.813276e+01 1.097039e+02
      endloop
   endfacet
   facet normal 0.000000e+00 1.287132e-01 -9.916819e-01
      outer loop
         vertex 0.000000e+00 4.863677e+01 1.097693e+02
         vertex 2.000000e+01 4.813276e+01 1.097039e+02
         vertex 0.000000e+00 4.813276e+01 1.097039e+02
      endloop
   endfacet
   facet normal 0.000000e+00 -4.051953e-02 -9.991787e-01
      outer loop
         vertex 0.000000e+00 4.813276e+01 1.097039e+02
         vertex 2.000000e+01 4.813276e+01 1.097039e+02
         vertex 2.000000e+01 4.762495e+01 1.097245e+02
      endloop
   endfacet
   facet normal 0.000000e+00 -4.051953e-02 -9.991787e-01
      outer loop
         vertex 0.000000e+00 4.813276e+01 1.097039e+02
         vertex 2.000000e+01 4.762495e+01 1.097245e+02
         vertex 0.000000e+00 4.762495e+01 1.097245e+02
      endloop
   endfacet
   facet normal 0.000000e+00 -2.086230e-01 -9.779961e-01
      outer loop
         vertex 0.000000e+00 4.762495e+01 1.097245e+02
         vertex 2.000000e+01 4.762495e+01 1.097245e+02
         vertex 2.000000e+01 4.712790e+01 1.098305e+02
      endloop
   endfacet
   facet normal 0.000000e+00 -2.086230e-01 -9.779961e-01
      outer loop
         vertex 0.000000e+00 4.762495e+01 1.097245e+02
         vertex 2.000000e+01 4.712790e+01 1.098305e+02
         vertex 0.000000e+00 4.712790e+01 1.098305e+02
      endloop
   endfacet
   facet normal 0.000000e+00 -3.707018e-01 -9.287519e-01
      outer loop
         vertex 0.000000e+00 4.712790e+01 1.098305e+02
         vertex 2.000000e+01 4.712790e+01 1.098305e+02
         vertex 2.000000e+01 4.665587e+01 1.100189e+02
      endloop
   endfacet
   facet normal 0.000000e+00 -3.707018e-01 -9.287519e-01
      outer loop
         vertex 0.000000e+00 4.712790e+01 1.098305e+02
         vertex 2.000000e+01 4.665587e+01 1.100189e+02
         vertex 0.000000e+00 4.665587e+01 1.100189e+02
      endloop
   endfacet
   facet normal 0.000000e+00 -5.221543e-01 -8.528510e-01
      outer loop
         vertex 0.000000e+00 4.665587e+01 1.100189e+02
         vertex 2.000000e+01 4.665587e+01 1.100189e+02
         vertex 2.000000e+01 4.622243e+01 1.102843e+02
      endloop
   endfacet
   facet normal 0.000000e+00 -5.221543e-01 -8.528510e-01
      outer loop
         vertex 0.000000e+00 4.665587e+01 1.100189e+02
         vertex 2.000000e+01 4.622243e+01 1.102843e+02
         vertex 0.000000e+00 4.622243e+01 1.102843e+02
      endloop
   endfacet
   facet normal 0.000000e+00 -6.586320e-01 -7.524652e-01
      outer loop
         vertex 0.000000e+00 4.622243e+01 1.102843e+02
         vertex 2.000000e+01 4.622243e+01 1.102843e+02
         vertex 2.000000e+01 4.584000e+01 1.106190e+02
      endloop
   endfacet
   facet normal 0.000000e+00 -6.586320e-01 -7.524652e-01
      outer loop
         vertex 0.000000e+00 4.622243e+01 1.102843e+02
         vertex 2.000000e+01 4.584000e+01 1.106190e+02
         vertex 0.000000e+00 4.584000e+01 1.106190e+02
      endloop
   endfacet
   facet normal 0.000000e+00 -6.648546e-01 -7.469728e-01
      outer loop
         vertex 0.000000e+00 4.584000e+01 1.106190e+02
         vertex 2.000000e+01 4.584000e+01 1.106190e+02
         vertex 0.000000e+00 4.332807e+01 1.128548e+02
      endloop
   endfacet
   facet normal 0.000000e+00 -6.648546e-01 -7.469728e-01
      outer loop
         vertex 0.000000e+00 4.332807e+01 1.128548e+02
         vertex 2.000000e+01 4.584000e+01 1.106190e+02
         vertex 2.000000e+01 4.332807e+01 1.128548e+02
      endloop
   endfacet
   facet normal 0.000000e+00 -5.432448e-01 -8.395743e-01
      outer loop
         vertex 0.000000e+00 4.332807e+01 1.128548e+02
         vertex 2.000000e+01 4.332807e+01 1.128548e+02
         vertex 0.000000e+00 4.050474e+01 1.146816e+02
      endloop
   endfacet
   facet normal 0.000000e+00 -5.432448e-01 -8.395743e-01
      outer loop
         vertex 0.000000e+00 4.050474e+01 1.146816e+02
         vertex 2.000000e+01 4.332807e+01 1.128548e+02
         vertex 2.000000e+01 4.050474e+01 1.146816e+02
      endloop
   endfacet
   facet normal 0.000000e+00 -4.089389e-01 -9.125618e-01
      outer loop
         vertex 0.000000e+00 4.050474e+01 1.146816e+02
         vertex 2.000000e+01 4.050474e+01 1.146816e+02
         vertex 0.000000e+00 3.743597e+01 1.160568e+02
      endloop
   endfacet
   facet normal 0.000000e+00 -4.089389e-01 -9.125618e-01
      outer loop
         vertex 0.000000e+00 3.743597e+01 1.160568e+02
         vertex 2.000000e+01 4.050474e+01 1.146816e+02
         vertex 2.000000e+01 3.743597e+01 1.160568e+02
      endloop
   endfacet
   facet normal 0.000000e+00 -2.650811e-01 -9.642261e-01
      outer loop
         vertex 0.000000e+00 3.743597e+01 1.160568e+02
         vertex 2.000000e+01 3.743597e+01 1.160568e+02
         vertex 0.000000e+00 3.419346e+01 1.169482e+02
      endloop
   endfacet
   facet normal 0.000000e+00 -2.650811e-01 -9.642261e-01
      outer loop
         vertex 0.000000e+00 3.419346e+01 1.169482e+02
         vertex 2.000000e+01 3.743597e+01 1.160568e+02
         vertex 2.000000e+01 3.419346e+01 1.169482e+02
      endloop
   endfacet
   facet normal 0.000000e+00 -1.150286e-01 -9.933622e-01
      outer loop
         vertex 0.000000e+00 3.419346e+01 1.169482e+02
         vertex 2.000000e+01 3.419346e+01 1.169482e+02
         vertex 0.000000e+00 3.085297e+01 1.173350e+02
      endloop
   endfacet
   facet normal 0.000000e+00 -1.150286e-01 -9.933622e-01
      outer loop
         vertex 0.000000e+00 3.085297e+01 1.173350e+02
         vertex 2.000000e+01 3.419346e+01 1.169482e+02
         vertex 2.000000e+01 3.085297e+01 1.173350e+02
      endloop
   endfacet
   facet normal 0.000000e+00 3.771142e-02 -9.992887e-01
      outer loop
         vertex 0.000000e+00 3.085297e+01 1.173350e+02
         vertex 2.000000e+01 3.085297e+01 1.173350e+02
         vertex 0.000000e+00 2.749256e+01 1.172082e+02
      endloop
   endfacet
   facet normal 0.000000e+00 3.771142e-02 -9.992887e-01
      outer loop
         vertex 0.000000e+00 2.749256e+01 1.172082e+02
         vertex 2.000000e+01 3.085297e+01 1.173350e+02
         vertex 2.000000e+01 2.749256e+01 1.172082e+02
      endloop
   endfacet
   facet normal 0.000000e+00 1.895718e-01 -9.818669e-01
      outer loop
         vertex 0.000000e+00 2.749256e+01 1.172082e+02
         vertex 2.000000e+01 2.749256e+01 1.172082e+02
         vertex 0.000000e+00 2.419072e+01 1.165707e+02
      endloop
   endfacet
   facet normal 0.000000e+00 1.895718e-01 -9.818669e-01
      outer loop
         vertex 0.000000e+00 2.419072e+01 1.165707e+02
         vertex 2.000000e+01 2.749256e+01 1.172082e+02
         vertex 2.000000e+01 2.419072e+01 1.165707e+02
      endloop
   endfacet
   facet normal 0.000000e+00 3.370010e-01 -9.415043e-01
      outer loop
         vertex 0.000000e+00 2.419072e+01 1.165707e+02
         vertex 2.000000e+01 2.419072e+01 1.165707e+02
         vertex 0.000000e+00 2.102462e+01 1.154374e+02
      endloop
   endfacet
   facet normal 0.000000e+00 3.370010e-01 -9.415043e-01
      outer loop
         vertex 0.000000e+00 2.102462e+01 1.154374e+02
         vertex 2.000000e+01 2.419072e+01 1.165707e+02
         vertex 2.000000e+01 2.102462e+01 1.154374e+02
      endloop
   endfacet
   facet normal 0.000000e+00 4.765562e-01 -8.791440e-01
      outer loop
         vertex 0.000000e+00 2.102462e+01 1.154374e+02
         vertex 2.000000e+01 2.102462e+01 1.154374e+02
         vertex 0.000000e+00 1.806823e+01 1.138349e+02
      endloop
   endfacet
   facet normal 0.000000e+00 4.765562e-01 -8.791440e-01
      outer loop
         vertex 0.000000e+00 1.806823e+01 1.138349e+02
         vertex 2.000000e+01 2.102462e+01 1.154374e+02
         vertex 2.000000e+01 1.806823e+01 1.138349e+02
      endloop
   endfacet
   facet normal 0.000000e+00 6.049764e-01 -7.962434e-01
      outer loop
         vertex 0.000000e+00 1.806823e+01 1.138349e+02
         vertex 2.000000e+01 1.806823e+01 1.138349e+02
         vertex 0.000000e+00 1.539062e+01 1.118005e+02
      endloop
   endfacet
   facet normal 0.000000e+00 6.049764e-01 -7.962434e-01
      outer loop
         vertex 0.000000e+00 1.539062e+01 1.118005e+02
         vertex 2.000000e+01 1.806823e+01 1.138349e+02
         vertex 2.000000e+01 1.539062e+01 1.118005e+02
      endloop
   endfacet
   facet normal 0.000000e+00 7.192638e-01 -6.947371e-01
      outer loop
         vertex 0.000000e+00 1.539062e+01 1.118005e+02
         vertex 2.000000e+01 1.539062e+01 1.118005e+02
         vertex 0.000000e+00 1.305435e+01 1.093817e+02
      endloop
   endfacet
   facet normal 0.000000e+00 7.192638e-01 -6.947371e-01
      outer loop
         vertex 0.000000e+00 1.305435e+01 1.093817e+02
         vertex 2.000000e+01 1.539062e+01 1.118005e+02
         vertex 2.000000e+01 1.305435e+01 1.093817e+02
      endloop
   endfacet
   facet normal 0.000000e+00 8.167448e-01 -5.769991e-01
      outer loop
         vertex 0.000000e+00 1.305435e+01 1.093817e+02
         vertex 2.000000e+01 1.305435e+01 1.093817e+02
         vertex 0.000000e+00 1.111401e+01 1.066352e+02
      endloop
   endfacet
   facet normal 0.000000e+00 8.167448e-01 -5.769991e-01
      outer loop
         vertex 0.000000e+00 1.111401e+01 1.066352e+02
         vertex 2.000000e+01 1.305435e+01 1.093817e+02
         vertex 2.000000e+01 1.111401e+01 1.066352e+02
      endloop
   endfacet
   facet normal 0.000000e+00 8.951421e-01 -4.457809e-01
      outer loop
         vertex 0.000000e+00 1.111401e+01 1.066352e+02
         vertex 2.000000e+01 1.111401e+01 1.066352e+02
         vertex 0.000000e+00 9.614931e+00 1.036250e+02
      endloop
   endfacet
   facet normal 0.000000e+00 8.951421e-01 -4.457809e-01
      outer loop
         vertex 0.000000e+00 9.614931e+00 1.036250e+02
         vertex 2.000000e+01 1.111401e+01 1.066352e+02
         vertex 2.000000e+01 9.614931e+00 1.036250e+02
      endloop
   endfacet
   facet normal 0.000000e+00 9.526254e-01 -3.041460e-01
      outer loop
         vertex 0.000000e+00 9.614931e+00 1.036250e+02
         vertex 2.000000e+01 9.614931e+00 1.036250e+02
         vertex 0.000000e+00 8.592146e+00 1.004215e+02
      endloop
   endfacet
   facet normal 0.000000e+00 9.526254e-01 -3.041460e-01
      outer loop
         vertex 0.000000e+00 8.592146e+00 1.004215e+02
         vertex 2.000000e+01 9.614931e+00 1.036250e+02
         vertex 2.000000e+01 8.592146e+00 1.004215e+02
      endloop
   endfacet
   facet normal 0.000000e+00 9.878508e-01 -1.554054e-01
      outer loop
         vertex 0.000000e+00 8.592146e+00 1.004215e+02
         vertex 2.000000e+01 8.592146e+00 1.004215e+02
         vertex 0.000000e+00 8.069547e+00 9.709951e+01
      endloop
   endfacet
   facet normal 0.000000e+00 9.878508e-01 -1.554054e-01
      outer loop
         vertex 0.000000e+00 8.069547e+00 9.709951e+01
         vertex 2.000000e+01 8.592146e+00 1.004215e+02
         vertex 2.000000e+01 8.069547e+00 9.709951e+01
      endloop
   endfacet
   facet normal 0.000000e+00 9.999954e-01 -3.033132e-03
      outer loop
         vertex 0.000000e+00 8.069547e+00 9.709951e+01
         vertex 2.000000e+01 8.069547e+00 9.709951e+01
         vertex 0.000000e+00 8.059347e+00 9.373672e+01
      endloop
   endfacet
   facet normal 0.000000e+00 9.999954e-01 -3.033132e-03
      outer loop
         vertex 0.000000e+00 8.059347e+00 9.373672e+01
         vertex 2.000000e+01 8.069547e+00 9.709951e+01
         vertex 2.000000e+01 8.059347e+00 9.373672e+01
      endloop
   endfacet
   facet normal -0.000000e+00 9.887755e-01 1.494089e-01
      outer loop
         vertex 0.000000e+00 8.059347e+00 9.373672e+01
         vertex 2.000000e+01 8.059347e+00 9.373672e+01
         vertex 0.000000e+00 8.561781e+00 9.041165e+01
      endloop
   endfacet
   facet normal -0.000000e+00 9.887755e-01 1.494089e-01
      outer loop
         vertex 0.000000e+00 8.561781e+00 9.041165e+01
         vertex 2.000000e+01 8.059347e+00 9.373672e+01
         vertex 2.000000e+01 8.561781e+00 9.041165e+01
      endloop
   endfacet
   facet normal -0.000000e+00 9.544531e-01 2.983611e-01
      outer loop
         vertex 0.000000e+00 8.561781e+00 9.041165e+01
         vertex 2.000000e+01 8.561781e+00 9.041165e+01
         vertex 0.000000e+00 9.565113e+00 8.720201e+01
      endloop
   endfacet
   facet normal -0.000000e+00 9.544531e-01 2.983611e-01
      outer loop
         vertex 0.000000e+00 9.565113e+00 8.720201e+01
         vertex 2.000000e+01 8.561781e+00 9.041165e+01
         vertex 2.000000e+01 9.565113e+00 8.720201e+01
      endloop
   endfacet
   facet normal -0.000000e+00 8.978304e-01 4.403414e-01
      outer loop
         vertex 0.000000e+00 9.565113e+00 8.720201e+01
         vertex 2.000000e+01 9.565113e+00 8.720201e+01
         vertex 0.000000e+00 1.104590e+01 8.418277e+01
      endloop
   endfacet
   facet normal -0.000000e+00 8.978304e-01 4.403414e-01
      outer loop
         vertex 0.000000e+00 1.104590e+01 8.418277e+01
         vertex 2.000000e+01 9.565113e+00 8.720201e+01
         vertex 2.000000e+01 1.104590e+01 8.418277e+01
      endloop
   endfacet
   facet normal -0.000000e+00 8.202298e-01 5.720341e-01
      outer loop
         vertex 0.000000e+00 1.104590e+01 8.418277e+01
         vertex 2.000000e+01 1.104590e+01 8.418277e+01
         vertex 0.000000e+00 1.296954e+01 8.142450e+01
      endloop
   endfacet
   facet normal -0.000000e+00 8.202298e-01 5.720341e-01
      outer loop
         vertex 0.000000e+00 1.296954e+01 8.142450e+01
         vertex 2.000000e+01 1.104590e+01 8.418277e+01
         vertex 2.000000e+01 1.296954e+01 8.142450e+01
      endloop
   endfacet
   facet normal -0.000000e+00 7.234656e-01 6.903604e-01
      outer loop
         vertex 0.000000e+00 1.296954e+01 8.142450e+01
         vertex 2.000000e+01 1.296954e+01 8.142450e+01
         vertex 0.000000e+00 1.529109e+01 7.899162e+01
      endloop
   endfacet
   facet normal -0.000000e+00 7.234656e-01 6.903604e-01
      outer loop
         vertex 0.000000e+00 1.529109e+01 7.899162e+01
         vertex 2.000000e+01 1.296954e+01 8.142450e+01
         vertex 2.000000e+01 1.529109e+01 7.899162e+01
      endloop
   endfacet
   facet normal -0.000000e+00 6.097970e-01 7.925576e-01
      outer loop
         vertex 0.000000e+00 1.529109e+01 7.899162e+01
         vertex 2.000000e+01 1.529109e+01 7.899162e+01
         vertex 0.000000e+00 1.795631e+01 7.694099e+01
      endloop
   endfacet
   facet normal -0.000000e+00 6.097970e-01 7.925576e-01
      outer loop
         vertex 0.000000e+00 1.795631e+01 7.694099e+01
         vertex 2.000000e+01 1.529109e+01 7.899162e+01
         vertex 2.000000e+01 1.795631e+01 7.694099e+01
      endloop
   endfacet
   facet normal -0.000000e+00 4.818813e-01 8.762365e-01
      outer loop
         vertex 0.000000e+00 1.795631e+01 7.694099e+01
         vertex 2.000000e+01 1.795631e+01 7.694099e+01
         vertex 0.000000e+00 2.090293e+01 7.532051e+01
      endloop
   endfacet
   facet normal -0.000000e+00 4.818813e-01 8.762365e-01
      outer loop
         vertex 0.000000e+00 2.090293e+01 7.532051e+01
         vertex 2.000000e+01 1.795631e+01 7.694099e+01
         vertex 2.000000e+01 2.090293e+01 7.532051e+01
      endloop
   endfacet
   facet normal -0.000000e+00 3.427062e-01 9.394426e-01
      outer loop
         vertex 0.000000e+00 2.090293e+01 7.532051e+01
         vertex 2.000000e+01 2.090293e+01 7.532051e+01
         vertex 0.000000e+00 2.406210e+01 7.416806e+01
      endloop
   endfacet
   facet normal -0.000000e+00 3.427062e-01 9.394426e-01
      outer loop
         vertex 0.000000e+00 2.406210e+01 7.416806e+01
         vertex 2.000000e+01 2.090293e+01 7.532051e+01
         vertex 2.000000e+01 2.406210e+01 7.416806e+01
      endloop
   endfacet
   facet normal -0.000000e+00 1.955240e-01 9.806989e-01
      outer loop
         vertex 0.000000e+00 2.406210e+01 7.416806e+01
         vertex 2.000000e+01 2.406210e+01 7.416806e+01
         vertex 0.000000e+00 2.736000e+01 7.351055e+01
      endloop
   endfacet
   facet normal -0.000000e+00 1.955240e-01 9.806989e-01
      outer loop
         vertex 0.000000e+00 2.736000e+01 7.351055e+01
         vertex 2.000000e+01 2.406210e+01 7.416806e+01
         vertex 2.000000e+01 2.736000e+01 7.351055e+01
      endloop
   endfacet
   facet normal -0.000000e+00 1.995313e-01 9.798915e-01
      outer loop
         vertex 0.000000e+00 2.736000e+01 7.351055e+01
         vertex 2.000000e+01 2.736000e+01 7.351055e+01
         vertex 2.000000e+01 2.783327e+01 7.341418e+01
      endloop
   endfacet
   facet normal 0.000000e+00 1.995313e-01 9.798915e-01
      outer loop
         vertex 0.000000e+00 2.736000e+01 7.351055e+01
         vertex 2.000000e+01 2.783327e+01 7.341418e+01
         vertex 0.000000e+00 2.783327e+01 7.341418e+01
      endloop
   endfacet
   facet normal -0.000000e+00 3.541806e-01 9.351770e-01
      outer loop
         vertex 0.000000e+00 2.783327e+01 7.341418e+01
         vertex 2.000000e+01 2.783327e+01 7.341418e+01
         vertex 2.000000e+01 2.828494e+01 7.324312e+01
      endloop
   endfacet
   facet normal 0.000000e+00 3.541806e-01 9.351770e-01
      outer loop
         vertex 0.000000e+00 2.783327e+01 7.341418e+01
         vertex 2.000000e+01 2.828494e+01 7.324312e+01
         vertex 0.000000e+00 2.828494e+01 7.324312e+01
      endloop
   endfacet
   facet normal -0.000000e+00 4.996647e-01 8.662189e-01
      outer loop
         vertex 0.000000e+00 2.828494e+01 7.324312e+01
         vertex 2.000000e+01 2.828494e+01 7.324312e+01
         vertex 2.000000e+01 2.870330e+01 7.300179e+01
      endloop
   endfacet
   facet normal 0.000000e+00 4.996647e-01 8.662189e-01
      outer loop
         vertex 0.000000e+00 2.828494e+01 7.324312e+01
         vertex 2.000000e+01 2.870330e+01 7.300179e+01
         vertex 0.000000e+00 2.870330e+01 7.300179e+01
      endloop
   endfacet
   facet normal -0.000000e+00 6.321869e-01 7.748159e-01
      outer loop
         vertex 0.000000e+00 2.870330e+01 7.300179e+01
         vertex 2.000000e+01 2.870330e+01 7.300179e+01
         vertex 2.000000e+01 2.907752e+01 7.269645e+01
      endloop
   endfacet
   facet normal 0.000000e+00 6.321869e-01 7.748159e-01
      outer loop
         vertex 0.000000e+00 2.870330e+01 7.300179e+01
         vertex 2.000000e+01 2.907752e+01 7.269645e+01
         vertex 0.000000e+00 2.907752e+01 7.269645e+01
      endloop
   endfacet
   facet normal -0.000000e+00 7.483308e-01 6.633257e-01
      outer loop
         vertex 0.000000e+00 2.907752e+01 7.269645e+01
         vertex 2.000000e+01 2.907752e+01 7.269645e+01
         vertex 2.000000e+01 2.939789e+01 7.233503e+01
      endloop
   endfacet
   facet normal 0.000000e+00 7.483308e-01 6.633257e-01
      outer loop
         vertex 0.000000e+00 2.907752e+01 7.269645e+01
         vertex 2.000000e+01 2.939789e+01 7.233503e+01
         vertex 0.000000e+00 2.939789e+01 7.233503e+01
      endloop
   endfacet
   facet normal -0.000000e+00 8.450794e-01 5.346408e-01
      outer loop
         vertex 0.000000e+00 2.939789e+01 7.233503e+01
         vertex 2.000000e+01 2.939789e+01 7.233503e+01
         vertex 2.000000e+01 2.965612e+01 7.192687e+01
      endloop
   endfacet
   facet normal 0.000000e+00 8.450794e-01 5.346408e-01
      outer loop
         vertex 0.000000e+00 2.939789e+01 7.233503e+01
         vertex 2.000000e+01 2.965612e+01 7.192687e+01
         vertex 0.000000e+00 2.965612e+01 7.192687e+01
      endloop
   endfacet
   facet normal -0.000000e+00 9.199200e-01 3.921062e-01
      outer loop
         vertex 0.000000e+00 2.965612e+01 7.192687e+01
         vertex 2.000000e+01 2.965612e+01 7.192687e+01
         vertex 2.000000e+01 2.984549e+01 7.148257e+01
      endloop
   endfacet
   facet normal 0.000000e+00 9.199200e-01 3.921062e-01
      outer loop
         vertex 0.000000e+00 2.965612e+01 7.192687e+01
         vertex 2.000000e+01 2.984549e+01 7.148257e+01
         vertex 0.000000e+00 2.984549e+01 7.148257e+01
      endloop
   endfacet
   facet normal -0.000000e+00 9.709204e-01 2.394023e-01
      outer loop
         vertex 0.000000e+00 2.984549e+01 7.148257e+01
         vertex 2.000000e+01 2.984549e+01 7.148257e+01
         vertex 2.000000e+01 2.996112e+01 7.101363e+01
      endloop
   endfacet
   facet normal 0.000000e+00 9.709204e-01 2.394023e-01
      outer loop
         vertex 0.000000e+00 2.984549e+01 7.148257e+01
         vertex 2.000000e+01 2.996112e+01 7.101363e+01
         vertex 0.000000e+00 2.996112e+01 7.101363e+01
      endloop
   endfacet
   facet normal -0.000000e+00 9.967549e-01 8.049679e-02
      outer loop
         vertex 0.000000e+00 2.996112e+01 7.101363e+01
         vertex 2.000000e+01 2.996112e+01 7.101363e+01
         vertex 2.000000e+01 3.000000e+01 7.053222e+01
      endloop
   endfacet
   facet normal 0.000000e+00 9.967549e-01 8.049679e-02
      outer loop
         vertex 0.000000e+00 2.996112e+01 7.101363e+01
         vertex 2.000000e+01 3.000000e+01 7.053222e+01
         vertex 0.000000e+00 3.000000e+01 7.053222e+01
      endloop
   endfacet
   facet normal 0.000000e+00 1.000000e+00 -2.671360e-14
      outer loop
         vertex 0.000000e+00 3.000000e+01 6.446778e+01
         vertex 0.000000e+00 3.000000e+01 7.053222e+01
         vertex 2.000000e+01 3.000000e+01 6.446778e+01
      endloop
   endfacet
   facet normal 0.000000e+00 1.000000e+00 -2.671360e-14
      outer loop
         vertex 2.000000e+01 3.000000e+01 6.446778e+01
         vertex 0.000000e+00 3.000000e+01 7.053222e+01
         vertex 2.000000e+01 3.000000e+01 7.053222e+01
      endloop
   endfacet
   facet normal 0.000000e+00 9.967549e-01 -8.049649e-02
      outer loop
         vertex 0.000000e+00 3.000000e+01 6.446778e+01
         vertex 2.000000e+01 3.000000e+01 6.446778e+01
         vertex 2.000000e+01 2.996112e+01 6.398636e+01
      endloop
   endfacet
   facet normal 0.000000e+00 9.967549e-01 -8.049649e-02
      outer loop
         vertex 0.000000e+00 3.000000e+01 6.446778e+01
         vertex 2.000000e+01 2.996112e+01 6.398636e+01
         vertex 0.000000e+00 2.996112e+01 6.398636e+01
      endloop
   endfacet
   facet normal 0.000000e+00 9.709202e-01 -2.394032e-01
      outer loop
         vertex 0.000000e+00 2.996112e+01 6.398636e+01
         vertex 2.000000e+01 2.996112e+01 6.398636e+01
         vertex 2.000000e+01 2.984549e+01 6.351743e+01
      endloop
   endfacet
   facet normal 0.000000e+00 9.709202e-01 -2.394032e-01
      outer loop
         vertex 0.000000e+00 2.996112e+01 6.398636e+01
         vertex 2.000000e+01 2.984549e+01 6.351743e+01
         vertex 0.000000e+00 2.984549e+01 6.351743e+01
      endloop
   endfacet
   facet normal 0.000000e+00 9.199206e-01 -3.921048e-01
      outer loop
         vertex 0.000000e+00 2.984549e+01 6.351743e+01
         vertex 2.000000e+01 2.984549e+01 6.351743e+01
         vertex 2.000000e+01 2.965612e+01 6.307313e+01
      endloop
   endfacet
   facet normal 0.000000e+00 9.199206e-01 -3.921048e-01
      outer loop
         vertex 0.000000e+00 2.984549e+01 6.351743e+01
         vertex 2.000000e+01 2.965612e+01 6.307313e+01
         vertex 0.000000e+00 2.965612e+01 6.307313e+01
      endloop
   endfacet
   facet normal 0.000000e+00 8.450783e-01 -5.346426e-01
      outer loop
         vertex 0.000000e+00 2.965612e+01 6.307313e+01
         vertex 2.000000e+01 2.965612e+01 6.307313e+01
         vertex 2.000000e+01 2.939789e+01 6.266497e+01
      endloop
   endfacet
   facet normal 0.000000e+00 8.450783e-01 -5.346426e-01
      outer loop
         vertex 0.000000e+00 2.965612e+01 6.307313e+01
         vertex 2.000000e+01 2.939789e+01 6.266497e+01
         vertex 0.000000e+00 2.939789e+01 6.266497e+01
      endloop
   endfacet
   facet normal 0.000000e+00 7.483308e-01 -6.633257e-01
      outer loop
         vertex 0.000000e+00 2.939789e+01 6.266497e+01
         vertex 2.000000e+01 2.939789e+01 6.266497e+01
         vertex 2.000000e+01 2.907752e+01 6.230354e+01
      endloop
   endfacet
   facet normal 0.000000e+00 7.483308e-01 -6.633257e-01
      outer loop
         vertex 0.000000e+00 2.939789e+01 6.266497e+01
         vertex 2.000000e+01 2.907752e+01 6.230354e+01
         vertex 0.000000e+00 2.907752e+01 6.230354e+01
      endloop
   endfacet
   facet normal 0.000000e+00 6.321893e-01 -7.748140e-01
      outer loop
         vertex 0.000000e+00 2.907752e+01 6.230354e+01
         vertex 2.000000e+01 2.907752e+01 6.230354e+01
         vertex 2.000000e+01 2.870330e+01 6.199821e+01
      endloop
   endfacet
   facet normal 0.000000e+00 6.321893e-01 -7.748140e-01
      outer loop
         vertex 0.000000e+00 2.907752e+01 6.230354e+01
         vertex 2.000000e+01 2.870330e+01 6.199821e+01
         vertex 0.000000e+00 2.870330e+01 6.199821e+01
      endloop
   endfacet
   facet normal 0.000000e+00 4.996618e-01 -8.662206e-01
      outer loop
         vertex 0.000000e+00 2.870330e+01 6.199821e+01
         vertex 2.000000e+01 2.870330e+01 6.199821e+01
         vertex 2.000000e+01 2.828494e+01 6.175688e+01
      endloop
   endfacet
   facet normal 0.000000e+00 4.996618e-01 -8.662206e-01
      outer loop
         vertex 0.000000e+00 2.870330e+01 6.199821e+01
         vertex 2.000000e+01 2.828494e+01 6.175688e+01
         vertex 0.000000e+00 2.828494e+01 6.175688e+01
      endloop
   endfacet
   facet normal 0.000000e+00 3.541840e-01 -9.351758e-01
      outer loop
         vertex 0.000000e+00 2.828494e+01 6.175688e+01
         vertex 2.000000e+01 2.828494e+01 6.175688e+01
         vertex 2.000000e+01 2.783327e+01 6.158582e+01
      endloop
   endfacet
   facet normal 0.000000e+00 3.541840e-01 -9.351758e-01
      outer loop
         vertex 0.000000e+00 2.828494e+01 6.175688e+01
         vertex 2.000000e+01 2.783327e+01 6.158582e+01
         vertex 0.000000e+00 2.783327e+01 6.158582e+01
      endloop
   endfacet
   facet normal 0.000000e+00 1.995276e-01 -9.798922e-01
      outer loop
         vertex 0.000000e+00 2.783327e+01 6.158582e+01
         vertex 2.000000e+01 2.783327e+01 6.158582e+01
         vertex 2.000000e+01 2.736000e+01 6.148945e+01
      endloop
   endfacet
   facet normal 0.000000e+00 1.995276e-01 -9.798922e-01
      outer loop
         vertex 0.000000e+00 2.783327e+01 6.158582e+01
         vertex 2.000000e+01 2.736000e+01 6.148945e+01
         vertex 0.000000e+00 2.736000e+01 6.148945e+01
      endloop
   endfacet
   facet normal 0.000000e+00 1.955240e-01 -9.806989e-01
      outer loop
         vertex 0.000000e+00 2.736000e+01 6.148945e+01
         vertex 2.000000e+01 2.736000e+01 6.148945e+01
         vertex 0.000000e+00 2.406210e+01 6.083194e+01
      endloop
   endfacet
   facet normal 0.000000e+00 1.955240e-01 -9.806989e-01
      outer loop
         vertex 0.000000e+00 2.406210e+01 6.083194e+01
         vertex 2.000000e+01 2.736000e+01 6.148945e+01
         vertex 2.000000e+01 2.406210e+01 6.083194e+01
      endloop
   endfacet
   facet normal 0.000000e+00 3.427062e-01 -9.394426e-01
      outer loop
         vertex 0.000000e+00 2.406210e+01 6.083194e+01
         vertex 2.000000e+01 2.406210e+01 6.083194e+01
         vertex 0.000000e+00 2.090293e+01 5.967949e+01
      endloop
   endfacet
   facet normal 0.000000e+00 3.427062e-01 -9.394426e-01
      outer loop
         vertex 0.000000e+00 2.090293e+01 5.967949e+01
         vertex 2.000000e+01 2.406210e+01 6.083194e+01
         vertex 2.000000e+01 2.090293e+01 5.967949e+01
      endloop
   endfacet
   facet normal 0.000000e+00 4.818813e-01 -8.762365e-01
      outer loop
         vertex 0.000000e+00 2.090293e+01 5.967949e+01
         vertex 2.000000e+01 2.090293e+01 5.967949e+01
         vertex 0.000000e+00 1.795631e+01 5.805901e+01
      endloop
   endfacet
   facet normal 0.000000e+00 4.818813e-01 -8.762365e-01
      outer loop
         vertex 0.000000e+00 1.795631e+01 5.805901e+01
         vertex 2.000000e+01 2.090293e+01 5.967949e+01
         vertex 2.000000e+01 1.795631e+01 5.805901e+01
      endloop
   endfacet
   facet normal 0.000000e+00 6.097974e-01 -7.925574e-01
      outer loop
         vertex 0.000000e+00 1.795631e+01 5.805901e+01
         vertex 2.000000e+01 1.795631e+01 5.805901e+01
         vertex 0.000000e+00 1.529109e+01 5.600838e+01
      endloop
   endfacet
   facet normal 0.000000e+00 6.097974e-01 -7.925574e-01
      outer loop
         vertex 0.000000e+00 1.529109e+01 5.600838e+01
         vertex 2.000000e+01 1.795631e+01 5.805901e+01
         vertex 2.000000e+01 1.529109e+01 5.600838e+01
      endloop
   endfacet
   facet normal 0.000000e+00 7.234652e-01 -6.903608e-01
      outer loop
         vertex 0.000000e+00 1.529109e+01 5.600838e+01
         vertex 2.000000e+01 1.529109e+01 5.600838e+01
         vertex 0.000000e+00 1.296954e+01 5.357550e+01
      endloop
   endfacet
   facet normal 0.000000e+00 7.234652e-01 -6.903608e-01
      outer loop
         vertex 0.000000e+00 1.296954e+01 5.357550e+01
         vertex 2.000000e+01 1.529109e+01 5.600838e+01
         vertex 2.000000e+01 1.296954e+01 5.357550e+01
      endloop
   endfacet
   facet normal 0.000000e+00 8.202300e-01 -5.720339e-01
      outer loop
         vertex 0.000000e+00 1.296954e+01 5.357550e+01
         vertex 2.000000e+01 1.296954e+01 5.357550e+01
         vertex 0.000000e+00 1.104590e+01 5.081723e+01
      endloop
   endfacet
   facet normal 0.000000e+00 8.202300e-01 -5.720339e-01
      outer loop
         vertex 0.000000e+00 1.104590e+01 5.081723e+01
         vertex 2.000000e+01 1.296954e+01 5.357550e+01
         vertex 2.000000e+01 1.104590e+01 5.081723e+01
      endloop
   endfacet
   facet normal 0.000000e+00 8.978304e-01 -4.403413e-01
      outer loop
         vertex 0.000000e+00 1.104590e+01 5.081723e+01
         vertex 2.000000e+01 1.104590e+01 5.081723e+01
         vertex 0.000000e+00 9.565113e+00 4.779799e+01
      endloop
   endfacet
   facet normal 0.000000e+00 8.978304e-01 -4.403413e-01
      outer loop
         vertex 0.000000e+00 9.565113e+00 4.779799e+01
         vertex 2.000000e+01 1.104590e+01 5.081723e+01
         vertex 2.000000e+01 9.565113e+00 4.779799e+01
      endloop
   endfacet
   facet normal 0.000000e+00 9.544530e-01 -2.983613e-01
      outer loop
         vertex 0.000000e+00 9.565113e+00 4.779799e+01
         vertex 2.000000e+01 9.565113e+00 4.779799e+01
         vertex 0.000000e+00 8.561781e+00 4.458835e+01
      endloop
   endfacet
   facet normal 0.000000e+00 9.544530e-01 -2.983613e-01
      outer loop
         vertex 0.000000e+00 8.561781e+00 4.458835e+01
         vertex 2.000000e+01 9.565113e+00 4.779799e+01
         vertex 2.000000e+01 8.561781e+00 4.458835e+01
      endloop
   endfacet
   facet normal 0.000000e+00 9.887755e-01 -1.494089e-01
      outer loop
         vertex 0.000000e+00 8.561781e+00 4.458835e+01
         vertex 2.000000e+01 8.561781e+00 4.458835e+01
         vertex 0.000000e+00 8.059347e+00 4.126328e+01
      endloop
   endfacet
   facet normal 0.000000e+00 9.887755e-01 -1.494089e-01
      outer loop
         vertex 0.000000e+00 8.059347e+00 4.126328e+01
         vertex 2.000000e+01 8.561781e+00 4.458835e+01
         vertex 2.000000e+01 8.059347e+00 4.126328e+01
      endloop
   endfacet
   facet normal -0.000000e+00 9.999954e-01 3.033131e-03
      outer loop
         vertex 0.000000e+00 8.059347e+00 4.126328e+01
         vertex 2.000000e+01 8.059347e+00 4.126328e+01
         vertex 0.000000e+00 8.069547e+00 3.790049e+01
      endloop
   endfacet
   facet normal -0.000000e+00 9.999954e-01 3.033131e-03
      outer loop
         vertex 0.000000e+00 8.069547e+00 3.790049e+01
         vertex 2.000000e+01 8.059347e+00 4.126328e+01
         vertex 2.000000e+01 8.069547e+00 3.790049e+01
      endloop
   endfacet
   facet normal -0.000000e+00 9.878508e-01 1.554053e-01
      outer loop
         vertex 0.000000e+00 8.069547e+00 3.790049e+01
         vertex 2.000000e+01 8.069547e+00 3.790049e+01
         vertex 0.000000e+00 8.592146e+00 3.457854e+01
      endloop
   endfacet
   facet normal -0.000000e+00 9.878508e-01 1.554053e-01
      outer loop
         vertex 0.000000e+00 8.592146e+00 3.457854e+01
         vertex 2.000000e+01 8.069547e+00 3.790049e+01
         vertex 2.000000e+01 8.592146e+00 3.457854e+01
      endloop
   endfacet
   facet normal -0.000000e+00 9.526254e-01 3.041462e-01
      outer loop
         vertex 0.000000e+00 8.592146e+00 3.457854e+01
         vertex 2.000000e+01 8.592146e+00 3.457854e+01
         vertex 0.000000e+00 9.614931e+00 3.137504e+01
      endloop
   endfacet
   facet normal -0.000000e+00 9.526254e-01 3.041462e-01
      outer loop
         vertex 0.000000e+00 9.614931e+00 3.137504e+01
         vertex 2.000000e+01 8.592146e+00 3.457854e+01
         vertex 2.000000e+01 9.614931e+00 3.137504e+01
      endloop
   endfacet
   facet normal -0.000000e+00 8.951422e-01 4.457806e-01
      outer loop
         vertex 0.000000e+00 9.614931e+00 3.137504e+01
         vertex 2.000000e+01 9.614931e+00 3.137504e+01
         vertex 0.000000e+00 1.111401e+01 2.836484e+01
      endloop
   endfacet
   facet normal -0.000000e+00 8.951422e-01 4.457806e-01
      outer loop
         vertex 0.000000e+00 1.111401e+01 2.836484e+01
         vertex 2.000000e+01 9.614931e+00 3.137504e+01
         vertex 2.000000e+01 1.111401e+01 2.836484e+01
      endloop
   endfacet
   facet normal -0.000000e+00 8.167445e-01 5.769995e-01
      outer loop
         vertex 0.000000e+00 1.111401e+01 2.836484e+01
         vertex 2.000000e+01 1.111401e+01 2.836484e+01
         vertex 0.000000e+00 1.305435e+01 2.561829e+01
      endloop
   endfacet
   facet normal -0.000000e+00 8.167445e-01 5.769995e-01
      outer loop
         vertex 0.000000e+00 1.305435e+01 2.561829e+01
         vertex 2.000000e+01 1.111401e+01 2.836484e+01
         vertex 2.000000e+01 1.305435e+01 2.561829e+01
      endloop
   endfacet
   facet normal -0.000000e+00 7.192635e-01 6.947373e-01
      outer loop
         vertex 0.000000e+00 1.305435e+01 2.561829e+01
         vertex 2.000000e+01 1.305435e+01 2.561829e+01
         vertex 0.000000e+00 1.539062e+01 2.319954e+01
      endloop
   endfacet
   facet normal -0.000000e+00 7.192635e-01 6.947373e-01
      outer loop
         vertex 0.000000e+00 1.539062e+01 2.319954e+01
         vertex 2.000000e+01 1.305435e+01 2.561829e+01
         vertex 2.000000e+01 1.539062e+01 2.319954e+01
      endloop
   endfacet
   facet normal -0.000000e+00 6.049775e-01 7.962426e-01
      outer loop
         vertex 0.000000e+00 1.539062e+01 2.319954e+01
         vertex 2.000000e+01 1.539062e+01 2.319954e+01
         vertex 0.000000e+00 1.806823e+01 2.116512e+01
      endloop
   endfacet
   facet normal -0.000000e+00 6.049775e-01 7.962426e-01
      outer loop
         vertex 0.000000e+00 1.806823e+01 2.116512e+01
         vertex 2.000000e+01 1.539062e+01 2.319954e+01
         vertex 2.000000e+01 1.806823e+01 2.116512e+01
      endloop
   endfacet
   facet normal -0.000000e+00 4.765562e-01 8.791440e-01
      outer loop
         vertex 0.000000e+00 1.806823e+01 2.116512e+01
         vertex 2.000000e+01 1.806823e+01 2.116512e+01
         vertex 0.000000e+00 2.102462e+01 1.956255e+01
      endloop
   endfacet
   facet normal -0.000000e+00 4.765562e-01 8.791440e-01
      outer loop
         vertex 0.000000e+00 2.102462e+01 1.956255e+01
         vertex 2.000000e+01 1.806823e+01 2.116512e+01
         vertex 2.000000e+01 2.102462e+01 1.956255e+01
      endloop
   endfacet
   facet normal -0.000000e+00 3.370005e-01 9.415045e-01
      outer loop
         vertex 0.000000e+00 2.102462e+01 1.956255e+01
         vertex 2.000000e+01 2.102462e+01 1.956255e+01
         vertex 0.000000e+00 2.419072e+01 1.842928e+01
      endloop
   endfacet
   facet normal -0.000000e+00 3.370005e-01 9.415045e-01
      outer loop
         vertex 0.000000e+00 2.419072e+01 1.842928e+01
         vertex 2.000000e+01 2.102462e+01 1.956255e+01
         vertex 2.000000e+01 2.419072e+01 1.842928e+01
      endloop
   endfacet
   facet normal -0.000000e+00 1.895707e-01 9.818671e-01
      outer loop
         vertex 0.000000e+00 2.419072e+01 1.842928e+01
         vertex 2.000000e+01 2.419072e+01 1.842928e+01
         vertex 0.000000e+00 2.749256e+01 1.779179e+01
      endloop
   endfacet
   facet normal -0.000000e+00 1.895707e-01 9.818671e-01
      outer loop
         vertex 0.000000e+00 2.749256e+01 1.779179e+01
         vertex 2.000000e+01 2.419072e+01 1.842928e+01
         vertex 2.000000e+01 2.749256e+01 1.779179e+01
      endloop
   endfacet
   facet normal -0.000000e+00 3.771197e-02 9.992887e-01
      outer loop
         vertex 0.000000e+00 2.749256e+01 1.779179e+01
         vertex 2.000000e+01 2.749256e+01 1.779179e+01
         vertex 0.000000e+00 3.085297e+01 1.766497e+01
      endloop
   endfacet
   facet normal -0.000000e+00 3.771197e-02 9.992887e-01
      outer loop
         vertex 0.000000e+00 3.085297e+01 1.766497e+01
         vertex 2.000000e+01 2.749256e+01 1.779179e+01
         vertex 2.000000e+01 3.085297e+01 1.766497e+01
      endloop
   endfacet
   facet normal 0.000000e+00 -1.150280e-01 9.933622e-01
      outer loop
         vertex 0.000000e+00 3.085297e+01 1.766497e+01
         vertex 2.000000e+01 3.085297e+01 1.766497e+01
         vertex 0.000000e+00 3.419346e+01 1.805179e+01
      endloop
   endfacet
   facet normal 0.000000e+00 -1.150280e-01 9.933622e-01
      outer loop
         vertex 0.000000e+00 3.419346e+01 1.805179e+01
         vertex 2.000000e+01 3.085297e+01 1.766497e+01
         vertex 2.000000e+01 3.419346e+01 1.805179e+01
      endloop
   endfacet
   facet normal 0.000000e+00 -2.650805e-01 9.642263e-01
      outer loop
         vertex 0.000000e+00 3.419346e+01 1.805179e+01
         vertex 2.000000e+01 3.419346e+01 1.805179e+01
         vertex 0.000000e+00 3.743597e+01 1.894320e+01
      endloop
   endfacet
   facet normal 0.000000e+00 -2.650805e-01 9.642263e-01
      outer loop
         vertex 0.000000e+00 3.743597e+01 1.894320e+01
         vertex 2.000000e+01 3.419346e+01 1.805179e+01
         vertex 2.000000e+01 3.743597e+01 1.894320e+01
      endloop
   endfacet
   facet normal 0.000000e+00 -4.089398e-01 9.125614e-01
      outer loop
         vertex 0.000000e+00 3.743597e+01 1.894320e+01
         vertex 2.000000e+01 3.743597e+01 1.894320e+01
         vertex 0.000000e+00 4.050474e+01 2.031839e+01
      endloop
   endfacet
   facet normal 0.000000e+00 -4.089398e-01 9.125614e-01
      outer loop
         vertex 0.000000e+00 4.050474e+01 2.031839e+01
         vertex 2.000000e+01 3.743597e+01 1.894320e+01
         vertex 2.000000e+01 4.050474e+01 2.031839e+01
      endloop
   endfacet
   facet normal 0.000000e+00 -5.432441e-01 8.395748e-01
      outer loop
         vertex 0.000000e+00 4.050474e+01 2.031839e+01
         vertex 2.000000e+01 4.050474e+01 2.031839e+01
         vertex 0.000000e+00 4.332807e+01 2.214522e+01
      endloop
   endfacet
   facet normal 0.000000e+00 -5.432441e-01 8.395748e-01
      outer loop
         vertex 0.000000e+00 4.332807e+01 2.214522e+01
         vertex 2.000000e+01 4.050474e+01 2.031839e+01
         vertex 2.000000e+01 4.332807e+01 2.214522e+01
      endloop
   endfacet
   facet normal 0.000000e+00 -6.648554e-01 7.469721e-01
      outer loop
         vertex 0.000000e+00 4.332807e+01 2.214522e+01
         vertex 2.000000e+01 4.332807e+01 2.214522e+01
         vertex 0.000000e+00 4.584000e+01 2.438100e+01
      endloop
   endfacet
   facet normal 0.000000e+00 -6.648554e-01 7.469721e-01
      outer loop
         vertex 0.000000e+00 4.584000e+01 2.438100e+01
         vertex 2.000000e+01 4.332807e+01 2.214522e+01
         vertex 2.000000e+01 4.584000e+01 2.438100e+01
      endloop
   endfacet
   facet normal 0.000000e+00 -6.586278e-01 7.524688e-01
      outer loop
         vertex 0.000000e+00 4.584000e+01 2.438100e+01
         vertex 2.000000e+01 4.584000e+01 2.438100e+01
         vertex 2.000000e+01 4.622243e+01 2.471574e+01
      endloop
   endfacet
   facet normal 0.000000e+00 -6.586278e-01 7.524688e-01
      outer loop
         vertex 0.000000e+00 4.584000e+01 2.438100e+01
         vertex 2.000000e+01 4.622243e+01 2.471574e+01
         vertex 0.000000e+00 4.622243e+01 2.471574e+01
      endloop
   endfacet
   facet normal 0.000000e+00 -5.221610e-01 8.528470e-01
      outer loop
         vertex 0.000000e+00 4.622243e+01 2.471574e+01
         vertex 2.000000e+01 4.622243e+01 2.471574e+01
         vertex 2.000000e+01 4.665587e+01 2.498112e+01
      endloop
   endfacet
   facet normal 0.000000e+00 -5.221610e-01 8.528470e-01
      outer loop
         vertex 0.000000e+00 4.622243e+01 2.471574e+01
         vertex 2.000000e+01 4.665587e+01 2.498112e+01
         vertex 0.000000e+00 4.665587e+01 2.498112e+01
      endloop
   endfacet
   facet normal 0.000000e+00 -3.707034e-01 9.287513e-01
      outer loop
         vertex 0.000000e+00 4.665587e+01 2.498112e+01
         vertex 2.000000e+01 4.665587e+01 2.498112e+01
         vertex 2.000000e+01 4.712790e+01 2.516952e+01
      endloop
   endfacet
   facet normal 0.000000e+00 -3.707034e-01 9.287513e-01
      outer loop
         vertex 0.000000e+00 4.665587e+01 2.498112e+01
         vertex 2.000000e+01 4.712790e+01 2.516952e+01
         vertex 0.000000e+00 4.712790e+01 2.516952e+01
      endloop
   endfacet
   facet normal 0.000000e+00 -2.086089e-01 9.779991e-01
      outer loop
         vertex 0.000000e+00 4.712790e+01 2.516952e+01
         vertex 2.000000e+01 4.712790e+01 2.516952e+01
         vertex 2.000000e+01 4.762495e+01 2.527554e+01
      endloop
   endfacet
   facet normal 0.000000e+00 -2.086089e-01 9.779991e-01
      outer loop
         vertex 0.000000e+00 4.712790e+01 2.516952e+01
         vertex 2.000000e+01 4.762495e+01 2.527554e+01
         vertex 0.000000e+00 4.762495e+01 2.527554e+01
      endloop
   endfacet
   facet normal 0.000000e+00 -4.052685e-02 9.991784e-01
      outer loop
         vertex 0.000000e+00 4.762495e+01 2.527554e+01
         vertex 2.000000e+01 4.762495e+01 2.527554e+01
         vertex 2.000000e+01 4.813276e+01 2.529614e+01
      endloop
   endfacet
   facet normal 0.000000e+00 -4.052685e-02 9.991784e-01
      outer loop
         vertex 0.000000e+00 4.762495e+01 2.527554e+01
         vertex 2.000000e+01 4.813276e+01 2.529614e+01
         vertex 0.000000e+00 4.813276e+01 2.529614e+01
      endloop
   endfacet
   facet normal -0.000000e+00 1.287168e-01 9.916814e-01
      outer loop
         vertex 0.000000e+00 4.813276e+01 2.529614e+01
         vertex 2.000000e+01 4.813276e+01 2.529614e+01
         vertex 2.000000e+01 4.863677e+01 2.523072e+01
      endloop
   endfacet
   facet normal 0.000000e+00 1.287168e-01 9.916814e-01
      outer loop
         vertex 0.000000e+00 4.813276e+01 2.529614e+01
         vertex 2.000000e+01 4.863677e+01 2.523072e+01
         vertex 0.000000e+00 4.863677e+01 2.523072e+01
      endloop
   endfacet
   facet normal -0.000000e+00 2.942684e-01 9.557228e-01
      outer loop
         vertex 0.000000e+00 4.863677e+01 2.523072e+01
         vertex 2.000000e+01 4.863677e+01 2.523072e+01
         vertex 2.000000e+01 4.912250e+01 2.508116e+01
      endloop
   endfacet
   facet normal 0.000000e+00 2.942684e-01 9.557228e-01
      outer loop
         vertex 0.000000e+00 4.863677e+01 2.523072e+01
         vertex 2.000000e+01 4.912250e+01 2.508116e+01
         vertex 0.000000e+00 4.912250e+01 2.508116e+01
      endloop
   endfacet
   facet normal -0.000000e+00 4.513736e-01 8.923351e-01
      outer loop
         vertex 0.000000e+00 4.912250e+01 2.508116e+01
         vertex 2.000000e+01 4.912250e+01 2.508116e+01
         vertex 2.000000e+01 4.957601e+01 2.485176e+01
      endloop
   endfacet
   facet normal 0.000000e+00 4.513736e-01 8.923351e-01
      outer loop
         vertex 0.000000e+00 4.912250e+01 2.508116e+01
         vertex 2.000000e+01 4.957601e+01 2.485176e+01
         vertex 0.000000e+00 4.957601e+01 2.485176e+01
      endloop
   endfacet
   facet normal -0.000000e+00 5.955241e-01 8.033374e-01
      outer loop
         vertex 0.000000e+00 4.957601e+01 2.485176e+01
         vertex 2.000000e+01 4.957601e+01 2.485176e+01
         vertex 2.000000e+01 4.998429e+01 2.454909e+01
      endloop
   endfacet
   facet normal 0.000000e+00 5.955241e-01 8.033374e-01
      outer loop
         vertex 0.000000e+00 4.957601e+01 2.485176e+01
         vertex 2.000000e+01 4.998429e+01 2.454909e+01
         vertex 0.000000e+00 4.998429e+01 2.454909e+01
      endloop
   endfacet
   facet normal -0.000000e+00 7.225847e-01 6.912824e-01
      outer loop
         vertex 0.000000e+00 4.998429e+01 2.454909e+01
         vertex 2.000000e+01 4.998429e+01 2.454909e+01
         vertex 2.000000e+01 5.033563e+01 2.418185e+01
      endloop
   endfacet
   facet normal 0.000000e+00 7.225847e-01 6.912824e-01
      outer loop
         vertex 0.000000e+00 4.998429e+01 2.454909e+01
         vertex 2.000000e+01 5.033563e+01 2.418185e+01
         vertex 0.000000e+00 5.033563e+01 2.418185e+01
      endloop
   endfacet
   facet normal -0.000000e+00 8.289038e-01 5.593912e-01
      outer loop
         vertex 0.000000e+00 5.033563e+01 2.418185e+01
         vertex 2.000000e+01 5.033563e+01 2.418185e+01
         vertex 2.000000e+01 5.061993e+01 2.376058e+01
      endloop
   endfacet
   facet normal 0.000000e+00 8.289038e-01 5.593912e-01
      outer loop
         vertex 0.000000e+00 5.033563e+01 2.418185e+01
         vertex 2.000000e+01 5.061993e+01 2.376058e+01
         vertex 0.000000e+00 5.061993e+01 2.376058e+01
      endloop
   endfacet
   facet normal -0.000000e+00 9.114360e-01 4.114418e-01
      outer loop
         vertex 0.000000e+00 5.061993e+01 2.376058e+01
         vertex 2.000000e+01 5.061993e+01 2.376058e+01
         vertex 2.000000e+01 5.082903e+01 2.329736e+01
      endloop
   endfacet
   facet normal 0.000000e+00 9.114360e-01 4.114418e-01
      outer loop
         vertex 0.000000e+00 5.061993e+01 2.376058e+01
         vertex 2.000000e+01 5.082903e+01 2.329736e+01
         vertex 0.000000e+00 5.082903e+01 2.329736e+01
      endloop
   endfacet
   facet normal -0.000000e+00 9.678089e-01 2.516863e-01
      outer loop
         vertex 0.000000e+00 5.082903e+01 2.329736e+01
         vertex 2.000000e+01 5.082903e+01 2.329736e+01
         vertex 2.000000e+01 5.095695e+01 2.280548e+01
      endloop
   endfacet
   facet normal 0.000000e+00 9.678089e-01 2.516863e-01
      outer loop
         vertex 0.000000e+00 5.082903e+01 2.329736e+01
         vertex 2.000000e+01 5.095695e+01 2.280548e+01
         vertex 0.000000e+00 5.095695e+01 2.280548e+01
      endloop
   endfacet
   facet normal -0.000000e+00 9.964061e-01 8.470414e-02
      outer loop
         vertex 0.000000e+00 5.095695e+01 2.280548e+01
         vertex 2.000000e+01 5.095695e+01 2.280548e+01
         vertex 2.000000e+01 5.100000e+01 2.229908e+01
      endloop
   endfacet
   facet normal 0.000000e+00 9.964061e-01 8.470414e-02
      outer loop
         vertex 0.000000e+00 5.095695e+01 2.280548e+01
         vertex 2.000000e+01 5.100000e+01 2.229908e+01
         vertex 0.000000e+00 5.100000e+01 2.229908e+01
      endloop
   endfacet
   facet normal 0.000000e+00 1.000000e+00 0.000000e+00
      outer loop
         vertex 9.298858e+00 5.100000e+01 6.926369e+00
         vertex 8.974999e+00 5.100000e+01 6.775353e+00
         vertex 0.000000e+00 5.100000e+01 2.229908e+01
      endloop
   endfacet
   facet normal 0.000000e+00 1.000000e+00 0.000000e+00
      outer loop
         vertex 0.000000e+00 5.100000e+01 2.229908e+01
         vertex 8.974999e+00 5.100000e+01 6.775353e+00
         vertex 8.682285e+00 5.100000e+01 6.570391e+00
      endloop
   endfacet
   facet normal 0.000000e+00 1.000000e+00 0.000000e+00
      outer loop
         vertex 0.000000e+00 5.100000e+01 2.229908e+01
         vertex 8.682285e+00 5.100000e+01 6.570391e+00
         vertex 8.429608e+00 5.100000e+01 6.317712e+00
      endloop
   endfacet
   facet normal 0.000000e+00 1.000000e+00 -0.000000e+00
      outer loop
         vertex 1.070114e+01 5.100000e+01 6.926369e+00
         vertex 1.035598e+01 5.100000e+01 7.018857e+00
         vertex 2.000000e+01 5.100000e+01 2.229908e+01
      endloop
   endfacet
   facet normal 0.000000e+00 1.000000e+00 0.000000e+00
      outer loop
         vertex 2.000000e+01 5.100000e+01 2.229908e+01
         vertex 1.035598e+01 5.100000e+01 7.018857e+00
         vertex 1.000000e+01 5.100000e+01 7.050000e+00
      endloop
   endfacet
   facet normal 0.000000e+00 1.000000e+00 0.000000e+00
      outer loop
         vertex 2.000000e+01 5.100000e+01 2.229908e+01
         vertex 1.000000e+01 5.100000e+01 7.050000e+00
         vertex 0.000000e+00 5.100000e+01 2.229908e+01
      endloop
   endfacet
   facet normal 0.000000e+00 1.000000e+00 0.000000e+00
      outer loop
         vertex 0.000000e+00 5.100000e+01 2.229908e+01
         vertex 1.000000e+01 5.100000e+01 7.050000e+00
         vertex 9.644020e+00 5.100000e+01 7.018857e+00
      endloop
   endfacet
   facet normal 0.000000e+00 1.000000e+00 0.000000e+00
      outer loop
         vertex 0.000000e+00 5.100000e+01 2.229908e+01
         vertex 9.644020e+00 5.100000e+01 7.018857e+00
         vertex 9.298858e+00 5.100000e+01 6.926369e+00
      endloop
   endfacet
   facet normal 0.000000e+00 1.000000e+00 0.000000e+00
      outer loop
         vertex 0.000000e+00 5.100000e+01 0.000000e+00
         vertex 7.950000e+00 5.100000e+01 4.999999e+00
         vertex 7.981144e+00 5.100000e+01 4.644021e+00
      endloop
   endfacet
   facet normal 0.000000e+00 1.000000e+00 0.000000e+00
      outer loop
         vertex 7.981144e+00 5.100000e+01 4.644021e+00
         vertex 8.073630e+00 5.100000e+01 4.298858e+00
         vertex 0.000000e+00 5.100000e+01 0.000000e+00
      endloop
   endfacet
   facet normal 0.000000e+00 1.000000e+00 0.000000e+00
      outer loop
         vertex 0.000000e+00 5.100000e+01 0.000000e+00
         vertex 8.073630e+00 5.100000e+01 4.298858e+00
         vertex 8.224647e+00 5.100000e+01 3.975000e+00
      endloop
   endfacet
   facet normal 0.000000e+00 1.000000e+00 0.000000e+00
      outer loop
         vertex 0.000000e+00 5.100000e+01 0.000000e+00
         vertex 8.224647e+00 5.100000e+01 3.975000e+00
         vertex 8.429608e+00 5.100000e+01 3.682286e+00
      endloop
   endfacet
   facet normal 0.000000e+00 1.000000e+00 0.000000e+00
      outer loop
         vertex 9.298858e+00 5.100000e+01 3.073629e+00
         vertex 9.644020e+00 5.100000e+01 2.981145e+00
         vertex 0.000000e+00 5.100000e+01 0.000000e+00
      endloop
   endfacet
   facet normal 0.000000e+00 1.000000e+00 0.000000e+00
      outer loop
         vertex 0.000000e+00 5.100000e+01 0.000000e+00
         vertex 9.644020e+00 5.100000e+01 2.981145e+00
         vertex 1.000000e+01 5.100000e+01 2.949998e+00
      endloop
   endfacet
   facet normal 0.000000e+00 1.000000e+00 0.000000e+00
      outer loop
         vertex 0.000000e+00 5.100000e+01 0.000000e+00
         vertex 1.000000e+01 5.100000e+01 2.949998e+00
         vertex 2.000000e+01 5.100000e+01 0.000000e+00
      endloop
   endfacet
   facet normal 0.000000e+00 1.000000e+00 0.000000e+00
      outer loop
         vertex 2.000000e+01 5.100000e+01 0.000000e+00
         vertex 1.000000e+01 5.100000e+01 2.949998e+00
         vertex 1.035598e+01 5.100000e+01 2.981145e+00
      endloop
   endfacet
   facet normal 0.000000e+00 1.000000e+00 0.000000e+00
      outer loop
         vertex 2.000000e+01 5.100000e+01 0.000000e+00
         vertex 1.035598e+01 5.100000e+01 2.981145e+00
         vertex 1.070114e+01 5.100000e+01 3.073629e+00
      endloop
   endfacet
   facet normal 0.000000e+00 1.000000e+00 0.000000e+00
      outer loop
         vertex 8.429608e+00 5.100000e+01 6.317712e+00
         vertex 8.224647e+00 5.100000e+01 6.024998e+00
         vertex 0.000000e+00 5.100000e+01 2.229908e+01
      endloop
   endfacet
   facet normal 0.000000e+00 1.000000e+00 0.000000e+00
      outer loop
         vertex 0.000000e+00 5.100000e+01 2.229908e+01
         vertex 8.224647e+00 5.100000e+01 6.024998e+00
         vertex 8.073630e+00 5.100000e+01 5.701140e+00
      endloop
   endfacet
   facet normal 0.000000e+00 1.000000e+00 0.000000e+00
      outer loop
         vertex 0.000000e+00 5.100000e+01 2.229908e+01
         vertex 8.073630e+00 5.100000e+01 5.701140e+00
         vertex 0.000000e+00 5.100000e+01 0.000000e+00
      endloop
   endfacet
   facet normal 0.000000e+00 1.000000e+00 0.000000e+00
      outer loop
         vertex 0.000000e+00 5.100000e+01 0.000000e+00
         vertex 8.073630e+00 5.100000e+01 5.701140e+00
         vertex 7.981144e+00 5.100000e+01 5.355977e+00
      endloop
   endfacet
   facet normal 0.000000e+00 1.000000e+00 0.000000e+00
      outer loop
         vertex 0.000000e+00 5.100000e+01 0.000000e+00
         vertex 7.981144e+00 5.100000e+01 5.355977e+00
         vertex 7.950000e+00 5.100000e+01 4.999999e+00
      endloop
   endfacet
   facet normal 0.000000e+00 1.000000e+00 0.000000e+00
      outer loop
         vertex 8.429608e+00 5.100000e+01 3.682286e+00
         vertex 8.682285e+00 5.100000e+01 3.429607e+00
         vertex 0.000000e+00 5.100000e+01 0.000000e+00
      endloop
   endfacet
   facet normal 0.000000e+00 1.000000e+00 0.000000e+00
      outer loop
         vertex 0.000000e+00 5.100000e+01 0.000000e+00
         vertex 8.682285e+00 5.100000e+01 3.429607e+00
         vertex 8.974999e+00 5.100000e+01 3.224649e+00
      endloop
   endfacet
   facet normal 0.000000e+00 1.000000e+00 0.000000e+00
      outer loop
         vertex 0.000000e+00 5.100000e+01 0.000000e+00
         vertex 8.974999e+00 5.100000e+01 3.224649e+00
         vertex 9.298858e+00 5.100000e+01 3.073629e+00
      endloop
   endfacet
   facet normal 0.000000e+00 1.000000e+00 0.000000e+00
      outer loop
         vertex 2.000000e+01 5.100000e+01 2.229908e+01
         vertex 1.177535e+01 5.100000e+01 6.024998e+00
         vertex 1.157039e+01 5.100000e+01 6.317712e+00
      endloop
   endfacet
   facet normal -0.000000e+00 1.000000e+00 0.000000e+00
      outer loop
         vertex 1.070114e+01 5.100000e+01 3.073629e+00
         vertex 1.102500e+01 5.100000e+01 3.224649e+00
         vertex 2.000000e+01 5.100000e+01 0.000000e+00
      endloop
   endfacet
   facet normal 0.000000e+00 1.000000e+00 0.000000e+00
      outer loop
         vertex 2.000000e+01 5.100000e+01 0.000000e+00
         vertex 1.102500e+01 5.100000e+01 3.224649e+00
         vertex 1.131771e+01 5.100000e+01 3.429607e+00
      endloop
   endfacet
   facet normal 0.000000e+00 1.000000e+00 0.000000e+00
      outer loop
         vertex 2.000000e+01 5.100000e+01 0.000000e+00
         vertex 1.131771e+01 5.100000e+01 3.429607e+00
         vertex 1.157039e+01 5.100000e+01 3.682286e+00
      endloop
   endfacet
   facet normal 0.000000e+00 1.000000e+00 -0.000000e+00
      outer loop
         vertex 1.157039e+01 5.100000e+01 6.317712e+00
         vertex 1.131771e+01 5.100000e+01 6.570391e+00
         vertex 2.000000e+01 5.100000e+01 2.229908e+01
      endloop
   endfacet
   facet normal 0.000000e+00 1.000000e+00 0.000000e+00
      outer loop
         vertex 2.000000e+01 5.100000e+01 2.229908e+01
         vertex 1.131771e+01 5.100000e+01 6.570391e+00
         vertex 1.102500e+01 5.100000e+01 6.775353e+00
      endloop
   endfacet
   facet normal 0.000000e+00 1.000000e+00 0.000000e+00
      outer loop
         vertex 2.000000e+01 5.100000e+01 2.229908e+01
         vertex 1.102500e+01 5.100000e+01 6.775353e+00
         vertex 1.070114e+01 5.100000e+01 6.926369e+00
      endloop
   endfacet
   facet normal -0.000000e+00 1.000000e+00 0.000000e+00
      outer loop
         vertex 1.157039e+01 5.100000e+01 3.682286e+00
         vertex 1.177535e+01 5.100000e+01 3.975000e+00
         vertex 2.000000e+01 5.100000e+01 0.000000e+00
      endloop
   endfacet
   facet normal 0.000000e+00 1.000000e+00 0.000000e+00
      outer loop
         vertex 2.000000e+01 5.100000e+01 0.000000e+00
         vertex 1.177535e+01 5.100000e+01 3.975000e+00
         vertex 1.192637e+01 5.100000e+01 4.298858e+00
      endloop
   endfacet
   facet normal 0.000000e+00 1.000000e+00 0.000000e+00
      outer loop
         vertex 2.000000e+01 5.100000e+01 0.000000e+00
         vertex 1.192637e+01 5.100000e+01 4.298858e+00
         vertex 1.201886e+01 5.100000e+01 4.644021e+00
      endloop
   endfacet
   facet normal -0.000000e+00 1.000000e+00 0.000000e+00
      outer loop
         vertex 1.201886e+01 5.100000e+01 4.644021e+00
         vertex 1.205000e+01 5.100000e+01 4.999999e+00
         vertex 2.000000e+01 5.100000e+01 0.000000e+00
      endloop
   endfacet
   facet normal 0.000000e+00 1.000000e+00 0.000000e+00
      outer loop
         vertex 2.000000e+01 5.100000e+01 0.000000e+00
         vertex 1.205000e+01 5.100000e+01 4.999999e+00
         vertex 1.201886e+01 5.100000e+01 5.355977e+00
      endloop
   endfacet
   facet normal 0.000000e+00 1.000000e+00 -0.000000e+00
      outer loop
         vertex 2.000000e+01 5.100000e+01 0.000000e+00
         vertex 1.201886e+01 5.100000e+01 5.355977e+00
         vertex 2.000000e+01 5.100000e+01 2.229908e+01
      endloop
   endfacet
   facet normal 0.000000e+00 1.000000e+00 0.000000e+00
      outer loop
         vertex 2.000000e+01 5.100000e+01 2.229908e+01
         vertex 1.201886e+01 5.100000e+01 5.355977e+00
         vertex 1.192637e+01 5.100000e+01 5.701140e+00
      endloop
   endfacet
   facet normal 0.000000e+00 1.000000e+00 0.000000e+00
      outer loop
         vertex 2.000000e+01 5.100000e+01 2.229908e+01
         vertex 1.192637e+01 5.100000e+01 5.701140e+00
         vertex 1.177535e+01 5.100000e+01 6.024998e+00
      endloop
   endfacet
   facet normal 0.000000e+00 0.000000e+00 -1.000000e+00
      outer loop
         vertex 0.000000e+00 4.300000e+01 0.000000e+00
         vertex 0.000000e+00 5.100000e+01 0.000000e+00
         vertex 2.000000e+01 4.300000e+01 0.000000e+00
      endloop
   endfacet
   facet normal 0.000000e+00 0.000000e+00 -1.000000e+00
      outer loop
         vertex 2.000000e+01 4.300000e+01 0.000000e+00
         vertex 0.000000e+00 5.100000e+01 0.000000e+00
         vertex 2.000000e+01 5.100000e+01 0.000000e+00
      endloop
   endfacet
   facet normal 0.000000e+00 -1.000000e+00 -0.000000e+00
      outer loop
         vertex 1.102500e+01 4.300000e+01 3.224649e+00
         vertex 1.070114e+01 4.300000e+01 3.073629e+00
         vertex 2.000000e+01 4.300000e+01 0.000000e+00
      endloop
   endfacet
   facet normal 0.000000e+00 -1.000000e+00 0.000000e+00
      outer loop
         vertex 8.974999e+00 4.300000e+01 6.775353e+00
         vertex 9.298858e+00 4.300000e+01 6.926369e+00
         vertex 0.000000e+00 4.300000e+01 8.200057e+00
      endloop
   endfacet
   facet normal 0.000000e+00 -1.000000e+00 -0.000000e+00
      outer loop
         vertex 1.070114e+01 4.300000e+01 3.073629e+00
         vertex 1.035598e+01 4.300000e+01 2.981145e+00
         vertex 2.000000e+01 4.300000e+01 0.000000e+00
      endloop
   endfacet
   facet normal 0.000000e+00 -1.000000e+00 0.000000e+00
      outer loop
         vertex 2.000000e+01 4.300000e+01 0.000000e+00
         vertex 1.035598e+01 4.300000e+01 2.981145e+00
         vertex 1.000000e+01 4.300000e+01 2.949998e+00
      endloop
   endfacet
   facet normal 0.000000e+00 -1.000000e+00 0.000000e+00
      outer loop
         vertex 2.000000e+01 4.300000e+01 0.000000e+00
         vertex 1.000000e+01 4.300000e+01 2.949998e+00
         vertex 0.000000e+00 4.300000e+01 0.000000e+00
      endloop
   endfacet
   facet normal 0.000000e+00 -1.000000e+00 0.000000e+00
      outer loop
         vertex 7.981144e+00 4.300000e+01 5.355977e+00
         vertex 8.073630e+00 4.300000e+01 5.701140e+00
         vertex 0.000000e+00 4.300000e+01 8.200057e+00
      endloop
   endfacet
   facet normal 0.000000e+00 -1.000000e+00 0.000000e+00
      outer loop
         vertex 0.000000e+00 4.300000e+01 8.200057e+00
         vertex 8.073630e+00 4.300000e+01 5.701140e+00
         vertex 8.224647e+00 4.300000e+01 6.024998e+00
      endloop
   endfacet
   facet normal 0.000000e+00 -1.000000e+00 0.000000e+00
      outer loop
         vertex 2.000000e+01 4.300000e+01 8.200057e+00
         vertex 1.070114e+01 4.300000e+01 6.926369e+00
         vertex 1.102500e+01 4.300000e+01 6.775353e+00
      endloop
   endfacet
   facet normal 0.000000e+00 -1.000000e+00 0.000000e+00
      outer loop
         vertex 8.224647e+00 4.300000e+01 6.024998e+00
         vertex 8.429608e+00 4.300000e+01 6.317712e+00
         vertex 0.000000e+00 4.300000e+01 8.200057e+00
      endloop
   endfacet
   facet normal 0.000000e+00 -1.000000e+00 0.000000e+00
      outer loop
         vertex 0.000000e+00 4.300000e+01 8.200057e+00
         vertex 8.429608e+00 4.300000e+01 6.317712e+00
         vertex 8.682285e+00 4.300000e+01 6.570391e+00
      endloop
   endfacet
   facet normal 0.000000e+00 -1.000000e+00 0.000000e+00
      outer loop
         vertex 0.000000e+00 4.300000e+01 8.200057e+00
         vertex 8.682285e+00 4.300000e+01 6.570391e+00
         vertex 8.974999e+00 4.300000e+01 6.775353e+00
      endloop
   endfacet
   facet normal 0.000000e+00 -1.000000e+00 0.000000e+00
      outer loop
         vertex 9.298858e+00 4.300000e+01 6.926369e+00
         vertex 9.644020e+00 4.300000e+01 7.018857e+00
         vertex 0.000000e+00 4.300000e+01 8.200057e+00
      endloop
   endfacet
   facet normal 0.000000e+00 -1.000000e+00 0.000000e+00
      outer loop
         vertex 0.000000e+00 4.300000e+01 8.200057e+00
         vertex 9.644020e+00 4.300000e+01 7.018857e+00
         vertex 1.000000e+01 4.300000e+01 7.050000e+00
      endloop
   endfacet
   facet normal 0.000000e+00 -1.000000e+00 0.000000e+00
      outer loop
         vertex 0.000000e+00 4.300000e+01 8.200057e+00
         vertex 1.000000e+01 4.300000e+01 7.050000e+00
         vertex 2.000000e+01 4.300000e+01 8.200057e+00
      endloop
   endfacet
   facet normal 0.000000e+00 -1.000000e+00 0.000000e+00
      outer loop
         vertex 2.000000e+01 4.300000e+01 8.200057e+00
         vertex 1.000000e+01 4.300000e+01 7.050000e+00
         vertex 1.035598e+01 4.300000e+01 7.018857e+00
      endloop
   endfacet
   facet normal 0.000000e+00 -1.000000e+00 0.000000e+00
      outer loop
         vertex 2.000000e+01 4.300000e+01 8.200057e+00
         vertex 1.035598e+01 4.300000e+01 7.018857e+00
         vertex 1.070114e+01 4.300000e+01 6.926369e+00
      endloop
   endfacet
   facet normal 0.000000e+00 -1.000000e+00 0.000000e+00
      outer loop
         vertex 2.000000e+01 4.300000e+01 8.200057e+00
         vertex 1.177535e+01 4.300000e+01 6.024998e+00
         vertex 1.192637e+01 4.300000e+01 5.701140e+00
      endloop
   endfacet
   facet normal -0.000000e+00 -1.000000e+00 0.000000e+00
      outer loop
         vertex 1.000000e+01 4.300000e+01 2.949998e+00
         vertex 9.644020e+00 4.300000e+01 2.981145e+00
         vertex 0.000000e+00 4.300000e+01 0.000000e+00
      endloop
   endfacet
   facet normal 0.000000e+00 -1.000000e+00 0.000000e+00
      outer loop
         vertex 0.000000e+00 4.300000e+01 0.000000e+00
         vertex 9.644020e+00 4.300000e+01 2.981145e+00
         vertex 9.298858e+00 4.300000e+01 3.073629e+00
      endloop
   endfacet
   facet normal 0.000000e+00 -1.000000e+00 0.000000e+00
      outer loop
         vertex 0.000000e+00 4.300000e+01 0.000000e+00
         vertex 9.298858e+00 4.300000e+01 3.073629e+00
         vertex 8.974999e+00 4.300000e+01 3.224649e+00
      endloop
   endfacet
   facet normal 0.000000e+00 -1.000000e+00 0.000000e+00
      outer loop
         vertex 1.102500e+01 4.300000e+01 6.775353e+00
         vertex 1.131771e+01 4.300000e+01 6.570391e+00
         vertex 2.000000e+01 4.300000e+01 8.200057e+00
      endloop
   endfacet
   facet normal 0.000000e+00 -1.000000e+00 0.000000e+00
      outer loop
         vertex 2.000000e+01 4.300000e+01 8.200057e+00
         vertex 1.131771e+01 4.300000e+01 6.570391e+00
         vertex 1.157039e+01 4.300000e+01 6.317712e+00
      endloop
   endfacet
   facet normal 0.000000e+00 -1.000000e+00 0.000000e+00
      outer loop
         vertex 2.000000e+01 4.300000e+01 8.200057e+00
         vertex 1.157039e+01 4.300000e+01 6.317712e+00
         vertex 1.177535e+01 4.300000e+01 6.024998e+00
      endloop
   endfacet
   facet normal -0.000000e+00 -1.000000e+00 0.000000e+00
      outer loop
         vertex 8.974999e+00 4.300000e+01 3.224649e+00
         vertex 8.682285e+00 4.300000e+01 3.429607e+00
         vertex 0.000000e+00 4.300000e+01 0.000000e+00
      endloop
   endfacet
   facet normal 0.000000e+00 -1.000000e+00 0.000000e+00
      outer loop
         vertex 0.000000e+00 4.300000e+01 0.000000e+00
         vertex 8.682285e+00 4.300000e+01 3.429607e+00
         vertex 8.429608e+00 4.300000e+01 3.682286e+00
      endloop
   endfacet
   facet normal 0.000000e+00 -1.000000e+00 0.000000e+00
      outer loop
         vertex 0.000000e+00 4.300000e+01 0.000000e+00
         vertex 8.429608e+00 4.300000e+01 3.682286e+00
         vertex 8.224647e+00 4.300000e+01 3.975000e+00
      endloop
   endfacet
   facet normal -0.000000e+00 -1.000000e+00 0.000000e+00
      outer loop
         vertex 8.224647e+00 4.300000e+01 3.975000e+00
         vertex 8.073630e+00 4.300000e+01 4.298858e+00
         vertex 0.000000e+00 4.300000e+01 0.000000e+00
      endloop
   endfacet
   facet normal 0.000000e+00 -1.000000e+00 0.000000e+00
      outer loop
         vertex 0.000000e+00 4.300000e+01 0.000000e+00
         vertex 8.073630e+00 4.300000e+01 4.298858e+00
         vertex 7.981144e+00 4.300000e+01 4.644021e+00
      endloop
   endfacet
   facet normal 0.000000e+00 -1.000000e+00 0.000000e+00
      outer loop
         vertex 0.000000e+00 4.300000e+01 0.000000e+00
         vertex 7.981144e+00 4.300000e+01 4.644021e+00
         vertex 0.000000e+00 4.300000e+01 8.200057e+00
      endloop
   endfacet
   facet normal 0.000000e+00 -1.000000e+00 0.000000e+00
      outer loop
         vertex 0.000000e+00 4.300000e+01 8.200057e+00
         vertex 7.981144e+00 4.300000e+01 4.644021e+00
         vertex 7.950000e+00 4.300000e+01 4.999999e+00
      endloop
   endfacet
   facet normal 0.000000e+00 -1.000000e+00 0.000000e+00
      outer loop
         vertex 0.000000e+00 4.300000e+01 8.200057e+00
         vertex 7.950000e+00 4.300000e+01 4.999999e+00
         vertex 7.981144e+00 4.300000e+01 5.355977e+00
      endloop
   endfacet
   facet normal 0.000000e+00 -1.000000e+00 0.000000e+00
      outer loop
         vertex 2.000000e+01 4.300000e+01 0.000000e+00
         vertex 1.192637e+01 4.300000e+01 4.298858e+00
         vertex 1.177535e+01 4.300000e+01 3.975000e+00
      endloop
   endfacet
   facet normal 0.000000e+00 -1.000000e+00 -0.000000e+00
      outer loop
         vertex 1.177535e+01 4.300000e+01 3.975000e+00
         vertex 1.157039e+01 4.300000e+01 3.682286e+00
         vertex 2.000000e+01 4.300000e+01 0.000000e+00
      endloop
   endfacet
   facet normal 0.000000e+00 -1.000000e+00 0.000000e+00
      outer loop
         vertex 2.000000e+01 4.300000e+01 0.000000e+00
         vertex 1.157039e+01 4.300000e+01 3.682286e+00
         vertex 1.131771e+01 4.300000e+01 3.429607e+00
      endloop
   endfacet
   facet normal 0.000000e+00 -1.000000e+00 0.000000e+00
      outer loop
         vertex 2.000000e+01 4.300000e+01 0.000000e+00
         vertex 1.131771e+01 4.300000e+01 3.429607e+00
         vertex 1.102500e+01 4.300000e+01 3.224649e+00
      endloop
   endfacet
   facet normal 0.000000e+00 -1.000000e+00 0.000000e+00
      outer loop
         vertex 1.192637e+01 4.300000e+01 5.701140e+00
         vertex 1.201886e+01 4.300000e+01 5.355977e+00
         vertex 2.000000e+01 4.300000e+01 8.200057e+00
      endloop
   endfacet
   facet normal 0.000000e+00 -1.000000e+00 0.000000e+00
      outer loop
         vertex 2.000000e+01 4.300000e+01 8.200057e+00
         vertex 1.201886e+01 4.300000e+01 5.355977e+00
         vertex 1.205000e+01 4.300000e+01 4.999999e+00
      endloop
   endfacet
   facet normal 0.000000e+00 -1.000000e+00 -0.000000e+00
      outer loop
         vertex 2.000000e+01 4.300000e+01 8.200057e+00
         vertex 1.205000e+01 4.300000e+01 4.999999e+00
         vertex 2.000000e+01 4.300000e+01 0.000000e+00
      endloop
   endfacet
   facet normal 0.000000e+00 -1.000000e+00 0.000000e+00
      outer loop
         vertex 2.000000e+01 4.300000e+01 0.000000e+00
         vertex 1.205000e+01 4.300000e+01 4.999999e+00
         vertex 1.201886e+01 4.300000e+01 4.644021e+00
      endloop
   endfacet
   facet normal 0.000000e+00 -1.000000e+00 0.000000e+00
      outer loop
         vertex 2.000000e+01 4.300000e+01 0.000000e+00
         vertex 1.201886e+01 4.300000e+01 4.644021e+00
         vertex 1.192637e+01 4.300000e+01 4.298858e+00
      endloop
   endfacet
   facet normal 0.000000e+00 -9.963562e-01 -8.528970e-02
      outer loop
         vertex 0.000000e+00 4.300000e+01 8.200057e+00
         vertex 2.000000e+01 4.300000e+01 8.200057e+00
         vertex 0.000000e+00 4.295635e+01 8.709935e+00
      endloop
   endfacet
   facet normal 0.000000e+00 -9.963562e-01 -8.528970e-02
      outer loop
         vertex 0.000000e+00 4.295635e+01 8.709935e+00
         vertex 2.000000e+01 4.300000e+01 8.200057e+00
         vertex 2.000000e+01 4.295635e+01 8.709935e+00
      endloop
   endfacet
   facet normal 0.000000e+00 -9.673642e-01 -2.533902e-01
      outer loop
         vertex 0.000000e+00 4.295635e+01 8.709935e+00
         vertex 2.000000e+01 4.295635e+01 8.709935e+00
         vertex 0.000000e+00 4.282668e+01 9.204974e+00
      endloop
   endfacet
   facet normal 0.000000e+00 -9.673642e-01 -2.533902e-01
      outer loop
         vertex 0.000000e+00 4.282668e+01 9.204974e+00
         vertex 2.000000e+01 4.295635e+01 8.709935e+00
         vertex 2.000000e+01 4.282668e+01 9.204974e+00
      endloop
   endfacet
   facet normal 0.000000e+00 -9.102251e-01 -4.141138e-01
      outer loop
         vertex 0.000000e+00 4.282668e+01 9.204974e+00
         vertex 2.000000e+01 4.282668e+01 9.204974e+00
         vertex 0.000000e+00 4.261476e+01 9.670775e+00
      endloop
   endfacet
   facet normal 0.000000e+00 -9.102251e-01 -4.141138e-01
      outer loop
         vertex 0.000000e+00 4.261476e+01 9.670775e+00
         vertex 2.000000e+01 4.282668e+01 9.204974e+00
         vertex 2.000000e+01 4.261476e+01 9.670775e+00
      endloop
   endfacet
   facet normal 0.000000e+00 -8.265994e-01 -5.627907e-01
      outer loop
         vertex 0.000000e+00 4.261476e+01 9.670775e+00
         vertex 2.000000e+01 4.261476e+01 9.670775e+00
         vertex 0.000000e+00 4.232676e+01 1.009378e+01
      endloop
   endfacet
   facet normal 0.000000e+00 -8.265994e-01 -5.627907e-01
      outer loop
         vertex 0.000000e+00 4.232676e+01 1.009378e+01
         vertex 2.000000e+01 4.261476e+01 9.670775e+00
         vertex 2.000000e+01 4.232676e+01 1.009378e+01
      endloop
   endfacet
   facet normal 0.000000e+00 -7.189222e-01 -6.950905e-01
      outer loop
         vertex 0.000000e+00 4.232676e+01 1.009378e+01
         vertex 2.000000e+01 4.232676e+01 1.009378e+01
         vertex 0.000000e+00 4.197105e+01 1.046168e+01
      endloop
   endfacet
   facet normal 0.000000e+00 -7.189222e-01 -6.950905e-01
      outer loop
         vertex 0.000000e+00 4.197105e+01 1.046168e+01
         vertex 2.000000e+01 4.232676e+01 1.009378e+01
         vertex 2.000000e+01 4.197105e+01 1.046168e+01
      endloop
   endfacet
   facet normal 0.000000e+00 -5.903250e-01 -8.071657e-01
      outer loop
         vertex 0.000000e+00 4.197105e+01 1.046168e+01
         vertex 2.000000e+01 4.197105e+01 1.046168e+01
         vertex 0.000000e+00 4.155799e+01 1.076378e+01
      endloop
   endfacet
   facet normal 0.000000e+00 -5.903250e-01 -8.071657e-01
      outer loop
         vertex 0.000000e+00 4.155799e+01 1.076378e+01
         vertex 2.000000e+01 4.197105e+01 1.046168e+01
         vertex 2.000000e+01 4.155799e+01 1.076378e+01
      endloop
   endfacet
   facet normal 0.000000e+00 -4.445524e-01 -8.957529e-01
      outer loop
         vertex 0.000000e+00 4.155799e+01 1.076378e+01
         vertex 2.000000e+01 4.155799e+01 1.076378e+01
         vertex 0.000000e+00 4.109960e+01 1.099127e+01
      endloop
   endfacet
   facet normal 0.000000e+00 -4.445524e-01 -8.957529e-01
      outer loop
         vertex 0.000000e+00 4.109960e+01 1.099127e+01
         vertex 2.000000e+01 4.155799e+01 1.076378e+01
         vertex 2.000000e+01 4.109960e+01 1.099127e+01
      endloop
   endfacet
   facet normal 0.000000e+00 -2.858460e-01 -9.582756e-01
      outer loop
         vertex 0.000000e+00 4.109960e+01 1.099127e+01
         vertex 2.000000e+01 4.109960e+01 1.099127e+01
         vertex 0.000000e+00 4.060921e+01 1.113755e+01
      endloop
   endfacet
   facet normal 0.000000e+00 -2.858460e-01 -9.582756e-01
      outer loop
         vertex 0.000000e+00 4.060921e+01 1.113755e+01
         vertex 2.000000e+01 4.109960e+01 1.099127e+01
         vertex 2.000000e+01 4.060921e+01 1.113755e+01
      endloop
   endfacet
   facet normal 0.000000e+00 -1.188181e-01 -9.929160e-01
      outer loop
         vertex 0.000000e+00 4.060921e+01 1.113755e+01
         vertex 2.000000e+01 4.060921e+01 1.113755e+01
         vertex 0.000000e+00 4.010110e+01 1.119835e+01
      endloop
   endfacet
   facet normal 0.000000e+00 -1.188181e-01 -9.929160e-01
      outer loop
         vertex 0.000000e+00 4.010110e+01 1.119835e+01
         vertex 2.000000e+01 4.060921e+01 1.113755e+01
         vertex 2.000000e+01 4.010110e+01 1.119835e+01
      endloop
   endfacet
   facet normal 0.000000e+00 5.166723e-02 -9.986644e-01
      outer loop
         vertex 0.000000e+00 4.010110e+01 1.119835e+01
         vertex 2.000000e+01 4.010110e+01 1.119835e+01
         vertex 0.000000e+00 3.959004e+01 1.117191e+01
      endloop
   endfacet
   facet normal 0.000000e+00 5.166723e-02 -9.986644e-01
      outer loop
         vertex 0.000000e+00 3.959004e+01 1.117191e+01
         vertex 2.000000e+01 4.010110e+01 1.119835e+01
         vertex 2.000000e+01 3.959004e+01 1.117191e+01
      endloop
   endfacet
   facet normal 0.000000e+00 2.206456e-01 -9.753540e-01
      outer loop
         vertex 0.000000e+00 3.959004e+01 1.117191e+01
         vertex 2.000000e+01 3.959004e+01 1.117191e+01
         vertex 0.000000e+00 3.909091e+01 1.105900e+01
      endloop
   endfacet
   facet normal 0.000000e+00 2.206456e-01 -9.753540e-01
      outer loop
         vertex 0.000000e+00 3.909091e+01 1.105900e+01
         vertex 2.000000e+01 3.959004e+01 1.117191e+01
         vertex 2.000000e+01 3.909091e+01 1.105900e+01
      endloop
   endfacet
   facet normal 0.000000e+00 2.399755e-01 -9.707790e-01
      outer loop
         vertex 0.000000e+00 3.909091e+01 1.105900e+01
         vertex 2.000000e+01 3.909091e+01 1.105900e+01
         vertex 2.000000e+01 3.527670e+01 1.011613e+01
      endloop
   endfacet
   facet normal 0.000000e+00 2.399755e-01 -9.707790e-01
      outer loop
         vertex 0.000000e+00 3.909091e+01 1.105900e+01
         vertex 2.000000e+01 3.527670e+01 1.011613e+01
         vertex 0.000000e+00 3.527670e+01 1.011613e+01
      endloop
   endfacet
   facet normal 0.000000e+00 1.110495e-01 -9.938149e-01
      outer loop
         vertex 0.000000e+00 3.527670e+01 1.011613e+01
         vertex 2.000000e+01 3.527670e+01 1.011613e+01
         vertex 2.000000e+01 3.137199e+01 9.679819e+00
      endloop
   endfacet
   facet normal 0.000000e+00 1.110495e-01 -9.938149e-01
      outer loop
         vertex 0.000000e+00 3.527670e+01 1.011613e+01
         vertex 2.000000e+01 3.137199e+01 9.679819e+00
         vertex 0.000000e+00 3.137199e+01 9.679819e+00
      endloop
   endfacet
   facet normal 0.000000e+00 -1.977980e-02 -9.998044e-01
      outer loop
         vertex 0.000000e+00 3.137199e+01 9.679819e+00
         vertex 2.000000e+01 3.137199e+01 9.679819e+00
         vertex 2.000000e+01 2.744374e+01 9.757534e+00
      endloop
   endfacet
   facet normal 0.000000e+00 -1.977980e-02 -9.998044e-01
      outer loop
         vertex 0.000000e+00 3.137199e+01 9.679819e+00
         vertex 2.000000e+01 2.744374e+01 9.757534e+00
         vertex 0.000000e+00 2.744374e+01 9.757534e+00
      endloop
   endfacet
   facet normal 0.000000e+00 -1.502711e-01 -9.886448e-01
      outer loop
         vertex 0.000000e+00 2.744374e+01 9.757534e+00
         vertex 2.000000e+01 2.744374e+01 9.757534e+00
         vertex 2.000000e+01 2.355934e+01 1.034795e+01
      endloop
   endfacet
   facet normal 0.000000e+00 -1.502711e-01 -9.886448e-01
      outer loop
         vertex 0.000000e+00 2.744374e+01 9.757534e+00
         vertex 2.000000e+01 2.355934e+01 1.034795e+01
         vertex 0.000000e+00 2.355934e+01 1.034795e+01
      endloop
   endfacet
   facet normal 0.000000e+00 -2.781844e-01 -9.605277e-01
      outer loop
         vertex 0.000000e+00 2.355934e+01 1.034795e+01
         vertex 2.000000e+01 2.355934e+01 1.034795e+01
         vertex 2.000000e+01 1.978542e+01 1.144094e+01
      endloop
   endfacet
   facet normal 0.000000e+00 -2.781844e-01 -9.605277e-01
      outer loop
         vertex 0.000000e+00 2.355934e+01 1.034795e+01
         vertex 2.000000e+01 1.978542e+01 1.144094e+01
         vertex 0.000000e+00 1.978542e+01 1.144094e+01
      endloop
   endfacet
   facet normal 0.000000e+00 -4.013262e-01 -9.159352e-01
      outer loop
         vertex 0.000000e+00 1.978542e+01 1.144094e+01
         vertex 2.000000e+01 1.978542e+01 1.144094e+01
         vertex 2.000000e+01 1.618669e+01 1.301776e+01
      endloop
   endfacet
   facet normal 0.000000e+00 -4.013262e-01 -9.159352e-01
      outer loop
         vertex 0.000000e+00 1.978542e+01 1.144094e+01
         vertex 2.000000e+01 1.618669e+01 1.301776e+01
         vertex 0.000000e+00 1.618669e+01 1.301776e+01
      endloop
   endfacet
   facet normal 0.000000e+00 -5.175844e-01 -8.556321e-01
      outer loop
         vertex 0.000000e+00 1.618669e+01 1.301776e+01
         vertex 2.000000e+01 1.618669e+01 1.301776e+01
         vertex 2.000000e+01 1.282490e+01 1.505136e+01
      endloop
   endfacet
   facet normal 0.000000e+00 -5.175844e-01 -8.556321e-01
      outer loop
         vertex 0.000000e+00 1.618669e+01 1.301776e+01
         vertex 2.000000e+01 1.282490e+01 1.505136e+01
         vertex 0.000000e+00 1.282490e+01 1.505136e+01
      endloop
   endfacet
   facet normal 0.000000e+00 -6.249647e-01 -7.806530e-01
      outer loop
         vertex 0.000000e+00 1.282490e+01 1.505136e+01
         vertex 2.000000e+01 1.282490e+01 1.505136e+01
         vertex 2.000000e+01 9.757703e+00 1.750685e+01
      endloop
   endfacet
   facet normal 0.000000e+00 -6.249647e-01 -7.806530e-01
      outer loop
         vertex 0.000000e+00 1.282490e+01 1.505136e+01
         vertex 2.000000e+01 9.757703e+00 1.750685e+01
         vertex 0.000000e+00 9.757703e+00 1.750685e+01
      endloop
   endfacet
   facet normal 0.000000e+00 -7.216253e-01 -6.922839e-01
      outer loop
         vertex 0.000000e+00 9.757703e+00 1.750685e+01
         vertex 2.000000e+01 9.757703e+00 1.750685e+01
         vertex 2.000000e+01 7.037709e+00 2.034213e+01
      endloop
   endfacet
   facet normal 0.000000e+00 -7.216253e-01 -6.922839e-01
      outer loop
         vertex 0.000000e+00 9.757703e+00 1.750685e+01
         vertex 2.000000e+01 7.037709e+00 2.034213e+01
         vertex 0.000000e+00 7.037709e+00 2.034213e+01
      endloop
   endfacet
   facet normal 0.000000e+00 -8.059084e-01 -5.920402e-01
      outer loop
         vertex 0.000000e+00 7.037709e+00 2.034213e+01
         vertex 2.000000e+01 7.037709e+00 2.034213e+01
         vertex 2.000000e+01 4.711574e+00 2.350855e+01
      endloop
   endfacet
   facet normal 0.000000e+00 -8.059084e-01 -5.920402e-01
      outer loop
         vertex 0.000000e+00 7.037709e+00 2.034213e+01
         vertex 2.000000e+01 4.711574e+00 2.350855e+01
         vertex 0.000000e+00 4.711574e+00 2.350855e+01
      endloop
   endfacet
   facet normal 0.000000e+00 -8.763681e-01 -4.816420e-01
      outer loop
         vertex 0.000000e+00 4.711574e+00 2.350855e+01
         vertex 2.000000e+01 4.711574e+00 2.350855e+01
         vertex 2.000000e+01 2.819195e+00 2.695182e+01
      endloop
   endfacet
   facet normal 0.000000e+00 -8.763681e-01 -4.816420e-01
      outer loop
         vertex 0.000000e+00 4.711574e+00 2.350855e+01
         vertex 2.000000e+01 2.819195e+00 2.695182e+01
         vertex 0.000000e+00 2.819195e+00 2.695182e+01
      endloop
   endfacet
   facet normal 0.000000e+00 -9.317961e-01 -3.629821e-01
      outer loop
         vertex 0.000000e+00 2.819195e+00 2.695182e+01
         vertex 2.000000e+01 2.819195e+00 2.695182e+01
         vertex 2.000000e+01 1.393033e+00 3.061286e+01
      endloop
   endfacet
   facet normal 0.000000e+00 -9.317961e-01 -3.629821e-01
      outer loop
         vertex 0.000000e+00 2.819195e+00 2.695182e+01
         vertex 2.000000e+01 1.393033e+00 3.061286e+01
         vertex 0.000000e+00 1.393033e+00 3.061286e+01
      endloop
   endfacet
   facet normal 0.000000e+00 -9.712416e-01 -2.380963e-01
      outer loop
         vertex 0.000000e+00 1.393033e+00 3.061286e+01
         vertex 2.000000e+01 1.393033e+00 3.061286e+01
         vertex 2.000000e+01 4.575495e-01 3.442888e+01
      endloop
   endfacet
   facet normal 0.000000e+00 -9.712416e-01 -2.380963e-01
      outer loop
         vertex 0.000000e+00 1.393033e+00 3.061286e+01
         vertex 2.000000e+01 4.575495e-01 3.442888e+01
         vertex 0.000000e+00 4.575495e-01 3.442888e+01
      endloop
   endfacet
   facet normal 0.000000e+00 -9.940278e-01 -1.091267e-01
      outer loop
         vertex 0.000000e+00 4.575495e-01 3.442888e+01
         vertex 2.000000e+01 4.575495e-01 3.442888e+01
         vertex 2.000000e+01 2.878904e-02 3.833443e+01
      endloop
   endfacet
   facet normal 0.000000e+00 -9.940278e-01 -1.091267e-01
      outer loop
         vertex 0.000000e+00 4.575495e-01 3.442888e+01
         vertex 2.000000e+01 2.878904e-02 3.833443e+01
         vertex 0.000000e+00 2.878904e-02 3.833443e+01
      endloop
   endfacet
   facet normal 0.000000e+00 -9.997642e-01 2.171497e-02
      outer loop
         vertex 0.000000e+00 2.878904e-02 3.833443e+01
         vertex 2.000000e+01 2.878904e-02 3.833443e+01
         vertex 2.000000e+01 1.141075e-01 4.226252e+01
      endloop
   endfacet
   facet normal 0.000000e+00 -9.997642e-01 2.171497e-02
      outer loop
         vertex 0.000000e+00 2.878904e-02 3.833443e+01
         vertex 2.000000e+01 1.141075e-01 4.226252e+01
         vertex 0.000000e+00 1.141075e-01 4.226252e+01
      endloop
   endfacet
   facet normal 0.000000e+00 -9.883522e-01 1.521840e-01
      outer loop
         vertex 0.000000e+00 1.141075e-01 4.226252e+01
         vertex 2.000000e+01 1.141075e-01 4.226252e+01
         vertex 2.000000e+01 7.120408e-01 4.614577e+01
      endloop
   endfacet
   facet normal 0.000000e+00 -9.883522e-01 1.521840e-01
      outer loop
         vertex 0.000000e+00 1.141075e-01 4.226252e+01
         vertex 2.000000e+01 7.120408e-01 4.614577e+01
         vertex 0.000000e+00 7.120408e-01 4.614577e+01
      endloop
   endfacet
   facet normal 0.000000e+00 -9.599876e-01 2.800424e-01
      outer loop
         vertex 0.000000e+00 7.120408e-01 4.614577e+01
         vertex 2.000000e+01 7.120408e-01 4.614577e+01
         vertex 2.000000e+01 1.812331e+00 4.991758e+01
      endloop
   endfacet
   facet normal 0.000000e+00 -9.599876e-01 2.800424e-01
      outer loop
         vertex 0.000000e+00 7.120408e-01 4.614577e+01
         vertex 2.000000e+01 1.812331e+00 4.991758e+01
         vertex 0.000000e+00 1.812331e+00 4.991758e+01
      endloop
   endfacet
   facet normal 0.000000e+00 -9.151567e-01 4.030982e-01
      outer loop
         vertex 0.000000e+00 1.812331e+00 4.991758e+01
         vertex 2.000000e+01 1.812331e+00 4.991758e+01
         vertex 2.000000e+01 3.396111e+00 5.351324e+01
      endloop
   endfacet
   facet normal 0.000000e+00 -9.151567e-01 4.030982e-01
      outer loop
         vertex 0.000000e+00 1.812331e+00 4.991758e+01
         vertex 2.000000e+01 3.396111e+00 5.351324e+01
         vertex 0.000000e+00 3.396111e+00 5.351324e+01
      endloop
   endfacet
   facet normal 0.000000e+00 -8.546291e-01 5.192390e-01
      outer loop
         vertex 0.000000e+00 3.396111e+00 5.351324e+01
         vertex 2.000000e+01 3.396111e+00 5.351324e+01
         vertex 2.000000e+01 5.436208e+00 5.687109e+01
      endloop
   endfacet
   facet normal 0.000000e+00 -8.546291e-01 5.192390e-01
      outer loop
         vertex 0.000000e+00 3.396111e+00 5.351324e+01
         vertex 2.000000e+01 5.436208e+00 5.687109e+01
         vertex 0.000000e+00 5.436208e+00 5.687109e+01
      endloop
   endfacet
   facet normal 0.000000e+00 -7.794422e-01 6.264741e-01
      outer loop
         vertex 0.000000e+00 5.436208e+00 5.687109e+01
         vertex 2.000000e+01 5.436208e+00 5.687109e+01
         vertex 2.000000e+01 7.897634e+00 5.993353e+01
      endloop
   endfacet
   facet normal 0.000000e+00 -7.794422e-01 6.264741e-01
      outer loop
         vertex 0.000000e+00 5.436208e+00 5.687109e+01
         vertex 2.000000e+01 7.897634e+00 5.993353e+01
         vertex 0.000000e+00 7.897634e+00 5.993353e+01
      endloop
   endfacet
   facet normal 0.000000e+00 -6.908862e-01 7.229635e-01
      outer loop
         vertex 0.000000e+00 7.897634e+00 5.993353e+01
         vertex 2.000000e+01 7.897634e+00 5.993353e+01
         vertex 2.000000e+01 1.073817e+01 6.264804e+01
      endloop
   endfacet
   facet normal 0.000000e+00 -6.908862e-01 7.229635e-01
      outer loop
         vertex 0.000000e+00 7.897634e+00 5.993353e+01
         vertex 2.000000e+01 1.073817e+01 6.264804e+01
         vertex 0.000000e+00 1.073817e+01 6.264804e+01
      endloop
   endfacet
   facet normal 0.000000e+00 -5.904797e-01 8.070525e-01
      outer loop
         vertex 0.000000e+00 1.073817e+01 6.264804e+01
         vertex 2.000000e+01 1.073817e+01 6.264804e+01
         vertex 2.000000e+01 1.390909e+01 6.496804e+01
      endloop
   endfacet
   facet normal 0.000000e+00 -5.904797e-01 8.070525e-01
      outer loop
         vertex 0.000000e+00 1.073817e+01 6.264804e+01
         vertex 2.000000e+01 1.390909e+01 6.496804e+01
         vertex 0.000000e+00 1.390909e+01 6.496804e+01
      endloop
   endfacet
   facet normal 0.000000e+00 -6.050640e-01 7.961769e-01
      outer loop
         vertex 0.000000e+00 1.390909e+01 6.496804e+01
         vertex 2.000000e+01 1.390909e+01 6.496804e+01
         vertex 0.000000e+00 1.430857e+01 6.527163e+01
      endloop
   endfacet
   facet normal 0.000000e+00 -6.050640e-01 7.961769e-01
      outer loop
         vertex 0.000000e+00 1.430857e+01 6.527163e+01
         vertex 2.000000e+01 1.390909e+01 6.496804e+01
         vertex 2.000000e+01 1.430857e+01 6.527163e+01
      endloop
   endfacet
   facet normal 0.000000e+00 -7.292947e-01 6.841997e-01
      outer loop
         vertex 0.000000e+00 1.430857e+01 6.527163e+01
         vertex 2.000000e+01 1.430857e+01 6.527163e+01
         vertex 0.000000e+00 1.465187e+01 6.563755e+01
      endloop
   endfacet
   facet normal 0.000000e+00 -7.292947e-01 6.841997e-01
      outer loop
         vertex 0.000000e+00 1.465187e+01 6.563755e+01
         vertex 2.000000e+01 1.430857e+01 6.527163e+01
         vertex 2.000000e+01 1.465187e+01 6.563755e+01
      endloop
   endfacet
   facet normal 0.000000e+00 -8.331261e-01 5.530830e-01
      outer loop
         vertex 0.000000e+00 1.465187e+01 6.563755e+01
         vertex 2.000000e+01 1.465187e+01 6.563755e+01
         vertex 0.000000e+00 1.492938e+01 6.605557e+01
      endloop
   endfacet
   facet normal 0.000000e+00 -8.331261e-01 5.530830e-01
      outer loop
         vertex 0.000000e+00 1.492938e+01 6.605557e+01
         vertex 2.000000e+01 1.465187e+01 6.563755e+01
         vertex 2.000000e+01 1.492938e+01 6.605557e+01
      endloop
   endfacet
   facet normal 0.000000e+00 -9.136536e-01 4.064937e-01
      outer loop
         vertex 0.000000e+00 1.492938e+01 6.605557e+01
         vertex 2.000000e+01 1.492938e+01 6.605557e+01
         vertex 0.000000e+00 1.513334e+01 6.651400e+01
      endloop
   endfacet
   facet normal 0.000000e+00 -9.136536e-01 4.064937e-01
      outer loop
         vertex 0.000000e+00 1.513334e+01 6.651400e+01
         vertex 2.000000e+01 1.492938e+01 6.605557e+01
         vertex 2.000000e+01 1.513334e+01 6.651400e+01
      endloop
   endfacet
   facet normal 0.000000e+00 -9.686226e-01 2.485362e-01
      outer loop
         vertex 0.000000e+00 1.513334e+01 6.651400e+01
         vertex 2.000000e+01 1.513334e+01 6.651400e+01
         vertex 0.000000e+00 1.525804e+01 6.700001e+01
      endloop
   endfacet
   facet normal 0.000000e+00 -9.686226e-01 2.485362e-01
      outer loop
         vertex 0.000000e+00 1.525804e+01 6.700001e+01
         vertex 2.000000e+01 1.513334e+01 6.651400e+01
         vertex 2.000000e+01 1.525804e+01 6.700001e+01
      endloop
   endfacet
   facet normal 0.000000e+00 -9.964973e-01 8.362520e-02
      outer loop
         vertex 0.000000e+00 1.525804e+01 6.700001e+01
         vertex 2.000000e+01 1.525804e+01 6.700001e+01
         vertex 0.000000e+00 1.530000e+01 6.750000e+01
      endloop
   endfacet
   facet normal 0.000000e+00 -9.964973e-01 8.362520e-02
      outer loop
         vertex 0.000000e+00 1.530000e+01 6.750000e+01
         vertex 2.000000e+01 1.525804e+01 6.700001e+01
         vertex 2.000000e+01 1.530000e+01 6.750000e+01
      endloop
   endfacet
   facet normal 0.000000e+00 -9.964973e-01 -8.362489e-02
      outer loop
         vertex 0.000000e+00 1.530000e+01 6.750000e+01
         vertex 2.000000e+01 1.530000e+01 6.750000e+01
         vertex 0.000000e+00 1.525804e+01 6.799999e+01
      endloop
   endfacet
   facet normal 0.000000e+00 -9.964973e-01 -8.362489e-02
      outer loop
         vertex 0.000000e+00 1.525804e+01 6.799999e+01
         vertex 2.000000e+01 1.530000e+01 6.750000e+01
         vertex 2.000000e+01 1.525804e+01 6.799999e+01
      endloop
   endfacet
   facet normal 0.000000e+00 -9.686226e-01 -2.485362e-01
      outer loop
         vertex 0.000000e+00 1.525804e+01 6.799999e+01
         vertex 2.000000e+01 1.525804e+01 6.799999e+01
         vertex 0.000000e+00 1.513334e+01 6.848600e+01
      endloop
   endfacet
   facet normal 0.000000e+00 -9.686226e-01 -2.485362e-01
      outer loop
         vertex 0.000000e+00 1.513334e+01 6.848600e+01
         vertex 2.000000e+01 1.525804e+01 6.799999e+01
         vertex 2.000000e+01 1.513334e+01 6.848600e+01
      endloop
   endfacet
   facet normal 0.000000e+00 -9.136530e-01 -4.064951e-01
      outer loop
         vertex 0.000000e+00 1.513334e+01 6.848600e+01
         vertex 2.000000e+01 1.513334e+01 6.848600e+01
         vertex 0.000000e+00 1.492938e+01 6.894442e+01
      endloop
   endfacet
   facet normal 0.000000e+00 -9.136530e-01 -4.064951e-01
      outer loop
         vertex 0.000000e+00 1.492938e+01 6.894442e+01
         vertex 2.000000e+01 1.513334e+01 6.848600e+01
         vertex 2.000000e+01 1.492938e+01 6.894442e+01
      endloop
   endfacet
   facet normal 0.000000e+00 -8.331273e-01 -5.530813e-01
      outer loop
         vertex 0.000000e+00 1.492938e+01 6.894442e+01
         vertex 2.000000e+01 1.492938e+01 6.894442e+01
         vertex 0.000000e+00 1.465187e+01 6.936245e+01
      endloop
   endfacet
   facet normal 0.000000e+00 -8.331273e-01 -5.530813e-01
      outer loop
         vertex 0.000000e+00 1.465187e+01 6.936245e+01
         vertex 2.000000e+01 1.492938e+01 6.894442e+01
         vertex 2.000000e+01 1.465187e+01 6.936245e+01
      endloop
   endfacet
   facet normal 0.000000e+00 -7.292930e-01 -6.842015e-01
      outer loop
         vertex 0.000000e+00 1.465187e+01 6.936245e+01
         vertex 2.000000e+01 1.465187e+01 6.936245e+01
         vertex 0.000000e+00 1.430857e+01 6.972837e+01
      endloop
   endfacet
   facet normal 0.000000e+00 -7.292930e-01 -6.842015e-01
      outer loop
         vertex 0.000000e+00 1.430857e+01 6.972837e+01
         vertex 2.000000e+01 1.465187e+01 6.936245e+01
         vertex 2.000000e+01 1.430857e+01 6.972837e+01
      endloop
   endfacet
   facet normal 0.000000e+00 -6.050640e-01 -7.961769e-01
      outer loop
         vertex 0.000000e+00 1.430857e+01 6.972837e+01
         vertex 2.000000e+01 1.430857e+01 6.972837e+01
         vertex 0.000000e+00 1.390909e+01 7.003196e+01
      endloop
   endfacet
   facet normal 0.000000e+00 -6.050640e-01 -7.961769e-01
      outer loop
         vertex 0.000000e+00 1.390909e+01 7.003196e+01
         vertex 2.000000e+01 1.430857e+01 6.972837e+01
         vertex 2.000000e+01 1.390909e+01 7.003196e+01
      endloop
   endfacet
   facet normal 0.000000e+00 -5.904797e-01 -8.070525e-01
      outer loop
         vertex 0.000000e+00 1.390909e+01 7.003196e+01
         vertex 2.000000e+01 1.390909e+01 7.003196e+01
         vertex 2.000000e+01 1.073817e+01 7.235196e+01
      endloop
   endfacet
   facet normal 0.000000e+00 -5.904797e-01 -8.070525e-01
      outer loop
         vertex 0.000000e+00 1.390909e+01 7.003196e+01
         vertex 2.000000e+01 1.073817e+01 7.235196e+01
         vertex 0.000000e+00 1.073817e+01 7.235196e+01
      endloop
   endfacet
   facet normal 0.000000e+00 -6.908862e-01 -7.229635e-01
      outer loop
         vertex 0.000000e+00 1.073817e+01 7.235196e+01
         vertex 2.000000e+01 1.073817e+01 7.235196e+01
         vertex 2.000000e+01 7.897634e+00 7.506647e+01
      endloop
   endfacet
   facet normal 0.000000e+00 -6.908862e-01 -7.229635e-01
      outer loop
         vertex 0.000000e+00 1.073817e+01 7.235196e+01
         vertex 2.000000e+01 7.897634e+00 7.506647e+01
         vertex 0.000000e+00 7.897634e+00 7.506647e+01
      endloop
   endfacet
   facet normal 0.000000e+00 -7.794424e-01 -6.264739e-01
      outer loop
         vertex 0.000000e+00 7.897634e+00 7.506647e+01
         vertex 2.000000e+01 7.897634e+00 7.506647e+01
         vertex 2.000000e+01 5.436208e+00 7.812891e+01
      endloop
   endfacet
   facet normal 0.000000e+00 -7.794424e-01 -6.264739e-01
      outer loop
         vertex 0.000000e+00 7.897634e+00 7.506647e+01
         vertex 2.000000e+01 5.436208e+00 7.812891e+01
         vertex 0.000000e+00 5.436208e+00 7.812891e+01
      endloop
   endfacet
   facet normal 0.000000e+00 -8.546291e-01 -5.192390e-01
      outer loop
         vertex 0.000000e+00 5.436208e+00 7.812891e+01
         vertex 2.000000e+01 5.436208e+00 7.812891e+01
         vertex 2.000000e+01 3.396111e+00 8.148676e+01
      endloop
   endfacet
   facet normal 0.000000e+00 -8.546291e-01 -5.192390e-01
      outer loop
         vertex 0.000000e+00 5.436208e+00 7.812891e+01
         vertex 2.000000e+01 3.396111e+00 8.148676e+01
         vertex 0.000000e+00 3.396111e+00 8.148676e+01
      endloop
   endfacet
   facet normal 0.000000e+00 -9.151567e-01 -4.030982e-01
      outer loop
         vertex 0.000000e+00 3.396111e+00 8.148676e+01
         vertex 2.000000e+01 3.396111e+00 8.148676e+01
         vertex 2.000000e+01 1.812331e+00 8.508242e+01
      endloop
   endfacet
   facet normal 0.000000e+00 -9.151567e-01 -4.030982e-01
      outer loop
         vertex 0.000000e+00 3.396111e+00 8.148676e+01
         vertex 2.000000e+01 1.812331e+00 8.508242e+01
         vertex 0.000000e+00 1.812331e+00 8.508242e+01
      endloop
   endfacet
   facet normal 0.000000e+00 -9.599876e-01 -2.800425e-01
      outer loop
         vertex 0.000000e+00 1.812331e+00 8.508242e+01
         vertex 2.000000e+01 1.812331e+00 8.508242e+01
         vertex 2.000000e+01 7.120408e-01 8.885423e+01
      endloop
   endfacet
   facet normal 0.000000e+00 -9.599876e-01 -2.800425e-01
      outer loop
         vertex 0.000000e+00 1.812331e+00 8.508242e+01
         vertex 2.000000e+01 7.120408e-01 8.885423e+01
         vertex 0.000000e+00 7.120408e-01 8.885423e+01
      endloop
   endfacet
   facet normal 0.000000e+00 -9.883522e-01 -1.521840e-01
      outer loop
         vertex 0.000000e+00 7.120408e-01 8.885423e+01
         vertex 2.000000e+01 7.120408e-01 8.885423e+01
         vertex 2.000000e+01 1.141075e-01 9.273748e+01
      endloop
   endfacet
   facet normal 0.000000e+00 -9.883522e-01 -1.521840e-01
      outer loop
         vertex 0.000000e+00 7.120408e-01 8.885423e+01
         vertex 2.000000e+01 1.141075e-01 9.273748e+01
         vertex 0.000000e+00 1.141075e-01 9.273748e+01
      endloop
   endfacet
   facet normal 0.000000e+00 -9.997642e-01 -2.171498e-02
      outer loop
         vertex 0.000000e+00 1.141075e-01 9.273748e+01
         vertex 2.000000e+01 1.141075e-01 9.273748e+01
         vertex 2.000000e+01 2.878904e-02 9.666556e+01
      endloop
   endfacet
   facet normal 0.000000e+00 -9.997642e-01 -2.171498e-02
      outer loop
         vertex 0.000000e+00 1.141075e-01 9.273748e+01
         vertex 2.000000e+01 2.878904e-02 9.666556e+01
         vertex 0.000000e+00 2.878904e-02 9.666556e+01
      endloop
   endfacet
   facet normal 0.000000e+00 -9.940279e-01 1.091266e-01
      outer loop
         vertex 0.000000e+00 2.878904e-02 9.666556e+01
         vertex 2.000000e+01 2.878904e-02 9.666556e+01
         vertex 2.000000e+01 4.575495e-01 1.005711e+02
      endloop
   endfacet
   facet normal 0.000000e+00 -9.940279e-01 1.091266e-01
      outer loop
         vertex 0.000000e+00 2.878904e-02 9.666556e+01
         vertex 2.000000e+01 4.575495e-01 1.005711e+02
         vertex 0.000000e+00 4.575495e-01 1.005711e+02
      endloop
   endfacet
   facet normal 0.000000e+00 -9.712416e-01 2.380962e-01
      outer loop
         vertex 0.000000e+00 4.575495e-01 1.005711e+02
         vertex 2.000000e+01 4.575495e-01 1.005711e+02
         vertex 2.000000e+01 1.393033e+00 1.043871e+02
      endloop
   endfacet
   facet normal 0.000000e+00 -9.712416e-01 2.380962e-01
      outer loop
         vertex 0.000000e+00 4.575495e-01 1.005711e+02
         vertex 2.000000e+01 1.393033e+00 1.043871e+02
         vertex 0.000000e+00 1.393033e+00 1.043871e+02
      endloop
   endfacet
   facet normal 0.000000e+00 -9.317960e-01 3.629825e-01
      outer loop
         vertex 0.000000e+00 1.393033e+00 1.043871e+02
         vertex 2.000000e+01 1.393033e+00 1.043871e+02
         vertex 2.000000e+01 2.819195e+00 1.080482e+02
      endloop
   endfacet
   facet normal 0.000000e+00 -9.317960e-01 3.629825e-01
      outer loop
         vertex 0.000000e+00 1.393033e+00 1.043871e+02
         vertex 2.000000e+01 2.819195e+00 1.080482e+02
         vertex 0.000000e+00 2.819195e+00 1.080482e+02
      endloop
   endfacet
   facet normal 0.000000e+00 -8.763681e-01 4.816420e-01
      outer loop
         vertex 0.000000e+00 2.819195e+00 1.080482e+02
         vertex 2.000000e+01 2.819195e+00 1.080482e+02
         vertex 2.000000e+01 4.711574e+00 1.114914e+02
      endloop
   endfacet
   facet normal 0.000000e+00 -8.763681e-01 4.816420e-01
      outer loop
         vertex 0.000000e+00 2.819195e+00 1.080482e+02
         vertex 2.000000e+01 4.711574e+00 1.114914e+02
         vertex 0.000000e+00 4.711574e+00 1.114914e+02
      endloop
   endfacet
   facet normal 0.000000e+00 -8.059088e-01 5.920398e-01
      outer loop
         vertex 0.000000e+00 4.711574e+00 1.114914e+02
         vertex 2.000000e+01 4.711574e+00 1.114914e+02
         vertex 2.000000e+01 7.037709e+00 1.146579e+02
      endloop
   endfacet
   facet normal 0.000000e+00 -8.059088e-01 5.920398e-01
      outer loop
         vertex 0.000000e+00 4.711574e+00 1.114914e+02
         vertex 2.000000e+01 7.037709e+00 1.146579e+02
         vertex 0.000000e+00 7.037709e+00 1.146579e+02
      endloop
   endfacet
   facet normal 0.000000e+00 -7.216248e-01 6.922843e-01
      outer loop
         vertex 0.000000e+00 7.037709e+00 1.146579e+02
         vertex 2.000000e+01 7.037709e+00 1.146579e+02
         vertex 2.000000e+01 9.757703e+00 1.174931e+02
      endloop
   endfacet
   facet normal 0.000000e+00 -7.216248e-01 6.922843e-01
      outer loop
         vertex 0.000000e+00 7.037709e+00 1.146579e+02
         vertex 2.000000e+01 9.757703e+00 1.174931e+02
         vertex 0.000000e+00 9.757703e+00 1.174931e+02
      endloop
   endfacet
   facet normal 0.000000e+00 -6.249647e-01 7.806530e-01
      outer loop
         vertex 0.000000e+00 9.757703e+00 1.174931e+02
         vertex 2.000000e+01 9.757703e+00 1.174931e+02
         vertex 2.000000e+01 1.282490e+01 1.199486e+02
      endloop
   endfacet
   facet normal 0.000000e+00 -6.249647e-01 7.806530e-01
      outer loop
         vertex 0.000000e+00 9.757703e+00 1.174931e+02
         vertex 2.000000e+01 1.282490e+01 1.199486e+02
         vertex 0.000000e+00 1.282490e+01 1.199486e+02
      endloop
   endfacet
   facet normal 0.000000e+00 -5.175848e-01 8.556319e-01
      outer loop
         vertex 0.000000e+00 1.282490e+01 1.199486e+02
         vertex 2.000000e+01 1.282490e+01 1.199486e+02
         vertex 2.000000e+01 1.618669e+01 1.219822e+02
      endloop
   endfacet
   facet normal 0.000000e+00 -5.175848e-01 8.556319e-01
      outer loop
         vertex 0.000000e+00 1.282490e+01 1.199486e+02
         vertex 2.000000e+01 1.618669e+01 1.219822e+02
         vertex 0.000000e+00 1.618669e+01 1.219822e+02
      endloop
   endfacet
   facet normal 0.000000e+00 -4.013266e-01 9.159350e-01
      outer loop
         vertex 0.000000e+00 1.618669e+01 1.219822e+02
         vertex 2.000000e+01 1.618669e+01 1.219822e+02
         vertex 2.000000e+01 1.978542e+01 1.235591e+02
      endloop
   endfacet
   facet normal 0.000000e+00 -4.013266e-01 9.159350e-01
      outer loop
         vertex 0.000000e+00 1.618669e+01 1.219822e+02
         vertex 2.000000e+01 1.978542e+01 1.235591e+02
         vertex 0.000000e+00 1.978542e+01 1.235591e+02
      endloop
   endfacet
   facet normal 0.000000e+00 -2.781849e-01 9.605275e-01
      outer loop
         vertex 0.000000e+00 1.978542e+01 1.235591e+02
         vertex 2.000000e+01 1.978542e+01 1.235591e+02
         vertex 2.000000e+01 2.355934e+01 1.246521e+02
      endloop
   endfacet
   facet normal 0.000000e+00 -2.781849e-01 9.605275e-01
      outer loop
         vertex 0.000000e+00 1.978542e+01 1.235591e+02
         vertex 2.000000e+01 2.355934e+01 1.246521e+02
         vertex 0.000000e+00 2.355934e+01 1.246521e+02
      endloop
   endfacet
   facet normal 0.000000e+00 -1.502702e-01 9.886450e-01
      outer loop
         vertex 0.000000e+00 2.355934e+01 1.246521e+02
         vertex 2.000000e+01 2.355934e+01 1.246521e+02
         vertex 2.000000e+01 2.744374e+01 1.252425e+02
      endloop
   endfacet
   facet normal 0.000000e+00 -1.502702e-01 9.886450e-01
      outer loop
         vertex 0.000000e+00 2.355934e+01 1.246521e+02
         vertex 2.000000e+01 2.744374e+01 1.252425e+02
         vertex 0.000000e+00 2.744374e+01 1.252425e+02
      endloop
   endfacet
   facet normal 0.000000e+00 -1.978028e-02 9.998044e-01
      outer loop
         vertex 0.000000e+00 2.744374e+01 1.252425e+02
         vertex 2.000000e+01 2.744374e+01 1.252425e+02
         vertex 2.000000e+01 3.137199e+01 1.253202e+02
      endloop
   endfacet
   facet normal 0.000000e+00 -1.978028e-02 9.998044e-01
      outer loop
         vertex 0.000000e+00 2.744374e+01 1.252425e+02
         vertex 2.000000e+01 3.137199e+01 1.253202e+02
         vertex 0.000000e+00 3.137199e+01 1.253202e+02
      endloop
   endfacet
   facet normal -0.000000e+00 1.110491e-01 9.938149e-01
      outer loop
         vertex 0.000000e+00 3.137199e+01 1.253202e+02
         vertex 2.000000e+01 3.137199e+01 1.253202e+02
         vertex 2.000000e+01 3.527670e+01 1.248839e+02
      endloop
   endfacet
   facet normal 0.000000e+00 1.110491e-01 9.938149e-01
      outer loop
         vertex 0.000000e+00 3.137199e+01 1.253202e+02
         vertex 2.000000e+01 3.527670e+01 1.248839e+02
         vertex 0.000000e+00 3.527670e+01 1.248839e+02
      endloop
   endfacet
   facet normal -0.000000e+00 2.399764e-01 9.707787e-01
      outer loop
         vertex 0.000000e+00 3.527670e+01 1.248839e+02
         vertex 2.000000e+01 3.527670e+01 1.248839e+02
         vertex 2.000000e+01 3.909091e+01 1.239410e+02
      endloop
   endfacet
   facet normal 0.000000e+00 2.399764e-01 9.707787e-01
      outer loop
         vertex 0.000000e+00 3.527670e+01 1.248839e+02
         vertex 2.000000e+01 3.909091e+01 1.239410e+02
         vertex 0.000000e+00 3.909091e+01 1.239410e+02
      endloop
   endfacet
   facet normal -0.000000e+00 2.206456e-01 9.753540e-01
      outer loop
         vertex 0.000000e+00 3.909091e+01 1.239410e+02
         vertex 2.000000e+01 3.909091e+01 1.239410e+02
         vertex 0.000000e+00 3.959004e+01 1.238281e+02
      endloop
   endfacet
   facet normal -0.000000e+00 2.206456e-01 9.753540e-01
      outer loop
         vertex 0.000000e+00 3.959004e+01 1.238281e+02
         vertex 2.000000e+01 3.909091e+01 1.239410e+02
         vertex 2.000000e+01 3.959004e+01 1.238281e+02
      endloop
   endfacet
   facet normal -0.000000e+00 5.167086e-02 9.986642e-01
      outer loop
         vertex 0.000000e+00 3.959004e+01 1.238281e+02
         vertex 2.000000e+01 3.959004e+01 1.238281e+02
         vertex 0.000000e+00 4.010110e+01 1.238016e+02
      endloop
   endfacet
   facet normal -0.000000e+00 5.167086e-02 9.986642e-01
      outer loop
         vertex 0.000000e+00 4.010110e+01 1.238016e+02
         vertex 2.000000e+01 3.959004e+01 1.238281e+02
         vertex 2.000000e+01 4.010110e+01 1.238016e+02
      endloop
   endfacet
   facet normal 0.000000e+00 -1.188181e-01 9.929160e-01
      outer loop
         vertex 0.000000e+00 4.010110e+01 1.238016e+02
         vertex 2.000000e+01 4.010110e+01 1.238016e+02
         vertex 0.000000e+00 4.060921e+01 1.238624e+02
      endloop
   endfacet
   facet normal 0.000000e+00 -1.188181e-01 9.929160e-01
      outer loop
         vertex 0.000000e+00 4.060921e+01 1.238624e+02
         vertex 2.000000e+01 4.010110e+01 1.238016e+02
         vertex 2.000000e+01 4.060921e+01 1.238624e+02
      endloop
   endfacet
   facet normal 0.000000e+00 -2.858561e-01 9.582726e-01
      outer loop
         vertex 0.000000e+00 4.060921e+01 1.238624e+02
         vertex 2.000000e+01 4.060921e+01 1.238624e+02
         vertex 0.000000e+00 4.109960e+01 1.240087e+02
      endloop
   endfacet
   facet normal 0.000000e+00 -2.858561e-01 9.582726e-01
      outer loop
         vertex 0.000000e+00 4.109960e+01 1.240087e+02
         vertex 2.000000e+01 4.060921e+01 1.238624e+02
         vertex 2.000000e+01 4.109960e+01 1.240087e+02
      endloop
   endfacet
   facet normal 0.000000e+00 -4.445524e-01 8.957529e-01
      outer loop
         vertex 0.000000e+00 4.109960e+01 1.240087e+02
         vertex 2.000000e+01 4.109960e+01 1.240087e+02
         vertex 0.000000e+00 4.155799e+01 1.242362e+02
      endloop
   endfacet
   facet normal 0.000000e+00 -4.445524e-01 8.957529e-01
      outer loop
         vertex 0.000000e+00 4.155799e+01 1.242362e+02
         vertex 2.000000e+01 4.109960e+01 1.240087e+02
         vertex 2.000000e+01 4.155799e+01 1.242362e+02
      endloop
   endfacet
   facet normal 0.000000e+00 -5.903226e-01 8.071674e-01
      outer loop
         vertex 0.000000e+00 4.155799e+01 1.242362e+02
         vertex 2.000000e+01 4.155799e+01 1.242362e+02
         vertex 0.000000e+00 4.197105e+01 1.245383e+02
      endloop
   endfacet
   facet normal 0.000000e+00 -5.903226e-01 8.071674e-01
      outer loop
         vertex 0.000000e+00 4.197105e+01 1.245383e+02
         vertex 2.000000e+01 4.155799e+01 1.242362e+02
         vertex 2.000000e+01 4.197105e+01 1.245383e+02
      endloop
   endfacet
   facet normal 0.000000e+00 -7.189222e-01 6.950905e-01
      outer loop
         vertex 0.000000e+00 4.197105e+01 1.245383e+02
         vertex 2.000000e+01 4.197105e+01 1.245383e+02
         vertex 0.000000e+00 4.232676e+01 1.249062e+02
      endloop
   endfacet
   facet normal 0.000000e+00 -7.189222e-01 6.950905e-01
      outer loop
         vertex 0.000000e+00 4.232676e+01 1.249062e+02
         vertex 2.000000e+01 4.197105e+01 1.245383e+02
         vertex 2.000000e+01 4.232676e+01 1.249062e+02
      endloop
   endfacet
   facet normal 0.000000e+00 -8.266006e-01 5.627890e-01
      outer loop
         vertex 0.000000e+00 4.232676e+01 1.249062e+02
         vertex 2.000000e+01 4.232676e+01 1.249062e+02
         vertex 0.000000e+00 4.261476e+01 1.253292e+02
      endloop
   endfacet
   facet normal 0.000000e+00 -8.266006e-01 5.627890e-01
      outer loop
         vertex 0.000000e+00 4.261476e+01 1.253292e+02
         vertex 2.000000e+01 4.232676e+01 1.249062e+02
         vertex 2.000000e+01 4.261476e+01 1.253292e+02
      endloop
   endfacet
   facet normal 0.000000e+00 -9.102233e-01 4.141179e-01
      outer loop
         vertex 0.000000e+00 4.261476e+01 1.253292e+02
         vertex 2.000000e+01 4.261476e+01 1.253292e+02
         vertex 0.000000e+00 4.282668e+01 1.257950e+02
      endloop
   endfacet
   facet normal 0.000000e+00 -9.102233e-01 4.141179e-01
      outer loop
         vertex 0.000000e+00 4.282668e+01 1.257950e+02
         vertex 2.000000e+01 4.261476e+01 1.253292e+02
         vertex 2.000000e+01 4.282668e+01 1.257950e+02
      endloop
   endfacet
   facet normal 0.000000e+00 -9.673642e-01 2.533902e-01
      outer loop
         vertex 0.000000e+00 4.282668e+01 1.257950e+02
         vertex 2.000000e+01 4.282668e+01 1.257950e+02
         vertex 0.000000e+00 4.295635e+01 1.262901e+02
      endloop
   endfacet
   facet normal 0.000000e+00 -9.673642e-01 2.533902e-01
      outer loop
         vertex 0.000000e+00 4.295635e+01 1.262901e+02
         vertex 2.000000e+01 4.282668e+01 1.257950e+02
         vertex 2.000000e+01 4.295635e+01 1.262901e+02
      endloop
   endfacet
   facet normal 0.000000e+00 -9.963562e-01 8.528939e-02
      outer loop
         vertex 0.000000e+00 4.295635e+01 1.262901e+02
         vertex 2.000000e+01 4.295635e+01 1.262901e+02
         vertex 0.000000e+00 4.300000e+01 1.267999e+02
      endloop
   endfacet
   facet normal 0.000000e+00 -9.963562e-01 8.528939e-02
      outer loop
         vertex 0.000000e+00 4.300000e+01 1.267999e+02
         vertex 2.000000e+01 4.295635e+01 1.262901e+02
         vertex 2.000000e+01 4.300000e+01 1.267999e+02
      endloop
   endfacet
   facet normal 0.000000e+00 -1.000000e+00 -0.000000e+00
      outer loop
         vertex 9.644020e+00 4.300000e+01 1.279811e+02
         vertex 0.000000e+00 4.300000e+01 1.267999e+02
         vertex 1.000000e+01 4.300000e+01 1.279500e+02
      endloop
   endfacet
   facet normal 0.000000e+00 -1.000000e+00 -0.000000e+00
      outer loop
         vertex 1.000000e+01 4.300000e+01 1.279500e+02
         vertex 0.000000e+00 4.300000e+01 1.267999e+02
         vertex 2.000000e+01 4.300000e+01 1.267999e+02
      endloop
   endfacet
   facet normal 0.000000e+00 -1.000000e+00 0.000000e+00
      outer loop
         vertex 1.000000e+01 4.300000e+01 1.279500e+02
         vertex 2.000000e+01 4.300000e+01 1.267999e+02
         vertex 1.035598e+01 4.300000e+01 1.279811e+02
      endloop
   endfacet
   facet normal 0.000000e+00 -1.000000e+00 0.000000e+00
      outer loop
         vertex 1.035598e+01 4.300000e+01 1.279811e+02
         vertex 2.000000e+01 4.300000e+01 1.267999e+02
         vertex 1.070114e+01 4.300000e+01 1.280736e+02
      endloop
   endfacet
   facet normal -0.000000e+00 -1.000000e+00 0.000000e+00
      outer loop
         vertex 9.644020e+00 4.300000e+01 1.279811e+02
         vertex 9.298858e+00 4.300000e+01 1.280736e+02
         vertex 0.000000e+00 4.300000e+01 1.267999e+02
      endloop
   endfacet
   facet normal 0.000000e+00 -1.000000e+00 0.000000e+00
      outer loop
         vertex 0.000000e+00 4.300000e+01 1.267999e+02
         vertex 9.298858e+00 4.300000e+01 1.280736e+02
         vertex 8.974999e+00 4.300000e+01 1.282246e+02
      endloop
   endfacet
   facet normal 0.000000e+00 -1.000000e+00 0.000000e+00
      outer loop
         vertex 0.000000e+00 4.300000e+01 1.267999e+02
         vertex 8.974999e+00 4.300000e+01 1.282246e+02
         vertex 8.682285e+00 4.300000e+01 1.284296e+02
      endloop
   endfacet
   facet normal -0.000000e+00 -1.000000e+00 0.000000e+00
      outer loop
         vertex 8.682285e+00 4.300000e+01 1.284296e+02
         vertex 8.429608e+00 4.300000e+01 1.286823e+02
         vertex 0.000000e+00 4.300000e+01 1.267999e+02
      endloop
   endfacet
   facet normal 0.000000e+00 -1.000000e+00 0.000000e+00
      outer loop
         vertex 0.000000e+00 4.300000e+01 1.267999e+02
         vertex 8.429608e+00 4.300000e+01 1.286823e+02
         vertex 8.224647e+00 4.300000e+01 1.289750e+02
      endloop
   endfacet
   facet normal 0.000000e+00 -1.000000e+00 0.000000e+00
      outer loop
         vertex 0.000000e+00 4.300000e+01 1.267999e+02
         vertex 8.224647e+00 4.300000e+01 1.289750e+02
         vertex 8.073630e+00 4.300000e+01 1.292989e+02
      endloop
   endfacet
   facet normal 0.000000e+00 -1.000000e+00 0.000000e+00
      outer loop
         vertex 2.000000e+01 4.300000e+01 1.267999e+02
         vertex 1.205000e+01 4.300000e+01 1.300000e+02
         vertex 1.201886e+01 4.300000e+01 1.296440e+02
      endloop
   endfacet
   facet normal 0.000000e+00 -1.000000e+00 0.000000e+00
      outer loop
         vertex 1.205000e+01 4.300000e+01 1.300000e+02
         vertex 2.000000e+01 4.300000e+01 1.267999e+02
         vertex 1.201886e+01 4.300000e+01 1.303560e+02
      endloop
   endfacet
   facet normal 0.000000e+00 -1.000000e+00 0.000000e+00
      outer loop
         vertex 1.201886e+01 4.300000e+01 1.303560e+02
         vertex 2.000000e+01 4.300000e+01 1.267999e+02
         vertex 2.000000e+01 4.300000e+01 1.350000e+02
      endloop
   endfacet
   facet normal 0.000000e+00 -1.000000e+00 0.000000e+00
      outer loop
         vertex 1.201886e+01 4.300000e+01 1.303560e+02
         vertex 2.000000e+01 4.300000e+01 1.350000e+02
         vertex 1.192637e+01 4.300000e+01 1.307011e+02
      endloop
   endfacet
   facet normal 0.000000e+00 -1.000000e+00 -0.000000e+00
      outer loop
         vertex 1.201886e+01 4.300000e+01 1.296440e+02
         vertex 1.192637e+01 4.300000e+01 1.292989e+02
         vertex 2.000000e+01 4.300000e+01 1.267999e+02
      endloop
   endfacet
   facet normal 0.000000e+00 -1.000000e+00 0.000000e+00
      outer loop
         vertex 2.000000e+01 4.300000e+01 1.267999e+02
         vertex 1.192637e+01 4.300000e+01 1.292989e+02
         vertex 1.177535e+01 4.300000e+01 1.289750e+02
      endloop
   endfacet
   facet normal 0.000000e+00 -1.000000e+00 0.000000e+00
      outer loop
         vertex 2.000000e+01 4.300000e+01 1.267999e+02
         vertex 1.177535e+01 4.300000e+01 1.289750e+02
         vertex 1.157039e+01 4.300000e+01 1.286823e+02
      endloop
   endfacet
   facet normal 0.000000e+00 -1.000000e+00 0.000000e+00
      outer loop
         vertex 1.131771e+01 4.300000e+01 1.315704e+02
         vertex 2.000000e+01 4.300000e+01 1.350000e+02
         vertex 1.102500e+01 4.300000e+01 1.317753e+02
      endloop
   endfacet
   facet normal 0.000000e+00 -1.000000e+00 0.000000e+00
      outer loop
         vertex 1.102500e+01 4.300000e+01 1.317753e+02
         vertex 2.000000e+01 4.300000e+01 1.350000e+02
         vertex 1.070114e+01 4.300000e+01 1.319264e+02
      endloop
   endfacet
   facet normal 0.000000e+00 -1.000000e+00 0.000000e+00
      outer loop
         vertex 1.131771e+01 4.300000e+01 1.315704e+02
         vertex 1.157039e+01 4.300000e+01 1.313177e+02
         vertex 2.000000e+01 4.300000e+01 1.350000e+02
      endloop
   endfacet
   facet normal 0.000000e+00 -1.000000e+00 0.000000e+00
      outer loop
         vertex 2.000000e+01 4.300000e+01 1.350000e+02
         vertex 1.157039e+01 4.300000e+01 1.313177e+02
         vertex 1.177535e+01 4.300000e+01 1.310250e+02
      endloop
   endfacet
   facet normal 0.000000e+00 -1.000000e+00 0.000000e+00
      outer loop
         vertex 2.000000e+01 4.300000e+01 1.350000e+02
         vertex 1.177535e+01 4.300000e+01 1.310250e+02
         vertex 1.192637e+01 4.300000e+01 1.307011e+02
      endloop
   endfacet
   facet normal 0.000000e+00 -1.000000e+00 -0.000000e+00
      outer loop
         vertex 1.157039e+01 4.300000e+01 1.286823e+02
         vertex 1.131771e+01 4.300000e+01 1.284296e+02
         vertex 2.000000e+01 4.300000e+01 1.267999e+02
      endloop
   endfacet
   facet normal 0.000000e+00 -1.000000e+00 0.000000e+00
      outer loop
         vertex 2.000000e+01 4.300000e+01 1.267999e+02
         vertex 1.131771e+01 4.300000e+01 1.284296e+02
         vertex 1.102500e+01 4.300000e+01 1.282246e+02
      endloop
   endfacet
   facet normal 0.000000e+00 -1.000000e+00 0.000000e+00
      outer loop
         vertex 2.000000e+01 4.300000e+01 1.267999e+02
         vertex 1.102500e+01 4.300000e+01 1.282246e+02
         vertex 1.070114e+01 4.300000e+01 1.280736e+02
      endloop
   endfacet
   facet normal -0.000000e+00 -1.000000e+00 0.000000e+00
      outer loop
         vertex 8.429608e+00 4.300000e+01 1.313177e+02
         vertex 0.000000e+00 4.300000e+01 1.350000e+02
         vertex 8.224647e+00 4.300000e+01 1.310250e+02
      endloop
   endfacet
   facet normal -0.000000e+00 -1.000000e+00 0.000000e+00
      outer loop
         vertex 8.224647e+00 4.300000e+01 1.310250e+02
         vertex 0.000000e+00 4.300000e+01 1.350000e+02
         vertex 8.073630e+00 4.300000e+01 1.307011e+02
      endloop
   endfacet
   facet normal 0.000000e+00 -1.000000e+00 0.000000e+00
      outer loop
         vertex 8.429608e+00 4.300000e+01 1.313177e+02
         vertex 8.682285e+00 4.300000e+01 1.315704e+02
         vertex 0.000000e+00 4.300000e+01 1.350000e+02
      endloop
   endfacet
   facet normal 0.000000e+00 -1.000000e+00 0.000000e+00
      outer loop
         vertex 0.000000e+00 4.300000e+01 1.350000e+02
         vertex 8.682285e+00 4.300000e+01 1.315704e+02
         vertex 8.974999e+00 4.300000e+01 1.317753e+02
      endloop
   endfacet
   facet normal 0.000000e+00 -1.000000e+00 0.000000e+00
      outer loop
         vertex 0.000000e+00 4.300000e+01 1.350000e+02
         vertex 8.974999e+00 4.300000e+01 1.317753e+02
         vertex 9.298858e+00 4.300000e+01 1.319264e+02
      endloop
   endfacet
   facet normal 0.000000e+00 -1.000000e+00 0.000000e+00
      outer loop
         vertex 9.298858e+00 4.300000e+01 1.319264e+02
         vertex 9.644020e+00 4.300000e+01 1.320189e+02
         vertex 0.000000e+00 4.300000e+01 1.350000e+02
      endloop
   endfacet
   facet normal 0.000000e+00 -1.000000e+00 0.000000e+00
      outer loop
         vertex 0.000000e+00 4.300000e+01 1.350000e+02
         vertex 9.644020e+00 4.300000e+01 1.320189e+02
         vertex 1.000000e+01 4.300000e+01 1.320500e+02
      endloop
   endfacet
   facet normal 0.000000e+00 -1.000000e+00 0.000000e+00
      outer loop
         vertex 0.000000e+00 4.300000e+01 1.350000e+02
         vertex 1.000000e+01 4.300000e+01 1.320500e+02
         vertex 2.000000e+01 4.300000e+01 1.350000e+02
      endloop
   endfacet
   facet normal 0.000000e+00 -1.000000e+00 0.000000e+00
      outer loop
         vertex 2.000000e+01 4.300000e+01 1.350000e+02
         vertex 1.000000e+01 4.300000e+01 1.320500e+02
         vertex 1.035598e+01 4.300000e+01 1.320189e+02
      endloop
   endfacet
   facet normal 0.000000e+00 -1.000000e+00 0.000000e+00
      outer loop
         vertex 2.000000e+01 4.300000e+01 1.350000e+02
         vertex 1.035598e+01 4.300000e+01 1.320189e+02
         vertex 1.070114e+01 4.300000e+01 1.319264e+02
      endloop
   endfacet
   facet normal -0.000000e+00 -1.000000e+00 0.000000e+00
      outer loop
         vertex 8.073630e+00 4.300000e+01 1.292989e+02
         vertex 7.981144e+00 4.300000e+01 1.296440e+02
         vertex 0.000000e+00 4.300000e+01 1.267999e+02
      endloop
   endfacet
   facet normal 0.000000e+00 -1.000000e+00 0.000000e+00
      outer loop
         vertex 0.000000e+00 4.300000e+01 1.267999e+02
         vertex 7.981144e+00 4.300000e+01 1.296440e+02
         vertex 7.950000e+00 4.300000e+01 1.300000e+02
      endloop
   endfacet
   facet normal 0.000000e+00 -1.000000e+00 0.000000e+00
      outer loop
         vertex 0.000000e+00 4.300000e+01 1.267999e+02
         vertex 7.950000e+00 4.300000e+01 1.300000e+02
         vertex 0.000000e+00 4.300000e+01 1.350000e+02
      endloop
   endfacet
   facet normal 0.000000e+00 -1.000000e+00 0.000000e+00
      outer loop
         vertex 0.000000e+00 4.300000e+01 1.350000e+02
         vertex 7.950000e+00 4.300000e+01 1.300000e+02
         vertex 7.981144e+00 4.300000e+01 1.303560e+02
      endloop
   endfacet
   facet normal 0.000000e+00 -1.000000e+00 0.000000e+00
      outer loop
         vertex 0.000000e+00 4.300000e+01 1.350000e+02
         vertex 7.981144e+00 4.300000e+01 1.303560e+02
         vertex 8.073630e+00 4.300000e+01 1.307011e+02
      endloop
   endfacet
   facet normal -0.000000e+00 0.000000e+00 1.000000e+00
      outer loop
         vertex 0.000000e+00 5.100000e+01 1.350000e+02
         vertex 0.000000e+00 4.300000e+01 1.350000e+02
         vertex 2.000000e+01 5.100000e+01 1.350000e+02
      endloop
   endfacet
   facet normal 0.000000e+00 0.000000e+00 1.000000e+00
      outer loop
         vertex 2.000000e+01 5.100000e+01 1.350000e+02
         vertex 0.000000e+00 4.300000e+01 1.350000e+02
         vertex 2.000000e+01 4.300000e+01 1.350000e+02
      endloop
   endfacet
   facet normal 0.000000e+00 1.000000e+00 0.000000e+00
      outer loop
         vertex 1.102500e+01 5.100000e+01 1.282246e+02
         vertex 2.000000e+01 5.100000e+01 1.127009e+02
         vertex 1.070114e+01 5.100000e+01 1.280736e+02
      endloop
   endfacet
   facet normal 0.000000e+00 1.000000e+00 0.000000e+00
      outer loop
         vertex 1.070114e+01 5.100000e+01 1.280736e+02
         vertex 2.000000e+01 5.100000e+01 1.127009e+02
         vertex 1.035598e+01 5.100000e+01 1.279811e+02
      endloop
   endfacet
   facet normal -0.000000e+00 1.000000e+00 0.000000e+00
      outer loop
         vertex 1.177535e+01 5.100000e+01 1.289750e+02
         vertex 1.192637e+01 5.100000e+01 1.292989e+02
         vertex 2.000000e+01 5.100000e+01 1.127009e+02
      endloop
   endfacet
   facet normal 0.000000e+00 1.000000e+00 -0.000000e+00
      outer loop
         vertex 9.644020e+00 5.100000e+01 1.320189e+02
         vertex 0.000000e+00 5.100000e+01 1.350000e+02
         vertex 1.000000e+01 5.100000e+01 1.320500e+02
      endloop
   endfacet
   facet normal 0.000000e+00 1.000000e+00 -0.000000e+00
      outer loop
         vertex 1.000000e+01 5.100000e+01 1.320500e+02
         vertex 0.000000e+00 5.100000e+01 1.350000e+02
         vertex 2.000000e+01 5.100000e+01 1.350000e+02
      endloop
   endfacet
   facet normal -0.000000e+00 1.000000e+00 0.000000e+00
      outer loop
         vertex 1.000000e+01 5.100000e+01 1.320500e+02
         vertex 2.000000e+01 5.100000e+01 1.350000e+02
         vertex 1.035598e+01 5.100000e+01 1.320189e+02
      endloop
   endfacet
   facet normal 0.000000e+00 1.000000e+00 0.000000e+00
      outer loop
         vertex 8.682285e+00 5.100000e+01 1.284296e+02
         vertex 0.000000e+00 5.100000e+01 1.127009e+02
         vertex 8.429608e+00 5.100000e+01 1.286823e+02
      endloop
   endfacet
   facet normal 0.000000e+00 1.000000e+00 0.000000e+00
      outer loop
         vertex 8.429608e+00 5.100000e+01 1.286823e+02
         vertex 0.000000e+00 5.100000e+01 1.127009e+02
         vertex 8.224647e+00 5.100000e+01 1.289750e+02
      endloop
   endfacet
   facet normal 0.000000e+00 1.000000e+00 0.000000e+00
      outer loop
         vertex 0.000000e+00 5.100000e+01 1.127009e+02
         vertex 9.644020e+00 5.100000e+01 1.279811e+02
         vertex 2.000000e+01 5.100000e+01 1.127009e+02
      endloop
   endfacet
   facet normal 0.000000e+00 1.000000e+00 0.000000e+00
      outer loop
         vertex 2.000000e+01 5.100000e+01 1.127009e+02
         vertex 9.644020e+00 5.100000e+01 1.279811e+02
         vertex 1.000000e+01 5.100000e+01 1.279500e+02
      endloop
   endfacet
   facet normal 0.000000e+00 1.000000e+00 0.000000e+00
      outer loop
         vertex 2.000000e+01 5.100000e+01 1.127009e+02
         vertex 1.000000e+01 5.100000e+01 1.279500e+02
         vertex 1.035598e+01 5.100000e+01 1.279811e+02
      endloop
   endfacet
   facet normal -0.000000e+00 1.000000e+00 0.000000e+00
      outer loop
         vertex 1.192637e+01 5.100000e+01 1.307011e+02
         vertex 2.000000e+01 5.100000e+01 1.350000e+02
         vertex 1.201886e+01 5.100000e+01 1.303560e+02
      endloop
   endfacet
   facet normal -0.000000e+00 1.000000e+00 0.000000e+00
      outer loop
         vertex 1.201886e+01 5.100000e+01 1.303560e+02
         vertex 2.000000e+01 5.100000e+01 1.350000e+02
         vertex 1.205000e+01 5.100000e+01 1.300000e+02
      endloop
   endfacet
   facet normal 0.000000e+00 1.000000e+00 0.000000e+00
      outer loop
         vertex 8.682285e+00 5.100000e+01 1.284296e+02
         vertex 8.974999e+00 5.100000e+01 1.282246e+02
         vertex 0.000000e+00 5.100000e+01 1.127009e+02
      endloop
   endfacet
   facet normal 0.000000e+00 1.000000e+00 0.000000e+00
      outer loop
         vertex 0.000000e+00 5.100000e+01 1.127009e+02
         vertex 8.974999e+00 5.100000e+01 1.282246e+02
         vertex 9.298858e+00 5.100000e+01 1.280736e+02
      endloop
   endfacet
   facet normal 0.000000e+00 1.000000e+00 0.000000e+00
      outer loop
         vertex 0.000000e+00 5.100000e+01 1.127009e+02
         vertex 9.298858e+00 5.100000e+01 1.280736e+02
         vertex 9.644020e+00 5.100000e+01 1.279811e+02
      endloop
   endfacet
   facet normal 0.000000e+00 1.000000e+00 -0.000000e+00
      outer loop
         vertex 2.000000e+01 5.100000e+01 1.127009e+02
         vertex 1.192637e+01 5.100000e+01 1.292989e+02
         vertex 2.000000e+01 5.100000e+01 1.350000e+02
      endloop
   endfacet
   facet normal 0.000000e+00 1.000000e+00 0.000000e+00
      outer loop
         vertex 2.000000e+01 5.100000e+01 1.350000e+02
         vertex 1.192637e+01 5.100000e+01 1.292989e+02
         vertex 1.201886e+01 5.100000e+01 1.296440e+02
      endloop
   endfacet
   facet normal 0.000000e+00 1.000000e+00 0.000000e+00
      outer loop
         vertex 2.000000e+01 5.100000e+01 1.350000e+02
         vertex 1.201886e+01 5.100000e+01 1.296440e+02
         vertex 1.205000e+01 5.100000e+01 1.300000e+02
      endloop
   endfacet
   facet normal 0.000000e+00 1.000000e+00 -0.000000e+00
      outer loop
         vertex 1.192637e+01 5.100000e+01 1.307011e+02
         vertex 1.177535e+01 5.100000e+01 1.310250e+02
         vertex 2.000000e+01 5.100000e+01 1.350000e+02
      endloop
   endfacet
   facet normal 0.000000e+00 1.000000e+00 0.000000e+00
      outer loop
         vertex 2.000000e+01 5.100000e+01 1.350000e+02
         vertex 1.177535e+01 5.100000e+01 1.310250e+02
         vertex 1.157039e+01 5.100000e+01 1.313177e+02
      endloop
   endfacet
   facet normal 0.000000e+00 1.000000e+00 0.000000e+00
      outer loop
         vertex 2.000000e+01 5.100000e+01 1.350000e+02
         vertex 1.157039e+01 5.100000e+01 1.313177e+02
         vertex 1.131771e+01 5.100000e+01 1.315704e+02
      endloop
   endfacet
   facet normal 0.000000e+00 1.000000e+00 -0.000000e+00
      outer loop
         vertex 1.131771e+01 5.100000e+01 1.315704e+02
         vertex 1.102500e+01 5.100000e+01 1.317753e+02
         vertex 2.000000e+01 5.100000e+01 1.350000e+02
      endloop
   endfacet
   facet normal 0.000000e+00 1.000000e+00 0.000000e+00
      outer loop
         vertex 2.000000e+01 5.100000e+01 1.350000e+02
         vertex 1.102500e+01 5.100000e+01 1.317753e+02
         vertex 1.070114e+01 5.100000e+01 1.319264e+02
      endloop
   endfacet
   facet normal 0.000000e+00 1.000000e+00 0.000000e+00
      outer loop
         vertex 2.000000e+01 5.100000e+01 1.350000e+02
         vertex 1.070114e+01 5.100000e+01 1.319264e+02
         vertex 1.035598e+01 5.100000e+01 1.320189e+02
      endloop
   endfacet
   facet normal 0.000000e+00 1.000000e+00 0.000000e+00
      outer loop
         vertex 0.000000e+00 5.100000e+01 1.350000e+02
         vertex 7.981144e+00 5.100000e+01 1.296440e+02
         vertex 0.000000e+00 5.100000e+01 1.127009e+02
      endloop
   endfacet
   facet normal 0.000000e+00 1.000000e+00 0.000000e+00
      outer loop
         vertex 0.000000e+00 5.100000e+01 1.127009e+02
         vertex 7.981144e+00 5.100000e+01 1.296440e+02
         vertex 8.073630e+00 5.100000e+01 1.292989e+02
      endloop
   endfacet
   facet normal 0.000000e+00 1.000000e+00 0.000000e+00
      outer loop
         vertex 0.000000e+00 5.100000e+01 1.127009e+02
         vertex 8.073630e+00 5.100000e+01 1.292989e+02
         vertex 8.224647e+00 5.100000e+01 1.289750e+02
      endloop
   endfacet
   facet normal -0.000000e+00 1.000000e+00 0.000000e+00
      outer loop
         vertex 1.102500e+01 5.100000e+01 1.282246e+02
         vertex 1.131771e+01 5.100000e+01 1.284296e+02
         vertex 2.000000e+01 5.100000e+01 1.127009e+02
      endloop
   endfacet
   facet normal 0.000000e+00 1.000000e+00 0.000000e+00
      outer loop
         vertex 2.000000e+01 5.100000e+01 1.127009e+02
         vertex 1.131771e+01 5.100000e+01 1.284296e+02
         vertex 1.157039e+01 5.100000e+01 1.286823e+02
      endloop
   endfacet
   facet normal 0.000000e+00 1.000000e+00 0.000000e+00
      outer loop
         vertex 2.000000e+01 5.100000e+01 1.127009e+02
         vertex 1.157039e+01 5.100000e+01 1.286823e+02
         vertex 1.177535e+01 5.100000e+01 1.289750e+02
      endloop
   endfacet
   facet normal 0.000000e+00 1.000000e+00 0.000000e+00
      outer loop
         vertex 9.644020e+00 5.100000e+01 1.320189e+02
         vertex 9.298858e+00 5.100000e+01 1.319264e+02
         vertex 0.000000e+00 5.100000e+01 1.350000e+02
      endloop
   endfacet
   facet normal 0.000000e+00 1.000000e+00 0.000000e+00
      outer loop
         vertex 0.000000e+00 5.100000e+01 1.350000e+02
         vertex 9.298858e+00 5.100000e+01 1.319264e+02
         vertex 8.974999e+00 5.100000e+01 1.317753e+02
      endloop
   endfacet
   facet normal 0.000000e+00 1.000000e+00 0.000000e+00
      outer loop
         vertex 0.000000e+00 5.100000e+01 1.350000e+02
         vertex 8.974999e+00 5.100000e+01 1.317753e+02
         vertex 8.682285e+00 5.100000e+01 1.315704e+02
      endloop
   endfacet
   facet normal 0.000000e+00 1.000000e+00 0.000000e+00
      outer loop
         vertex 8.682285e+00 5.100000e+01 1.315704e+02
         vertex 8.429608e+00 5.100000e+01 1.313177e+02
         vertex 0.000000e+00 5.100000e+01 1.350000e+02
      endloop
   endfacet
   facet normal 0.000000e+00 1.000000e+00 0.000000e+00
      outer loop
         vertex 0.000000e+00 5.100000e+01 1.350000e+02
         vertex 8.429608e+00 5.100000e+01 1.313177e+02
         vertex 8.224647e+00 5.100000e+01 1.310250e+02
      endloop
   endfacet
   facet normal 0.000000e+00 1.000000e+00 0.000000e+00
      outer loop
         vertex 0.000000e+00 5.100000e+01 1.350000e+02
         vertex 8.224647e+00 5.100000e+01 1.310250e+02
         vertex 8.073630e+00 5.100000e+01 1.307011e+02
      endloop
   endfacet
   facet normal 0.000000e+00 1.000000e+00 0.000000e+00
      outer loop
         vertex 8.073630e+00 5.100000e+01 1.307011e+02
         vertex 7.981144e+00 5.100000e+01 1.303560e+02
         vertex 0.000000e+00 5.100000e+01 1.350000e+02
      endloop
   endfacet
   facet normal 0.000000e+00 1.000000e+00 0.000000e+00
      outer loop
         vertex 0.000000e+00 5.100000e+01 1.350000e+02
         vertex 7.981144e+00 5.100000e+01 1.303560e+02
         vertex 7.950000e+00 5.100000e+01 1.300000e+02
      endloop
   endfacet
   facet normal 0.000000e+00 1.000000e+00 0.000000e+00
      outer loop
         vertex 0.000000e+00 5.100000e+01 1.350000e+02
         vertex 7.950000e+00 5.100000e+01 1.300000e+02
         vertex 7.981144e+00 5.100000e+01 1.296440e+02
      endloop
   endfacet
   facet normal -1.000000e+00 0.000000e+00 0.000000e+00
      outer loop
         vertex 0.000000e+00 4.295635e+01 8.709935e+00
         vertex 0.000000e+00 4.282668e+01 9.204974e+00
         vertex 0.000000e+00 5.100000e+01 2.229908e+01
      endloop
   endfacet
   facet normal -1.000000e+00 0.000000e+00 0.000000e+00
      outer loop
         vertex 0.000000e+00 5.100000e+01 2.229908e+01
         vertex 0.000000e+00 4.282668e+01 9.204974e+00
         vertex 0.000000e+00 4.261476e+01 9.670775e+00
      endloop
   endfacet
   facet normal -1.000000e+00 0.000000e+00 -0.000000e+00
      outer loop
         vertex 0.000000e+00 5.033563e+01 2.418185e+01
         vertex 0.000000e+00 5.061993e+01 2.376058e+01
         vertex 0.000000e+00 4.155799e+01 1.076378e+01
      endloop
   endfacet
   facet normal -1.000000e+00 0.000000e+00 -0.000000e+00
      outer loop
         vertex 0.000000e+00 4.622243e+01 2.471574e+01
         vertex 0.000000e+00 4.665587e+01 2.498112e+01
         vertex 0.000000e+00 4.109960e+01 1.099127e+01
      endloop
   endfacet
   facet normal -1.000000e+00 0.000000e+00 0.000000e+00
      outer loop
         vertex 0.000000e+00 4.197105e+01 1.245383e+02
         vertex 0.000000e+00 4.232676e+01 1.249062e+02
         vertex 0.000000e+00 5.100000e+01 1.127009e+02
      endloop
   endfacet
   facet normal -1.000000e+00 0.000000e+00 0.000000e+00
      outer loop
         vertex 0.000000e+00 5.100000e+01 1.127009e+02
         vertex 0.000000e+00 4.232676e+01 1.249062e+02
         vertex 0.000000e+00 4.261476e+01 1.253292e+02
      endloop
   endfacet
   facet normal -1.000000e+00 0.000000e+00 0.000000e+00
      outer loop
         vertex 0.000000e+00 4.295635e+01 8.709935e+00
         vertex 0.000000e+00 5.100000e+01 2.229908e+01
         vertex 0.000000e+00 4.300000e+01 8.200057e+00
      endloop
   endfacet
   facet normal -1.000000e+00 0.000000e+00 0.000000e+00
      outer loop
         vertex 0.000000e+00 4.300000e+01 8.200057e+00
         vertex 0.000000e+00 5.100000e+01 2.229908e+01
         vertex 0.000000e+00 5.100000e+01 0.000000e+00
      endloop
   endfacet
   facet normal -1.000000e+00 0.000000e+00 0.000000e+00
      outer loop
         vertex 0.000000e+00 4.300000e+01 8.200057e+00
         vertex 0.000000e+00 5.100000e+01 0.000000e+00
         vertex 0.000000e+00 4.300000e+01 0.000000e+00
      endloop
   endfacet
   facet normal -1.000000e+00 0.000000e+00 0.000000e+00
      outer loop
         vertex 0.000000e+00 2.419072e+01 1.842928e+01
         vertex 0.000000e+00 2.749256e+01 1.779179e+01
         vertex 0.000000e+00 3.959004e+01 1.117191e+01
      endloop
   endfacet
   facet normal -1.000000e+00 0.000000e+00 0.000000e+00
      outer loop
         vertex 0.000000e+00 4.261476e+01 1.253292e+02
         vertex 0.000000e+00 4.282668e+01 1.257950e+02
         vertex 0.000000e+00 5.100000e+01 1.127009e+02
      endloop
   endfacet
   facet normal -1.000000e+00 0.000000e+00 0.000000e+00
      outer loop
         vertex 0.000000e+00 5.100000e+01 1.127009e+02
         vertex 0.000000e+00 4.282668e+01 1.257950e+02
         vertex 0.000000e+00 4.295635e+01 1.262901e+02
      endloop
   endfacet
   facet normal -1.000000e+00 0.000000e+00 0.000000e+00
      outer loop
         vertex 0.000000e+00 5.100000e+01 1.127009e+02
         vertex 0.000000e+00 4.295635e+01 1.262901e+02
         vertex 0.000000e+00 5.100000e+01 1.350000e+02
      endloop
   endfacet
   facet normal -1.000000e+00 0.000000e+00 0.000000e+00
      outer loop
         vertex 0.000000e+00 5.100000e+01 1.350000e+02
         vertex 0.000000e+00 4.295635e+01 1.262901e+02
         vertex 0.000000e+00 4.300000e+01 1.267999e+02
      endloop
   endfacet
   facet normal -1.000000e+00 -0.000000e+00 0.000000e+00
      outer loop
         vertex 0.000000e+00 5.100000e+01 1.350000e+02
         vertex 0.000000e+00 4.300000e+01 1.267999e+02
         vertex 0.000000e+00 4.300000e+01 1.350000e+02
      endloop
   endfacet
   facet normal -1.000000e+00 0.000000e+00 0.000000e+00
      outer loop
         vertex 0.000000e+00 4.261476e+01 9.670775e+00
         vertex 0.000000e+00 4.232676e+01 1.009378e+01
         vertex 0.000000e+00 5.100000e+01 2.229908e+01
      endloop
   endfacet
   facet normal -1.000000e+00 0.000000e+00 0.000000e+00
      outer loop
         vertex 0.000000e+00 5.100000e+01 2.229908e+01
         vertex 0.000000e+00 4.232676e+01 1.009378e+01
         vertex 0.000000e+00 4.197105e+01 1.046168e+01
      endloop
   endfacet
   facet normal -1.000000e+00 -0.000000e+00 0.000000e+00
      outer loop
         vertex 0.000000e+00 5.100000e+01 2.229908e+01
         vertex 0.000000e+00 4.197105e+01 1.046168e+01
         vertex 0.000000e+00 5.095695e+01 2.280548e+01
      endloop
   endfacet
   facet normal -1.000000e+00 0.000000e+00 0.000000e+00
      outer loop
         vertex 0.000000e+00 5.095695e+01 2.280548e+01
         vertex 0.000000e+00 4.197105e+01 1.046168e+01
         vertex 0.000000e+00 4.155799e+01 1.076378e+01
      endloop
   endfacet
   facet normal -1.000000e+00 -0.000000e+00 0.000000e+00
      outer loop
         vertex 0.000000e+00 5.095695e+01 2.280548e+01
         vertex 0.000000e+00 4.155799e+01 1.076378e+01
         vertex 0.000000e+00 5.082903e+01 2.329736e+01
      endloop
   endfacet
   facet normal -1.000000e+00 -0.000000e+00 0.000000e+00
      outer loop
         vertex 0.000000e+00 5.082903e+01 2.329736e+01
         vertex 0.000000e+00 4.155799e+01 1.076378e+01
         vertex 0.000000e+00 5.061993e+01 2.376058e+01
      endloop
   endfacet
   facet normal -1.000000e+00 0.000000e+00 0.000000e+00
      outer loop
         vertex 0.000000e+00 3.743597e+01 1.160568e+02
         vertex 0.000000e+00 3.959004e+01 1.238281e+02
         vertex 0.000000e+00 4.050474e+01 1.146816e+02
      endloop
   endfacet
   facet normal -1.000000e+00 0.000000e+00 0.000000e+00
      outer loop
         vertex 0.000000e+00 4.050474e+01 1.146816e+02
         vertex 0.000000e+00 3.959004e+01 1.238281e+02
         vertex 0.000000e+00 4.010110e+01 1.238016e+02
      endloop
   endfacet
   facet normal -1.000000e+00 0.000000e+00 0.000000e+00
      outer loop
         vertex 0.000000e+00 4.050474e+01 1.146816e+02
         vertex 0.000000e+00 4.010110e+01 1.238016e+02
         vertex 0.000000e+00 4.332807e+01 1.128548e+02
      endloop
   endfacet
   facet normal -1.000000e+00 0.000000e+00 0.000000e+00
      outer loop
         vertex 0.000000e+00 4.332807e+01 1.128548e+02
         vertex 0.000000e+00 4.010110e+01 1.238016e+02
         vertex 0.000000e+00 4.060921e+01 1.238624e+02
      endloop
   endfacet
   facet normal -1.000000e+00 0.000000e+00 0.000000e+00
      outer loop
         vertex 0.000000e+00 4.332807e+01 1.128548e+02
         vertex 0.000000e+00 4.060921e+01 1.238624e+02
         vertex 0.000000e+00 4.584000e+01 1.106190e+02
      endloop
   endfacet
   facet normal -1.000000e+00 0.000000e+00 0.000000e+00
      outer loop
         vertex 0.000000e+00 4.584000e+01 1.106190e+02
         vertex 0.000000e+00 4.060921e+01 1.238624e+02
         vertex 0.000000e+00 4.109960e+01 1.240087e+02
      endloop
   endfacet
   facet normal -1.000000e+00 0.000000e+00 0.000000e+00
      outer loop
         vertex 0.000000e+00 4.584000e+01 1.106190e+02
         vertex 0.000000e+00 4.109960e+01 1.240087e+02
         vertex 0.000000e+00 4.622243e+01 1.102843e+02
      endloop
   endfacet
   facet normal -1.000000e+00 0.000000e+00 0.000000e+00
      outer loop
         vertex 0.000000e+00 4.155799e+01 1.242362e+02
         vertex 0.000000e+00 5.082903e+01 1.117026e+02
         vertex 0.000000e+00 5.061993e+01 1.112394e+02
      endloop
   endfacet
   facet normal -1.000000e+00 0.000000e+00 0.000000e+00
      outer loop
         vertex 0.000000e+00 4.813276e+01 1.097039e+02
         vertex 0.000000e+00 4.762495e+01 1.097245e+02
         vertex 0.000000e+00 4.155799e+01 1.242362e+02
      endloop
   endfacet
   facet normal -1.000000e+00 0.000000e+00 0.000000e+00
      outer loop
         vertex 0.000000e+00 4.155799e+01 1.242362e+02
         vertex 0.000000e+00 4.762495e+01 1.097245e+02
         vertex 0.000000e+00 4.712790e+01 1.098305e+02
      endloop
   endfacet
   facet normal -1.000000e+00 0.000000e+00 -0.000000e+00
      outer loop
         vertex 0.000000e+00 4.155799e+01 1.242362e+02
         vertex 0.000000e+00 4.712790e+01 1.098305e+02
         vertex 0.000000e+00 4.109960e+01 1.240087e+02
      endloop
   endfacet
   facet normal -1.000000e+00 0.000000e+00 0.000000e+00
      outer loop
         vertex 0.000000e+00 4.109960e+01 1.240087e+02
         vertex 0.000000e+00 4.712790e+01 1.098305e+02
         vertex 0.000000e+00 4.665587e+01 1.100189e+02
      endloop
   endfacet
   facet normal -1.000000e+00 0.000000e+00 0.000000e+00
      outer loop
         vertex 0.000000e+00 4.109960e+01 1.240087e+02
         vertex 0.000000e+00 4.665587e+01 1.100189e+02
         vertex 0.000000e+00 4.622243e+01 1.102843e+02
      endloop
   endfacet
   facet normal -1.000000e+00 0.000000e+00 -0.000000e+00
      outer loop
         vertex 0.000000e+00 4.197105e+01 1.245383e+02
         vertex 0.000000e+00 5.100000e+01 1.127009e+02
         vertex 0.000000e+00 4.155799e+01 1.242362e+02
      endloop
   endfacet
   facet normal -1.000000e+00 0.000000e+00 0.000000e+00
      outer loop
         vertex 0.000000e+00 4.155799e+01 1.242362e+02
         vertex 0.000000e+00 5.100000e+01 1.127009e+02
         vertex 0.000000e+00 5.095695e+01 1.121945e+02
      endloop
   endfacet
   facet normal -1.000000e+00 0.000000e+00 0.000000e+00
      outer loop
         vertex 0.000000e+00 4.155799e+01 1.242362e+02
         vertex 0.000000e+00 5.095695e+01 1.121945e+02
         vertex 0.000000e+00 5.082903e+01 1.117026e+02
      endloop
   endfacet
   facet normal -1.000000e+00 0.000000e+00 0.000000e+00
      outer loop
         vertex 0.000000e+00 4.109960e+01 1.099127e+01
         vertex 0.000000e+00 4.665587e+01 2.498112e+01
         vertex 0.000000e+00 4.155799e+01 1.076378e+01
      endloop
   endfacet
   facet normal -1.000000e+00 0.000000e+00 0.000000e+00
      outer loop
         vertex 0.000000e+00 4.155799e+01 1.076378e+01
         vertex 0.000000e+00 4.665587e+01 2.498112e+01
         vertex 0.000000e+00 4.712790e+01 2.516952e+01
      endloop
   endfacet
   facet normal -1.000000e+00 0.000000e+00 0.000000e+00
      outer loop
         vertex 0.000000e+00 4.155799e+01 1.076378e+01
         vertex 0.000000e+00 4.712790e+01 2.516952e+01
         vertex 0.000000e+00 4.762495e+01 2.527554e+01
      endloop
   endfacet
   facet normal -1.000000e+00 0.000000e+00 0.000000e+00
      outer loop
         vertex 0.000000e+00 2.749256e+01 1.779179e+01
         vertex 0.000000e+00 3.085297e+01 1.766497e+01
         vertex 0.000000e+00 3.959004e+01 1.117191e+01
      endloop
   endfacet
   facet normal -1.000000e+00 0.000000e+00 0.000000e+00
      outer loop
         vertex 0.000000e+00 3.959004e+01 1.117191e+01
         vertex 0.000000e+00 3.085297e+01 1.766497e+01
         vertex 0.000000e+00 3.419346e+01 1.805179e+01
      endloop
   endfacet
   facet normal -1.000000e+00 0.000000e+00 0.000000e+00
      outer loop
         vertex 0.000000e+00 3.959004e+01 1.117191e+01
         vertex 0.000000e+00 3.419346e+01 1.805179e+01
         vertex 0.000000e+00 4.010110e+01 1.119835e+01
      endloop
   endfacet
   facet normal -1.000000e+00 0.000000e+00 -0.000000e+00
      outer loop
         vertex 0.000000e+00 2.783327e+01 7.341418e+01
         vertex 0.000000e+00 2.828494e+01 7.324312e+01
         vertex 0.000000e+00 1.513334e+01 6.848600e+01
      endloop
   endfacet
   facet normal -1.000000e+00 -0.000000e+00 0.000000e+00
      outer loop
         vertex 0.000000e+00 5.061993e+01 1.112394e+02
         vertex 0.000000e+00 5.033563e+01 1.108181e+02
         vertex 0.000000e+00 4.155799e+01 1.242362e+02
      endloop
   endfacet
   facet normal -1.000000e+00 0.000000e+00 0.000000e+00
      outer loop
         vertex 0.000000e+00 4.155799e+01 1.242362e+02
         vertex 0.000000e+00 5.033563e+01 1.108181e+02
         vertex 0.000000e+00 4.998429e+01 1.104509e+02
      endloop
   endfacet
   facet normal -1.000000e+00 0.000000e+00 0.000000e+00
      outer loop
         vertex 0.000000e+00 4.155799e+01 1.242362e+02
         vertex 0.000000e+00 4.998429e+01 1.104509e+02
         vertex 0.000000e+00 4.957601e+01 1.101482e+02
      endloop
   endfacet
   facet normal -1.000000e+00 0.000000e+00 -0.000000e+00
      outer loop
         vertex 0.000000e+00 4.762495e+01 2.527554e+01
         vertex 0.000000e+00 4.813276e+01 2.529614e+01
         vertex 0.000000e+00 4.155799e+01 1.076378e+01
      endloop
   endfacet
   facet normal -1.000000e+00 0.000000e+00 0.000000e+00
      outer loop
         vertex 0.000000e+00 4.155799e+01 1.076378e+01
         vertex 0.000000e+00 4.813276e+01 2.529614e+01
         vertex 0.000000e+00 4.863677e+01 2.523072e+01
      endloop
   endfacet
   facet normal -1.000000e+00 0.000000e+00 0.000000e+00
      outer loop
         vertex 0.000000e+00 4.155799e+01 1.076378e+01
         vertex 0.000000e+00 4.863677e+01 2.523072e+01
         vertex 0.000000e+00 4.912250e+01 2.508116e+01
      endloop
   endfacet
   facet normal -1.000000e+00 0.000000e+00 0.000000e+00
      outer loop
         vertex 0.000000e+00 3.419346e+01 1.805179e+01
         vertex 0.000000e+00 3.743597e+01 1.894320e+01
         vertex 0.000000e+00 4.010110e+01 1.119835e+01
      endloop
   endfacet
   facet normal -1.000000e+00 0.000000e+00 0.000000e+00
      outer loop
         vertex 0.000000e+00 4.010110e+01 1.119835e+01
         vertex 0.000000e+00 3.743597e+01 1.894320e+01
         vertex 0.000000e+00 4.050474e+01 2.031839e+01
      endloop
   endfacet
   facet normal -1.000000e+00 0.000000e+00 0.000000e+00
      outer loop
         vertex 0.000000e+00 4.010110e+01 1.119835e+01
         vertex 0.000000e+00 4.050474e+01 2.031839e+01
         vertex 0.000000e+00 4.060921e+01 1.113755e+01
      endloop
   endfacet
   facet normal -1.000000e+00 0.000000e+00 0.000000e+00
      outer loop
         vertex 0.000000e+00 4.060921e+01 1.113755e+01
         vertex 0.000000e+00 4.050474e+01 2.031839e+01
         vertex 0.000000e+00 4.332807e+01 2.214522e+01
      endloop
   endfacet
   facet normal -1.000000e+00 0.000000e+00 0.000000e+00
      outer loop
         vertex 0.000000e+00 4.060921e+01 1.113755e+01
         vertex 0.000000e+00 4.332807e+01 2.214522e+01
         vertex 0.000000e+00 4.109960e+01 1.099127e+01
      endloop
   endfacet
   facet normal -1.000000e+00 0.000000e+00 0.000000e+00
      outer loop
         vertex 0.000000e+00 4.109960e+01 1.099127e+01
         vertex 0.000000e+00 4.332807e+01 2.214522e+01
         vertex 0.000000e+00 4.584000e+01 2.438100e+01
      endloop
   endfacet
   facet normal -1.000000e+00 0.000000e+00 0.000000e+00
      outer loop
         vertex 0.000000e+00 4.109960e+01 1.099127e+01
         vertex 0.000000e+00 4.584000e+01 2.438100e+01
         vertex 0.000000e+00 4.622243e+01 2.471574e+01
      endloop
   endfacet
   facet normal -1.000000e+00 0.000000e+00 0.000000e+00
      outer loop
         vertex 0.000000e+00 3.000000e+01 7.053222e+01
         vertex 0.000000e+00 3.000000e+01 6.446778e+01
         vertex 0.000000e+00 1.525804e+01 6.700001e+01
      endloop
   endfacet
   facet normal -1.000000e+00 0.000000e+00 0.000000e+00
      outer loop
         vertex 0.000000e+00 1.525804e+01 6.700001e+01
         vertex 0.000000e+00 3.000000e+01 6.446778e+01
         vertex 0.000000e+00 2.996112e+01 6.398636e+01
      endloop
   endfacet
   facet normal -1.000000e+00 0.000000e+00 -0.000000e+00
      outer loop
         vertex 0.000000e+00 2.939789e+01 7.233503e+01
         vertex 0.000000e+00 2.965612e+01 7.192687e+01
         vertex 0.000000e+00 1.513334e+01 6.848600e+01
      endloop
   endfacet
   facet normal -1.000000e+00 0.000000e+00 -0.000000e+00
      outer loop
         vertex 0.000000e+00 2.090293e+01 7.532051e+01
         vertex 0.000000e+00 2.406210e+01 7.416806e+01
         vertex 0.000000e+00 1.492938e+01 6.894442e+01
      endloop
   endfacet
   facet normal -1.000000e+00 -0.000000e+00 0.000000e+00
      outer loop
         vertex 0.000000e+00 4.957601e+01 1.101482e+02
         vertex 0.000000e+00 4.912250e+01 1.099188e+02
         vertex 0.000000e+00 4.155799e+01 1.242362e+02
      endloop
   endfacet
   facet normal -1.000000e+00 0.000000e+00 0.000000e+00
      outer loop
         vertex 0.000000e+00 4.155799e+01 1.242362e+02
         vertex 0.000000e+00 4.912250e+01 1.099188e+02
         vertex 0.000000e+00 4.863677e+01 1.097693e+02
      endloop
   endfacet
   facet normal -1.000000e+00 0.000000e+00 0.000000e+00
      outer loop
         vertex 0.000000e+00 4.155799e+01 1.242362e+02
         vertex 0.000000e+00 4.863677e+01 1.097693e+02
         vertex 0.000000e+00 4.813276e+01 1.097039e+02
      endloop
   endfacet
   facet normal -1.000000e+00 0.000000e+00 -0.000000e+00
      outer loop
         vertex 0.000000e+00 4.912250e+01 2.508116e+01
         vertex 0.000000e+00 4.957601e+01 2.485176e+01
         vertex 0.000000e+00 4.155799e+01 1.076378e+01
      endloop
   endfacet
   facet normal -1.000000e+00 0.000000e+00 0.000000e+00
      outer loop
         vertex 0.000000e+00 4.155799e+01 1.076378e+01
         vertex 0.000000e+00 4.957601e+01 2.485176e+01
         vertex 0.000000e+00 4.998429e+01 2.454909e+01
      endloop
   endfacet
   facet normal -1.000000e+00 0.000000e+00 0.000000e+00
      outer loop
         vertex 0.000000e+00 4.155799e+01 1.076378e+01
         vertex 0.000000e+00 4.998429e+01 2.454909e+01
         vertex 0.000000e+00 5.033563e+01 2.418185e+01
      endloop
   endfacet
   facet normal -1.000000e+00 0.000000e+00 0.000000e+00
      outer loop
         vertex 0.000000e+00 2.090293e+01 5.967949e+01
         vertex 0.000000e+00 1.465187e+01 6.563755e+01
         vertex 0.000000e+00 2.406210e+01 6.083194e+01
      endloop
   endfacet
   facet normal -1.000000e+00 0.000000e+00 0.000000e+00
      outer loop
         vertex 0.000000e+00 2.406210e+01 6.083194e+01
         vertex 0.000000e+00 1.465187e+01 6.563755e+01
         vertex 0.000000e+00 1.492938e+01 6.605557e+01
      endloop
   endfacet
   facet normal -1.000000e+00 0.000000e+00 0.000000e+00
      outer loop
         vertex 0.000000e+00 2.406210e+01 6.083194e+01
         vertex 0.000000e+00 1.492938e+01 6.605557e+01
         vertex 0.000000e+00 2.736000e+01 6.148945e+01
      endloop
   endfacet
   facet normal -1.000000e+00 0.000000e+00 0.000000e+00
      outer loop
         vertex 0.000000e+00 2.736000e+01 6.148945e+01
         vertex 0.000000e+00 1.492938e+01 6.605557e+01
         vertex 0.000000e+00 1.513334e+01 6.651400e+01
      endloop
   endfacet
   facet normal -1.000000e+00 0.000000e+00 0.000000e+00
      outer loop
         vertex 0.000000e+00 2.736000e+01 6.148945e+01
         vertex 0.000000e+00 1.513334e+01 6.651400e+01
         vertex 0.000000e+00 2.783327e+01 6.158582e+01
      endloop
   endfacet
   facet normal -1.000000e+00 -0.000000e+00 0.000000e+00
      outer loop
         vertex 0.000000e+00 2.996112e+01 6.398636e+01
         vertex 0.000000e+00 2.984549e+01 6.351743e+01
         vertex 0.000000e+00 1.525804e+01 6.700001e+01
      endloop
   endfacet
   facet normal -1.000000e+00 0.000000e+00 0.000000e+00
      outer loop
         vertex 0.000000e+00 1.525804e+01 6.700001e+01
         vertex 0.000000e+00 2.984549e+01 6.351743e+01
         vertex 0.000000e+00 2.965612e+01 6.307313e+01
      endloop
   endfacet
   facet normal -1.000000e+00 0.000000e+00 0.000000e+00
      outer loop
         vertex 0.000000e+00 1.525804e+01 6.700001e+01
         vertex 0.000000e+00 2.965612e+01 6.307313e+01
         vertex 0.000000e+00 2.939789e+01 6.266497e+01
      endloop
   endfacet
   facet normal -1.000000e+00 0.000000e+00 0.000000e+00
      outer loop
         vertex 0.000000e+00 1.525804e+01 6.700001e+01
         vertex 0.000000e+00 1.530000e+01 6.750000e+01
         vertex 0.000000e+00 3.000000e+01 7.053222e+01
      endloop
   endfacet
   facet normal -1.000000e+00 0.000000e+00 0.000000e+00
      outer loop
         vertex 0.000000e+00 3.000000e+01 7.053222e+01
         vertex 0.000000e+00 1.530000e+01 6.750000e+01
         vertex 0.000000e+00 1.525804e+01 6.799999e+01
      endloop
   endfacet
   facet normal -1.000000e+00 -0.000000e+00 0.000000e+00
      outer loop
         vertex 0.000000e+00 3.000000e+01 7.053222e+01
         vertex 0.000000e+00 1.525804e+01 6.799999e+01
         vertex 0.000000e+00 2.996112e+01 7.101363e+01
      endloop
   endfacet
   facet normal -1.000000e+00 0.000000e+00 0.000000e+00
      outer loop
         vertex 0.000000e+00 2.996112e+01 7.101363e+01
         vertex 0.000000e+00 1.525804e+01 6.799999e+01
         vertex 0.000000e+00 1.513334e+01 6.848600e+01
      endloop
   endfacet
   facet normal -1.000000e+00 -0.000000e+00 0.000000e+00
      outer loop
         vertex 0.000000e+00 2.996112e+01 7.101363e+01
         vertex 0.000000e+00 1.513334e+01 6.848600e+01
         vertex 0.000000e+00 2.984549e+01 7.148257e+01
      endloop
   endfacet
   facet normal -1.000000e+00 -0.000000e+00 0.000000e+00
      outer loop
         vertex 0.000000e+00 2.984549e+01 7.148257e+01
         vertex 0.000000e+00 1.513334e+01 6.848600e+01
         vertex 0.000000e+00 2.965612e+01 7.192687e+01
      endloop
   endfacet
   facet normal -1.000000e+00 0.000000e+00 0.000000e+00
      outer loop
         vertex 0.000000e+00 1.492938e+01 6.894442e+01
         vertex 0.000000e+00 2.406210e+01 7.416806e+01
         vertex 0.000000e+00 1.513334e+01 6.848600e+01
      endloop
   endfacet
   facet normal -1.000000e+00 0.000000e+00 0.000000e+00
      outer loop
         vertex 0.000000e+00 1.513334e+01 6.848600e+01
         vertex 0.000000e+00 2.406210e+01 7.416806e+01
         vertex 0.000000e+00 2.736000e+01 7.351055e+01
      endloop
   endfacet
   facet normal -1.000000e+00 0.000000e+00 0.000000e+00
      outer loop
         vertex 0.000000e+00 1.513334e+01 6.848600e+01
         vertex 0.000000e+00 2.736000e+01 7.351055e+01
         vertex 0.000000e+00 2.783327e+01 7.341418e+01
      endloop
   endfacet
   facet normal -1.000000e+00 0.000000e+00 0.000000e+00
      outer loop
         vertex 0.000000e+00 9.614931e+00 3.137504e+01
         vertex 0.000000e+00 2.819195e+00 2.695182e+01
         vertex 0.000000e+00 1.393033e+00 3.061286e+01
      endloop
   endfacet
   facet normal -1.000000e+00 -0.000000e+00 0.000000e+00
      outer loop
         vertex 0.000000e+00 2.939789e+01 6.266497e+01
         vertex 0.000000e+00 2.907752e+01 6.230354e+01
         vertex 0.000000e+00 1.525804e+01 6.700001e+01
      endloop
   endfacet
   facet normal -1.000000e+00 0.000000e+00 0.000000e+00
      outer loop
         vertex 0.000000e+00 1.525804e+01 6.700001e+01
         vertex 0.000000e+00 2.907752e+01 6.230354e+01
         vertex 0.000000e+00 2.870330e+01 6.199821e+01
      endloop
   endfacet
   facet normal -1.000000e+00 0.000000e+00 -0.000000e+00
      outer loop
         vertex 0.000000e+00 1.525804e+01 6.700001e+01
         vertex 0.000000e+00 2.870330e+01 6.199821e+01
         vertex 0.000000e+00 1.513334e+01 6.651400e+01
      endloop
   endfacet
   facet normal -1.000000e+00 0.000000e+00 0.000000e+00
      outer loop
         vertex 0.000000e+00 1.513334e+01 6.651400e+01
         vertex 0.000000e+00 2.870330e+01 6.199821e+01
         vertex 0.000000e+00 2.828494e+01 6.175688e+01
      endloop
   endfacet
   facet normal -1.000000e+00 0.000000e+00 0.000000e+00
      outer loop
         vertex 0.000000e+00 1.513334e+01 6.651400e+01
         vertex 0.000000e+00 2.828494e+01 6.175688e+01
         vertex 0.000000e+00 2.783327e+01 6.158582e+01
      endloop
   endfacet
   facet normal -1.000000e+00 0.000000e+00 -0.000000e+00
      outer loop
         vertex 0.000000e+00 2.828494e+01 7.324312e+01
         vertex 0.000000e+00 2.870330e+01 7.300179e+01
         vertex 0.000000e+00 1.513334e+01 6.848600e+01
      endloop
   endfacet
   facet normal -1.000000e+00 0.000000e+00 0.000000e+00
      outer loop
         vertex 0.000000e+00 1.513334e+01 6.848600e+01
         vertex 0.000000e+00 2.870330e+01 7.300179e+01
         vertex 0.000000e+00 2.907752e+01 7.269645e+01
      endloop
   endfacet
   facet normal -1.000000e+00 0.000000e+00 0.000000e+00
      outer loop
         vertex 0.000000e+00 1.513334e+01 6.848600e+01
         vertex 0.000000e+00 2.907752e+01 7.269645e+01
         vertex 0.000000e+00 2.939789e+01 7.233503e+01
      endloop
   endfacet
   facet normal -1.000000e+00 0.000000e+00 0.000000e+00
      outer loop
         vertex 0.000000e+00 1.104590e+01 5.081723e+01
         vertex 0.000000e+00 5.436208e+00 5.687109e+01
         vertex 0.000000e+00 1.296954e+01 5.357550e+01
      endloop
   endfacet
   facet normal -1.000000e+00 0.000000e+00 0.000000e+00
      outer loop
         vertex 0.000000e+00 1.296954e+01 5.357550e+01
         vertex 0.000000e+00 5.436208e+00 5.687109e+01
         vertex 0.000000e+00 7.897634e+00 5.993353e+01
      endloop
   endfacet
   facet normal -1.000000e+00 0.000000e+00 0.000000e+00
      outer loop
         vertex 0.000000e+00 1.296954e+01 5.357550e+01
         vertex 0.000000e+00 7.897634e+00 5.993353e+01
         vertex 0.000000e+00 1.529109e+01 5.600838e+01
      endloop
   endfacet
   facet normal -1.000000e+00 0.000000e+00 0.000000e+00
      outer loop
         vertex 0.000000e+00 1.529109e+01 5.600838e+01
         vertex 0.000000e+00 7.897634e+00 5.993353e+01
         vertex 0.000000e+00 1.073817e+01 6.264804e+01
      endloop
   endfacet
   facet normal -1.000000e+00 0.000000e+00 0.000000e+00
      outer loop
         vertex 0.000000e+00 1.529109e+01 5.600838e+01
         vertex 0.000000e+00 1.073817e+01 6.264804e+01
         vertex 0.000000e+00 1.795631e+01 5.805901e+01
      endloop
   endfacet
   facet normal -1.000000e+00 0.000000e+00 0.000000e+00
      outer loop
         vertex 0.000000e+00 1.795631e+01 5.805901e+01
         vertex 0.000000e+00 1.073817e+01 6.264804e+01
         vertex 0.000000e+00 1.390909e+01 6.496804e+01
      endloop
   endfacet
   facet normal -1.000000e+00 0.000000e+00 0.000000e+00
      outer loop
         vertex 0.000000e+00 1.795631e+01 5.805901e+01
         vertex 0.000000e+00 1.390909e+01 6.496804e+01
         vertex 0.000000e+00 2.090293e+01 5.967949e+01
      endloop
   endfacet
   facet normal -1.000000e+00 0.000000e+00 0.000000e+00
      outer loop
         vertex 0.000000e+00 2.090293e+01 5.967949e+01
         vertex 0.000000e+00 1.390909e+01 6.496804e+01
         vertex 0.000000e+00 1.430857e+01 6.527163e+01
      endloop
   endfacet
   facet normal -1.000000e+00 0.000000e+00 0.000000e+00
      outer loop
         vertex 0.000000e+00 2.090293e+01 5.967949e+01
         vertex 0.000000e+00 1.430857e+01 6.527163e+01
         vertex 0.000000e+00 1.465187e+01 6.563755e+01
      endloop
   endfacet
   facet normal -1.000000e+00 -0.000000e+00 0.000000e+00
      outer loop
         vertex 0.000000e+00 9.614931e+00 3.137504e+01
         vertex 0.000000e+00 1.393033e+00 3.061286e+01
         vertex 0.000000e+00 8.592146e+00 3.457854e+01
      endloop
   endfacet
   facet normal -1.000000e+00 0.000000e+00 0.000000e+00
      outer loop
         vertex 0.000000e+00 8.592146e+00 3.457854e+01
         vertex 0.000000e+00 1.393033e+00 3.061286e+01
         vertex 0.000000e+00 4.575495e-01 3.442888e+01
      endloop
   endfacet
   facet normal -1.000000e+00 -0.000000e+00 0.000000e+00
      outer loop
         vertex 0.000000e+00 8.592146e+00 3.457854e+01
         vertex 0.000000e+00 4.575495e-01 3.442888e+01
         vertex 0.000000e+00 8.069547e+00 3.790049e+01
      endloop
   endfacet
   facet normal -1.000000e+00 -0.000000e+00 0.000000e+00
      outer loop
         vertex 0.000000e+00 8.069547e+00 3.790049e+01
         vertex 0.000000e+00 4.575495e-01 3.442888e+01
         vertex 0.000000e+00 2.878904e-02 3.833443e+01
      endloop
   endfacet
   facet normal -1.000000e+00 0.000000e+00 0.000000e+00
      outer loop
         vertex 0.000000e+00 8.069547e+00 3.790049e+01
         vertex 0.000000e+00 2.878904e-02 3.833443e+01
         vertex 0.000000e+00 8.059347e+00 4.126328e+01
      endloop
   endfacet
   facet normal -1.000000e+00 -0.000000e+00 0.000000e+00
      outer loop
         vertex 0.000000e+00 8.059347e+00 4.126328e+01
         vertex 0.000000e+00 2.878904e-02 3.833443e+01
         vertex 0.000000e+00 1.141075e-01 4.226252e+01
      endloop
   endfacet
   facet normal -1.000000e+00 0.000000e+00 0.000000e+00
      outer loop
         vertex 0.000000e+00 8.059347e+00 4.126328e+01
         vertex 0.000000e+00 1.141075e-01 4.226252e+01
         vertex 0.000000e+00 8.561781e+00 4.458835e+01
      endloop
   endfacet
   facet normal -1.000000e+00 -0.000000e+00 0.000000e+00
      outer loop
         vertex 0.000000e+00 8.561781e+00 4.458835e+01
         vertex 0.000000e+00 1.141075e-01 4.226252e+01
         vertex 0.000000e+00 7.120408e-01 4.614577e+01
      endloop
   endfacet
   facet normal -1.000000e+00 0.000000e+00 0.000000e+00
      outer loop
         vertex 0.000000e+00 8.561781e+00 4.458835e+01
         vertex 0.000000e+00 7.120408e-01 4.614577e+01
         vertex 0.000000e+00 9.565113e+00 4.779799e+01
      endloop
   endfacet
   facet normal -1.000000e+00 -0.000000e+00 0.000000e+00
      outer loop
         vertex 0.000000e+00 9.565113e+00 4.779799e+01
         vertex 0.000000e+00 7.120408e-01 4.614577e+01
         vertex 0.000000e+00 1.812331e+00 4.991758e+01
      endloop
   endfacet
   facet normal -1.000000e+00 0.000000e+00 0.000000e+00
      outer loop
         vertex 0.000000e+00 9.565113e+00 4.779799e+01
         vertex 0.000000e+00 1.812331e+00 4.991758e+01
         vertex 0.000000e+00 1.104590e+01 5.081723e+01
      endloop
   endfacet
   facet normal -1.000000e+00 -0.000000e+00 0.000000e+00
      outer loop
         vertex 0.000000e+00 1.104590e+01 5.081723e+01
         vertex 0.000000e+00 1.812331e+00 4.991758e+01
         vertex 0.000000e+00 3.396111e+00 5.351324e+01
      endloop
   endfacet
   facet normal -1.000000e+00 0.000000e+00 0.000000e+00
      outer loop
         vertex 0.000000e+00 1.104590e+01 5.081723e+01
         vertex 0.000000e+00 3.396111e+00 5.351324e+01
         vertex 0.000000e+00 5.436208e+00 5.687109e+01
      endloop
   endfacet
   facet normal -1.000000e+00 0.000000e+00 0.000000e+00
      outer loop
         vertex 0.000000e+00 2.819195e+00 2.695182e+01
         vertex 0.000000e+00 9.614931e+00 3.137504e+01
         vertex 0.000000e+00 4.711574e+00 2.350855e+01
      endloop
   endfacet
   facet normal -1.000000e+00 0.000000e+00 0.000000e+00
      outer loop
         vertex 0.000000e+00 4.711574e+00 2.350855e+01
         vertex 0.000000e+00 9.614931e+00 3.137504e+01
         vertex 0.000000e+00 1.111401e+01 2.836484e+01
      endloop
   endfacet
   facet normal -1.000000e+00 0.000000e+00 0.000000e+00
      outer loop
         vertex 0.000000e+00 4.711574e+00 2.350855e+01
         vertex 0.000000e+00 1.111401e+01 2.836484e+01
         vertex 0.000000e+00 7.037709e+00 2.034213e+01
      endloop
   endfacet
   facet normal -1.000000e+00 0.000000e+00 0.000000e+00
      outer loop
         vertex 0.000000e+00 7.037709e+00 2.034213e+01
         vertex 0.000000e+00 1.111401e+01 2.836484e+01
         vertex 0.000000e+00 1.305435e+01 2.561829e+01
      endloop
   endfacet
   facet normal -1.000000e+00 0.000000e+00 0.000000e+00
      outer loop
         vertex 0.000000e+00 7.037709e+00 2.034213e+01
         vertex 0.000000e+00 1.305435e+01 2.561829e+01
         vertex 0.000000e+00 9.757703e+00 1.750685e+01
      endloop
   endfacet
   facet normal -1.000000e+00 0.000000e+00 0.000000e+00
      outer loop
         vertex 0.000000e+00 9.757703e+00 1.750685e+01
         vertex 0.000000e+00 1.305435e+01 2.561829e+01
         vertex 0.000000e+00 1.539062e+01 2.319954e+01
      endloop
   endfacet
   facet normal -1.000000e+00 0.000000e+00 0.000000e+00
      outer loop
         vertex 0.000000e+00 9.757703e+00 1.750685e+01
         vertex 0.000000e+00 1.539062e+01 2.319954e+01
         vertex 0.000000e+00 1.282490e+01 1.505136e+01
      endloop
   endfacet
   facet normal -1.000000e+00 0.000000e+00 0.000000e+00
      outer loop
         vertex 0.000000e+00 1.282490e+01 1.505136e+01
         vertex 0.000000e+00 1.539062e+01 2.319954e+01
         vertex 0.000000e+00 1.806823e+01 2.116512e+01
      endloop
   endfacet
   facet normal -1.000000e+00 0.000000e+00 0.000000e+00
      outer loop
         vertex 0.000000e+00 1.282490e+01 1.505136e+01
         vertex 0.000000e+00 1.806823e+01 2.116512e+01
         vertex 0.000000e+00 1.618669e+01 1.301776e+01
      endloop
   endfacet
   facet normal -1.000000e+00 0.000000e+00 0.000000e+00
      outer loop
         vertex 0.000000e+00 1.618669e+01 1.301776e+01
         vertex 0.000000e+00 1.806823e+01 2.116512e+01
         vertex 0.000000e+00 2.102462e+01 1.956255e+01
      endloop
   endfacet
   facet normal -1.000000e+00 0.000000e+00 0.000000e+00
      outer loop
         vertex 0.000000e+00 1.618669e+01 1.301776e+01
         vertex 0.000000e+00 2.102462e+01 1.956255e+01
         vertex 0.000000e+00 1.978542e+01 1.144094e+01
      endloop
   endfacet
   facet normal -1.000000e+00 0.000000e+00 0.000000e+00
      outer loop
         vertex 0.000000e+00 2.102462e+01 1.154374e+02
         vertex 0.000000e+00 1.978542e+01 1.235591e+02
         vertex 0.000000e+00 2.419072e+01 1.165707e+02
      endloop
   endfacet
   facet normal -1.000000e+00 0.000000e+00 0.000000e+00
      outer loop
         vertex 0.000000e+00 2.419072e+01 1.165707e+02
         vertex 0.000000e+00 1.978542e+01 1.235591e+02
         vertex 0.000000e+00 2.355934e+01 1.246521e+02
      endloop
   endfacet
   facet normal -1.000000e+00 0.000000e+00 0.000000e+00
      outer loop
         vertex 0.000000e+00 2.419072e+01 1.165707e+02
         vertex 0.000000e+00 2.355934e+01 1.246521e+02
         vertex 0.000000e+00 2.749256e+01 1.172082e+02
      endloop
   endfacet
   facet normal -1.000000e+00 0.000000e+00 0.000000e+00
      outer loop
         vertex 0.000000e+00 2.749256e+01 1.172082e+02
         vertex 0.000000e+00 2.355934e+01 1.246521e+02
         vertex 0.000000e+00 2.744374e+01 1.252425e+02
      endloop
   endfacet
   facet normal -1.000000e+00 0.000000e+00 0.000000e+00
      outer loop
         vertex 0.000000e+00 2.749256e+01 1.172082e+02
         vertex 0.000000e+00 2.744374e+01 1.252425e+02
         vertex 0.000000e+00 3.085297e+01 1.173350e+02
      endloop
   endfacet
   facet normal -1.000000e+00 0.000000e+00 0.000000e+00
      outer loop
         vertex 0.000000e+00 3.085297e+01 1.173350e+02
         vertex 0.000000e+00 2.744374e+01 1.252425e+02
         vertex 0.000000e+00 3.137199e+01 1.253202e+02
      endloop
   endfacet
   facet normal -1.000000e+00 0.000000e+00 0.000000e+00
      outer loop
         vertex 0.000000e+00 3.085297e+01 1.173350e+02
         vertex 0.000000e+00 3.137199e+01 1.253202e+02
         vertex 0.000000e+00 3.419346e+01 1.169482e+02
      endloop
   endfacet
   facet normal -1.000000e+00 0.000000e+00 0.000000e+00
      outer loop
         vertex 0.000000e+00 3.419346e+01 1.169482e+02
         vertex 0.000000e+00 3.137199e+01 1.253202e+02
         vertex 0.000000e+00 3.527670e+01 1.248839e+02
      endloop
   endfacet
   facet normal -1.000000e+00 0.000000e+00 0.000000e+00
      outer loop
         vertex 0.000000e+00 3.419346e+01 1.169482e+02
         vertex 0.000000e+00 3.527670e+01 1.248839e+02
         vertex 0.000000e+00 3.743597e+01 1.160568e+02
      endloop
   endfacet
   facet normal -1.000000e+00 0.000000e+00 0.000000e+00
      outer loop
         vertex 0.000000e+00 3.743597e+01 1.160568e+02
         vertex 0.000000e+00 3.527670e+01 1.248839e+02
         vertex 0.000000e+00 3.909091e+01 1.239410e+02
      endloop
   endfacet
   facet normal -1.000000e+00 0.000000e+00 0.000000e+00
      outer loop
         vertex 0.000000e+00 3.743597e+01 1.160568e+02
         vertex 0.000000e+00 3.909091e+01 1.239410e+02
         vertex 0.000000e+00 3.959004e+01 1.238281e+02
      endloop
   endfacet
   facet normal -1.000000e+00 0.000000e+00 0.000000e+00
      outer loop
         vertex 0.000000e+00 8.592146e+00 1.004215e+02
         vertex 0.000000e+00 1.393033e+00 1.043871e+02
         vertex 0.000000e+00 9.614931e+00 1.036250e+02
      endloop
   endfacet
   facet normal -1.000000e+00 0.000000e+00 0.000000e+00
      outer loop
         vertex 0.000000e+00 9.614931e+00 1.036250e+02
         vertex 0.000000e+00 1.393033e+00 1.043871e+02
         vertex 0.000000e+00 2.819195e+00 1.080482e+02
      endloop
   endfacet
   facet normal -1.000000e+00 0.000000e+00 0.000000e+00
      outer loop
         vertex 0.000000e+00 9.614931e+00 1.036250e+02
         vertex 0.000000e+00 2.819195e+00 1.080482e+02
         vertex 0.000000e+00 1.111401e+01 1.066352e+02
      endloop
   endfacet
   facet normal -1.000000e+00 0.000000e+00 0.000000e+00
      outer loop
         vertex 0.000000e+00 1.111401e+01 1.066352e+02
         vertex 0.000000e+00 2.819195e+00 1.080482e+02
         vertex 0.000000e+00 4.711574e+00 1.114914e+02
      endloop
   endfacet
   facet normal -1.000000e+00 0.000000e+00 0.000000e+00
      outer loop
         vertex 0.000000e+00 1.111401e+01 1.066352e+02
         vertex 0.000000e+00 4.711574e+00 1.114914e+02
         vertex 0.000000e+00 1.305435e+01 1.093817e+02
      endloop
   endfacet
   facet normal -1.000000e+00 0.000000e+00 0.000000e+00
      outer loop
         vertex 0.000000e+00 1.305435e+01 1.093817e+02
         vertex 0.000000e+00 4.711574e+00 1.114914e+02
         vertex 0.000000e+00 7.037709e+00 1.146579e+02
      endloop
   endfacet
   facet normal -1.000000e+00 0.000000e+00 0.000000e+00
      outer loop
         vertex 0.000000e+00 1.305435e+01 1.093817e+02
         vertex 0.000000e+00 7.037709e+00 1.146579e+02
         vertex 0.000000e+00 1.539062e+01 1.118005e+02
      endloop
   endfacet
   facet normal -1.000000e+00 0.000000e+00 0.000000e+00
      outer loop
         vertex 0.000000e+00 1.539062e+01 1.118005e+02
         vertex 0.000000e+00 7.037709e+00 1.146579e+02
         vertex 0.000000e+00 9.757703e+00 1.174931e+02
      endloop
   endfacet
   facet normal -1.000000e+00 0.000000e+00 0.000000e+00
      outer loop
         vertex 0.000000e+00 1.539062e+01 1.118005e+02
         vertex 0.000000e+00 9.757703e+00 1.174931e+02
         vertex 0.000000e+00 1.806823e+01 1.138349e+02
      endloop
   endfacet
   facet normal -1.000000e+00 0.000000e+00 0.000000e+00
      outer loop
         vertex 0.000000e+00 1.806823e+01 1.138349e+02
         vertex 0.000000e+00 9.757703e+00 1.174931e+02
         vertex 0.000000e+00 1.282490e+01 1.199486e+02
      endloop
   endfacet
   facet normal -1.000000e+00 0.000000e+00 0.000000e+00
      outer loop
         vertex 0.000000e+00 1.806823e+01 1.138349e+02
         vertex 0.000000e+00 1.282490e+01 1.199486e+02
         vertex 0.000000e+00 2.102462e+01 1.154374e+02
      endloop
   endfacet
   facet normal -1.000000e+00 0.000000e+00 0.000000e+00
      outer loop
         vertex 0.000000e+00 2.102462e+01 1.154374e+02
         vertex 0.000000e+00 1.282490e+01 1.199486e+02
         vertex 0.000000e+00 1.618669e+01 1.219822e+02
      endloop
   endfacet
   facet normal -1.000000e+00 0.000000e+00 0.000000e+00
      outer loop
         vertex 0.000000e+00 2.102462e+01 1.154374e+02
         vertex 0.000000e+00 1.618669e+01 1.219822e+02
         vertex 0.000000e+00 1.978542e+01 1.235591e+02
      endloop
   endfacet
   facet normal -1.000000e+00 -0.000000e+00 0.000000e+00
      outer loop
         vertex 0.000000e+00 3.527670e+01 1.011613e+01
         vertex 0.000000e+00 3.137199e+01 9.679819e+00
         vertex 0.000000e+00 2.102462e+01 1.956255e+01
      endloop
   endfacet
   facet normal -1.000000e+00 0.000000e+00 0.000000e+00
      outer loop
         vertex 0.000000e+00 1.492938e+01 6.894442e+01
         vertex 0.000000e+00 1.465187e+01 6.936245e+01
         vertex 0.000000e+00 2.090293e+01 7.532051e+01
      endloop
   endfacet
   facet normal -1.000000e+00 0.000000e+00 0.000000e+00
      outer loop
         vertex 0.000000e+00 2.090293e+01 7.532051e+01
         vertex 0.000000e+00 1.465187e+01 6.936245e+01
         vertex 0.000000e+00 1.430857e+01 6.972837e+01
      endloop
   endfacet
   facet normal -1.000000e+00 -0.000000e+00 0.000000e+00
      outer loop
         vertex 0.000000e+00 2.090293e+01 7.532051e+01
         vertex 0.000000e+00 1.430857e+01 6.972837e+01
         vertex 0.000000e+00 1.795631e+01 7.694099e+01
      endloop
   endfacet
   facet normal -1.000000e+00 0.000000e+00 0.000000e+00
      outer loop
         vertex 0.000000e+00 1.795631e+01 7.694099e+01
         vertex 0.000000e+00 1.430857e+01 6.972837e+01
         vertex 0.000000e+00 1.390909e+01 7.003196e+01
      endloop
   endfacet
   facet normal -1.000000e+00 -0.000000e+00 0.000000e+00
      outer loop
         vertex 0.000000e+00 1.795631e+01 7.694099e+01
         vertex 0.000000e+00 1.390909e+01 7.003196e+01
         vertex 0.000000e+00 1.529109e+01 7.899162e+01
      endloop
   endfacet
   facet normal -1.000000e+00 0.000000e+00 0.000000e+00
      outer loop
         vertex 0.000000e+00 1.529109e+01 7.899162e+01
         vertex 0.000000e+00 1.390909e+01 7.003196e+01
         vertex 0.000000e+00 1.073817e+01 7.235196e+01
      endloop
   endfacet
   facet normal -1.000000e+00 -0.000000e+00 0.000000e+00
      outer loop
         vertex 0.000000e+00 1.529109e+01 7.899162e+01
         vertex 0.000000e+00 1.073817e+01 7.235196e+01
         vertex 0.000000e+00 1.296954e+01 8.142450e+01
      endloop
   endfacet
   facet normal -1.000000e+00 -0.000000e+00 -0.000000e+00
      outer loop
         vertex 0.000000e+00 2.419072e+01 1.842928e+01
         vertex 0.000000e+00 3.959004e+01 1.117191e+01
         vertex 0.000000e+00 2.102462e+01 1.956255e+01
      endloop
   endfacet
   facet normal -1.000000e+00 0.000000e+00 0.000000e+00
      outer loop
         vertex 0.000000e+00 2.102462e+01 1.956255e+01
         vertex 0.000000e+00 3.959004e+01 1.117191e+01
         vertex 0.000000e+00 3.909091e+01 1.105900e+01
      endloop
   endfacet
   facet normal -1.000000e+00 0.000000e+00 0.000000e+00
      outer loop
         vertex 0.000000e+00 2.102462e+01 1.956255e+01
         vertex 0.000000e+00 3.909091e+01 1.105900e+01
         vertex 0.000000e+00 3.527670e+01 1.011613e+01
      endloop
   endfacet
   facet normal -1.000000e+00 0.000000e+00 0.000000e+00
      outer loop
         vertex 0.000000e+00 3.137199e+01 9.679819e+00
         vertex 0.000000e+00 2.744374e+01 9.757534e+00
         vertex 0.000000e+00 2.102462e+01 1.956255e+01
      endloop
   endfacet
   facet normal -1.000000e+00 0.000000e+00 0.000000e+00
      outer loop
         vertex 0.000000e+00 2.102462e+01 1.956255e+01
         vertex 0.000000e+00 2.744374e+01 9.757534e+00
         vertex 0.000000e+00 2.355934e+01 1.034795e+01
      endloop
   endfacet
   facet normal -1.000000e+00 0.000000e+00 -0.000000e+00
      outer loop
         vertex 0.000000e+00 2.102462e+01 1.956255e+01
         vertex 0.000000e+00 2.355934e+01 1.034795e+01
         vertex 0.000000e+00 1.978542e+01 1.144094e+01
      endloop
   endfacet
   facet normal -1.000000e+00 0.000000e+00 0.000000e+00
      outer loop
         vertex 0.000000e+00 1.073817e+01 7.235196e+01
         vertex 0.000000e+00 7.897634e+00 7.506647e+01
         vertex 0.000000e+00 1.296954e+01 8.142450e+01
      endloop
   endfacet
   facet normal -1.000000e+00 0.000000e+00 0.000000e+00
      outer loop
         vertex 0.000000e+00 1.296954e+01 8.142450e+01
         vertex 0.000000e+00 7.897634e+00 7.506647e+01
         vertex 0.000000e+00 5.436208e+00 7.812891e+01
      endloop
   endfacet
   facet normal -1.000000e+00 -0.000000e+00 0.000000e+00
      outer loop
         vertex 0.000000e+00 1.296954e+01 8.142450e+01
         vertex 0.000000e+00 5.436208e+00 7.812891e+01
         vertex 0.000000e+00 1.104590e+01 8.418277e+01
      endloop
   endfacet
   facet normal -1.000000e+00 0.000000e+00 0.000000e+00
      outer loop
         vertex 0.000000e+00 1.104590e+01 8.418277e+01
         vertex 0.000000e+00 5.436208e+00 7.812891e+01
         vertex 0.000000e+00 3.396111e+00 8.148676e+01
      endloop
   endfacet
   facet normal -1.000000e+00 -0.000000e+00 0.000000e+00
      outer loop
         vertex 0.000000e+00 1.104590e+01 8.418277e+01
         vertex 0.000000e+00 3.396111e+00 8.148676e+01
         vertex 0.000000e+00 9.565113e+00 8.720201e+01
      endloop
   endfacet
   facet normal -1.000000e+00 0.000000e+00 0.000000e+00
      outer loop
         vertex 0.000000e+00 9.565113e+00 8.720201e+01
         vertex 0.000000e+00 3.396111e+00 8.148676e+01
         vertex 0.000000e+00 1.812331e+00 8.508242e+01
      endloop
   endfacet
   facet normal -1.000000e+00 -0.000000e+00 0.000000e+00
      outer loop
         vertex 0.000000e+00 9.565113e+00 8.720201e+01
         vertex 0.000000e+00 1.812331e+00 8.508242e+01
         vertex 0.000000e+00 8.561781e+00 9.041165e+01
      endloop
   endfacet
   facet normal -1.000000e+00 0.000000e+00 0.000000e+00
      outer loop
         vertex 0.000000e+00 8.561781e+00 9.041165e+01
         vertex 0.000000e+00 1.812331e+00 8.508242e+01
         vertex 0.000000e+00 7.120408e-01 8.885423e+01
      endloop
   endfacet
   facet normal -1.000000e+00 -0.000000e+00 0.000000e+00
      outer loop
         vertex 0.000000e+00 8.561781e+00 9.041165e+01
         vertex 0.000000e+00 7.120408e-01 8.885423e+01
         vertex 0.000000e+00 8.059347e+00 9.373672e+01
      endloop
   endfacet
   facet normal -1.000000e+00 0.000000e+00 0.000000e+00
      outer loop
         vertex 0.000000e+00 8.059347e+00 9.373672e+01
         vertex 0.000000e+00 7.120408e-01 8.885423e+01
         vertex 0.000000e+00 1.141075e-01 9.273748e+01
      endloop
   endfacet
   facet normal -1.000000e+00 -0.000000e+00 0.000000e+00
      outer loop
         vertex 0.000000e+00 8.059347e+00 9.373672e+01
         vertex 0.000000e+00 1.141075e-01 9.273748e+01
         vertex 0.000000e+00 8.069547e+00 9.709951e+01
      endloop
   endfacet
   facet normal -1.000000e+00 0.000000e+00 0.000000e+00
      outer loop
         vertex 0.000000e+00 8.069547e+00 9.709951e+01
         vertex 0.000000e+00 1.141075e-01 9.273748e+01
         vertex 0.000000e+00 2.878904e-02 9.666556e+01
      endloop
   endfacet
   facet normal -1.000000e+00 -0.000000e+00 0.000000e+00
      outer loop
         vertex 0.000000e+00 8.069547e+00 9.709951e+01
         vertex 0.000000e+00 2.878904e-02 9.666556e+01
         vertex 0.000000e+00 8.592146e+00 1.004215e+02
      endloop
   endfacet
   facet normal -1.000000e+00 -0.000000e+00 0.000000e+00
      outer loop
         vertex 0.000000e+00 8.592146e+00 1.004215e+02
         vertex 0.000000e+00 2.878904e-02 9.666556e+01
         vertex 0.000000e+00 4.575495e-01 1.005711e+02
      endloop
   endfacet
   facet normal -1.000000e+00 0.000000e+00 0.000000e+00
      outer loop
         vertex 0.000000e+00 8.592146e+00 1.004215e+02
         vertex 0.000000e+00 4.575495e-01 1.005711e+02
         vertex 0.000000e+00 1.393033e+00 1.043871e+02
      endloop
   endfacet
   facet normal 1.000000e+00 0.000000e+00 0.000000e+00
      outer loop
         vertex 2.000000e+01 5.100000e+01 1.350000e+02
         vertex 2.000000e+01 4.300000e+01 1.350000e+02
         vertex 2.000000e+01 4.300000e+01 1.267999e+02
      endloop
   endfacet
   facet normal 1.000000e+00 0.000000e+00 0.000000e+00
      outer loop
         vertex 2.000000e+01 4.282668e+01 1.257950e+02
         vertex 2.000000e+01 4.261476e+01 1.253292e+02
         vertex 2.000000e+01 5.100000e+01 1.127009e+02
      endloop
   endfacet
   facet normal 1.000000e+00 0.000000e+00 0.000000e+00
      outer loop
         vertex 2.000000e+01 5.082903e+01 2.329736e+01
         vertex 2.000000e+01 5.061993e+01 2.376058e+01
         vertex 2.000000e+01 4.155799e+01 1.076378e+01
      endloop
   endfacet
   facet normal 1.000000e+00 0.000000e+00 0.000000e+00
      outer loop
         vertex 2.000000e+01 4.155799e+01 1.076378e+01
         vertex 2.000000e+01 5.061993e+01 2.376058e+01
         vertex 2.000000e+01 5.033563e+01 2.418185e+01
      endloop
   endfacet
   facet normal 1.000000e+00 0.000000e+00 0.000000e+00
      outer loop
         vertex 2.000000e+01 4.155799e+01 1.076378e+01
         vertex 2.000000e+01 5.033563e+01 2.418185e+01
         vertex 2.000000e+01 4.998429e+01 2.454909e+01
      endloop
   endfacet
   facet normal 1.000000e+00 0.000000e+00 -0.000000e+00
      outer loop
         vertex 2.000000e+01 4.261476e+01 9.670775e+00
         vertex 2.000000e+01 5.100000e+01 2.229908e+01
         vertex 2.000000e+01 4.232676e+01 1.009378e+01
      endloop
   endfacet
   facet normal 1.000000e+00 0.000000e+00 -0.000000e+00
      outer loop
         vertex 2.000000e+01 4.232676e+01 1.009378e+01
         vertex 2.000000e+01 5.100000e+01 2.229908e+01
         vertex 2.000000e+01 4.197105e+01 1.046168e+01
      endloop
   endfacet
   facet normal 1.000000e+00 0.000000e+00 0.000000e+00
      outer loop
         vertex 2.000000e+01 5.100000e+01 1.350000e+02
         vertex 2.000000e+01 4.300000e+01 1.267999e+02
         vertex 2.000000e+01 5.100000e+01 1.127009e+02
      endloop
   endfacet
   facet normal 1.000000e+00 0.000000e+00 0.000000e+00
      outer loop
         vertex 2.000000e+01 5.100000e+01 1.127009e+02
         vertex 2.000000e+01 4.300000e+01 1.267999e+02
         vertex 2.000000e+01 4.295635e+01 1.262901e+02
      endloop
   endfacet
   facet normal 1.000000e+00 0.000000e+00 0.000000e+00
      outer loop
         vertex 2.000000e+01 5.100000e+01 1.127009e+02
         vertex 2.000000e+01 4.295635e+01 1.262901e+02
         vertex 2.000000e+01 4.282668e+01 1.257950e+02
      endloop
   endfacet
   facet normal 1.000000e+00 0.000000e+00 -0.000000e+00
      outer loop
         vertex 2.000000e+01 4.197105e+01 1.046168e+01
         vertex 2.000000e+01 5.100000e+01 2.229908e+01
         vertex 2.000000e+01 4.155799e+01 1.076378e+01
      endloop
   endfacet
   facet normal 1.000000e+00 0.000000e+00 0.000000e+00
      outer loop
         vertex 2.000000e+01 4.155799e+01 1.076378e+01
         vertex 2.000000e+01 5.100000e+01 2.229908e+01
         vertex 2.000000e+01 5.095695e+01 2.280548e+01
      endloop
   endfacet
   facet normal 1.000000e+00 0.000000e+00 0.000000e+00
      outer loop
         vertex 2.000000e+01 4.155799e+01 1.076378e+01
         vertex 2.000000e+01 5.095695e+01 2.280548e+01
         vertex 2.000000e+01 5.082903e+01 2.329736e+01
      endloop
   endfacet
   facet normal 1.000000e+00 -0.000000e+00 0.000000e+00
      outer loop
         vertex 2.000000e+01 4.261476e+01 9.670775e+00
         vertex 2.000000e+01 4.282668e+01 9.204974e+00
         vertex 2.000000e+01 5.100000e+01 2.229908e+01
      endloop
   endfacet
   facet normal 1.000000e+00 0.000000e+00 0.000000e+00
      outer loop
         vertex 2.000000e+01 5.100000e+01 2.229908e+01
         vertex 2.000000e+01 4.282668e+01 9.204974e+00
         vertex 2.000000e+01 4.295635e+01 8.709935e+00
      endloop
   endfacet
   facet normal 1.000000e+00 0.000000e+00 0.000000e+00
      outer loop
         vertex 2.000000e+01 5.100000e+01 2.229908e+01
         vertex 2.000000e+01 4.295635e+01 8.709935e+00
         vertex 2.000000e+01 5.100000e+01 0.000000e+00
      endloop
   endfacet
   facet normal 1.000000e+00 0.000000e+00 0.000000e+00
      outer loop
         vertex 2.000000e+01 5.100000e+01 0.000000e+00
         vertex 2.000000e+01 4.295635e+01 8.709935e+00
         vertex 2.000000e+01 4.300000e+01 8.200057e+00
      endloop
   endfacet
   facet normal 1.000000e+00 0.000000e+00 0.000000e+00
      outer loop
         vertex 2.000000e+01 5.100000e+01 0.000000e+00
         vertex 2.000000e+01 4.300000e+01 8.200057e+00
         vertex 2.000000e+01 4.300000e+01 0.000000e+00
      endloop
   endfacet
   facet normal 1.000000e+00 0.000000e+00 -0.000000e+00
      outer loop
         vertex 2.000000e+01 4.998429e+01 1.104509e+02
         vertex 2.000000e+01 5.033563e+01 1.108181e+02
         vertex 2.000000e+01 4.155799e+01 1.242362e+02
      endloop
   endfacet
   facet normal 1.000000e+00 0.000000e+00 0.000000e+00
      outer loop
         vertex 2.000000e+01 4.155799e+01 1.242362e+02
         vertex 2.000000e+01 5.033563e+01 1.108181e+02
         vertex 2.000000e+01 5.061993e+01 1.112394e+02
      endloop
   endfacet
   facet normal 1.000000e+00 -0.000000e+00 0.000000e+00
      outer loop
         vertex 2.000000e+01 4.010110e+01 1.238016e+02
         vertex 2.000000e+01 4.050474e+01 1.146816e+02
         vertex 2.000000e+01 4.060921e+01 1.238624e+02
      endloop
   endfacet
   facet normal 1.000000e+00 0.000000e+00 0.000000e+00
      outer loop
         vertex 2.000000e+01 4.060921e+01 1.238624e+02
         vertex 2.000000e+01 4.050474e+01 1.146816e+02
         vertex 2.000000e+01 4.332807e+01 1.128548e+02
      endloop
   endfacet
   facet normal 1.000000e+00 -0.000000e+00 0.000000e+00
      outer loop
         vertex 2.000000e+01 4.060921e+01 1.238624e+02
         vertex 2.000000e+01 4.332807e+01 1.128548e+02
         vertex 2.000000e+01 4.109960e+01 1.240087e+02
      endloop
   endfacet
   facet normal 1.000000e+00 0.000000e+00 0.000000e+00
      outer loop
         vertex 2.000000e+01 4.109960e+01 1.240087e+02
         vertex 2.000000e+01 4.332807e+01 1.128548e+02
         vertex 2.000000e+01 4.584000e+01 1.106190e+02
      endloop
   endfacet
   facet normal 1.000000e+00 0.000000e+00 0.000000e+00
      outer loop
         vertex 2.000000e+01 2.749256e+01 1.172082e+02
         vertex 2.000000e+01 3.085297e+01 1.173350e+02
         vertex 2.000000e+01 3.959004e+01 1.238281e+02
      endloop
   endfacet
   facet normal 1.000000e+00 0.000000e+00 0.000000e+00
      outer loop
         vertex 2.000000e+01 3.959004e+01 1.238281e+02
         vertex 2.000000e+01 3.085297e+01 1.173350e+02
         vertex 2.000000e+01 3.419346e+01 1.169482e+02
      endloop
   endfacet
   facet normal 1.000000e+00 0.000000e+00 0.000000e+00
      outer loop
         vertex 2.000000e+01 3.959004e+01 1.238281e+02
         vertex 2.000000e+01 3.419346e+01 1.169482e+02
         vertex 2.000000e+01 4.010110e+01 1.238016e+02
      endloop
   endfacet
   facet normal 1.000000e+00 0.000000e+00 0.000000e+00
      outer loop
         vertex 2.000000e+01 4.010110e+01 1.238016e+02
         vertex 2.000000e+01 3.419346e+01 1.169482e+02
         vertex 2.000000e+01 3.743597e+01 1.160568e+02
      endloop
   endfacet
   facet normal 1.000000e+00 0.000000e+00 0.000000e+00
      outer loop
         vertex 2.000000e+01 4.010110e+01 1.238016e+02
         vertex 2.000000e+01 3.743597e+01 1.160568e+02
         vertex 2.000000e+01 4.050474e+01 1.146816e+02
      endloop
   endfacet
   facet normal 1.000000e+00 0.000000e+00 0.000000e+00
      outer loop
         vertex 2.000000e+01 4.261476e+01 1.253292e+02
         vertex 2.000000e+01 4.232676e+01 1.249062e+02
         vertex 2.000000e+01 5.100000e+01 1.127009e+02
      endloop
   endfacet
   facet normal 1.000000e+00 0.000000e+00 0.000000e+00
      outer loop
         vertex 2.000000e+01 5.100000e+01 1.127009e+02
         vertex 2.000000e+01 4.232676e+01 1.249062e+02
         vertex 2.000000e+01 4.197105e+01 1.245383e+02
      endloop
   endfacet
   facet normal 1.000000e+00 0.000000e+00 0.000000e+00
      outer loop
         vertex 2.000000e+01 5.100000e+01 1.127009e+02
         vertex 2.000000e+01 4.197105e+01 1.245383e+02
         vertex 2.000000e+01 5.095695e+01 1.121945e+02
      endloop
   endfacet
   facet normal 1.000000e+00 0.000000e+00 0.000000e+00
      outer loop
         vertex 2.000000e+01 5.095695e+01 1.121945e+02
         vertex 2.000000e+01 4.197105e+01 1.245383e+02
         vertex 2.000000e+01 4.155799e+01 1.242362e+02
      endloop
   endfacet
   facet normal 1.000000e+00 0.000000e+00 0.000000e+00
      outer loop
         vertex 2.000000e+01 5.095695e+01 1.121945e+02
         vertex 2.000000e+01 4.155799e+01 1.242362e+02
         vertex 2.000000e+01 5.082903e+01 1.117026e+02
      endloop
   endfacet
   facet normal 1.000000e+00 0.000000e+00 0.000000e+00
      outer loop
         vertex 2.000000e+01 5.082903e+01 1.117026e+02
         vertex 2.000000e+01 4.155799e+01 1.242362e+02
         vertex 2.000000e+01 5.061993e+01 1.112394e+02
      endloop
   endfacet
   facet normal 1.000000e+00 -0.000000e+00 -0.000000e+00
      outer loop
         vertex 2.000000e+01 4.584000e+01 1.106190e+02
         vertex 2.000000e+01 4.622243e+01 1.102843e+02
         vertex 2.000000e+01 4.109960e+01 1.240087e+02
      endloop
   endfacet
   facet normal 1.000000e+00 0.000000e+00 0.000000e+00
      outer loop
         vertex 2.000000e+01 4.109960e+01 1.240087e+02
         vertex 2.000000e+01 4.622243e+01 1.102843e+02
         vertex 2.000000e+01 4.665587e+01 1.100189e+02
      endloop
   endfacet
   facet normal 1.000000e+00 -0.000000e+00 0.000000e+00
      outer loop
         vertex 2.000000e+01 4.109960e+01 1.240087e+02
         vertex 2.000000e+01 4.665587e+01 1.100189e+02
         vertex 2.000000e+01 4.155799e+01 1.242362e+02
      endloop
   endfacet
   facet normal 1.000000e+00 0.000000e+00 0.000000e+00
      outer loop
         vertex 2.000000e+01 4.155799e+01 1.242362e+02
         vertex 2.000000e+01 4.665587e+01 1.100189e+02
         vertex 2.000000e+01 4.712790e+01 1.098305e+02
      endloop
   endfacet
   facet normal 1.000000e+00 -0.000000e+00 -0.000000e+00
      outer loop
         vertex 2.000000e+01 4.712790e+01 1.098305e+02
         vertex 2.000000e+01 4.762495e+01 1.097245e+02
         vertex 2.000000e+01 4.155799e+01 1.242362e+02
      endloop
   endfacet
   facet normal 1.000000e+00 0.000000e+00 0.000000e+00
      outer loop
         vertex 2.000000e+01 4.155799e+01 1.242362e+02
         vertex 2.000000e+01 4.762495e+01 1.097245e+02
         vertex 2.000000e+01 4.813276e+01 1.097039e+02
      endloop
   endfacet
   facet normal 1.000000e+00 0.000000e+00 0.000000e+00
      outer loop
         vertex 2.000000e+01 4.155799e+01 1.242362e+02
         vertex 2.000000e+01 4.813276e+01 1.097039e+02
         vertex 2.000000e+01 4.863677e+01 1.097693e+02
      endloop
   endfacet
   facet normal 1.000000e+00 -0.000000e+00 0.000000e+00
      outer loop
         vertex 2.000000e+01 3.743597e+01 1.894320e+01
         vertex 2.000000e+01 3.959004e+01 1.117191e+01
         vertex 2.000000e+01 4.050474e+01 2.031839e+01
      endloop
   endfacet
   facet normal 1.000000e+00 0.000000e+00 0.000000e+00
      outer loop
         vertex 2.000000e+01 4.050474e+01 2.031839e+01
         vertex 2.000000e+01 3.959004e+01 1.117191e+01
         vertex 2.000000e+01 4.010110e+01 1.119835e+01
      endloop
   endfacet
   facet normal 1.000000e+00 -0.000000e+00 0.000000e+00
      outer loop
         vertex 2.000000e+01 4.050474e+01 2.031839e+01
         vertex 2.000000e+01 4.010110e+01 1.119835e+01
         vertex 2.000000e+01 4.332807e+01 2.214522e+01
      endloop
   endfacet
   facet normal 1.000000e+00 0.000000e+00 0.000000e+00
      outer loop
         vertex 2.000000e+01 4.332807e+01 2.214522e+01
         vertex 2.000000e+01 4.010110e+01 1.119835e+01
         vertex 2.000000e+01 4.060921e+01 1.113755e+01
      endloop
   endfacet
   facet normal 1.000000e+00 -0.000000e+00 0.000000e+00
      outer loop
         vertex 2.000000e+01 4.332807e+01 2.214522e+01
         vertex 2.000000e+01 4.060921e+01 1.113755e+01
         vertex 2.000000e+01 4.584000e+01 2.438100e+01
      endloop
   endfacet
   facet normal 1.000000e+00 0.000000e+00 0.000000e+00
      outer loop
         vertex 2.000000e+01 4.584000e+01 2.438100e+01
         vertex 2.000000e+01 4.060921e+01 1.113755e+01
         vertex 2.000000e+01 4.109960e+01 1.099127e+01
      endloop
   endfacet
   facet normal 1.000000e+00 -0.000000e+00 0.000000e+00
      outer loop
         vertex 2.000000e+01 4.584000e+01 2.438100e+01
         vertex 2.000000e+01 4.109960e+01 1.099127e+01
         vertex 2.000000e+01 4.622243e+01 2.471574e+01
      endloop
   endfacet
   facet normal 1.000000e+00 0.000000e+00 0.000000e+00
      outer loop
         vertex 2.000000e+01 4.863677e+01 2.523072e+01
         vertex 2.000000e+01 4.813276e+01 2.529614e+01
         vertex 2.000000e+01 4.155799e+01 1.076378e+01
      endloop
   endfacet
   facet normal 1.000000e+00 0.000000e+00 0.000000e+00
      outer loop
         vertex 2.000000e+01 4.813276e+01 2.529614e+01
         vertex 2.000000e+01 4.762495e+01 2.527554e+01
         vertex 2.000000e+01 4.155799e+01 1.076378e+01
      endloop
   endfacet
   facet normal 1.000000e+00 0.000000e+00 0.000000e+00
      outer loop
         vertex 2.000000e+01 4.155799e+01 1.076378e+01
         vertex 2.000000e+01 4.762495e+01 2.527554e+01
         vertex 2.000000e+01 4.712790e+01 2.516952e+01
      endloop
   endfacet
   facet normal 1.000000e+00 0.000000e+00 -0.000000e+00
      outer loop
         vertex 2.000000e+01 4.155799e+01 1.076378e+01
         vertex 2.000000e+01 4.712790e+01 2.516952e+01
         vertex 2.000000e+01 4.109960e+01 1.099127e+01
      endloop
   endfacet
   facet normal 1.000000e+00 0.000000e+00 0.000000e+00
      outer loop
         vertex 2.000000e+01 4.109960e+01 1.099127e+01
         vertex 2.000000e+01 4.712790e+01 2.516952e+01
         vertex 2.000000e+01 4.665587e+01 2.498112e+01
      endloop
   endfacet
   facet normal 1.000000e+00 0.000000e+00 0.000000e+00
      outer loop
         vertex 2.000000e+01 4.109960e+01 1.099127e+01
         vertex 2.000000e+01 4.665587e+01 2.498112e+01
         vertex 2.000000e+01 4.622243e+01 2.471574e+01
      endloop
   endfacet
   facet normal 1.000000e+00 0.000000e+00 -0.000000e+00
      outer loop
         vertex 2.000000e+01 4.863677e+01 1.097693e+02
         vertex 2.000000e+01 4.912250e+01 1.099188e+02
         vertex 2.000000e+01 4.155799e+01 1.242362e+02
      endloop
   endfacet
   facet normal 1.000000e+00 0.000000e+00 0.000000e+00
      outer loop
         vertex 2.000000e+01 4.155799e+01 1.242362e+02
         vertex 2.000000e+01 4.912250e+01 1.099188e+02
         vertex 2.000000e+01 4.957601e+01 1.101482e+02
      endloop
   endfacet
   facet normal 1.000000e+00 0.000000e+00 0.000000e+00
      outer loop
         vertex 2.000000e+01 4.155799e+01 1.242362e+02
         vertex 2.000000e+01 4.957601e+01 1.101482e+02
         vertex 2.000000e+01 4.998429e+01 1.104509e+02
      endloop
   endfacet
   facet normal 1.000000e+00 0.000000e+00 0.000000e+00
      outer loop
         vertex 2.000000e+01 3.000000e+01 7.053222e+01
         vertex 2.000000e+01 2.996112e+01 7.101363e+01
         vertex 2.000000e+01 1.513334e+01 6.848600e+01
      endloop
   endfacet
   facet normal 1.000000e+00 0.000000e+00 0.000000e+00
      outer loop
         vertex 2.000000e+01 1.513334e+01 6.848600e+01
         vertex 2.000000e+01 2.996112e+01 7.101363e+01
         vertex 2.000000e+01 2.984549e+01 7.148257e+01
      endloop
   endfacet
   facet normal 1.000000e+00 0.000000e+00 -0.000000e+00
      outer loop
         vertex 2.000000e+01 2.907752e+01 6.230354e+01
         vertex 2.000000e+01 2.939789e+01 6.266497e+01
         vertex 2.000000e+01 1.525804e+01 6.700001e+01
      endloop
   endfacet
   facet normal 1.000000e+00 0.000000e+00 0.000000e+00
      outer loop
         vertex 2.000000e+01 1.525804e+01 6.700001e+01
         vertex 2.000000e+01 2.939789e+01 6.266497e+01
         vertex 2.000000e+01 2.965612e+01 6.307313e+01
      endloop
   endfacet
   facet normal 1.000000e+00 0.000000e+00 0.000000e+00
      outer loop
         vertex 2.000000e+01 1.525804e+01 6.700001e+01
         vertex 2.000000e+01 2.965612e+01 6.307313e+01
         vertex 2.000000e+01 2.984549e+01 6.351743e+01
      endloop
   endfacet
   facet normal 1.000000e+00 -0.000000e+00 0.000000e+00
      outer loop
         vertex 2.000000e+01 1.513334e+01 6.848600e+01
         vertex 2.000000e+01 1.525804e+01 6.799999e+01
         vertex 2.000000e+01 3.000000e+01 7.053222e+01
      endloop
   endfacet
   facet normal 1.000000e+00 0.000000e+00 0.000000e+00
      outer loop
         vertex 2.000000e+01 3.000000e+01 7.053222e+01
         vertex 2.000000e+01 1.525804e+01 6.799999e+01
         vertex 2.000000e+01 1.530000e+01 6.750000e+01
      endloop
   endfacet
   facet normal 1.000000e+00 0.000000e+00 0.000000e+00
      outer loop
         vertex 2.000000e+01 3.000000e+01 7.053222e+01
         vertex 2.000000e+01 1.530000e+01 6.750000e+01
         vertex 2.000000e+01 3.000000e+01 6.446778e+01
      endloop
   endfacet
   facet normal 1.000000e+00 0.000000e+00 0.000000e+00
      outer loop
         vertex 2.000000e+01 3.000000e+01 6.446778e+01
         vertex 2.000000e+01 1.530000e+01 6.750000e+01
         vertex 2.000000e+01 1.525804e+01 6.700001e+01
      endloop
   endfacet
   facet normal 1.000000e+00 0.000000e+00 0.000000e+00
      outer loop
         vertex 2.000000e+01 3.000000e+01 6.446778e+01
         vertex 2.000000e+01 1.525804e+01 6.700001e+01
         vertex 2.000000e+01 2.996112e+01 6.398636e+01
      endloop
   endfacet
   facet normal 1.000000e+00 0.000000e+00 0.000000e+00
      outer loop
         vertex 2.000000e+01 2.996112e+01 6.398636e+01
         vertex 2.000000e+01 1.525804e+01 6.700001e+01
         vertex 2.000000e+01 2.984549e+01 6.351743e+01
      endloop
   endfacet
   facet normal 1.000000e+00 0.000000e+00 0.000000e+00
      outer loop
         vertex 2.000000e+01 2.736000e+01 6.148945e+01
         vertex 2.000000e+01 1.513334e+01 6.651400e+01
         vertex 2.000000e+01 2.406210e+01 6.083194e+01
      endloop
   endfacet
   facet normal 1.000000e+00 0.000000e+00 0.000000e+00
      outer loop
         vertex 2.000000e+01 2.406210e+01 6.083194e+01
         vertex 2.000000e+01 1.513334e+01 6.651400e+01
         vertex 2.000000e+01 1.492938e+01 6.605557e+01
      endloop
   endfacet
   facet normal 1.000000e+00 0.000000e+00 0.000000e+00
      outer loop
         vertex 2.000000e+01 2.406210e+01 6.083194e+01
         vertex 2.000000e+01 1.492938e+01 6.605557e+01
         vertex 2.000000e+01 2.090293e+01 5.967949e+01
      endloop
   endfacet
   facet normal 1.000000e+00 0.000000e+00 0.000000e+00
      outer loop
         vertex 2.000000e+01 4.998429e+01 2.454909e+01
         vertex 2.000000e+01 4.957601e+01 2.485176e+01
         vertex 2.000000e+01 4.155799e+01 1.076378e+01
      endloop
   endfacet
   facet normal 1.000000e+00 0.000000e+00 0.000000e+00
      outer loop
         vertex 2.000000e+01 4.155799e+01 1.076378e+01
         vertex 2.000000e+01 4.957601e+01 2.485176e+01
         vertex 2.000000e+01 4.912250e+01 2.508116e+01
      endloop
   endfacet
   facet normal 1.000000e+00 0.000000e+00 0.000000e+00
      outer loop
         vertex 2.000000e+01 4.155799e+01 1.076378e+01
         vertex 2.000000e+01 4.912250e+01 2.508116e+01
         vertex 2.000000e+01 4.863677e+01 2.523072e+01
      endloop
   endfacet
   facet normal 1.000000e+00 0.000000e+00 0.000000e+00
      outer loop
         vertex 2.000000e+01 3.909091e+01 1.239410e+02
         vertex 2.000000e+01 2.102462e+01 1.154374e+02
         vertex 2.000000e+01 3.959004e+01 1.238281e+02
      endloop
   endfacet
   facet normal 1.000000e+00 0.000000e+00 0.000000e+00
      outer loop
         vertex 2.000000e+01 3.959004e+01 1.238281e+02
         vertex 2.000000e+01 2.102462e+01 1.154374e+02
         vertex 2.000000e+01 2.419072e+01 1.165707e+02
      endloop
   endfacet
   facet normal 1.000000e+00 0.000000e+00 0.000000e+00
      outer loop
         vertex 2.000000e+01 3.959004e+01 1.238281e+02
         vertex 2.000000e+01 2.419072e+01 1.165707e+02
         vertex 2.000000e+01 2.749256e+01 1.172082e+02
      endloop
   endfacet
   facet normal 1.000000e+00 0.000000e+00 0.000000e+00
      outer loop
         vertex 2.000000e+01 2.090293e+01 7.532051e+01
         vertex 2.000000e+01 1.465187e+01 6.936245e+01
         vertex 2.000000e+01 2.406210e+01 7.416806e+01
      endloop
   endfacet
   facet normal 1.000000e+00 0.000000e+00 0.000000e+00
      outer loop
         vertex 2.000000e+01 2.406210e+01 7.416806e+01
         vertex 2.000000e+01 1.465187e+01 6.936245e+01
         vertex 2.000000e+01 1.492938e+01 6.894442e+01
      endloop
   endfacet
   facet normal 1.000000e+00 0.000000e+00 0.000000e+00
      outer loop
         vertex 2.000000e+01 2.406210e+01 7.416806e+01
         vertex 2.000000e+01 1.492938e+01 6.894442e+01
         vertex 2.000000e+01 2.736000e+01 7.351055e+01
      endloop
   endfacet
   facet normal 1.000000e+00 0.000000e+00 0.000000e+00
      outer loop
         vertex 2.000000e+01 2.736000e+01 7.351055e+01
         vertex 2.000000e+01 1.492938e+01 6.894442e+01
         vertex 2.000000e+01 1.513334e+01 6.848600e+01
      endloop
   endfacet
   facet normal 1.000000e+00 0.000000e+00 0.000000e+00
      outer loop
         vertex 2.000000e+01 2.736000e+01 7.351055e+01
         vertex 2.000000e+01 1.513334e+01 6.848600e+01
         vertex 2.000000e+01 2.783327e+01 7.341418e+01
      endloop
   endfacet
   facet normal 1.000000e+00 0.000000e+00 0.000000e+00
      outer loop
         vertex 2.000000e+01 2.984549e+01 7.148257e+01
         vertex 2.000000e+01 2.965612e+01 7.192687e+01
         vertex 2.000000e+01 1.513334e+01 6.848600e+01
      endloop
   endfacet
   facet normal 1.000000e+00 0.000000e+00 0.000000e+00
      outer loop
         vertex 2.000000e+01 1.513334e+01 6.848600e+01
         vertex 2.000000e+01 2.965612e+01 7.192687e+01
         vertex 2.000000e+01 2.939789e+01 7.233503e+01
      endloop
   endfacet
   facet normal 1.000000e+00 0.000000e+00 0.000000e+00
      outer loop
         vertex 2.000000e+01 1.513334e+01 6.848600e+01
         vertex 2.000000e+01 2.939789e+01 7.233503e+01
         vertex 2.000000e+01 2.907752e+01 7.269645e+01
      endloop
   endfacet
   facet normal 1.000000e+00 0.000000e+00 -0.000000e+00
      outer loop
         vertex 2.000000e+01 2.736000e+01 6.148945e+01
         vertex 2.000000e+01 2.783327e+01 6.158582e+01
         vertex 2.000000e+01 1.513334e+01 6.651400e+01
      endloop
   endfacet
   facet normal 1.000000e+00 0.000000e+00 0.000000e+00
      outer loop
         vertex 2.000000e+01 1.513334e+01 6.651400e+01
         vertex 2.000000e+01 2.783327e+01 6.158582e+01
         vertex 2.000000e+01 2.828494e+01 6.175688e+01
      endloop
   endfacet
   facet normal 1.000000e+00 -0.000000e+00 0.000000e+00
      outer loop
         vertex 2.000000e+01 1.513334e+01 6.651400e+01
         vertex 2.000000e+01 2.828494e+01 6.175688e+01
         vertex 2.000000e+01 1.525804e+01 6.700001e+01
      endloop
   endfacet
   facet normal 1.000000e+00 0.000000e+00 0.000000e+00
      outer loop
         vertex 2.000000e+01 1.525804e+01 6.700001e+01
         vertex 2.000000e+01 2.828494e+01 6.175688e+01
         vertex 2.000000e+01 2.870330e+01 6.199821e+01
      endloop
   endfacet
   facet normal 1.000000e+00 0.000000e+00 0.000000e+00
      outer loop
         vertex 2.000000e+01 1.525804e+01 6.700001e+01
         vertex 2.000000e+01 2.870330e+01 6.199821e+01
         vertex 2.000000e+01 2.907752e+01 6.230354e+01
      endloop
   endfacet
   facet normal 1.000000e+00 0.000000e+00 0.000000e+00
      outer loop
         vertex 2.000000e+01 2.102462e+01 1.154374e+02
         vertex 2.000000e+01 1.618669e+01 1.219822e+02
         vertex 2.000000e+01 1.806823e+01 1.138349e+02
      endloop
   endfacet
   facet normal 1.000000e+00 0.000000e+00 0.000000e+00
      outer loop
         vertex 2.000000e+01 1.806823e+01 1.138349e+02
         vertex 2.000000e+01 1.618669e+01 1.219822e+02
         vertex 2.000000e+01 1.282490e+01 1.199486e+02
      endloop
   endfacet
   facet normal 1.000000e+00 0.000000e+00 0.000000e+00
      outer loop
         vertex 2.000000e+01 1.806823e+01 1.138349e+02
         vertex 2.000000e+01 1.282490e+01 1.199486e+02
         vertex 2.000000e+01 1.539062e+01 1.118005e+02
      endloop
   endfacet
   facet normal 1.000000e+00 0.000000e+00 0.000000e+00
      outer loop
         vertex 2.000000e+01 1.539062e+01 1.118005e+02
         vertex 2.000000e+01 1.282490e+01 1.199486e+02
         vertex 2.000000e+01 9.757703e+00 1.174931e+02
      endloop
   endfacet
   facet normal 1.000000e+00 0.000000e+00 0.000000e+00
      outer loop
         vertex 2.000000e+01 1.539062e+01 1.118005e+02
         vertex 2.000000e+01 9.757703e+00 1.174931e+02
         vertex 2.000000e+01 1.305435e+01 1.093817e+02
      endloop
   endfacet
   facet normal 1.000000e+00 0.000000e+00 0.000000e+00
      outer loop
         vertex 2.000000e+01 1.305435e+01 1.093817e+02
         vertex 2.000000e+01 9.757703e+00 1.174931e+02
         vertex 2.000000e+01 7.037709e+00 1.146579e+02
      endloop
   endfacet
   facet normal 1.000000e+00 0.000000e+00 0.000000e+00
      outer loop
         vertex 2.000000e+01 1.305435e+01 1.093817e+02
         vertex 2.000000e+01 7.037709e+00 1.146579e+02
         vertex 2.000000e+01 1.111401e+01 1.066352e+02
      endloop
   endfacet
   facet normal 1.000000e+00 0.000000e+00 0.000000e+00
      outer loop
         vertex 2.000000e+01 1.111401e+01 1.066352e+02
         vertex 2.000000e+01 7.037709e+00 1.146579e+02
         vertex 2.000000e+01 4.711574e+00 1.114914e+02
      endloop
   endfacet
   facet normal 1.000000e+00 0.000000e+00 0.000000e+00
      outer loop
         vertex 2.000000e+01 1.111401e+01 1.066352e+02
         vertex 2.000000e+01 4.711574e+00 1.114914e+02
         vertex 2.000000e+01 9.614931e+00 1.036250e+02
      endloop
   endfacet
   facet normal 1.000000e+00 0.000000e+00 0.000000e+00
      outer loop
         vertex 2.000000e+01 2.907752e+01 7.269645e+01
         vertex 2.000000e+01 2.870330e+01 7.300179e+01
         vertex 2.000000e+01 1.513334e+01 6.848600e+01
      endloop
   endfacet
   facet normal 1.000000e+00 0.000000e+00 0.000000e+00
      outer loop
         vertex 2.000000e+01 1.513334e+01 6.848600e+01
         vertex 2.000000e+01 2.870330e+01 7.300179e+01
         vertex 2.000000e+01 2.828494e+01 7.324312e+01
      endloop
   endfacet
   facet normal 1.000000e+00 0.000000e+00 0.000000e+00
      outer loop
         vertex 2.000000e+01 1.513334e+01 6.848600e+01
         vertex 2.000000e+01 2.828494e+01 7.324312e+01
         vertex 2.000000e+01 2.783327e+01 7.341418e+01
      endloop
   endfacet
   facet normal 1.000000e+00 0.000000e+00 0.000000e+00
      outer loop
         vertex 2.000000e+01 4.711574e+00 1.114914e+02
         vertex 2.000000e+01 2.819195e+00 1.080482e+02
         vertex 2.000000e+01 9.614931e+00 1.036250e+02
      endloop
   endfacet
   facet normal 1.000000e+00 0.000000e+00 0.000000e+00
      outer loop
         vertex 2.000000e+01 9.614931e+00 1.036250e+02
         vertex 2.000000e+01 2.819195e+00 1.080482e+02
         vertex 2.000000e+01 1.393033e+00 1.043871e+02
      endloop
   endfacet
   facet normal 1.000000e+00 0.000000e+00 0.000000e+00
      outer loop
         vertex 2.000000e+01 9.614931e+00 1.036250e+02
         vertex 2.000000e+01 1.393033e+00 1.043871e+02
         vertex 2.000000e+01 8.592146e+00 1.004215e+02
      endloop
   endfacet
   facet normal 1.000000e+00 0.000000e+00 0.000000e+00
      outer loop
         vertex 2.000000e+01 8.592146e+00 1.004215e+02
         vertex 2.000000e+01 1.393033e+00 1.043871e+02
         vertex 2.000000e+01 4.575495e-01 1.005711e+02
      endloop
   endfacet
   facet normal 1.000000e+00 0.000000e+00 0.000000e+00
      outer loop
         vertex 2.000000e+01 8.592146e+00 1.004215e+02
         vertex 2.000000e+01 4.575495e-01 1.005711e+02
         vertex 2.000000e+01 8.069547e+00 9.709951e+01
      endloop
   endfacet
   facet normal 1.000000e+00 0.000000e+00 0.000000e+00
      outer loop
         vertex 2.000000e+01 8.069547e+00 9.709951e+01
         vertex 2.000000e+01 4.575495e-01 1.005711e+02
         vertex 2.000000e+01 2.878904e-02 9.666556e+01
      endloop
   endfacet
   facet normal 1.000000e+00 0.000000e+00 0.000000e+00
      outer loop
         vertex 2.000000e+01 8.069547e+00 9.709951e+01
         vertex 2.000000e+01 2.878904e-02 9.666556e+01
         vertex 2.000000e+01 8.059347e+00 9.373672e+01
      endloop
   endfacet
   facet normal 1.000000e+00 0.000000e+00 0.000000e+00
      outer loop
         vertex 2.000000e+01 8.059347e+00 9.373672e+01
         vertex 2.000000e+01 2.878904e-02 9.666556e+01
         vertex 2.000000e+01 1.141075e-01 9.273748e+01
      endloop
   endfacet
   facet normal 1.000000e+00 0.000000e+00 0.000000e+00
      outer loop
         vertex 2.000000e+01 8.059347e+00 9.373672e+01
         vertex 2.000000e+01 1.141075e-01 9.273748e+01
         vertex 2.000000e+01 8.561781e+00 9.041165e+01
      endloop
   endfacet
   facet normal 1.000000e+00 0.000000e+00 0.000000e+00
      outer loop
         vertex 2.000000e+01 8.561781e+00 9.041165e+01
         vertex 2.000000e+01 1.141075e-01 9.273748e+01
         vertex 2.000000e+01 7.120408e-01 8.885423e+01
      endloop
   endfacet
   facet normal 1.000000e+00 0.000000e+00 0.000000e+00
      outer loop
         vertex 2.000000e+01 8.561781e+00 9.041165e+01
         vertex 2.000000e+01 7.120408e-01 8.885423e+01
         vertex 2.000000e+01 9.565113e+00 8.720201e+01
      endloop
   endfacet
   facet normal 1.000000e+00 0.000000e+00 0.000000e+00
      outer loop
         vertex 2.000000e+01 9.565113e+00 8.720201e+01
         vertex 2.000000e+01 7.120408e-01 8.885423e+01
         vertex 2.000000e+01 1.812331e+00 8.508242e+01
      endloop
   endfacet
   facet normal 1.000000e+00 0.000000e+00 0.000000e+00
      outer loop
         vertex 2.000000e+01 9.565113e+00 8.720201e+01
         vertex 2.000000e+01 1.812331e+00 8.508242e+01
         vertex 2.000000e+01 1.104590e+01 8.418277e+01
      endloop
   endfacet
   facet normal 1.000000e+00 0.000000e+00 0.000000e+00
      outer loop
         vertex 2.000000e+01 1.812331e+00 8.508242e+01
         vertex 2.000000e+01 3.396111e+00 8.148676e+01
         vertex 2.000000e+01 1.104590e+01 8.418277e+01
      endloop
   endfacet
   facet normal 1.000000e+00 0.000000e+00 0.000000e+00
      outer loop
         vertex 2.000000e+01 1.104590e+01 8.418277e+01
         vertex 2.000000e+01 3.396111e+00 8.148676e+01
         vertex 2.000000e+01 5.436208e+00 7.812891e+01
      endloop
   endfacet
   facet normal 1.000000e+00 0.000000e+00 0.000000e+00
      outer loop
         vertex 2.000000e+01 1.104590e+01 8.418277e+01
         vertex 2.000000e+01 5.436208e+00 7.812891e+01
         vertex 2.000000e+01 1.296954e+01 8.142450e+01
      endloop
   endfacet
   facet normal 1.000000e+00 0.000000e+00 0.000000e+00
      outer loop
         vertex 2.000000e+01 1.296954e+01 8.142450e+01
         vertex 2.000000e+01 5.436208e+00 7.812891e+01
         vertex 2.000000e+01 7.897634e+00 7.506647e+01
      endloop
   endfacet
   facet normal 1.000000e+00 0.000000e+00 0.000000e+00
      outer loop
         vertex 2.000000e+01 1.296954e+01 8.142450e+01
         vertex 2.000000e+01 7.897634e+00 7.506647e+01
         vertex 2.000000e+01 1.529109e+01 7.899162e+01
      endloop
   endfacet
   facet normal 1.000000e+00 0.000000e+00 0.000000e+00
      outer loop
         vertex 2.000000e+01 1.529109e+01 7.899162e+01
         vertex 2.000000e+01 7.897634e+00 7.506647e+01
         vertex 2.000000e+01 1.073817e+01 7.235196e+01
      endloop
   endfacet
   facet normal 1.000000e+00 0.000000e+00 0.000000e+00
      outer loop
         vertex 2.000000e+01 1.529109e+01 7.899162e+01
         vertex 2.000000e+01 1.073817e+01 7.235196e+01
         vertex 2.000000e+01 1.795631e+01 7.694099e+01
      endloop
   endfacet
   facet normal 1.000000e+00 0.000000e+00 0.000000e+00
      outer loop
         vertex 2.000000e+01 1.795631e+01 7.694099e+01
         vertex 2.000000e+01 1.073817e+01 7.235196e+01
         vertex 2.000000e+01 1.390909e+01 7.003196e+01
      endloop
   endfacet
   facet normal 1.000000e+00 0.000000e+00 0.000000e+00
      outer loop
         vertex 2.000000e+01 1.795631e+01 7.694099e+01
         vertex 2.000000e+01 1.390909e+01 7.003196e+01
         vertex 2.000000e+01 2.090293e+01 7.532051e+01
      endloop
   endfacet
   facet normal 1.000000e+00 0.000000e+00 0.000000e+00
      outer loop
         vertex 2.000000e+01 2.090293e+01 7.532051e+01
         vertex 2.000000e+01 1.390909e+01 7.003196e+01
         vertex 2.000000e+01 1.430857e+01 6.972837e+01
      endloop
   endfacet
   facet normal 1.000000e+00 0.000000e+00 0.000000e+00
      outer loop
         vertex 2.000000e+01 2.090293e+01 7.532051e+01
         vertex 2.000000e+01 1.430857e+01 6.972837e+01
         vertex 2.000000e+01 1.465187e+01 6.936245e+01
      endloop
   endfacet
   facet normal 1.000000e+00 0.000000e+00 0.000000e+00
      outer loop
         vertex 2.000000e+01 3.909091e+01 1.239410e+02
         vertex 2.000000e+01 3.527670e+01 1.248839e+02
         vertex 2.000000e+01 2.102462e+01 1.154374e+02
      endloop
   endfacet
   facet normal 1.000000e+00 0.000000e+00 0.000000e+00
      outer loop
         vertex 2.000000e+01 2.102462e+01 1.154374e+02
         vertex 2.000000e+01 3.527670e+01 1.248839e+02
         vertex 2.000000e+01 3.137199e+01 1.253202e+02
      endloop
   endfacet
   facet normal 1.000000e+00 0.000000e+00 0.000000e+00
      outer loop
         vertex 2.000000e+01 2.102462e+01 1.154374e+02
         vertex 2.000000e+01 3.137199e+01 1.253202e+02
         vertex 2.000000e+01 2.744374e+01 1.252425e+02
      endloop
   endfacet
   facet normal 1.000000e+00 0.000000e+00 0.000000e+00
      outer loop
         vertex 2.000000e+01 2.744374e+01 1.252425e+02
         vertex 2.000000e+01 2.355934e+01 1.246521e+02
         vertex 2.000000e+01 2.102462e+01 1.154374e+02
      endloop
   endfacet
   facet normal 1.000000e+00 0.000000e+00 -0.000000e+00
      outer loop
         vertex 2.000000e+01 2.102462e+01 1.154374e+02
         vertex 2.000000e+01 2.355934e+01 1.246521e+02
         vertex 2.000000e+01 1.978542e+01 1.235591e+02
      endloop
   endfacet
   facet normal 1.000000e+00 0.000000e+00 0.000000e+00
      outer loop
         vertex 2.000000e+01 2.102462e+01 1.154374e+02
         vertex 2.000000e+01 1.978542e+01 1.235591e+02
         vertex 2.000000e+01 1.618669e+01 1.219822e+02
      endloop
   endfacet
   facet normal 1.000000e+00 0.000000e+00 0.000000e+00
      outer loop
         vertex 2.000000e+01 1.492938e+01 6.605557e+01
         vertex 2.000000e+01 1.465187e+01 6.563755e+01
         vertex 2.000000e+01 2.090293e+01 5.967949e+01
      endloop
   endfacet
   facet normal 1.000000e+00 0.000000e+00 0.000000e+00
      outer loop
         vertex 2.000000e+01 2.090293e+01 5.967949e+01
         vertex 2.000000e+01 1.465187e+01 6.563755e+01
         vertex 2.000000e+01 1.430857e+01 6.527163e+01
      endloop
   endfacet
   facet normal 1.000000e+00 0.000000e+00 0.000000e+00
      outer loop
         vertex 2.000000e+01 2.090293e+01 5.967949e+01
         vertex 2.000000e+01 1.430857e+01 6.527163e+01
         vertex 2.000000e+01 1.795631e+01 5.805901e+01
      endloop
   endfacet
   facet normal 1.000000e+00 0.000000e+00 0.000000e+00
      outer loop
         vertex 2.000000e+01 1.795631e+01 5.805901e+01
         vertex 2.000000e+01 1.430857e+01 6.527163e+01
         vertex 2.000000e+01 1.390909e+01 6.496804e+01
      endloop
   endfacet
   facet normal 1.000000e+00 0.000000e+00 0.000000e+00
      outer loop
         vertex 2.000000e+01 1.795631e+01 5.805901e+01
         vertex 2.000000e+01 1.390909e+01 6.496804e+01
         vertex 2.000000e+01 1.529109e+01 5.600838e+01
      endloop
   endfacet
   facet normal 1.000000e+00 0.000000e+00 0.000000e+00
      outer loop
         vertex 2.000000e+01 1.529109e+01 5.600838e+01
         vertex 2.000000e+01 1.390909e+01 6.496804e+01
         vertex 2.000000e+01 1.073817e+01 6.264804e+01
      endloop
   endfacet
   facet normal 1.000000e+00 0.000000e+00 0.000000e+00
      outer loop
         vertex 2.000000e+01 1.529109e+01 5.600838e+01
         vertex 2.000000e+01 1.073817e+01 6.264804e+01
         vertex 2.000000e+01 1.296954e+01 5.357550e+01
      endloop
   endfacet
   facet normal 1.000000e+00 0.000000e+00 0.000000e+00
      outer loop
         vertex 2.000000e+01 2.102462e+01 1.956255e+01
         vertex 2.000000e+01 1.978542e+01 1.144094e+01
         vertex 2.000000e+01 2.419072e+01 1.842928e+01
      endloop
   endfacet
   facet normal 1.000000e+00 0.000000e+00 0.000000e+00
      outer loop
         vertex 2.000000e+01 2.419072e+01 1.842928e+01
         vertex 2.000000e+01 1.978542e+01 1.144094e+01
         vertex 2.000000e+01 2.355934e+01 1.034795e+01
      endloop
   endfacet
   facet normal 1.000000e+00 0.000000e+00 0.000000e+00
      outer loop
         vertex 2.000000e+01 2.419072e+01 1.842928e+01
         vertex 2.000000e+01 2.355934e+01 1.034795e+01
         vertex 2.000000e+01 2.749256e+01 1.779179e+01
      endloop
   endfacet
   facet normal 1.000000e+00 0.000000e+00 0.000000e+00
      outer loop
         vertex 2.000000e+01 2.749256e+01 1.779179e+01
         vertex 2.000000e+01 2.355934e+01 1.034795e+01
         vertex 2.000000e+01 2.744374e+01 9.757534e+00
      endloop
   endfacet
   facet normal 1.000000e+00 0.000000e+00 0.000000e+00
      outer loop
         vertex 2.000000e+01 2.749256e+01 1.779179e+01
         vertex 2.000000e+01 2.744374e+01 9.757534e+00
         vertex 2.000000e+01 3.085297e+01 1.766497e+01
      endloop
   endfacet
   facet normal 1.000000e+00 0.000000e+00 0.000000e+00
      outer loop
         vertex 2.000000e+01 3.085297e+01 1.766497e+01
         vertex 2.000000e+01 2.744374e+01 9.757534e+00
         vertex 2.000000e+01 3.137199e+01 9.679819e+00
      endloop
   endfacet
   facet normal 1.000000e+00 -0.000000e+00 0.000000e+00
      outer loop
         vertex 2.000000e+01 3.085297e+01 1.766497e+01
         vertex 2.000000e+01 3.137199e+01 9.679819e+00
         vertex 2.000000e+01 3.419346e+01 1.805179e+01
      endloop
   endfacet
   facet normal 1.000000e+00 0.000000e+00 0.000000e+00
      outer loop
         vertex 2.000000e+01 3.419346e+01 1.805179e+01
         vertex 2.000000e+01 3.137199e+01 9.679819e+00
         vertex 2.000000e+01 3.527670e+01 1.011613e+01
      endloop
   endfacet
   facet normal 1.000000e+00 -0.000000e+00 0.000000e+00
      outer loop
         vertex 2.000000e+01 3.419346e+01 1.805179e+01
         vertex 2.000000e+01 3.527670e+01 1.011613e+01
         vertex 2.000000e+01 3.743597e+01 1.894320e+01
      endloop
   endfacet
   facet normal 1.000000e+00 0.000000e+00 0.000000e+00
      outer loop
         vertex 2.000000e+01 3.743597e+01 1.894320e+01
         vertex 2.000000e+01 3.527670e+01 1.011613e+01
         vertex 2.000000e+01 3.909091e+01 1.105900e+01
      endloop
   endfacet
   facet normal 1.000000e+00 0.000000e+00 0.000000e+00
      outer loop
         vertex 2.000000e+01 3.743597e+01 1.894320e+01
         vertex 2.000000e+01 3.909091e+01 1.105900e+01
         vertex 2.000000e+01 3.959004e+01 1.117191e+01
      endloop
   endfacet
   facet normal 1.000000e+00 0.000000e+00 0.000000e+00
      outer loop
         vertex 2.000000e+01 1.073817e+01 6.264804e+01
         vertex 2.000000e+01 7.897634e+00 5.993353e+01
         vertex 2.000000e+01 1.296954e+01 5.357550e+01
      endloop
   endfacet
   facet normal 1.000000e+00 0.000000e+00 0.000000e+00
      outer loop
         vertex 2.000000e+01 1.296954e+01 5.357550e+01
         vertex 2.000000e+01 7.897634e+00 5.993353e+01
         vertex 2.000000e+01 5.436208e+00 5.687109e+01
      endloop
   endfacet
   facet normal 1.000000e+00 0.000000e+00 0.000000e+00
      outer loop
         vertex 2.000000e+01 1.296954e+01 5.357550e+01
         vertex 2.000000e+01 5.436208e+00 5.687109e+01
         vertex 2.000000e+01 1.104590e+01 5.081723e+01
      endloop
   endfacet
   facet normal 1.000000e+00 0.000000e+00 0.000000e+00
      outer loop
         vertex 2.000000e+01 1.104590e+01 5.081723e+01
         vertex 2.000000e+01 5.436208e+00 5.687109e+01
         vertex 2.000000e+01 3.396111e+00 5.351324e+01
      endloop
   endfacet
   facet normal 1.000000e+00 0.000000e+00 0.000000e+00
      outer loop
         vertex 2.000000e+01 1.104590e+01 5.081723e+01
         vertex 2.000000e+01 3.396111e+00 5.351324e+01
         vertex 2.000000e+01 9.565113e+00 4.779799e+01
      endloop
   endfacet
   facet normal 1.000000e+00 0.000000e+00 0.000000e+00
      outer loop
         vertex 2.000000e+01 9.565113e+00 4.779799e+01
         vertex 2.000000e+01 3.396111e+00 5.351324e+01
         vertex 2.000000e+01 1.812331e+00 4.991758e+01
      endloop
   endfacet
   facet normal 1.000000e+00 0.000000e+00 0.000000e+00
      outer loop
         vertex 2.000000e+01 9.565113e+00 4.779799e+01
         vertex 2.000000e+01 1.812331e+00 4.991758e+01
         vertex 2.000000e+01 8.561781e+00 4.458835e+01
      endloop
   endfacet
   facet normal 1.000000e+00 0.000000e+00 0.000000e+00
      outer loop
         vertex 2.000000e+01 8.561781e+00 4.458835e+01
         vertex 2.000000e+01 1.812331e+00 4.991758e+01
         vertex 2.000000e+01 7.120408e-01 4.614577e+01
      endloop
   endfacet
   facet normal 1.000000e+00 0.000000e+00 0.000000e+00
      outer loop
         vertex 2.000000e+01 8.561781e+00 4.458835e+01
         vertex 2.000000e+01 7.120408e-01 4.614577e+01
         vertex 2.000000e+01 8.059347e+00 4.126328e+01
      endloop
   endfacet
   facet normal 1.000000e+00 0.000000e+00 0.000000e+00
      outer loop
         vertex 2.000000e+01 8.059347e+00 4.126328e+01
         vertex 2.000000e+01 7.120408e-01 4.614577e+01
         vertex 2.000000e+01 1.141075e-01 4.226252e+01
      endloop
   endfacet
   facet normal 1.000000e+00 0.000000e+00 0.000000e+00
      outer loop
         vertex 2.000000e+01 8.059347e+00 4.126328e+01
         vertex 2.000000e+01 1.141075e-01 4.226252e+01
         vertex 2.000000e+01 8.069547e+00 3.790049e+01
      endloop
   endfacet
   facet normal 1.000000e+00 0.000000e+00 0.000000e+00
      outer loop
         vertex 2.000000e+01 8.069547e+00 3.790049e+01
         vertex 2.000000e+01 1.141075e-01 4.226252e+01
         vertex 2.000000e+01 2.878904e-02 3.833443e+01
      endloop
   endfacet
   facet normal 1.000000e+00 0.000000e+00 0.000000e+00
      outer loop
         vertex 2.000000e+01 8.069547e+00 3.790049e+01
         vertex 2.000000e+01 2.878904e-02 3.833443e+01
         vertex 2.000000e+01 8.592146e+00 3.457854e+01
      endloop
   endfacet
   facet normal 1.000000e+00 0.000000e+00 0.000000e+00
      outer loop
         vertex 2.000000e+01 2.878904e-02 3.833443e+01
         vertex 2.000000e+01 4.575495e-01 3.442888e+01
         vertex 2.000000e+01 8.592146e+00 3.457854e+01
      endloop
   endfacet
   facet normal 1.000000e+00 0.000000e+00 0.000000e+00
      outer loop
         vertex 2.000000e+01 8.592146e+00 3.457854e+01
         vertex 2.000000e+01 4.575495e-01 3.442888e+01
         vertex 2.000000e+01 1.393033e+00 3.061286e+01
      endloop
   endfacet
   facet normal 1.000000e+00 0.000000e+00 0.000000e+00
      outer loop
         vertex 2.000000e+01 8.592146e+00 3.457854e+01
         vertex 2.000000e+01 1.393033e+00 3.061286e+01
         vertex 2.000000e+01 9.614931e+00 3.137504e+01
      endloop
   endfacet
   facet normal 1.000000e+00 0.000000e+00 0.000000e+00
      outer loop
         vertex 2.000000e+01 9.614931e+00 3.137504e+01
         vertex 2.000000e+01 1.393033e+00 3.061286e+01
         vertex 2.000000e+01 2.819195e+00 2.695182e+01
      endloop
   endfacet
   facet normal 1.000000e+00 0.000000e+00 0.000000e+00
      outer loop
         vertex 2.000000e+01 9.614931e+00 3.137504e+01
         vertex 2.000000e+01 2.819195e+00 2.695182e+01
         vertex 2.000000e+01 1.111401e+01 2.836484e+01
      endloop
   endfacet
   facet normal 1.000000e+00 0.000000e+00 0.000000e+00
      outer loop
         vertex 2.000000e+01 1.111401e+01 2.836484e+01
         vertex 2.000000e+01 2.819195e+00 2.695182e+01
         vertex 2.000000e+01 4.711574e+00 2.350855e+01
      endloop
   endfacet
   facet normal 1.000000e+00 0.000000e+00 0.000000e+00
      outer loop
         vertex 2.000000e+01 1.111401e+01 2.836484e+01
         vertex 2.000000e+01 4.711574e+00 2.350855e+01
         vertex 2.000000e+01 1.305435e+01 2.561829e+01
      endloop
   endfacet
   facet normal 1.000000e+00 0.000000e+00 0.000000e+00
      outer loop
         vertex 2.000000e+01 1.305435e+01 2.561829e+01
         vertex 2.000000e+01 4.711574e+00 2.350855e+01
         vertex 2.000000e+01 7.037709e+00 2.034213e+01
      endloop
   endfacet
   facet normal 1.000000e+00 0.000000e+00 0.000000e+00
      outer loop
         vertex 2.000000e+01 1.305435e+01 2.561829e+01
         vertex 2.000000e+01 7.037709e+00 2.034213e+01
         vertex 2.000000e+01 1.539062e+01 2.319954e+01
      endloop
   endfacet
   facet normal 1.000000e+00 0.000000e+00 0.000000e+00
      outer loop
         vertex 2.000000e+01 1.539062e+01 2.319954e+01
         vertex 2.000000e+01 7.037709e+00 2.034213e+01
         vertex 2.000000e+01 9.757703e+00 1.750685e+01
      endloop
   endfacet
   facet normal 1.000000e+00 0.000000e+00 0.000000e+00
      outer loop
         vertex 2.000000e+01 1.539062e+01 2.319954e+01
         vertex 2.000000e+01 9.757703e+00 1.750685e+01
         vertex 2.000000e+01 1.806823e+01 2.116512e+01
      endloop
   endfacet
   facet normal 1.000000e+00 0.000000e+00 0.000000e+00
      outer loop
         vertex 2.000000e+01 1.806823e+01 2.116512e+01
         vertex 2.000000e+01 9.757703e+00 1.750685e+01
         vertex 2.000000e+01 1.282490e+01 1.505136e+01
      endloop
   endfacet
   facet normal 1.000000e+00 0.000000e+00 0.000000e+00
      outer loop
         vertex 2.000000e+01 1.806823e+01 2.116512e+01
         vertex 2.000000e+01 1.282490e+01 1.505136e+01
         vertex 2.000000e+01 2.102462e+01 1.956255e+01
      endloop
   endfacet
   facet normal 1.000000e+00 0.000000e+00 0.000000e+00
      outer loop
         vertex 2.000000e+01 2.102462e+01 1.956255e+01
         vertex 2.000000e+01 1.282490e+01 1.505136e+01
         vertex 2.000000e+01 1.618669e+01 1.301776e+01
      endloop
   endfacet
   facet normal 1.000000e+00 0.000000e+00 0.000000e+00
      outer loop
         vertex 2.000000e+01 2.102462e+01 1.956255e+01
         vertex 2.000000e+01 1.618669e+01 1.301776e+01
         vertex 2.000000e+01 1.978542e+01 1.144094e+01
      endloop
   endfacet
   facet normal -8.715392e-02 0.000000e+00 9.961949e-01
      outer loop
         vertex 1.000000e+01 5.100000e+01 1.279500e+02
         vertex 1.000000e+01 4.300000e+01 1.279500e+02
         vertex 1.035598e+01 5.100000e+01 1.279811e+02
      endloop
   endfacet
   facet normal -8.715392e-02 0.000000e+00 9.961949e-01
      outer loop
         vertex 1.035598e+01 5.100000e+01 1.279811e+02
         vertex 1.000000e+01 4.300000e+01 1.279500e+02
         vertex 1.035598e+01 4.300000e+01 1.279811e+02
      endloop
   endfacet
   facet normal -2.588337e-01 0.000000e+00 9.659219e-01
      outer loop
         vertex 1.035598e+01 5.100000e+01 1.279811e+02
         vertex 1.035598e+01 4.300000e+01 1.279811e+02
         vertex 1.070114e+01 5.100000e+01 1.280736e+02
      endloop
   endfacet
   facet normal -2.588337e-01 0.000000e+00 9.659219e-01
      outer loop
         vertex 1.070114e+01 5.100000e+01 1.280736e+02
         vertex 1.035598e+01 4.300000e+01 1.279811e+02
         vertex 1.070114e+01 4.300000e+01 1.280736e+02
      endloop
   endfacet
   facet normal -4.226134e-01 0.000000e+00 9.063101e-01
      outer loop
         vertex 1.070114e+01 5.100000e+01 1.280736e+02
         vertex 1.070114e+01 4.300000e+01 1.280736e+02
         vertex 1.102500e+01 5.100000e+01 1.282246e+02
      endloop
   endfacet
   facet normal -4.226134e-01 0.000000e+00 9.063101e-01
      outer loop
         vertex 1.102500e+01 5.100000e+01 1.282246e+02
         vertex 1.070114e+01 4.300000e+01 1.280736e+02
         vertex 1.102500e+01 4.300000e+01 1.282246e+02
      endloop
   endfacet
   facet normal -5.735708e-01 0.000000e+00 8.191560e-01
      outer loop
         vertex 1.102500e+01 5.100000e+01 1.282246e+02
         vertex 1.102500e+01 4.300000e+01 1.282246e+02
         vertex 1.131771e+01 5.100000e+01 1.284296e+02
      endloop
   endfacet
   facet normal -5.735708e-01 0.000000e+00 8.191560e-01
      outer loop
         vertex 1.131771e+01 5.100000e+01 1.284296e+02
         vertex 1.102500e+01 4.300000e+01 1.282246e+02
         vertex 1.131771e+01 4.300000e+01 1.284296e+02
      endloop
   endfacet
   facet normal -7.071107e-01 0.000000e+00 7.071029e-01
      outer loop
         vertex 1.131771e+01 5.100000e+01 1.284296e+02
         vertex 1.131771e+01 4.300000e+01 1.284296e+02
         vertex 1.157039e+01 5.100000e+01 1.286823e+02
      endloop
   endfacet
   facet normal -7.071107e-01 0.000000e+00 7.071029e-01
      outer loop
         vertex 1.157039e+01 5.100000e+01 1.286823e+02
         vertex 1.131771e+01 4.300000e+01 1.284296e+02
         vertex 1.157039e+01 4.300000e+01 1.286823e+02
      endloop
   endfacet
   facet normal -8.191477e-01 0.000000e+00 5.735827e-01
      outer loop
         vertex 1.157039e+01 5.100000e+01 1.286823e+02
         vertex 1.157039e+01 4.300000e+01 1.286823e+02
         vertex 1.177535e+01 5.100000e+01 1.289750e+02
      endloop
   endfacet
   facet normal -8.191477e-01 0.000000e+00 5.735827e-01
      outer loop
         vertex 1.177535e+01 5.100000e+01 1.289750e+02
         vertex 1.157039e+01 4.300000e+01 1.286823e+02
         vertex 1.177535e+01 4.300000e+01 1.289750e+02
      endloop
   endfacet
   facet normal -9.063095e-01 0.000000e+00 4.226146e-01
      outer loop
         vertex 1.177535e+01 5.100000e+01 1.289750e+02
         vertex 1.177535e+01 4.300000e+01 1.289750e+02
         vertex 1.192637e+01 5.100000e+01 1.292989e+02
      endloop
   endfacet
   facet normal -9.063095e-01 0.000000e+00 4.226146e-01
      outer loop
         vertex 1.192637e+01 5.100000e+01 1.292989e+02
         vertex 1.177535e+01 4.300000e+01 1.289750e+02
         vertex 1.192637e+01 4.300000e+01 1.292989e+02
      endloop
   endfacet
   facet normal -9.659260e-01 0.000000e+00 2.588184e-01
      outer loop
         vertex 1.192637e+01 5.100000e+01 1.292989e+02
         vertex 1.192637e+01 4.300000e+01 1.292989e+02
         vertex 1.201886e+01 5.100000e+01 1.296440e+02
      endloop
   endfacet
   facet normal -9.659260e-01 0.000000e+00 2.588184e-01
      outer loop
         vertex 1.201886e+01 5.100000e+01 1.296440e+02
         vertex 1.192637e+01 4.300000e+01 1.292989e+02
         vertex 1.201886e+01 4.300000e+01 1.296440e+02
      endloop
   endfacet
   facet normal -9.961949e-01 0.000000e+00 8.715324e-02
      outer loop
         vertex 1.201886e+01 5.100000e+01 1.296440e+02
         vertex 1.201886e+01 4.300000e+01 1.296440e+02
         vertex 1.205000e+01 5.100000e+01 1.300000e+02
      endloop
   endfacet
   facet normal -9.961949e-01 0.000000e+00 8.715324e-02
      outer loop
         vertex 1.205000e+01 5.100000e+01 1.300000e+02
         vertex 1.201886e+01 4.300000e+01 1.296440e+02
         vertex 1.205000e+01 4.300000e+01 1.300000e+02
      endloop
   endfacet
   facet normal -9.961948e-01 -0.000000e+00 -8.715505e-02
      outer loop
         vertex 1.205000e+01 5.100000e+01 1.300000e+02
         vertex 1.205000e+01 4.300000e+01 1.300000e+02
         vertex 1.201886e+01 5.100000e+01 1.303560e+02
      endloop
   endfacet
   facet normal -9.961948e-01 -0.000000e+00 -8.715505e-02
      outer loop
         vertex 1.201886e+01 5.100000e+01 1.303560e+02
         vertex 1.205000e+01 4.300000e+01 1.300000e+02
         vertex 1.201886e+01 4.300000e+01 1.303560e+02
      endloop
   endfacet
   facet normal -9.659260e-01 -0.000000e+00 -2.588184e-01
      outer loop
         vertex 1.201886e+01 5.100000e+01 1.303560e+02
         vertex 1.201886e+01 4.300000e+01 1.303560e+02
         vertex 1.192637e+01 5.100000e+01 1.307011e+02
      endloop
   endfacet
   facet normal -9.659260e-01 -0.000000e+00 -2.588184e-01
      outer loop
         vertex 1.192637e+01 5.100000e+01 1.307011e+02
         vertex 1.201886e+01 4.300000e+01 1.303560e+02
         vertex 1.192637e+01 4.300000e+01 1.307011e+02
      endloop
   endfacet
   facet normal -9.063095e-01 -0.000000e+00 -4.226146e-01
      outer loop
         vertex 1.192637e+01 5.100000e+01 1.307011e+02
         vertex 1.192637e+01 4.300000e+01 1.307011e+02
         vertex 1.177535e+01 5.100000e+01 1.310250e+02
      endloop
   endfacet
   facet normal -9.063095e-01 -0.000000e+00 -4.226146e-01
      outer loop
         vertex 1.177535e+01 5.100000e+01 1.310250e+02
         vertex 1.192637e+01 4.300000e+01 1.307011e+02
         vertex 1.177535e+01 4.300000e+01 1.310250e+02
      endloop
   endfacet
   facet normal -8.191477e-01 -0.000000e+00 -5.735827e-01
      outer loop
         vertex 1.177535e+01 5.100000e+01 1.310250e+02
         vertex 1.177535e+01 4.300000e+01 1.310250e+02
         vertex 1.157039e+01 5.100000e+01 1.313177e+02
      endloop
   endfacet
   facet normal -8.191477e-01 -0.000000e+00 -5.735827e-01
      outer loop
         vertex 1.157039e+01 5.100000e+01 1.313177e+02
         vertex 1.177535e+01 4.300000e+01 1.310250e+02
         vertex 1.157039e+01 4.300000e+01 1.313177e+02
      endloop
   endfacet
   facet normal -7.071107e-01 -0.000000e+00 -7.071029e-01
      outer loop
         vertex 1.157039e+01 5.100000e+01 1.313177e+02
         vertex 1.157039e+01 4.300000e+01 1.313177e+02
         vertex 1.131771e+01 5.100000e+01 1.315704e+02
      endloop
   endfacet
   facet normal -7.071107e-01 -0.000000e+00 -7.071029e-01
      outer loop
         vertex 1.131771e+01 5.100000e+01 1.315704e+02
         vertex 1.157039e+01 4.300000e+01 1.313177e+02
         vertex 1.131771e+01 4.300000e+01 1.315704e+02
      endloop
   endfacet
   facet normal -5.735708e-01 -0.000000e+00 -8.191560e-01
      outer loop
         vertex 1.131771e+01 5.100000e+01 1.315704e+02
         vertex 1.131771e+01 4.300000e+01 1.315704e+02
         vertex 1.102500e+01 5.100000e+01 1.317753e+02
      endloop
   endfacet
   facet normal -5.735708e-01 -0.000000e+00 -8.191560e-01
      outer loop
         vertex 1.102500e+01 5.100000e+01 1.317753e+02
         vertex 1.131771e+01 4.300000e+01 1.315704e+02
         vertex 1.102500e+01 4.300000e+01 1.317753e+02
      endloop
   endfacet
   facet normal -4.226305e-01 -0.000000e+00 -9.063021e-01
      outer loop
         vertex 1.102500e+01 5.100000e+01 1.317753e+02
         vertex 1.102500e+01 4.300000e+01 1.317753e+02
         vertex 1.070114e+01 5.100000e+01 1.319264e+02
      endloop
   endfacet
   facet normal -4.226305e-01 -0.000000e+00 -9.063021e-01
      outer loop
         vertex 1.070114e+01 5.100000e+01 1.319264e+02
         vertex 1.102500e+01 4.300000e+01 1.317753e+02
         vertex 1.070114e+01 4.300000e+01 1.319264e+02
      endloop
   endfacet
   facet normal -2.588142e-01 -0.000000e+00 -9.659271e-01
      outer loop
         vertex 1.070114e+01 5.100000e+01 1.319264e+02
         vertex 1.070114e+01 4.300000e+01 1.319264e+02
         vertex 1.035598e+01 5.100000e+01 1.320189e+02
      endloop
   endfacet
   facet normal -2.588142e-01 -0.000000e+00 -9.659271e-01
      outer loop
         vertex 1.035598e+01 5.100000e+01 1.320189e+02
         vertex 1.070114e+01 4.300000e+01 1.319264e+02
         vertex 1.035598e+01 4.300000e+01 1.320189e+02
      endloop
   endfacet
   facet normal -8.715392e-02 -0.000000e+00 -9.961949e-01
      outer loop
         vertex 1.035598e+01 5.100000e+01 1.320189e+02
         vertex 1.035598e+01 4.300000e+01 1.320189e+02
         vertex 1.000000e+01 5.100000e+01 1.320500e+02
      endloop
   endfacet
   facet normal -8.715392e-02 -0.000000e+00 -9.961949e-01
      outer loop
         vertex 1.000000e+01 5.100000e+01 1.320500e+02
         vertex 1.035598e+01 4.300000e+01 1.320189e+02
         vertex 1.000000e+01 4.300000e+01 1.320500e+02
      endloop
   endfacet
   facet normal 8.715369e-02 0.000000e+00 -9.961949e-01
      outer loop
         vertex 1.000000e+01 5.100000e+01 1.320500e+02
         vertex 1.000000e+01 4.300000e+01 1.320500e+02
         vertex 9.644020e+00 5.100000e+01 1.320189e+02
      endloop
   endfacet
   facet normal 8.715369e-02 0.000000e+00 -9.961949e-01
      outer loop
         vertex 9.644020e+00 5.100000e+01 1.320189e+02
         vertex 1.000000e+01 4.300000e+01 1.320500e+02
         vertex 9.644020e+00 4.300000e+01 1.320189e+02
      endloop
   endfacet
   facet normal 2.588142e-01 0.000000e+00 -9.659271e-01
      outer loop
         vertex 9.644020e+00 5.100000e+01 1.320189e+02
         vertex 9.644020e+00 4.300000e+01 1.320189e+02
         vertex 9.298858e+00 5.100000e+01 1.319264e+02
      endloop
   endfacet
   facet normal 2.588142e-01 0.000000e+00 -9.659271e-01
      outer loop
         vertex 9.298858e+00 5.100000e+01 1.319264e+02
         vertex 9.644020e+00 4.300000e+01 1.320189e+02
         vertex 9.298858e+00 4.300000e+01 1.319264e+02
      endloop
   endfacet
   facet normal 4.226305e-01 0.000000e+00 -9.063021e-01
      outer loop
         vertex 9.298858e+00 5.100000e+01 1.319264e+02
         vertex 9.298858e+00 4.300000e+01 1.319264e+02
         vertex 8.974999e+00 5.100000e+01 1.317753e+02
      endloop
   endfacet
   facet normal 4.226305e-01 0.000000e+00 -9.063021e-01
      outer loop
         vertex 8.974999e+00 5.100000e+01 1.317753e+02
         vertex 9.298858e+00 4.300000e+01 1.319264e+02
         vertex 8.974999e+00 4.300000e+01 1.317753e+02
      endloop
   endfacet
   facet normal 5.735708e-01 0.000000e+00 -8.191560e-01
      outer loop
         vertex 8.974999e+00 5.100000e+01 1.317753e+02
         vertex 8.974999e+00 4.300000e+01 1.317753e+02
         vertex 8.682285e+00 5.100000e+01 1.315704e+02
      endloop
   endfacet
   facet normal 5.735708e-01 0.000000e+00 -8.191560e-01
      outer loop
         vertex 8.682285e+00 5.100000e+01 1.315704e+02
         vertex 8.974999e+00 4.300000e+01 1.317753e+02
         vertex 8.682285e+00 4.300000e+01 1.315704e+02
      endloop
   endfacet
   facet normal 7.071107e-01 0.000000e+00 -7.071029e-01
      outer loop
         vertex 8.682285e+00 5.100000e+01 1.315704e+02
         vertex 8.682285e+00 4.300000e+01 1.315704e+02
         vertex 8.429608e+00 5.100000e+01 1.313177e+02
      endloop
   endfacet
   facet normal 7.071107e-01 0.000000e+00 -7.071029e-01
      outer loop
         vertex 8.429608e+00 5.100000e+01 1.313177e+02
         vertex 8.682285e+00 4.300000e+01 1.315704e+02
         vertex 8.429608e+00 4.300000e+01 1.313177e+02
      endloop
   endfacet
   facet normal 8.191489e-01 0.000000e+00 -5.735809e-01
      outer loop
         vertex 8.429608e+00 5.100000e+01 1.313177e+02
         vertex 8.429608e+00 4.300000e+01 1.313177e+02
         vertex 8.224647e+00 5.100000e+01 1.310250e+02
      endloop
   endfacet
   facet normal 8.191489e-01 0.000000e+00 -5.735809e-01
      outer loop
         vertex 8.224647e+00 5.100000e+01 1.310250e+02
         vertex 8.429608e+00 4.300000e+01 1.313177e+02
         vertex 8.224647e+00 4.300000e+01 1.310250e+02
      endloop
   endfacet
   facet normal 9.063095e-01 0.000000e+00 -4.226146e-01
      outer loop
         vertex 8.224647e+00 5.100000e+01 1.310250e+02
         vertex 8.224647e+00 4.300000e+01 1.310250e+02
         vertex 8.073630e+00 5.100000e+01 1.307011e+02
      endloop
   endfacet
   facet normal 9.063095e-01 0.000000e+00 -4.226146e-01
      outer loop
         vertex 8.073630e+00 5.100000e+01 1.307011e+02
         vertex 8.224647e+00 4.300000e+01 1.310250e+02
         vertex 8.073630e+00 4.300000e+01 1.307011e+02
      endloop
   endfacet
   facet normal 9.659260e-01 0.000000e+00 -2.588184e-01
      outer loop
         vertex 8.073630e+00 5.100000e+01 1.307011e+02
         vertex 8.073630e+00 4.300000e+01 1.307011e+02
         vertex 7.981144e+00 5.100000e+01 1.303560e+02
      endloop
   endfacet
   facet normal 9.659260e-01 0.000000e+00 -2.588184e-01
      outer loop
         vertex 7.981144e+00 5.100000e+01 1.303560e+02
         vertex 8.073630e+00 4.300000e+01 1.307011e+02
         vertex 7.981144e+00 4.300000e+01 1.303560e+02
      endloop
   endfacet
   facet normal 9.961945e-01 0.000000e+00 -8.715764e-02
      outer loop
         vertex 7.981144e+00 5.100000e+01 1.303560e+02
         vertex 7.981144e+00 4.300000e+01 1.303560e+02
         vertex 7.950000e+00 5.100000e+01 1.300000e+02
      endloop
   endfacet
   facet normal 9.961945e-01 0.000000e+00 -8.715764e-02
      outer loop
         vertex 7.950000e+00 5.100000e+01 1.300000e+02
         vertex 7.981144e+00 4.300000e+01 1.303560e+02
         vertex 7.950000e+00 4.300000e+01 1.300000e+02
      endloop
   endfacet
   facet normal 9.961947e-01 0.000000e+00 8.715583e-02
      outer loop
         vertex 7.950000e+00 5.100000e+01 1.300000e+02
         vertex 7.950000e+00 4.300000e+01 1.300000e+02
         vertex 7.981144e+00 5.100000e+01 1.296440e+02
      endloop
   endfacet
   facet normal 9.961947e-01 0.000000e+00 8.715583e-02
      outer loop
         vertex 7.981144e+00 5.100000e+01 1.296440e+02
         vertex 7.950000e+00 4.300000e+01 1.300000e+02
         vertex 7.981144e+00 4.300000e+01 1.296440e+02
      endloop
   endfacet
   facet normal 9.659260e-01 0.000000e+00 2.588184e-01
      outer loop
         vertex 7.981144e+00 5.100000e+01 1.296440e+02
         vertex 7.981144e+00 4.300000e+01 1.296440e+02
         vertex 8.073630e+00 5.100000e+01 1.292989e+02
      endloop
   endfacet
   facet normal 9.659260e-01 0.000000e+00 2.588184e-01
      outer loop
         vertex 8.073630e+00 5.100000e+01 1.292989e+02
         vertex 7.981144e+00 4.300000e+01 1.296440e+02
         vertex 8.073630e+00 4.300000e+01 1.292989e+02
      endloop
   endfacet
   facet normal 9.063095e-01 0.000000e+00 4.226146e-01
      outer loop
         vertex 8.073630e+00 5.100000e+01 1.292989e+02
         vertex 8.073630e+00 4.300000e+01 1.292989e+02
         vertex 8.224647e+00 5.100000e+01 1.289750e+02
      endloop
   endfacet
   facet normal 9.063095e-01 0.000000e+00 4.226146e-01
      outer loop
         vertex 8.224647e+00 5.100000e+01 1.289750e+02
         vertex 8.073630e+00 4.300000e+01 1.292989e+02
         vertex 8.224647e+00 4.300000e+01 1.289750e+02
      endloop
   endfacet
   facet normal 8.191489e-01 0.000000e+00 5.735809e-01
      outer loop
         vertex 8.224647e+00 5.100000e+01 1.289750e+02
         vertex 8.224647e+00 4.300000e+01 1.289750e+02
         vertex 8.429608e+00 5.100000e+01 1.286823e+02
      endloop
   endfacet
   facet normal 8.191489e-01 0.000000e+00 5.735809e-01
      outer loop
         vertex 8.429608e+00 5.100000e+01 1.286823e+02
         vertex 8.224647e+00 4.300000e+01 1.289750e+02
         vertex 8.429608e+00 4.300000e+01 1.286823e+02
      endloop
   endfacet
   facet normal 7.071107e-01 0.000000e+00 7.071029e-01
      outer loop
         vertex 8.429608e+00 5.100000e+01 1.286823e+02
         vertex 8.429608e+00 4.300000e+01 1.286823e+02
         vertex 8.682285e+00 5.100000e+01 1.284296e+02
      endloop
   endfacet
   facet normal 7.071107e-01 0.000000e+00 7.071029e-01
      outer loop
         vertex 8.682285e+00 5.100000e+01 1.284296e+02
         vertex 8.429608e+00 4.300000e+01 1.286823e+02
         vertex 8.682285e+00 4.300000e+01 1.284296e+02
      endloop
   endfacet
   facet normal 5.735708e-01 0.000000e+00 8.191560e-01
      outer loop
         vertex 8.682285e+00 5.100000e+01 1.284296e+02
         vertex 8.682285e+00 4.300000e+01 1.284296e+02
         vertex 8.974999e+00 5.100000e+01 1.282246e+02
      endloop
   endfacet
   facet normal 5.735708e-01 0.000000e+00 8.191560e-01
      outer loop
         vertex 8.974999e+00 5.100000e+01 1.282246e+02
         vertex 8.682285e+00 4.300000e+01 1.284296e+02
         vertex 8.974999e+00 4.300000e+01 1.282246e+02
      endloop
   endfacet
   facet normal 4.226134e-01 0.000000e+00 9.063101e-01
      outer loop
         vertex 8.974999e+00 5.100000e+01 1.282246e+02
         vertex 8.974999e+00 4.300000e+01 1.282246e+02
         vertex 9.298858e+00 5.100000e+01 1.280736e+02
      endloop
   endfacet
   facet normal 4.226134e-01 0.000000e+00 9.063101e-01
      outer loop
         vertex 9.298858e+00 5.100000e+01 1.280736e+02
         vertex 8.974999e+00 4.300000e+01 1.282246e+02
         vertex 9.298858e+00 4.300000e+01 1.280736e+02
      endloop
   endfacet
   facet normal 2.588337e-01 0.000000e+00 9.659219e-01
      outer loop
         vertex 9.298858e+00 5.100000e+01 1.280736e+02
         vertex 9.298858e+00 4.300000e+01 1.280736e+02
         vertex 9.644020e+00 5.100000e+01 1.279811e+02
      endloop
   endfacet
   facet normal 2.588337e-01 0.000000e+00 9.659219e-01
      outer loop
         vertex 9.644020e+00 5.100000e+01 1.279811e+02
         vertex 9.298858e+00 4.300000e+01 1.280736e+02
         vertex 9.644020e+00 4.300000e+01 1.279811e+02
      endloop
   endfacet
   facet normal 8.715369e-02 0.000000e+00 9.961949e-01
      outer loop
         vertex 9.644020e+00 5.100000e+01 1.279811e+02
         vertex 9.644020e+00 4.300000e+01 1.279811e+02
         vertex 1.000000e+01 5.100000e+01 1.279500e+02
      endloop
   endfacet
   facet normal 8.715369e-02 0.000000e+00 9.961949e-01
      outer loop
         vertex 1.000000e+01 5.100000e+01 1.279500e+02
         vertex 9.644020e+00 4.300000e+01 1.279811e+02
         vertex 1.000000e+01 4.300000e+01 1.279500e+02
      endloop
   endfacet
   facet normal -8.716427e-02 0.000000e+00 9.961940e-01
      outer loop
         vertex 1.000000e+01 5.100000e+01 2.949998e+00
         vertex 1.000000e+01 4.300000e+01 2.949998e+00
         vertex 1.035598e+01 5.100000e+01 2.981145e+00
      endloop
   endfacet
   facet normal -8.716427e-02 0.000000e+00 9.961940e-01
      outer loop
         vertex 1.035598e+01 5.100000e+01 2.981145e+00
         vertex 1.000000e+01 4.300000e+01 2.949998e+00
         vertex 1.035598e+01 4.300000e+01 2.981145e+00
      endloop
   endfacet
   facet normal -2.588142e-01 0.000000e+00 9.659271e-01
      outer loop
         vertex 1.035598e+01 5.100000e+01 2.981145e+00
         vertex 1.035598e+01 4.300000e+01 2.981145e+00
         vertex 1.070114e+01 5.100000e+01 3.073629e+00
      endloop
   endfacet
   facet normal -2.588142e-01 0.000000e+00 9.659271e-01
      outer loop
         vertex 1.070114e+01 5.100000e+01 3.073629e+00
         vertex 1.035598e+01 4.300000e+01 2.981145e+00
         vertex 1.070114e+01 4.300000e+01 3.073629e+00
      endloop
   endfacet
   facet normal -4.226219e-01 0.000000e+00 9.063061e-01
      outer loop
         vertex 1.070114e+01 5.100000e+01 3.073629e+00
         vertex 1.070114e+01 4.300000e+01 3.073629e+00
         vertex 1.102500e+01 5.100000e+01 3.224649e+00
      endloop
   endfacet
   facet normal -4.226219e-01 0.000000e+00 9.063061e-01
      outer loop
         vertex 1.102500e+01 5.100000e+01 3.224649e+00
         vertex 1.070114e+01 4.300000e+01 3.073629e+00
         vertex 1.102500e+01 4.300000e+01 3.224649e+00
      endloop
   endfacet
   facet normal -5.735708e-01 0.000000e+00 8.191560e-01
      outer loop
         vertex 1.102500e+01 5.100000e+01 3.224649e+00
         vertex 1.102500e+01 4.300000e+01 3.224649e+00
         vertex 1.131771e+01 5.100000e+01 3.429607e+00
      endloop
   endfacet
   facet normal -5.735708e-01 0.000000e+00 8.191560e-01
      outer loop
         vertex 1.131771e+01 5.100000e+01 3.429607e+00
         vertex 1.102500e+01 4.300000e+01 3.224649e+00
         vertex 1.131771e+01 4.300000e+01 3.429607e+00
      endloop
   endfacet
   facet normal -7.071107e-01 0.000000e+00 7.071029e-01
      outer loop
         vertex 1.131771e+01 5.100000e+01 3.429607e+00
         vertex 1.131771e+01 4.300000e+01 3.429607e+00
         vertex 1.157039e+01 5.100000e+01 3.682286e+00
      endloop
   endfacet
   facet normal -7.071107e-01 0.000000e+00 7.071029e-01
      outer loop
         vertex 1.157039e+01 5.100000e+01 3.682286e+00
         vertex 1.131771e+01 4.300000e+01 3.429607e+00
         vertex 1.157039e+01 4.300000e+01 3.682286e+00
      endloop
   endfacet
   facet normal -8.191511e-01 0.000000e+00 5.735778e-01
      outer loop
         vertex 1.157039e+01 5.100000e+01 3.682286e+00
         vertex 1.157039e+01 4.300000e+01 3.682286e+00
         vertex 1.177535e+01 5.100000e+01 3.975000e+00
      endloop
   endfacet
   facet normal -8.191511e-01 0.000000e+00 5.735778e-01
      outer loop
         vertex 1.177535e+01 5.100000e+01 3.975000e+00
         vertex 1.157039e+01 4.300000e+01 3.682286e+00
         vertex 1.177535e+01 4.300000e+01 3.975000e+00
      endloop
   endfacet
   facet normal -9.063076e-01 0.000000e+00 4.226186e-01
      outer loop
         vertex 1.177535e+01 5.100000e+01 3.975000e+00
         vertex 1.177535e+01 4.300000e+01 3.975000e+00
         vertex 1.192637e+01 5.100000e+01 4.298858e+00
      endloop
   endfacet
   facet normal -9.063076e-01 0.000000e+00 4.226186e-01
      outer loop
         vertex 1.192637e+01 5.100000e+01 4.298858e+00
         vertex 1.177535e+01 4.300000e+01 3.975000e+00
         vertex 1.192637e+01 4.300000e+01 4.298858e+00
      endloop
   endfacet
   facet normal -9.659260e-01 0.000000e+00 2.588184e-01
      outer loop
         vertex 1.192637e+01 5.100000e+01 4.298858e+00
         vertex 1.192637e+01 4.300000e+01 4.298858e+00
         vertex 1.201886e+01 5.100000e+01 4.644021e+00
      endloop
   endfacet
   facet normal -9.659260e-01 0.000000e+00 2.588184e-01
      outer loop
         vertex 1.201886e+01 5.100000e+01 4.644021e+00
         vertex 1.192637e+01 4.300000e+01 4.298858e+00
         vertex 1.201886e+01 4.300000e+01 4.644021e+00
      endloop
   endfacet
   facet normal -9.961948e-01 0.000000e+00 8.715415e-02
      outer loop
         vertex 1.201886e+01 5.100000e+01 4.644021e+00
         vertex 1.201886e+01 4.300000e+01 4.644021e+00
         vertex 1.205000e+01 5.100000e+01 4.999999e+00
      endloop
   endfacet
   facet normal -9.961948e-01 0.000000e+00 8.715415e-02
      outer loop
         vertex 1.205000e+01 5.100000e+01 4.999999e+00
         vertex 1.201886e+01 4.300000e+01 4.644021e+00
         vertex 1.205000e+01 4.300000e+01 4.999999e+00
      endloop
   endfacet
   facet normal -9.961948e-01 -0.000000e+00 -8.715415e-02
      outer loop
         vertex 1.205000e+01 5.100000e+01 4.999999e+00
         vertex 1.205000e+01 4.300000e+01 4.999999e+00
         vertex 1.201886e+01 5.100000e+01 5.355977e+00
      endloop
   endfacet
   facet normal -9.961948e-01 -0.000000e+00 -8.715415e-02
      outer loop
         vertex 1.201886e+01 5.100000e+01 5.355977e+00
         vertex 1.205000e+01 4.300000e+01 4.999999e+00
         vertex 1.201886e+01 4.300000e+01 5.355977e+00
      endloop
   endfacet
   facet normal -9.659260e-01 -0.000000e+00 -2.588184e-01
      outer loop
         vertex 1.201886e+01 5.100000e+01 5.355977e+00
         vertex 1.201886e+01 4.300000e+01 5.355977e+00
         vertex 1.192637e+01 5.100000e+01 5.701140e+00
      endloop
   endfacet
   facet normal -9.659260e-01 -0.000000e+00 -2.588184e-01
      outer loop
         vertex 1.192637e+01 5.100000e+01 5.701140e+00
         vertex 1.201886e+01 4.300000e+01 5.355977e+00
         vertex 1.192637e+01 4.300000e+01 5.701140e+00
      endloop
   endfacet
   facet normal -9.063076e-01 -0.000000e+00 -4.226186e-01
      outer loop
         vertex 1.192637e+01 5.100000e+01 5.701140e+00
         vertex 1.192637e+01 4.300000e+01 5.701140e+00
         vertex 1.177535e+01 5.100000e+01 6.024998e+00
      endloop
   endfacet
   facet normal -9.063076e-01 -0.000000e+00 -4.226186e-01
      outer loop
         vertex 1.177535e+01 5.100000e+01 6.024998e+00
         vertex 1.192637e+01 4.300000e+01 5.701140e+00
         vertex 1.177535e+01 4.300000e+01 6.024998e+00
      endloop
   endfacet
   facet normal -8.191511e-01 -0.000000e+00 -5.735778e-01
      outer loop
         vertex 1.177535e+01 5.100000e+01 6.024998e+00
         vertex 1.177535e+01 4.300000e+01 6.024998e+00
         vertex 1.157039e+01 5.100000e+01 6.317712e+00
      endloop
   endfacet
   facet normal -8.191511e-01 -0.000000e+00 -5.735778e-01
      outer loop
         vertex 1.157039e+01 5.100000e+01 6.317712e+00
         vertex 1.177535e+01 4.300000e+01 6.024998e+00
         vertex 1.157039e+01 4.300000e+01 6.317712e+00
      endloop
   endfacet
   facet normal -7.071107e-01 -0.000000e+00 -7.071029e-01
      outer loop
         vertex 1.157039e+01 5.100000e+01 6.317712e+00
         vertex 1.157039e+01 4.300000e+01 6.317712e+00
         vertex 1.131771e+01 5.100000e+01 6.570391e+00
      endloop
   endfacet
   facet normal -7.071107e-01 -0.000000e+00 -7.071029e-01
      outer loop
         vertex 1.131771e+01 5.100000e+01 6.570391e+00
         vertex 1.157039e+01 4.300000e+01 6.317712e+00
         vertex 1.131771e+01 4.300000e+01 6.570391e+00
      endloop
   endfacet
   facet normal -5.735778e-01 -0.000000e+00 -8.191511e-01
      outer loop
         vertex 1.131771e+01 5.100000e+01 6.570391e+00
         vertex 1.131771e+01 4.300000e+01 6.570391e+00
         vertex 1.102500e+01 5.100000e+01 6.775353e+00
      endloop
   endfacet
   facet normal -5.735778e-01 -0.000000e+00 -8.191511e-01
      outer loop
         vertex 1.102500e+01 5.100000e+01 6.775353e+00
         vertex 1.131771e+01 4.300000e+01 6.570391e+00
         vertex 1.102500e+01 4.300000e+01 6.775353e+00
      endloop
   endfacet
   facet normal -4.226134e-01 -0.000000e+00 -9.063101e-01
      outer loop
         vertex 1.102500e+01 5.100000e+01 6.775353e+00
         vertex 1.102500e+01 4.300000e+01 6.775353e+00
         vertex 1.070114e+01 5.100000e+01 6.926369e+00
      endloop
   endfacet
   facet normal -4.226134e-01 -0.000000e+00 -9.063101e-01
      outer loop
         vertex 1.070114e+01 5.100000e+01 6.926369e+00
         vertex 1.102500e+01 4.300000e+01 6.775353e+00
         vertex 1.070114e+01 4.300000e+01 6.926369e+00
      endloop
   endfacet
   facet normal -2.588239e-01 -0.000000e+00 -9.659245e-01
      outer loop
         vertex 1.070114e+01 5.100000e+01 6.926369e+00
         vertex 1.070114e+01 4.300000e+01 6.926369e+00
         vertex 1.035598e+01 5.100000e+01 7.018857e+00
      endloop
   endfacet
   facet normal -2.588239e-01 -0.000000e+00 -9.659245e-01
      outer loop
         vertex 1.035598e+01 5.100000e+01 7.018857e+00
         vertex 1.070114e+01 4.300000e+01 6.926369e+00
         vertex 1.035598e+01 4.300000e+01 7.018857e+00
      endloop
   endfacet
   facet normal -8.715392e-02 -0.000000e+00 -9.961949e-01
      outer loop
         vertex 1.035598e+01 5.100000e+01 7.018857e+00
         vertex 1.035598e+01 4.300000e+01 7.018857e+00
         vertex 1.000000e+01 5.100000e+01 7.050000e+00
      endloop
   endfacet
   facet normal -8.715392e-02 -0.000000e+00 -9.961949e-01
      outer loop
         vertex 1.000000e+01 5.100000e+01 7.050000e+00
         vertex 1.035598e+01 4.300000e+01 7.018857e+00
         vertex 1.000000e+01 4.300000e+01 7.050000e+00
      endloop
   endfacet
   facet normal 8.715369e-02 0.000000e+00 -9.961949e-01
      outer loop
         vertex 1.000000e+01 5.100000e+01 7.050000e+00
         vertex 1.000000e+01 4.300000e+01 7.050000e+00
         vertex 9.644020e+00 5.100000e+01 7.018857e+00
      endloop
   endfacet
   facet normal 8.715369e-02 0.000000e+00 -9.961949e-01
      outer loop
         vertex 9.644020e+00 5.100000e+01 7.018857e+00
         vertex 1.000000e+01 4.300000e+01 7.050000e+00
         vertex 9.644020e+00 4.300000e+01 7.018857e+00
      endloop
   endfacet
   facet normal 2.588239e-01 0.000000e+00 -9.659245e-01
      outer loop
         vertex 9.644020e+00 5.100000e+01 7.018857e+00
         vertex 9.644020e+00 4.300000e+01 7.018857e+00
         vertex 9.298858e+00 5.100000e+01 6.926369e+00
      endloop
   endfacet
   facet normal 2.588239e-01 0.000000e+00 -9.659245e-01
      outer loop
         vertex 9.298858e+00 5.100000e+01 6.926369e+00
         vertex 9.644020e+00 4.300000e+01 7.018857e+00
         vertex 9.298858e+00 4.300000e+01 6.926369e+00
      endloop
   endfacet
   facet normal 4.226134e-01 0.000000e+00 -9.063101e-01
      outer loop
         vertex 9.298858e+00 5.100000e+01 6.926369e+00
         vertex 9.298858e+00 4.300000e+01 6.926369e+00
         vertex 8.974999e+00 5.100000e+01 6.775353e+00
      endloop
   endfacet
   facet normal 4.226134e-01 0.000000e+00 -9.063101e-01
      outer loop
         vertex 8.974999e+00 5.100000e+01 6.775353e+00
         vertex 9.298858e+00 4.300000e+01 6.926369e+00
         vertex 8.974999e+00 4.300000e+01 6.775353e+00
      endloop
   endfacet
   facet normal 5.735778e-01 0.000000e+00 -8.191511e-01
      outer loop
         vertex 8.974999e+00 5.100000e+01 6.775353e+00
         vertex 8.974999e+00 4.300000e+01 6.775353e+00
         vertex 8.682285e+00 5.100000e+01 6.570391e+00
      endloop
   endfacet
   facet normal 5.735778e-01 0.000000e+00 -8.191511e-01
      outer loop
         vertex 8.682285e+00 5.100000e+01 6.570391e+00
         vertex 8.974999e+00 4.300000e+01 6.775353e+00
         vertex 8.682285e+00 4.300000e+01 6.570391e+00
      endloop
   endfacet
   facet normal 7.071107e-01 0.000000e+00 -7.071029e-01
      outer loop
         vertex 8.682285e+00 5.100000e+01 6.570391e+00
         vertex 8.682285e+00 4.300000e+01 6.570391e+00
         vertex 8.429608e+00 5.100000e+01 6.317712e+00
      endloop
   endfacet
   facet normal 7.071107e-01 0.000000e+00 -7.071029e-01
      outer loop
         vertex 8.429608e+00 5.100000e+01 6.317712e+00
         vertex 8.682285e+00 4.300000e+01 6.570391e+00
         vertex 8.429608e+00 4.300000e+01 6.317712e+00
      endloop
   endfacet
   facet normal 8.191523e-01 0.000000e+00 -5.735760e-01
      outer loop
         vertex 8.429608e+00 5.100000e+01 6.317712e+00
         vertex 8.429608e+00 4.300000e+01 6.317712e+00
         vertex 8.224647e+00 5.100000e+01 6.024998e+00
      endloop
   endfacet
   facet normal 8.191523e-01 0.000000e+00 -5.735760e-01
      outer loop
         vertex 8.224647e+00 5.100000e+01 6.024998e+00
         vertex 8.429608e+00 4.300000e+01 6.317712e+00
         vertex 8.224647e+00 4.300000e+01 6.024998e+00
      endloop
   endfacet
   facet normal 9.063076e-01 0.000000e+00 -4.226186e-01
      outer loop
         vertex 8.224647e+00 5.100000e+01 6.024998e+00
         vertex 8.224647e+00 4.300000e+01 6.024998e+00
         vertex 8.073630e+00 5.100000e+01 5.701140e+00
      endloop
   endfacet
   facet normal 9.063076e-01 0.000000e+00 -4.226186e-01
      outer loop
         vertex 8.073630e+00 5.100000e+01 5.701140e+00
         vertex 8.224647e+00 4.300000e+01 6.024998e+00
         vertex 8.073630e+00 4.300000e+01 5.701140e+00
      endloop
   endfacet
   facet normal 9.659260e-01 0.000000e+00 -2.588184e-01
      outer loop
         vertex 8.073630e+00 5.100000e+01 5.701140e+00
         vertex 8.073630e+00 4.300000e+01 5.701140e+00
         vertex 7.981144e+00 5.100000e+01 5.355977e+00
      endloop
   endfacet
   facet normal 9.659260e-01 0.000000e+00 -2.588184e-01
      outer loop
         vertex 7.981144e+00 5.100000e+01 5.355977e+00
         vertex 8.073630e+00 4.300000e+01 5.701140e+00
         vertex 7.981144e+00 4.300000e+01 5.355977e+00
      endloop
   endfacet
   facet normal 9.961946e-01 0.000000e+00 -8.715673e-02
      outer loop
         vertex 7.981144e+00 5.100000e+01 5.355977e+00
         vertex 7.981144e+00 4.300000e+01 5.355977e+00
         vertex 7.950000e+00 5.100000e+01 4.999999e+00
      endloop
   endfacet
   facet normal 9.961946e-01 0.000000e+00 -8.715673e-02
      outer loop
         vertex 7.950000e+00 5.100000e+01 4.999999e+00
         vertex 7.981144e+00 4.300000e+01 5.355977e+00
         vertex 7.950000e+00 4.300000e+01 4.999999e+00
      endloop
   endfacet
   facet normal 9.961946e-01 0.000000e+00 8.715673e-02
      outer loop
         vertex 7.950000e+00 5.100000e+01 4.999999e+00
         vertex 7.950000e+00 4.300000e+01 4.999999e+00
         vertex 7.981144e+00 5.100000e+01 4.644021e+00
      endloop
   endfacet
   facet normal 9.961946e-01 0.000000e+00 8.715673e-02
      outer loop
         vertex 7.981144e+00 5.100000e+01 4.644021e+00
         vertex 7.950000e+00 4.300000e+01 4.999999e+00
         vertex 7.981144e+00 4.300000e+01 4.644021e+00
      endloop
   endfacet
   facet normal 9.659260e-01 0.000000e+00 2.588184e-01
      outer loop
         vertex 7.981144e+00 5.100000e+01 4.644021e+00
         vertex 7.981144e+00 4.300000e+01 4.644021e+00
         vertex 8.073630e+00 5.100000e+01 4.298858e+00
      endloop
   endfacet
   facet normal 9.659260e-01 0.000000e+00 2.588184e-01
      outer loop
         vertex 8.073630e+00 5.100000e+01 4.298858e+00
         vertex 7.981144e+00 4.300000e+01 4.644021e+00
         vertex 8.073630e+00 4.300000e+01 4.298858e+00
      endloop
   endfacet
   facet normal 9.063076e-01 0.000000e+00 4.226186e-01
      outer loop
         vertex 8.073630e+00 5.100000e+01 4.298858e+00
         vertex 8.073630e+00 4.300000e+01 4.298858e+00
         vertex 8.224647e+00 5.100000e+01 3.975000e+00
      endloop
   endfacet
   facet normal 9.063076e-01 0.000000e+00 4.226186e-01
      outer loop
         vertex 8.224647e+00 5.100000e+01 3.975000e+00
         vertex 8.073630e+00 4.300000e+01 4.298858e+00
         vertex 8.224647e+00 4.300000e+01 3.975000e+00
      endloop
   endfacet
   facet normal 8.191523e-01 0.000000e+00 5.735760e-01
      outer loop
         vertex 8.224647e+00 5.100000e+01 3.975000e+00
         vertex 8.224647e+00 4.300000e+01 3.975000e+00
         vertex 8.429608e+00 5.100000e+01 3.682286e+00
      endloop
   endfacet
   facet normal 8.191523e-01 0.000000e+00 5.735760e-01
      outer loop
         vertex 8.429608e+00 5.100000e+01 3.682286e+00
         vertex 8.224647e+00 4.300000e+01 3.975000e+00
         vertex 8.429608e+00 4.300000e+01 3.682286e+00
      endloop
   endfacet
   facet normal 7.071107e-01 0.000000e+00 7.071029e-01
      outer loop
         vertex 8.429608e+00 5.100000e+01 3.682286e+00
         vertex 8.429608e+00 4.300000e+01 3.682286e+00
         vertex 8.682285e+00 5.100000e+01 3.429607e+00
      endloop
   endfacet
   facet normal 7.071107e-01 0.000000e+00 7.071029e-01
      outer loop
         vertex 8.682285e+00 5.100000e+01 3.429607e+00
         vertex 8.429608e+00 4.300000e+01 3.682286e+00
         vertex 8.682285e+00 4.300000e+01 3.429607e+00
      endloop
   endfacet
   facet normal 5.735708e-01 0.000000e+00 8.191560e-01
      outer loop
         vertex 8.682285e+00 5.100000e+01 3.429607e+00
         vertex 8.682285e+00 4.300000e+01 3.429607e+00
         vertex 8.974999e+00 5.100000e+01 3.224649e+00
      endloop
   endfacet
   facet normal 5.735708e-01 0.000000e+00 8.191560e-01
      outer loop
         vertex 8.974999e+00 5.100000e+01 3.224649e+00
         vertex 8.682285e+00 4.300000e+01 3.429607e+00
         vertex 8.974999e+00 4.300000e+01 3.224649e+00
      endloop
   endfacet
   facet normal 4.226219e-01 0.000000e+00 9.063061e-01
      outer loop
         vertex 8.974999e+00 5.100000e+01 3.224649e+00
         vertex 8.974999e+00 4.300000e+01 3.224649e+00
         vertex 9.298858e+00 5.100000e+01 3.073629e+00
      endloop
   endfacet
   facet normal 4.226219e-01 0.000000e+00 9.063061e-01
      outer loop
         vertex 9.298858e+00 5.100000e+01 3.073629e+00
         vertex 8.974999e+00 4.300000e+01 3.224649e+00
         vertex 9.298858e+00 4.300000e+01 3.073629e+00
      endloop
   endfacet
   facet normal 2.588142e-01 0.000000e+00 9.659271e-01
      outer loop
         vertex 9.298858e+00 5.100000e+01 3.073629e+00
         vertex 9.298858e+00 4.300000e+01 3.073629e+00
         vertex 9.644020e+00 5.100000e+01 2.981145e+00
      endloop
   endfacet
   facet normal 2.588142e-01 0.000000e+00 9.659271e-01
      outer loop
         vertex 9.644020e+00 5.100000e+01 2.981145e+00
         vertex 9.298858e+00 4.300000e+01 3.073629e+00
         vertex 9.644020e+00 4.300000e+01 2.981145e+00
      endloop
   endfacet
   facet normal 8.716404e-02 0.000000e+00 9.961940e-01
      outer loop
         vertex 9.644020e+00 5.100000e+01 2.981145e+00
         vertex 9.644020e+00 4.300000e+01 2.981145e+00
         vertex 1.000000e+01 5.100000e+01 2.949998e+00
      endloop
   endfacet
   facet normal 8.716404e-02 0.000000e+00 9.961940e-01
      outer loop
         vertex 1.000000e+01 5.100000e+01 2.949998e+00
         vertex 9.644020e+00 4.300000e+01 2.981145e+00
         vertex 1.000000e+01 4.300000e+01 2.949998e+00
      endloop
   endfacet
endsolid cylinderpacking2