solid FlangeBottomMount_3DPrint
   facet normal 0.000000e+00 1.000000e+00 0.000000e+00
      outer loop
         vertex 5.085093e+01 2.000000e+01 3.096418e+01
         vertex 5.070096e+01 2.000000e+01 3.075000e+01
         vertex 4.250000e+01 2.000000e+01 4.000000e+01
      endloop
   endfacet
   facet normal 0.000000e+00 1.000000e+00 0.000000e+00
      outer loop
         vertex 4.250000e+01 2.000000e+01 4.000000e+01
         vertex 5.070096e+01 2.000000e+01 3.075000e+01
         vertex 5.059046e+01 2.000000e+01 3.051303e+01
      endloop
   endfacet
   facet normal 0.000000e+00 1.000000e+00 -0.000000e+00
      outer loop
         vertex 5.226047e+01 2.000000e+01 3.147721e+01
         vertex 5.200000e+01 2.000000e+01 3.150000e+01
         vertex 6.000000e+01 2.000000e+01 4.000000e+01
      endloop
   endfacet
   facet normal 0.000000e+00 1.000000e+00 0.000000e+00
      outer loop
         vertex 5.050000e+01 2.000000e+01 1.000000e+01
         vertex 5.052279e+01 2.000000e+01 9.739527e+00
         vertex 4.250000e+01 2.000000e+01 0.000000e+00
      endloop
   endfacet
   facet normal 0.000000e+00 1.000000e+00 0.000000e+00
      outer loop
         vertex 4.250000e+01 2.000000e+01 0.000000e+00
         vertex 5.052279e+01 2.000000e+01 9.739527e+00
         vertex 5.059046e+01 2.000000e+01 9.486970e+00
      endloop
   endfacet
   facet normal 0.000000e+00 1.000000e+00 0.000000e+00
      outer loop
         vertex 4.250000e+01 2.000000e+01 0.000000e+00
         vertex 5.059046e+01 2.000000e+01 9.486970e+00
         vertex 5.070096e+01 2.000000e+01 9.249999e+00
      endloop
   endfacet
   facet normal 0.000000e+00 1.000000e+00 0.000000e+00
      outer loop
         vertex 6.000000e+01 2.000000e+01 4.000000e+01
         vertex 5.200000e+01 2.000000e+01 3.150000e+01
         vertex 4.250000e+01 2.000000e+01 4.000000e+01
      endloop
   endfacet
   facet normal 0.000000e+00 1.000000e+00 0.000000e+00
      outer loop
         vertex 4.250000e+01 2.000000e+01 4.000000e+01
         vertex 5.200000e+01 2.000000e+01 3.150000e+01
         vertex 5.173953e+01 2.000000e+01 3.147721e+01
      endloop
   endfacet
   facet normal 0.000000e+00 1.000000e+00 0.000000e+00
      outer loop
         vertex 4.250000e+01 2.000000e+01 4.000000e+01
         vertex 5.173953e+01 2.000000e+01 3.147721e+01
         vertex 5.148697e+01 2.000000e+01 3.140954e+01
      endloop
   endfacet
   facet normal 0.000000e+00 1.000000e+00 0.000000e+00
      outer loop
         vertex 5.059046e+01 2.000000e+01 3.051303e+01
         vertex 5.052279e+01 2.000000e+01 3.026047e+01
         vertex 4.250000e+01 2.000000e+01 4.000000e+01
      endloop
   endfacet
   facet normal 0.000000e+00 1.000000e+00 0.000000e+00
      outer loop
         vertex 4.250000e+01 2.000000e+01 4.000000e+01
         vertex 5.052279e+01 2.000000e+01 3.026047e+01
         vertex 5.050000e+01 2.000000e+01 3.000000e+01
      endloop
   endfacet
   facet normal 0.000000e+00 1.000000e+00 0.000000e+00
      outer loop
         vertex 4.250000e+01 2.000000e+01 4.000000e+01
         vertex 5.050000e+01 2.000000e+01 3.000000e+01
         vertex 5.148697e+01 2.000000e+01 1.140954e+01
      endloop
   endfacet
   facet normal 0.000000e+00 1.000000e+00 0.000000e+00
      outer loop
         vertex 5.085093e+01 2.000000e+01 1.096418e+01
         vertex 5.070096e+01 2.000000e+01 1.075000e+01
         vertex 4.250000e+01 2.000000e+01 4.000000e+01
      endloop
   endfacet
   facet normal 0.000000e+00 1.000000e+00 0.000000e+00
      outer loop
         vertex 4.250000e+01 2.000000e+01 4.000000e+01
         vertex 5.070096e+01 2.000000e+01 1.075000e+01
         vertex 5.059046e+01 2.000000e+01 1.051303e+01
      endloop
   endfacet
   facet normal 0.000000e+00 1.000000e+00 0.000000e+00
      outer loop
         vertex 4.250000e+01 2.000000e+01 4.000000e+01
         vertex 5.059046e+01 2.000000e+01 1.051303e+01
         vertex 4.250000e+01 2.000000e+01 0.000000e+00
      endloop
   endfacet
   facet normal 0.000000e+00 1.000000e+00 0.000000e+00
      outer loop
         vertex 4.250000e+01 2.000000e+01 0.000000e+00
         vertex 5.059046e+01 2.000000e+01 1.051303e+01
         vertex 5.052279e+01 2.000000e+01 1.026047e+01
      endloop
   endfacet
   facet normal 0.000000e+00 1.000000e+00 0.000000e+00
      outer loop
         vertex 4.250000e+01 2.000000e+01 0.000000e+00
         vertex 5.052279e+01 2.000000e+01 1.026047e+01
         vertex 5.050000e+01 2.000000e+01 1.000000e+01
      endloop
   endfacet
   facet normal 0.000000e+00 1.000000e+00 0.000000e+00
      outer loop
         vertex 5.148697e+01 2.000000e+01 3.140954e+01
         vertex 5.125000e+01 2.000000e+01 3.129904e+01
         vertex 4.250000e+01 2.000000e+01 4.000000e+01
      endloop
   endfacet
   facet normal 0.000000e+00 1.000000e+00 0.000000e+00
      outer loop
         vertex 4.250000e+01 2.000000e+01 4.000000e+01
         vertex 5.125000e+01 2.000000e+01 3.129904e+01
         vertex 5.103582e+01 2.000000e+01 3.114907e+01
      endloop
   endfacet
   facet normal 0.000000e+00 1.000000e+00 0.000000e+00
      outer loop
         vertex 4.250000e+01 2.000000e+01 4.000000e+01
         vertex 5.103582e+01 2.000000e+01 3.114907e+01
         vertex 5.085093e+01 2.000000e+01 3.096418e+01
      endloop
   endfacet
   facet normal 0.000000e+00 1.000000e+00 0.000000e+00
      outer loop
         vertex 5.148697e+01 2.000000e+01 1.140954e+01
         vertex 5.125000e+01 2.000000e+01 1.129904e+01
         vertex 4.250000e+01 2.000000e+01 4.000000e+01
      endloop
   endfacet
   facet normal 0.000000e+00 1.000000e+00 0.000000e+00
      outer loop
         vertex 4.250000e+01 2.000000e+01 4.000000e+01
         vertex 5.125000e+01 2.000000e+01 1.129904e+01
         vertex 5.103582e+01 2.000000e+01 1.114907e+01
      endloop
   endfacet
   facet normal 0.000000e+00 1.000000e+00 0.000000e+00
      outer loop
         vertex 4.250000e+01 2.000000e+01 4.000000e+01
         vertex 5.103582e+01 2.000000e+01 1.114907e+01
         vertex 5.085093e+01 2.000000e+01 1.096418e+01
      endloop
   endfacet
   facet normal 0.000000e+00 1.000000e+00 0.000000e+00
      outer loop
         vertex 5.329904e+01 2.000000e+01 9.249999e+00
         vertex 6.000000e+01 2.000000e+01 0.000000e+00
         vertex 5.314907e+01 2.000000e+01 9.035818e+00
      endloop
   endfacet
   facet normal 0.000000e+00 1.000000e+00 0.000000e+00
      outer loop
         vertex 5.314907e+01 2.000000e+01 9.035818e+00
         vertex 6.000000e+01 2.000000e+01 0.000000e+00
         vertex 5.296418e+01 2.000000e+01 8.850933e+00
      endloop
   endfacet
   facet normal 0.000000e+00 1.000000e+00 0.000000e+00
      outer loop
         vertex 5.347721e+01 2.000000e+01 1.026047e+01
         vertex 5.340954e+01 2.000000e+01 1.051303e+01
         vertex 5.052279e+01 2.000000e+01 2.973953e+01
      endloop
   endfacet
   facet normal 0.000000e+00 1.000000e+00 0.000000e+00
      outer loop
         vertex 5.052279e+01 2.000000e+01 2.973953e+01
         vertex 5.340954e+01 2.000000e+01 1.051303e+01
         vertex 5.329904e+01 2.000000e+01 1.075000e+01
      endloop
   endfacet
   facet normal 0.000000e+00 1.000000e+00 0.000000e+00
      outer loop
         vertex 5.052279e+01 2.000000e+01 2.973953e+01
         vertex 5.329904e+01 2.000000e+01 1.075000e+01
         vertex 5.314907e+01 2.000000e+01 1.096418e+01
      endloop
   endfacet
   facet normal 0.000000e+00 1.000000e+00 0.000000e+00
      outer loop
         vertex 5.314907e+01 2.000000e+01 1.096418e+01
         vertex 5.296418e+01 2.000000e+01 1.114907e+01
         vertex 5.052279e+01 2.000000e+01 2.973953e+01
      endloop
   endfacet
   facet normal 0.000000e+00 1.000000e+00 0.000000e+00
      outer loop
         vertex 5.052279e+01 2.000000e+01 2.973953e+01
         vertex 5.296418e+01 2.000000e+01 1.114907e+01
         vertex 5.275000e+01 2.000000e+01 1.129904e+01
      endloop
   endfacet
   facet normal 0.000000e+00 1.000000e+00 0.000000e+00
      outer loop
         vertex 5.052279e+01 2.000000e+01 2.973953e+01
         vertex 5.275000e+01 2.000000e+01 1.129904e+01
         vertex 5.251303e+01 2.000000e+01 1.140954e+01
      endloop
   endfacet
   facet normal 0.000000e+00 1.000000e+00 0.000000e+00
      outer loop
         vertex 5.251303e+01 2.000000e+01 1.140954e+01
         vertex 5.226047e+01 2.000000e+01 1.147721e+01
         vertex 5.052279e+01 2.000000e+01 2.973953e+01
      endloop
   endfacet
   facet normal 0.000000e+00 1.000000e+00 0.000000e+00
      outer loop
         vertex 5.052279e+01 2.000000e+01 2.973953e+01
         vertex 5.226047e+01 2.000000e+01 1.147721e+01
         vertex 5.200000e+01 2.000000e+01 1.150000e+01
      endloop
   endfacet
   facet normal 0.000000e+00 1.000000e+00 0.000000e+00
      outer loop
         vertex 5.052279e+01 2.000000e+01 2.973953e+01
         vertex 5.200000e+01 2.000000e+01 1.150000e+01
         vertex 5.050000e+01 2.000000e+01 3.000000e+01
      endloop
   endfacet
   facet normal 0.000000e+00 1.000000e+00 0.000000e+00
      outer loop
         vertex 5.050000e+01 2.000000e+01 3.000000e+01
         vertex 5.200000e+01 2.000000e+01 1.150000e+01
         vertex 5.173953e+01 2.000000e+01 1.147721e+01
      endloop
   endfacet
   facet normal 0.000000e+00 1.000000e+00 0.000000e+00
      outer loop
         vertex 5.050000e+01 2.000000e+01 3.000000e+01
         vertex 5.173953e+01 2.000000e+01 1.147721e+01
         vertex 5.148697e+01 2.000000e+01 1.140954e+01
      endloop
   endfacet
   facet normal 0.000000e+00 1.000000e+00 -0.000000e+00
      outer loop
         vertex 5.350000e+01 2.000000e+01 3.000000e+01
         vertex 5.347721e+01 2.000000e+01 3.026047e+01
         vertex 6.000000e+01 2.000000e+01 4.000000e+01
      endloop
   endfacet
   facet normal 0.000000e+00 1.000000e+00 0.000000e+00
      outer loop
         vertex 6.000000e+01 2.000000e+01 4.000000e+01
         vertex 5.347721e+01 2.000000e+01 3.026047e+01
         vertex 5.340954e+01 2.000000e+01 3.051303e+01
      endloop
   endfacet
   facet normal 0.000000e+00 1.000000e+00 0.000000e+00
      outer loop
         vertex 5.052279e+01 2.000000e+01 2.973953e+01
         vertex 5.059046e+01 2.000000e+01 2.948697e+01
         vertex 5.347721e+01 2.000000e+01 1.026047e+01
      endloop
   endfacet
   facet normal 0.000000e+00 1.000000e+00 0.000000e+00
      outer loop
         vertex 5.347721e+01 2.000000e+01 1.026047e+01
         vertex 5.059046e+01 2.000000e+01 2.948697e+01
         vertex 5.070096e+01 2.000000e+01 2.925000e+01
      endloop
   endfacet
   facet normal 0.000000e+00 1.000000e+00 0.000000e+00
      outer loop
         vertex 5.347721e+01 2.000000e+01 1.026047e+01
         vertex 5.070096e+01 2.000000e+01 2.925000e+01
         vertex 5.085093e+01 2.000000e+01 2.903582e+01
      endloop
   endfacet
   facet normal -0.000000e+00 1.000000e+00 0.000000e+00
      outer loop
         vertex 5.350000e+01 2.000000e+01 3.000000e+01
         vertex 6.000000e+01 2.000000e+01 4.000000e+01
         vertex 5.347721e+01 2.000000e+01 2.973953e+01
      endloop
   endfacet
   facet normal -0.000000e+00 1.000000e+00 0.000000e+00
      outer loop
         vertex 5.347721e+01 2.000000e+01 2.973953e+01
         vertex 6.000000e+01 2.000000e+01 4.000000e+01
         vertex 6.000000e+01 2.000000e+01 0.000000e+00
      endloop
   endfacet
   facet normal 0.000000e+00 1.000000e+00 0.000000e+00
      outer loop
         vertex 5.347721e+01 2.000000e+01 2.973953e+01
         vertex 6.000000e+01 2.000000e+01 0.000000e+00
         vertex 5.340954e+01 2.000000e+01 2.948697e+01
      endloop
   endfacet
   facet normal 0.000000e+00 1.000000e+00 0.000000e+00
      outer loop
         vertex 5.070096e+01 2.000000e+01 9.249999e+00
         vertex 5.085093e+01 2.000000e+01 9.035818e+00
         vertex 4.250000e+01 2.000000e+01 0.000000e+00
      endloop
   endfacet
   facet normal 0.000000e+00 1.000000e+00 0.000000e+00
      outer loop
         vertex 4.250000e+01 2.000000e+01 0.000000e+00
         vertex 5.085093e+01 2.000000e+01 9.035818e+00
         vertex 5.103582e+01 2.000000e+01 8.850933e+00
      endloop
   endfacet
   facet normal 0.000000e+00 1.000000e+00 0.000000e+00
      outer loop
         vertex 4.250000e+01 2.000000e+01 0.000000e+00
         vertex 5.103582e+01 2.000000e+01 8.850933e+00
         vertex 5.125000e+01 2.000000e+01 8.700961e+00
      endloop
   endfacet
   facet normal 0.000000e+00 1.000000e+00 0.000000e+00
      outer loop
         vertex 5.125000e+01 2.000000e+01 8.700961e+00
         vertex 5.148697e+01 2.000000e+01 8.590461e+00
         vertex 4.250000e+01 2.000000e+01 0.000000e+00
      endloop
   endfacet
   facet normal 0.000000e+00 1.000000e+00 0.000000e+00
      outer loop
         vertex 4.250000e+01 2.000000e+01 0.000000e+00
         vertex 5.148697e+01 2.000000e+01 8.590461e+00
         vertex 5.173953e+01 2.000000e+01 8.522788e+00
      endloop
   endfacet
   facet normal 0.000000e+00 1.000000e+00 0.000000e+00
      outer loop
         vertex 4.250000e+01 2.000000e+01 0.000000e+00
         vertex 5.173953e+01 2.000000e+01 8.522788e+00
         vertex 6.000000e+01 2.000000e+01 0.000000e+00
      endloop
   endfacet
   facet normal 0.000000e+00 1.000000e+00 0.000000e+00
      outer loop
         vertex 6.000000e+01 2.000000e+01 0.000000e+00
         vertex 5.173953e+01 2.000000e+01 8.522788e+00
         vertex 5.200000e+01 2.000000e+01 8.500000e+00
      endloop
   endfacet
   facet normal 0.000000e+00 1.000000e+00 0.000000e+00
      outer loop
         vertex 6.000000e+01 2.000000e+01 0.000000e+00
         vertex 5.200000e+01 2.000000e+01 8.500000e+00
         vertex 5.226047e+01 2.000000e+01 8.522788e+00
      endloop
   endfacet
   facet normal -0.000000e+00 1.000000e+00 0.000000e+00
      outer loop
         vertex 5.226047e+01 2.000000e+01 8.522788e+00
         vertex 5.251303e+01 2.000000e+01 8.590461e+00
         vertex 6.000000e+01 2.000000e+01 0.000000e+00
      endloop
   endfacet
   facet normal 0.000000e+00 1.000000e+00 0.000000e+00
      outer loop
         vertex 6.000000e+01 2.000000e+01 0.000000e+00
         vertex 5.251303e+01 2.000000e+01 8.590461e+00
         vertex 5.275000e+01 2.000000e+01 8.700961e+00
      endloop
   endfacet
   facet normal 0.000000e+00 1.000000e+00 0.000000e+00
      outer loop
         vertex 6.000000e+01 2.000000e+01 0.000000e+00
         vertex 5.275000e+01 2.000000e+01 8.700961e+00
         vertex 5.296418e+01 2.000000e+01 8.850933e+00
      endloop
   endfacet
   facet normal -0.000000e+00 1.000000e+00 0.000000e+00
      outer loop
         vertex 5.275000e+01 2.000000e+01 2.870096e+01
         vertex 5.296418e+01 2.000000e+01 2.885093e+01
         vertex 6.000000e+01 2.000000e+01 0.000000e+00
      endloop
   endfacet
   facet normal 0.000000e+00 1.000000e+00 -0.000000e+00
      outer loop
         vertex 5.340954e+01 2.000000e+01 3.051303e+01
         vertex 5.329904e+01 2.000000e+01 3.075000e+01
         vertex 6.000000e+01 2.000000e+01 4.000000e+01
      endloop
   endfacet
   facet normal 0.000000e+00 1.000000e+00 0.000000e+00
      outer loop
         vertex 6.000000e+01 2.000000e+01 4.000000e+01
         vertex 5.329904e+01 2.000000e+01 3.075000e+01
         vertex 5.314907e+01 2.000000e+01 3.096418e+01
      endloop
   endfacet
   facet normal 0.000000e+00 1.000000e+00 0.000000e+00
      outer loop
         vertex 6.000000e+01 2.000000e+01 4.000000e+01
         vertex 5.314907e+01 2.000000e+01 3.096418e+01
         vertex 5.296418e+01 2.000000e+01 3.114907e+01
      endloop
   endfacet
   facet normal 0.000000e+00 1.000000e+00 -0.000000e+00
      outer loop
         vertex 5.296418e+01 2.000000e+01 3.114907e+01
         vertex 5.275000e+01 2.000000e+01 3.129904e+01
         vertex 6.000000e+01 2.000000e+01 4.000000e+01
      endloop
   endfacet
   facet normal 0.000000e+00 1.000000e+00 0.000000e+00
      outer loop
         vertex 6.000000e+01 2.000000e+01 4.000000e+01
         vertex 5.275000e+01 2.000000e+01 3.129904e+01
         vertex 5.251303e+01 2.000000e+01 3.140954e+01
      endloop
   endfacet
   facet normal 0.000000e+00 1.000000e+00 0.000000e+00
      outer loop
         vertex 6.000000e+01 2.000000e+01 4.000000e+01
         vertex 5.251303e+01 2.000000e+01 3.140954e+01
         vertex 5.226047e+01 2.000000e+01 3.147721e+01
      endloop
   endfacet
   facet normal 0.000000e+00 1.000000e+00 0.000000e+00
      outer loop
         vertex 5.085093e+01 2.000000e+01 2.903582e+01
         vertex 5.103582e+01 2.000000e+01 2.885093e+01
         vertex 5.347721e+01 2.000000e+01 1.026047e+01
      endloop
   endfacet
   facet normal 0.000000e+00 1.000000e+00 0.000000e+00
      outer loop
         vertex 5.347721e+01 2.000000e+01 1.026047e+01
         vertex 5.103582e+01 2.000000e+01 2.885093e+01
         vertex 5.125000e+01 2.000000e+01 2.870096e+01
      endloop
   endfacet
   facet normal 0.000000e+00 1.000000e+00 0.000000e+00
      outer loop
         vertex 5.347721e+01 2.000000e+01 1.026047e+01
         vertex 5.125000e+01 2.000000e+01 2.870096e+01
         vertex 5.148697e+01 2.000000e+01 2.859046e+01
      endloop
   endfacet
   facet normal -0.000000e+00 1.000000e+00 0.000000e+00
      outer loop
         vertex 5.296418e+01 2.000000e+01 2.885093e+01
         vertex 5.314907e+01 2.000000e+01 2.903582e+01
         vertex 6.000000e+01 2.000000e+01 0.000000e+00
      endloop
   endfacet
   facet normal 0.000000e+00 1.000000e+00 0.000000e+00
      outer loop
         vertex 6.000000e+01 2.000000e+01 0.000000e+00
         vertex 5.314907e+01 2.000000e+01 2.903582e+01
         vertex 5.329904e+01 2.000000e+01 2.925000e+01
      endloop
   endfacet
   facet normal 0.000000e+00 1.000000e+00 0.000000e+00
      outer loop
         vertex 6.000000e+01 2.000000e+01 0.000000e+00
         vertex 5.329904e+01 2.000000e+01 2.925000e+01
         vertex 5.340954e+01 2.000000e+01 2.948697e+01
      endloop
   endfacet
   facet normal -0.000000e+00 1.000000e+00 0.000000e+00
      outer loop
         vertex 5.329904e+01 2.000000e+01 9.249999e+00
         vertex 5.340954e+01 2.000000e+01 9.486970e+00
         vertex 6.000000e+01 2.000000e+01 0.000000e+00
      endloop
   endfacet
   facet normal 0.000000e+00 1.000000e+00 0.000000e+00
      outer loop
         vertex 6.000000e+01 2.000000e+01 0.000000e+00
         vertex 5.340954e+01 2.000000e+01 9.486970e+00
         vertex 5.347721e+01 2.000000e+01 9.739527e+00
      endloop
   endfacet
   facet normal 0.000000e+00 1.000000e+00 0.000000e+00
      outer loop
         vertex 6.000000e+01 2.000000e+01 0.000000e+00
         vertex 5.347721e+01 2.000000e+01 9.739527e+00
         vertex 5.350000e+01 2.000000e+01 1.000000e+01
      endloop
   endfacet
   facet normal 0.000000e+00 1.000000e+00 0.000000e+00
      outer loop
         vertex 5.148697e+01 2.000000e+01 2.859046e+01
         vertex 5.173953e+01 2.000000e+01 2.852279e+01
         vertex 5.347721e+01 2.000000e+01 1.026047e+01
      endloop
   endfacet
   facet normal 0.000000e+00 1.000000e+00 0.000000e+00
      outer loop
         vertex 5.347721e+01 2.000000e+01 1.026047e+01
         vertex 5.173953e+01 2.000000e+01 2.852279e+01
         vertex 5.200000e+01 2.000000e+01 2.850000e+01
      endloop
   endfacet
   facet normal -0.000000e+00 1.000000e+00 -0.000000e+00
      outer loop
         vertex 5.347721e+01 2.000000e+01 1.026047e+01
         vertex 5.200000e+01 2.000000e+01 2.850000e+01
         vertex 5.350000e+01 2.000000e+01 1.000000e+01
      endloop
   endfacet
   facet normal 0.000000e+00 1.000000e+00 0.000000e+00
      outer loop
         vertex 5.350000e+01 2.000000e+01 1.000000e+01
         vertex 5.200000e+01 2.000000e+01 2.850000e+01
         vertex 5.226047e+01 2.000000e+01 2.852279e+01
      endloop
   endfacet
   facet normal -0.000000e+00 1.000000e+00 -0.000000e+00
      outer loop
         vertex 5.350000e+01 2.000000e+01 1.000000e+01
         vertex 5.226047e+01 2.000000e+01 2.852279e+01
         vertex 6.000000e+01 2.000000e+01 0.000000e+00
      endloop
   endfacet
   facet normal 0.000000e+00 1.000000e+00 0.000000e+00
      outer loop
         vertex 6.000000e+01 2.000000e+01 0.000000e+00
         vertex 5.226047e+01 2.000000e+01 2.852279e+01
         vertex 5.251303e+01 2.000000e+01 2.859046e+01
      endloop
   endfacet
   facet normal 0.000000e+00 1.000000e+00 0.000000e+00
      outer loop
         vertex 6.000000e+01 2.000000e+01 0.000000e+00
         vertex 5.251303e+01 2.000000e+01 2.859046e+01
         vertex 5.275000e+01 2.000000e+01 2.870096e+01
      endloop
   endfacet
   facet normal 1.000000e+00 0.000000e+00 0.000000e+00
      outer loop
         vertex 6.000000e+01 2.000000e+01 4.000000e+01
         vertex 6.000000e+01 0.000000e+00 4.000000e+01
         vertex 6.000000e+01 2.000000e+01 0.000000e+00
      endloop
   endfacet
   facet normal 1.000000e+00 0.000000e+00 0.000000e+00
      outer loop
         vertex 6.000000e+01 2.000000e+01 0.000000e+00
         vertex 6.000000e+01 0.000000e+00 4.000000e+01
         vertex 6.000000e+01 0.000000e+00 0.000000e+00
      endloop
   endfacet
   facet normal 0.000000e+00 1.000000e+00 0.000000e+00
      outer loop
         vertex 0.000000e+00 2.000000e+01 4.000000e+01
         vertex 7.486969e+00 2.000000e+01 1.140954e+01
         vertex 7.250000e+00 2.000000e+01 1.129904e+01
      endloop
   endfacet
   facet normal -0.000000e+00 1.000000e+00 0.000000e+00
      outer loop
         vertex 8.513030e+00 2.000000e+01 8.590461e+00
         vertex 8.749999e+00 2.000000e+01 8.700961e+00
         vertex 1.750000e+01 2.000000e+01 0.000000e+00
      endloop
   endfacet
   facet normal 0.000000e+00 1.000000e+00 0.000000e+00
      outer loop
         vertex 7.739527e+00 2.000000e+01 3.147721e+01
         vertex 7.486969e+00 2.000000e+01 3.140954e+01
         vertex 0.000000e+00 2.000000e+01 4.000000e+01
      endloop
   endfacet
   facet normal 0.000000e+00 1.000000e+00 0.000000e+00
      outer loop
         vertex 0.000000e+00 2.000000e+01 4.000000e+01
         vertex 7.486969e+00 2.000000e+01 3.140954e+01
         vertex 7.250000e+00 2.000000e+01 3.129904e+01
      endloop
   endfacet
   facet normal 0.000000e+00 1.000000e+00 0.000000e+00
      outer loop
         vertex 7.250000e+00 2.000000e+01 1.129904e+01
         vertex 7.035818e+00 2.000000e+01 1.114907e+01
         vertex 0.000000e+00 2.000000e+01 4.000000e+01
      endloop
   endfacet
   facet normal 0.000000e+00 1.000000e+00 0.000000e+00
      outer loop
         vertex 0.000000e+00 2.000000e+01 4.000000e+01
         vertex 7.035818e+00 2.000000e+01 1.114907e+01
         vertex 6.850932e+00 2.000000e+01 1.096418e+01
      endloop
   endfacet
   facet normal 0.000000e+00 1.000000e+00 0.000000e+00
      outer loop
         vertex 0.000000e+00 2.000000e+01 4.000000e+01
         vertex 6.850932e+00 2.000000e+01 1.096418e+01
         vertex 6.700961e+00 2.000000e+01 1.075000e+01
      endloop
   endfacet
   facet normal 0.000000e+00 1.000000e+00 0.000000e+00
      outer loop
         vertex 6.700961e+00 2.000000e+01 1.075000e+01
         vertex 6.590459e+00 2.000000e+01 1.051303e+01
         vertex 0.000000e+00 2.000000e+01 4.000000e+01
      endloop
   endfacet
   facet normal 0.000000e+00 1.000000e+00 0.000000e+00
      outer loop
         vertex 0.000000e+00 2.000000e+01 4.000000e+01
         vertex 6.590459e+00 2.000000e+01 1.051303e+01
         vertex 6.522788e+00 2.000000e+01 1.026047e+01
      endloop
   endfacet
   facet normal 0.000000e+00 1.000000e+00 0.000000e+00
      outer loop
         vertex 0.000000e+00 2.000000e+01 4.000000e+01
         vertex 6.522788e+00 2.000000e+01 1.026047e+01
         vertex 0.000000e+00 2.000000e+01 0.000000e+00
      endloop
   endfacet
   facet normal 0.000000e+00 1.000000e+00 0.000000e+00
      outer loop
         vertex 0.000000e+00 2.000000e+01 0.000000e+00
         vertex 6.522788e+00 2.000000e+01 1.026047e+01
         vertex 6.500000e+00 2.000000e+01 1.000000e+01
      endloop
   endfacet
   facet normal 0.000000e+00 1.000000e+00 0.000000e+00
      outer loop
         vertex 0.000000e+00 2.000000e+01 0.000000e+00
         vertex 6.500000e+00 2.000000e+01 1.000000e+01
         vertex 6.522788e+00 2.000000e+01 9.739527e+00
      endloop
   endfacet
   facet normal 0.000000e+00 1.000000e+00 0.000000e+00
      outer loop
         vertex 7.250000e+00 2.000000e+01 3.129904e+01
         vertex 7.035818e+00 2.000000e+01 3.114907e+01
         vertex 0.000000e+00 2.000000e+01 4.000000e+01
      endloop
   endfacet
   facet normal 0.000000e+00 1.000000e+00 0.000000e+00
      outer loop
         vertex 0.000000e+00 2.000000e+01 4.000000e+01
         vertex 7.035818e+00 2.000000e+01 3.114907e+01
         vertex 6.850932e+00 2.000000e+01 3.096418e+01
      endloop
   endfacet
   facet normal 0.000000e+00 1.000000e+00 0.000000e+00
      outer loop
         vertex 0.000000e+00 2.000000e+01 4.000000e+01
         vertex 6.850932e+00 2.000000e+01 3.096418e+01
         vertex 6.700961e+00 2.000000e+01 3.075000e+01
      endloop
   endfacet
   facet normal 0.000000e+00 1.000000e+00 0.000000e+00
      outer loop
         vertex 6.700961e+00 2.000000e+01 3.075000e+01
         vertex 6.590459e+00 2.000000e+01 3.051303e+01
         vertex 0.000000e+00 2.000000e+01 4.000000e+01
      endloop
   endfacet
   facet normal 0.000000e+00 1.000000e+00 0.000000e+00
      outer loop
         vertex 0.000000e+00 2.000000e+01 4.000000e+01
         vertex 6.590459e+00 2.000000e+01 3.051303e+01
         vertex 6.522788e+00 2.000000e+01 3.026047e+01
      endloop
   endfacet
   facet normal 0.000000e+00 1.000000e+00 0.000000e+00
      outer loop
         vertex 0.000000e+00 2.000000e+01 4.000000e+01
         vertex 6.522788e+00 2.000000e+01 3.026047e+01
         vertex 6.500000e+00 2.000000e+01 3.000000e+01
      endloop
   endfacet
   facet normal 0.000000e+00 1.000000e+00 0.000000e+00
      outer loop
         vertex 6.522788e+00 2.000000e+01 9.739527e+00
         vertex 6.590459e+00 2.000000e+01 9.486970e+00
         vertex 0.000000e+00 2.000000e+01 0.000000e+00
      endloop
   endfacet
   facet normal 0.000000e+00 1.000000e+00 0.000000e+00
      outer loop
         vertex 0.000000e+00 2.000000e+01 0.000000e+00
         vertex 6.590459e+00 2.000000e+01 9.486970e+00
         vertex 6.700961e+00 2.000000e+01 9.249999e+00
      endloop
   endfacet
   facet normal 0.000000e+00 1.000000e+00 0.000000e+00
      outer loop
         vertex 0.000000e+00 2.000000e+01 0.000000e+00
         vertex 6.700961e+00 2.000000e+01 9.249999e+00
         vertex 6.850932e+00 2.000000e+01 9.035818e+00
      endloop
   endfacet
   facet normal 0.000000e+00 1.000000e+00 0.000000e+00
      outer loop
         vertex 7.486969e+00 2.000000e+01 8.590461e+00
         vertex 7.739527e+00 2.000000e+01 8.522788e+00
         vertex 0.000000e+00 2.000000e+01 0.000000e+00
      endloop
   endfacet
   facet normal 0.000000e+00 1.000000e+00 0.000000e+00
      outer loop
         vertex 0.000000e+00 2.000000e+01 0.000000e+00
         vertex 7.739527e+00 2.000000e+01 8.522788e+00
         vertex 7.999999e+00 2.000000e+01 8.500000e+00
      endloop
   endfacet
   facet normal 0.000000e+00 1.000000e+00 0.000000e+00
      outer loop
         vertex 0.000000e+00 2.000000e+01 0.000000e+00
         vertex 7.999999e+00 2.000000e+01 8.500000e+00
         vertex 1.750000e+01 2.000000e+01 0.000000e+00
      endloop
   endfacet
   facet normal 0.000000e+00 1.000000e+00 0.000000e+00
      outer loop
         vertex 1.750000e+01 2.000000e+01 0.000000e+00
         vertex 7.999999e+00 2.000000e+01 8.500000e+00
         vertex 8.260472e+00 2.000000e+01 8.522788e+00
      endloop
   endfacet
   facet normal 0.000000e+00 1.000000e+00 0.000000e+00
      outer loop
         vertex 1.750000e+01 2.000000e+01 0.000000e+00
         vertex 8.260472e+00 2.000000e+01 8.522788e+00
         vertex 8.513030e+00 2.000000e+01 8.590461e+00
      endloop
   endfacet
   facet normal 0.000000e+00 1.000000e+00 0.000000e+00
      outer loop
         vertex 6.850932e+00 2.000000e+01 9.035818e+00
         vertex 7.035818e+00 2.000000e+01 8.850933e+00
         vertex 0.000000e+00 2.000000e+01 0.000000e+00
      endloop
   endfacet
   facet normal 0.000000e+00 1.000000e+00 0.000000e+00
      outer loop
         vertex 0.000000e+00 2.000000e+01 0.000000e+00
         vertex 7.035818e+00 2.000000e+01 8.850933e+00
         vertex 7.250000e+00 2.000000e+01 8.700961e+00
      endloop
   endfacet
   facet normal 0.000000e+00 1.000000e+00 0.000000e+00
      outer loop
         vertex 0.000000e+00 2.000000e+01 0.000000e+00
         vertex 7.250000e+00 2.000000e+01 8.700961e+00
         vertex 7.486969e+00 2.000000e+01 8.590461e+00
      endloop
   endfacet
   facet normal -0.000000e+00 1.000000e+00 0.000000e+00
      outer loop
         vertex 8.749999e+00 2.000000e+01 8.700961e+00
         vertex 8.964181e+00 2.000000e+01 8.850933e+00
         vertex 1.750000e+01 2.000000e+01 0.000000e+00
      endloop
   endfacet
   facet normal 0.000000e+00 1.000000e+00 0.000000e+00
      outer loop
         vertex 1.750000e+01 2.000000e+01 0.000000e+00
         vertex 8.964181e+00 2.000000e+01 8.850933e+00
         vertex 9.149065e+00 2.000000e+01 9.035818e+00
      endloop
   endfacet
   facet normal 0.000000e+00 1.000000e+00 0.000000e+00
      outer loop
         vertex 1.750000e+01 2.000000e+01 0.000000e+00
         vertex 9.149065e+00 2.000000e+01 9.035818e+00
         vertex 9.299038e+00 2.000000e+01 9.249999e+00
      endloop
   endfacet
   facet normal 0.000000e+00 1.000000e+00 0.000000e+00
      outer loop
         vertex 9.409538e+00 2.000000e+01 1.051303e+01
         vertex 9.299038e+00 2.000000e+01 1.075000e+01
         vertex 6.522788e+00 2.000000e+01 2.973953e+01
      endloop
   endfacet
   facet normal 0.000000e+00 1.000000e+00 0.000000e+00
      outer loop
         vertex 6.522788e+00 2.000000e+01 2.973953e+01
         vertex 9.299038e+00 2.000000e+01 1.075000e+01
         vertex 9.149065e+00 2.000000e+01 1.096418e+01
      endloop
   endfacet
   facet normal 0.000000e+00 1.000000e+00 0.000000e+00
      outer loop
         vertex 6.522788e+00 2.000000e+01 2.973953e+01
         vertex 9.149065e+00 2.000000e+01 1.096418e+01
         vertex 8.964181e+00 2.000000e+01 1.114907e+01
      endloop
   endfacet
   facet normal 0.000000e+00 1.000000e+00 -0.000000e+00
      outer loop
         vertex 7.486969e+00 2.000000e+01 1.140954e+01
         vertex 0.000000e+00 2.000000e+01 4.000000e+01
         vertex 7.739527e+00 2.000000e+01 1.147721e+01
      endloop
   endfacet
   facet normal 0.000000e+00 1.000000e+00 0.000000e+00
      outer loop
         vertex 7.739527e+00 2.000000e+01 1.147721e+01
         vertex 0.000000e+00 2.000000e+01 4.000000e+01
         vertex 6.500000e+00 2.000000e+01 3.000000e+01
      endloop
   endfacet
   facet normal 0.000000e+00 1.000000e+00 -0.000000e+00
      outer loop
         vertex 7.739527e+00 2.000000e+01 1.147721e+01
         vertex 6.500000e+00 2.000000e+01 3.000000e+01
         vertex 7.999999e+00 2.000000e+01 1.150000e+01
      endloop
   endfacet
   facet normal 0.000000e+00 1.000000e+00 0.000000e+00
      outer loop
         vertex 7.999999e+00 2.000000e+01 1.150000e+01
         vertex 6.500000e+00 2.000000e+01 3.000000e+01
         vertex 6.522788e+00 2.000000e+01 2.973953e+01
      endloop
   endfacet
   facet normal -0.000000e+00 1.000000e+00 -0.000000e+00
      outer loop
         vertex 7.999999e+00 2.000000e+01 1.150000e+01
         vertex 6.522788e+00 2.000000e+01 2.973953e+01
         vertex 8.260472e+00 2.000000e+01 1.147721e+01
      endloop
   endfacet
   facet normal 0.000000e+00 1.000000e+00 0.000000e+00
      outer loop
         vertex 6.700961e+00 2.000000e+01 2.925000e+01
         vertex 6.850932e+00 2.000000e+01 2.903582e+01
         vertex 9.477211e+00 2.000000e+01 1.026047e+01
      endloop
   endfacet
   facet normal 0.000000e+00 1.000000e+00 0.000000e+00
      outer loop
         vertex 8.964181e+00 2.000000e+01 1.114907e+01
         vertex 8.749999e+00 2.000000e+01 1.129904e+01
         vertex 6.522788e+00 2.000000e+01 2.973953e+01
      endloop
   endfacet
   facet normal 0.000000e+00 1.000000e+00 0.000000e+00
      outer loop
         vertex 6.522788e+00 2.000000e+01 2.973953e+01
         vertex 8.749999e+00 2.000000e+01 1.129904e+01
         vertex 8.513030e+00 2.000000e+01 1.140954e+01
      endloop
   endfacet
   facet normal 0.000000e+00 1.000000e+00 0.000000e+00
      outer loop
         vertex 6.522788e+00 2.000000e+01 2.973953e+01
         vertex 8.513030e+00 2.000000e+01 1.140954e+01
         vertex 8.260472e+00 2.000000e+01 1.147721e+01
      endloop
   endfacet
   facet normal -0.000000e+00 1.000000e+00 -0.000000e+00
      outer loop
         vertex 9.409538e+00 2.000000e+01 1.051303e+01
         vertex 6.522788e+00 2.000000e+01 2.973953e+01
         vertex 9.477211e+00 2.000000e+01 1.026047e+01
      endloop
   endfacet
   facet normal 0.000000e+00 1.000000e+00 0.000000e+00
      outer loop
         vertex 9.477211e+00 2.000000e+01 1.026047e+01
         vertex 6.522788e+00 2.000000e+01 2.973953e+01
         vertex 6.590459e+00 2.000000e+01 2.948697e+01
      endloop
   endfacet
   facet normal 0.000000e+00 1.000000e+00 0.000000e+00
      outer loop
         vertex 9.477211e+00 2.000000e+01 1.026047e+01
         vertex 6.590459e+00 2.000000e+01 2.948697e+01
         vertex 6.700961e+00 2.000000e+01 2.925000e+01
      endloop
   endfacet
   facet normal 0.000000e+00 1.000000e+00 0.000000e+00
      outer loop
         vertex 6.850932e+00 2.000000e+01 2.903582e+01
         vertex 7.035818e+00 2.000000e+01 2.885093e+01
         vertex 9.477211e+00 2.000000e+01 1.026047e+01
      endloop
   endfacet
   facet normal 0.000000e+00 1.000000e+00 0.000000e+00
      outer loop
         vertex 9.477211e+00 2.000000e+01 1.026047e+01
         vertex 7.035818e+00 2.000000e+01 2.885093e+01
         vertex 7.250000e+00 2.000000e+01 2.870096e+01
      endloop
   endfacet
   facet normal 0.000000e+00 1.000000e+00 0.000000e+00
      outer loop
         vertex 9.477211e+00 2.000000e+01 1.026047e+01
         vertex 7.250000e+00 2.000000e+01 2.870096e+01
         vertex 7.486969e+00 2.000000e+01 2.859046e+01
      endloop
   endfacet
   facet normal 0.000000e+00 1.000000e+00 0.000000e+00
      outer loop
         vertex 1.750000e+01 2.000000e+01 0.000000e+00
         vertex 8.964181e+00 2.000000e+01 2.885093e+01
         vertex 9.149065e+00 2.000000e+01 2.903582e+01
      endloop
   endfacet
   facet normal -0.000000e+00 1.000000e+00 0.000000e+00
      outer loop
         vertex 9.149065e+00 2.000000e+01 2.903582e+01
         vertex 9.299038e+00 2.000000e+01 2.925000e+01
         vertex 1.750000e+01 2.000000e+01 0.000000e+00
      endloop
   endfacet
   facet normal 0.000000e+00 1.000000e+00 0.000000e+00
      outer loop
         vertex 1.750000e+01 2.000000e+01 0.000000e+00
         vertex 9.299038e+00 2.000000e+01 2.925000e+01
         vertex 9.409538e+00 2.000000e+01 2.948697e+01
      endloop
   endfacet
   facet normal 0.000000e+00 1.000000e+00 -0.000000e+00
      outer loop
         vertex 1.750000e+01 2.000000e+01 0.000000e+00
         vertex 9.409538e+00 2.000000e+01 2.948697e+01
         vertex 1.750000e+01 2.000000e+01 4.000000e+01
      endloop
   endfacet
   facet normal 0.000000e+00 1.000000e+00 0.000000e+00
      outer loop
         vertex 1.750000e+01 2.000000e+01 4.000000e+01
         vertex 9.409538e+00 2.000000e+01 2.948697e+01
         vertex 9.477211e+00 2.000000e+01 2.973953e+01
      endloop
   endfacet
   facet normal 0.000000e+00 1.000000e+00 0.000000e+00
      outer loop
         vertex 1.750000e+01 2.000000e+01 4.000000e+01
         vertex 9.477211e+00 2.000000e+01 2.973953e+01
         vertex 9.499999e+00 2.000000e+01 3.000000e+01
      endloop
   endfacet
   facet normal 0.000000e+00 1.000000e+00 -0.000000e+00
      outer loop
         vertex 9.499999e+00 2.000000e+01 3.000000e+01
         vertex 9.477211e+00 2.000000e+01 3.026047e+01
         vertex 1.750000e+01 2.000000e+01 4.000000e+01
      endloop
   endfacet
   facet normal 0.000000e+00 1.000000e+00 0.000000e+00
      outer loop
         vertex 1.750000e+01 2.000000e+01 4.000000e+01
         vertex 9.477211e+00 2.000000e+01 3.026047e+01
         vertex 9.409538e+00 2.000000e+01 3.051303e+01
      endloop
   endfacet
   facet normal 0.000000e+00 1.000000e+00 0.000000e+00
      outer loop
         vertex 1.750000e+01 2.000000e+01 4.000000e+01
         vertex 9.409538e+00 2.000000e+01 3.051303e+01
         vertex 9.299038e+00 2.000000e+01 3.075000e+01
      endloop
   endfacet
   facet normal 0.000000e+00 1.000000e+00 -0.000000e+00
      outer loop
         vertex 9.299038e+00 2.000000e+01 3.075000e+01
         vertex 9.149065e+00 2.000000e+01 3.096418e+01
         vertex 1.750000e+01 2.000000e+01 4.000000e+01
      endloop
   endfacet
   facet normal 0.000000e+00 1.000000e+00 0.000000e+00
      outer loop
         vertex 1.750000e+01 2.000000e+01 4.000000e+01
         vertex 9.149065e+00 2.000000e+01 3.096418e+01
         vertex 8.964181e+00 2.000000e+01 3.114907e+01
      endloop
   endfacet
   facet normal 0.000000e+00 1.000000e+00 0.000000e+00
      outer loop
         vertex 1.750000e+01 2.000000e+01 4.000000e+01
         vertex 8.964181e+00 2.000000e+01 3.114907e+01
         vertex 8.749999e+00 2.000000e+01 3.129904e+01
      endloop
   endfacet
   facet normal 0.000000e+00 1.000000e+00 0.000000e+00
      outer loop
         vertex 7.486969e+00 2.000000e+01 2.859046e+01
         vertex 7.739527e+00 2.000000e+01 2.852279e+01
         vertex 9.477211e+00 2.000000e+01 1.026047e+01
      endloop
   endfacet
   facet normal 0.000000e+00 1.000000e+00 0.000000e+00
      outer loop
         vertex 9.477211e+00 2.000000e+01 1.026047e+01
         vertex 7.739527e+00 2.000000e+01 2.852279e+01
         vertex 7.999999e+00 2.000000e+01 2.850000e+01
      endloop
   endfacet
   facet normal -0.000000e+00 1.000000e+00 -0.000000e+00
      outer loop
         vertex 9.477211e+00 2.000000e+01 1.026047e+01
         vertex 7.999999e+00 2.000000e+01 2.850000e+01
         vertex 9.499999e+00 2.000000e+01 1.000000e+01
      endloop
   endfacet
   facet normal 0.000000e+00 1.000000e+00 -0.000000e+00
      outer loop
         vertex 8.749999e+00 2.000000e+01 3.129904e+01
         vertex 8.513030e+00 2.000000e+01 3.140954e+01
         vertex 1.750000e+01 2.000000e+01 4.000000e+01
      endloop
   endfacet
   facet normal 0.000000e+00 1.000000e+00 0.000000e+00
      outer loop
         vertex 1.750000e+01 2.000000e+01 4.000000e+01
         vertex 8.513030e+00 2.000000e+01 3.140954e+01
         vertex 8.260472e+00 2.000000e+01 3.147721e+01
      endloop
   endfacet
   facet normal 0.000000e+00 1.000000e+00 0.000000e+00
      outer loop
         vertex 1.750000e+01 2.000000e+01 4.000000e+01
         vertex 8.260472e+00 2.000000e+01 3.147721e+01
         vertex 0.000000e+00 2.000000e+01 4.000000e+01
      endloop
   endfacet
   facet normal 0.000000e+00 1.000000e+00 0.000000e+00
      outer loop
         vertex 0.000000e+00 2.000000e+01 4.000000e+01
         vertex 8.260472e+00 2.000000e+01 3.147721e+01
         vertex 7.999999e+00 2.000000e+01 3.150000e+01
      endloop
   endfacet
   facet normal 0.000000e+00 1.000000e+00 0.000000e+00
      outer loop
         vertex 0.000000e+00 2.000000e+01 4.000000e+01
         vertex 7.999999e+00 2.000000e+01 3.150000e+01
         vertex 7.739527e+00 2.000000e+01 3.147721e+01
      endloop
   endfacet
   facet normal -0.000000e+00 1.000000e+00 0.000000e+00
      outer loop
         vertex 9.299038e+00 2.000000e+01 9.249999e+00
         vertex 9.409538e+00 2.000000e+01 9.486970e+00
         vertex 1.750000e+01 2.000000e+01 0.000000e+00
      endloop
   endfacet
   facet normal 0.000000e+00 1.000000e+00 0.000000e+00
      outer loop
         vertex 1.750000e+01 2.000000e+01 0.000000e+00
         vertex 9.409538e+00 2.000000e+01 9.486970e+00
         vertex 9.477211e+00 2.000000e+01 9.739527e+00
      endloop
   endfacet
   facet normal 0.000000e+00 1.000000e+00 0.000000e+00
      outer loop
         vertex 1.750000e+01 2.000000e+01 0.000000e+00
         vertex 9.477211e+00 2.000000e+01 9.739527e+00
         vertex 9.499999e+00 2.000000e+01 1.000000e+01
      endloop
   endfacet
   facet normal -0.000000e+00 1.000000e+00 0.000000e+00
      outer loop
         vertex 7.999999e+00 2.000000e+01 2.850000e+01
         vertex 8.260472e+00 2.000000e+01 2.852279e+01
         vertex 9.499999e+00 2.000000e+01 1.000000e+01
      endloop
   endfacet
   facet normal 0.000000e+00 1.000000e+00 0.000000e+00
      outer loop
         vertex 9.499999e+00 2.000000e+01 1.000000e+01
         vertex 8.260472e+00 2.000000e+01 2.852279e+01
         vertex 8.513030e+00 2.000000e+01 2.859046e+01
      endloop
   endfacet
   facet normal -0.000000e+00 1.000000e+00 -0.000000e+00
      outer loop
         vertex 9.499999e+00 2.000000e+01 1.000000e+01
         vertex 8.513030e+00 2.000000e+01 2.859046e+01
         vertex 1.750000e+01 2.000000e+01 0.000000e+00
      endloop
   endfacet
   facet normal 0.000000e+00 1.000000e+00 0.000000e+00
      outer loop
         vertex 1.750000e+01 2.000000e+01 0.000000e+00
         vertex 8.513030e+00 2.000000e+01 2.859046e+01
         vertex 8.749999e+00 2.000000e+01 2.870096e+01
      endloop
   endfacet
   facet normal 0.000000e+00 1.000000e+00 0.000000e+00
      outer loop
         vertex 1.750000e+01 2.000000e+01 0.000000e+00
         vertex 8.749999e+00 2.000000e+01 2.870096e+01
         vertex 8.964181e+00 2.000000e+01 2.885093e+01
      endloop
   endfacet
   facet normal -1.000000e+00 0.000000e+00 0.000000e+00
      outer loop
         vertex 0.000000e+00 0.000000e+00 4.000000e+01
         vertex 0.000000e+00 2.000000e+01 4.000000e+01
         vertex 0.000000e+00 0.000000e+00 0.000000e+00
      endloop
   endfacet
   facet normal -1.000000e+00 0.000000e+00 0.000000e+00
      outer loop
         vertex 0.000000e+00 0.000000e+00 0.000000e+00
         vertex 0.000000e+00 2.000000e+01 4.000000e+01
         vertex 0.000000e+00 2.000000e+01 0.000000e+00
      endloop
   endfacet
   facet normal 0.000000e+00 -1.000000e+00 0.000000e+00
      outer loop
         vertex 8.260472e+00 0.000000e+00 8.522788e+00
         vertex 7.999999e+00 0.000000e+00 8.500000e+00
         vertex 0.000000e+00 0.000000e+00 0.000000e+00
      endloop
   endfacet
   facet normal 0.000000e+00 -1.000000e+00 0.000000e+00
      outer loop
         vertex 5.347721e+01 0.000000e+00 2.973953e+01
         vertex 5.340954e+01 0.000000e+00 2.948697e+01
         vertex 5.052279e+01 0.000000e+00 1.026047e+01
      endloop
   endfacet
   facet normal 0.000000e+00 -1.000000e+00 0.000000e+00
      outer loop
         vertex 5.052279e+01 0.000000e+00 1.026047e+01
         vertex 5.340954e+01 0.000000e+00 2.948697e+01
         vertex 5.329904e+01 0.000000e+00 2.925000e+01
      endloop
   endfacet
   facet normal 0.000000e+00 -1.000000e+00 0.000000e+00
      outer loop
         vertex 5.052279e+01 0.000000e+00 1.026047e+01
         vertex 5.329904e+01 0.000000e+00 2.925000e+01
         vertex 5.314907e+01 0.000000e+00 2.903582e+01
      endloop
   endfacet
   facet normal 0.000000e+00 -1.000000e+00 0.000000e+00
      outer loop
         vertex 5.314907e+01 0.000000e+00 2.903582e+01
         vertex 5.296418e+01 0.000000e+00 2.885093e+01
         vertex 5.052279e+01 0.000000e+00 1.026047e+01
      endloop
   endfacet
   facet normal 0.000000e+00 -1.000000e+00 0.000000e+00
      outer loop
         vertex 5.052279e+01 0.000000e+00 1.026047e+01
         vertex 5.296418e+01 0.000000e+00 2.885093e+01
         vertex 5.275000e+01 0.000000e+00 2.870096e+01
      endloop
   endfacet
   facet normal 0.000000e+00 -1.000000e+00 0.000000e+00
      outer loop
         vertex 5.052279e+01 0.000000e+00 1.026047e+01
         vertex 5.275000e+01 0.000000e+00 2.870096e+01
         vertex 5.251303e+01 0.000000e+00 2.859046e+01
      endloop
   endfacet
   facet normal 0.000000e+00 -1.000000e+00 0.000000e+00
      outer loop
         vertex 5.052279e+01 0.000000e+00 1.026047e+01
         vertex 5.059046e+01 0.000000e+00 1.051303e+01
         vertex 5.347721e+01 0.000000e+00 2.973953e+01
      endloop
   endfacet
   facet normal 0.000000e+00 -1.000000e+00 0.000000e+00
      outer loop
         vertex 5.347721e+01 0.000000e+00 2.973953e+01
         vertex 5.059046e+01 0.000000e+00 1.051303e+01
         vertex 5.070096e+01 0.000000e+00 1.075000e+01
      endloop
   endfacet
   facet normal 0.000000e+00 -1.000000e+00 0.000000e+00
      outer loop
         vertex 5.347721e+01 0.000000e+00 2.973953e+01
         vertex 5.070096e+01 0.000000e+00 1.075000e+01
         vertex 5.085093e+01 0.000000e+00 1.096418e+01
      endloop
   endfacet
   facet normal 0.000000e+00 -1.000000e+00 0.000000e+00
      outer loop
         vertex 6.000000e+01 0.000000e+00 0.000000e+00
         vertex 5.200000e+01 0.000000e+00 8.500000e+00
         vertex 5.173953e+01 0.000000e+00 8.522788e+00
      endloop
   endfacet
   facet normal 0.000000e+00 -1.000000e+00 0.000000e+00
      outer loop
         vertex 6.700961e+00 0.000000e+00 1.075000e+01
         vertex 6.850932e+00 0.000000e+00 1.096418e+01
         vertex 7.999999e+00 0.000000e+00 2.850000e+01
      endloop
   endfacet
   facet normal 0.000000e+00 -1.000000e+00 -0.000000e+00
      outer loop
         vertex 5.350000e+01 0.000000e+00 1.000000e+01
         vertex 5.347721e+01 0.000000e+00 9.739527e+00
         vertex 6.000000e+01 0.000000e+00 0.000000e+00
      endloop
   endfacet
   facet normal 0.000000e+00 -1.000000e+00 0.000000e+00
      outer loop
         vertex 6.000000e+01 0.000000e+00 0.000000e+00
         vertex 5.347721e+01 0.000000e+00 9.739527e+00
         vertex 5.340954e+01 0.000000e+00 9.486970e+00
      endloop
   endfacet
   facet normal 0.000000e+00 -1.000000e+00 0.000000e+00
      outer loop
         vertex 6.000000e+01 0.000000e+00 0.000000e+00
         vertex 5.340954e+01 0.000000e+00 9.486970e+00
         vertex 5.329904e+01 0.000000e+00 9.249999e+00
      endloop
   endfacet
   facet normal -0.000000e+00 -1.000000e+00 0.000000e+00
      outer loop
         vertex 5.125000e+01 0.000000e+00 8.700961e+00
         vertex 5.103582e+01 0.000000e+00 8.850933e+00
         vertex 0.000000e+00 0.000000e+00 0.000000e+00
      endloop
   endfacet
   facet normal 0.000000e+00 -1.000000e+00 0.000000e+00
      outer loop
         vertex 0.000000e+00 0.000000e+00 0.000000e+00
         vertex 5.103582e+01 0.000000e+00 8.850933e+00
         vertex 5.085093e+01 0.000000e+00 9.035818e+00
      endloop
   endfacet
   facet normal 0.000000e+00 -1.000000e+00 0.000000e+00
      outer loop
         vertex 0.000000e+00 0.000000e+00 0.000000e+00
         vertex 5.085093e+01 0.000000e+00 9.035818e+00
         vertex 5.070096e+01 0.000000e+00 9.249999e+00
      endloop
   endfacet
   facet normal -0.000000e+00 -1.000000e+00 0.000000e+00
      outer loop
         vertex 6.700961e+00 0.000000e+00 1.075000e+01
         vertex 7.999999e+00 0.000000e+00 2.850000e+01
         vertex 6.590459e+00 0.000000e+00 1.051303e+01
      endloop
   endfacet
   facet normal 0.000000e+00 -1.000000e+00 0.000000e+00
      outer loop
         vertex 5.251303e+01 0.000000e+00 2.859046e+01
         vertex 5.226047e+01 0.000000e+00 2.852279e+01
         vertex 5.052279e+01 0.000000e+00 1.026047e+01
      endloop
   endfacet
   facet normal 0.000000e+00 -1.000000e+00 0.000000e+00
      outer loop
         vertex 5.052279e+01 0.000000e+00 1.026047e+01
         vertex 5.226047e+01 0.000000e+00 2.852279e+01
         vertex 5.200000e+01 0.000000e+00 2.850000e+01
      endloop
   endfacet
   facet normal -0.000000e+00 -1.000000e+00 0.000000e+00
      outer loop
         vertex 5.052279e+01 0.000000e+00 1.026047e+01
         vertex 5.200000e+01 0.000000e+00 2.850000e+01
         vertex 5.050000e+01 0.000000e+00 1.000000e+01
      endloop
   endfacet
   facet normal 0.000000e+00 -1.000000e+00 0.000000e+00
      outer loop
         vertex 5.050000e+01 0.000000e+00 1.000000e+01
         vertex 5.200000e+01 0.000000e+00 2.850000e+01
         vertex 5.173953e+01 0.000000e+00 2.852279e+01
      endloop
   endfacet
   facet normal 0.000000e+00 -1.000000e+00 0.000000e+00
      outer loop
         vertex 8.260472e+00 0.000000e+00 3.147721e+01
         vertex 8.513030e+00 0.000000e+00 3.140954e+01
         vertex 5.070096e+01 0.000000e+00 2.925000e+01
      endloop
   endfacet
   facet normal 0.000000e+00 -1.000000e+00 0.000000e+00
      outer loop
         vertex 5.070096e+01 0.000000e+00 2.925000e+01
         vertex 8.513030e+00 0.000000e+00 3.140954e+01
         vertex 8.749999e+00 0.000000e+00 3.129904e+01
      endloop
   endfacet
   facet normal -0.000000e+00 -1.000000e+00 -0.000000e+00
      outer loop
         vertex 5.070096e+01 0.000000e+00 2.925000e+01
         vertex 8.749999e+00 0.000000e+00 3.129904e+01
         vertex 5.085093e+01 0.000000e+00 2.903582e+01
      endloop
   endfacet
   facet normal -0.000000e+00 -1.000000e+00 0.000000e+00
      outer loop
         vertex 7.999999e+00 0.000000e+00 8.500000e+00
         vertex 7.739527e+00 0.000000e+00 8.522788e+00
         vertex 0.000000e+00 0.000000e+00 0.000000e+00
      endloop
   endfacet
   facet normal 0.000000e+00 -1.000000e+00 0.000000e+00
      outer loop
         vertex 0.000000e+00 0.000000e+00 0.000000e+00
         vertex 7.739527e+00 0.000000e+00 8.522788e+00
         vertex 7.486969e+00 0.000000e+00 8.590461e+00
      endloop
   endfacet
   facet normal 0.000000e+00 -1.000000e+00 0.000000e+00
      outer loop
         vertex 0.000000e+00 0.000000e+00 0.000000e+00
         vertex 7.486969e+00 0.000000e+00 8.590461e+00
         vertex 7.250000e+00 0.000000e+00 8.700961e+00
      endloop
   endfacet
   facet normal 0.000000e+00 -1.000000e+00 0.000000e+00
      outer loop
         vertex 5.085093e+01 0.000000e+00 1.096418e+01
         vertex 5.103582e+01 0.000000e+00 1.114907e+01
         vertex 5.347721e+01 0.000000e+00 2.973953e+01
      endloop
   endfacet
   facet normal 0.000000e+00 -1.000000e+00 0.000000e+00
      outer loop
         vertex 5.347721e+01 0.000000e+00 2.973953e+01
         vertex 5.103582e+01 0.000000e+00 1.114907e+01
         vertex 5.125000e+01 0.000000e+00 1.129904e+01
      endloop
   endfacet
   facet normal 0.000000e+00 -1.000000e+00 0.000000e+00
      outer loop
         vertex 5.347721e+01 0.000000e+00 2.973953e+01
         vertex 5.125000e+01 0.000000e+00 1.129904e+01
         vertex 5.148697e+01 0.000000e+00 1.140954e+01
      endloop
   endfacet
   facet normal 0.000000e+00 -1.000000e+00 0.000000e+00
      outer loop
         vertex 6.000000e+01 0.000000e+00 0.000000e+00
         vertex 5.173953e+01 0.000000e+00 8.522788e+00
         vertex 0.000000e+00 0.000000e+00 0.000000e+00
      endloop
   endfacet
   facet normal 0.000000e+00 -1.000000e+00 0.000000e+00
      outer loop
         vertex 0.000000e+00 0.000000e+00 0.000000e+00
         vertex 5.173953e+01 0.000000e+00 8.522788e+00
         vertex 5.148697e+01 0.000000e+00 8.590461e+00
      endloop
   endfacet
   facet normal 0.000000e+00 -1.000000e+00 0.000000e+00
      outer loop
         vertex 0.000000e+00 0.000000e+00 0.000000e+00
         vertex 5.148697e+01 0.000000e+00 8.590461e+00
         vertex 5.125000e+01 0.000000e+00 8.700961e+00
      endloop
   endfacet
   facet normal 0.000000e+00 -1.000000e+00 0.000000e+00
      outer loop
         vertex 6.850932e+00 0.000000e+00 1.096418e+01
         vertex 7.035818e+00 0.000000e+00 1.114907e+01
         vertex 7.999999e+00 0.000000e+00 2.850000e+01
      endloop
   endfacet
   facet normal 0.000000e+00 -1.000000e+00 0.000000e+00
      outer loop
         vertex 7.999999e+00 0.000000e+00 2.850000e+01
         vertex 7.035818e+00 0.000000e+00 1.114907e+01
         vertex 7.250000e+00 0.000000e+00 1.129904e+01
      endloop
   endfacet
   facet normal 0.000000e+00 -1.000000e+00 0.000000e+00
      outer loop
         vertex 7.999999e+00 0.000000e+00 2.850000e+01
         vertex 7.250000e+00 0.000000e+00 1.129904e+01
         vertex 7.486969e+00 0.000000e+00 1.140954e+01
      endloop
   endfacet
   facet normal 0.000000e+00 -1.000000e+00 -0.000000e+00
      outer loop
         vertex 5.329904e+01 0.000000e+00 9.249999e+00
         vertex 5.314907e+01 0.000000e+00 9.035818e+00
         vertex 6.000000e+01 0.000000e+00 0.000000e+00
      endloop
   endfacet
   facet normal 0.000000e+00 -1.000000e+00 0.000000e+00
      outer loop
         vertex 6.000000e+01 0.000000e+00 0.000000e+00
         vertex 5.314907e+01 0.000000e+00 9.035818e+00
         vertex 5.296418e+01 0.000000e+00 8.850933e+00
      endloop
   endfacet
   facet normal 0.000000e+00 -1.000000e+00 0.000000e+00
      outer loop
         vertex 6.000000e+01 0.000000e+00 0.000000e+00
         vertex 5.296418e+01 0.000000e+00 8.850933e+00
         vertex 5.275000e+01 0.000000e+00 8.700961e+00
      endloop
   endfacet
   facet normal -0.000000e+00 -1.000000e+00 0.000000e+00
      outer loop
         vertex 5.173953e+01 0.000000e+00 2.852279e+01
         vertex 5.148697e+01 0.000000e+00 2.859046e+01
         vertex 5.050000e+01 0.000000e+00 1.000000e+01
      endloop
   endfacet
   facet normal 0.000000e+00 -1.000000e+00 0.000000e+00
      outer loop
         vertex 5.050000e+01 0.000000e+00 1.000000e+01
         vertex 5.148697e+01 0.000000e+00 2.859046e+01
         vertex 5.125000e+01 0.000000e+00 2.870096e+01
      endloop
   endfacet
   facet normal 0.000000e+00 -1.000000e+00 0.000000e+00
      outer loop
         vertex 5.050000e+01 0.000000e+00 1.000000e+01
         vertex 5.125000e+01 0.000000e+00 2.870096e+01
         vertex 5.103582e+01 0.000000e+00 2.885093e+01
      endloop
   endfacet
   facet normal 0.000000e+00 -1.000000e+00 0.000000e+00
      outer loop
         vertex 5.070096e+01 0.000000e+00 2.925000e+01
         vertex 5.059046e+01 0.000000e+00 2.948697e+01
         vertex 8.260472e+00 0.000000e+00 3.147721e+01
      endloop
   endfacet
   facet normal 0.000000e+00 -1.000000e+00 0.000000e+00
      outer loop
         vertex 8.260472e+00 0.000000e+00 3.147721e+01
         vertex 5.059046e+01 0.000000e+00 2.948697e+01
         vertex 5.052279e+01 0.000000e+00 2.973953e+01
      endloop
   endfacet
   facet normal 0.000000e+00 -1.000000e+00 0.000000e+00
      outer loop
         vertex 8.260472e+00 0.000000e+00 3.147721e+01
         vertex 5.052279e+01 0.000000e+00 2.973953e+01
         vertex 7.999999e+00 0.000000e+00 3.150000e+01
      endloop
   endfacet
   facet normal -0.000000e+00 -1.000000e+00 0.000000e+00
      outer loop
         vertex 7.486969e+00 0.000000e+00 2.859046e+01
         vertex 7.250000e+00 0.000000e+00 2.870096e+01
         vertex 0.000000e+00 0.000000e+00 0.000000e+00
      endloop
   endfacet
   facet normal 0.000000e+00 -1.000000e+00 0.000000e+00
      outer loop
         vertex 6.522788e+00 0.000000e+00 3.026047e+01
         vertex 6.590459e+00 0.000000e+00 3.051303e+01
         vertex 0.000000e+00 0.000000e+00 4.000000e+01
      endloop
   endfacet
   facet normal 0.000000e+00 -1.000000e+00 0.000000e+00
      outer loop
         vertex 0.000000e+00 0.000000e+00 4.000000e+01
         vertex 6.590459e+00 0.000000e+00 3.051303e+01
         vertex 6.700961e+00 0.000000e+00 3.075000e+01
      endloop
   endfacet
   facet normal 0.000000e+00 -1.000000e+00 0.000000e+00
      outer loop
         vertex 6.700961e+00 0.000000e+00 3.075000e+01
         vertex 6.850932e+00 0.000000e+00 3.096418e+01
         vertex 0.000000e+00 0.000000e+00 4.000000e+01
      endloop
   endfacet
   facet normal 0.000000e+00 -1.000000e+00 0.000000e+00
      outer loop
         vertex 0.000000e+00 0.000000e+00 4.000000e+01
         vertex 6.850932e+00 0.000000e+00 3.096418e+01
         vertex 7.035818e+00 0.000000e+00 3.114907e+01
      endloop
   endfacet
   facet normal 0.000000e+00 -1.000000e+00 0.000000e+00
      outer loop
         vertex 0.000000e+00 0.000000e+00 4.000000e+01
         vertex 7.035818e+00 0.000000e+00 3.114907e+01
         vertex 7.250000e+00 0.000000e+00 3.129904e+01
      endloop
   endfacet
   facet normal 0.000000e+00 -1.000000e+00 0.000000e+00
      outer loop
         vertex 5.275000e+01 0.000000e+00 1.129904e+01
         vertex 5.296418e+01 0.000000e+00 1.114907e+01
         vertex 6.000000e+01 0.000000e+00 4.000000e+01
      endloop
   endfacet
   facet normal 0.000000e+00 -1.000000e+00 0.000000e+00
      outer loop
         vertex 5.350000e+01 0.000000e+00 1.000000e+01
         vertex 6.000000e+01 0.000000e+00 0.000000e+00
         vertex 5.347721e+01 0.000000e+00 1.026047e+01
      endloop
   endfacet
   facet normal 0.000000e+00 -1.000000e+00 0.000000e+00
      outer loop
         vertex 5.347721e+01 0.000000e+00 1.026047e+01
         vertex 6.000000e+01 0.000000e+00 0.000000e+00
         vertex 6.000000e+01 0.000000e+00 4.000000e+01
      endloop
   endfacet
   facet normal 0.000000e+00 -1.000000e+00 0.000000e+00
      outer loop
         vertex 5.347721e+01 0.000000e+00 1.026047e+01
         vertex 6.000000e+01 0.000000e+00 4.000000e+01
         vertex 5.340954e+01 0.000000e+00 1.051303e+01
      endloop
   endfacet
   facet normal 0.000000e+00 -1.000000e+00 -0.000000e+00
      outer loop
         vertex 5.275000e+01 0.000000e+00 8.700961e+00
         vertex 5.251303e+01 0.000000e+00 8.590461e+00
         vertex 6.000000e+01 0.000000e+00 0.000000e+00
      endloop
   endfacet
   facet normal 0.000000e+00 -1.000000e+00 0.000000e+00
      outer loop
         vertex 6.000000e+01 0.000000e+00 0.000000e+00
         vertex 5.251303e+01 0.000000e+00 8.590461e+00
         vertex 5.226047e+01 0.000000e+00 8.522788e+00
      endloop
   endfacet
   facet normal 0.000000e+00 -1.000000e+00 0.000000e+00
      outer loop
         vertex 6.000000e+01 0.000000e+00 0.000000e+00
         vertex 5.226047e+01 0.000000e+00 8.522788e+00
         vertex 5.200000e+01 0.000000e+00 8.500000e+00
      endloop
   endfacet
   facet normal 0.000000e+00 -1.000000e+00 0.000000e+00
      outer loop
         vertex 7.250000e+00 0.000000e+00 3.129904e+01
         vertex 7.486969e+00 0.000000e+00 3.140954e+01
         vertex 0.000000e+00 0.000000e+00 4.000000e+01
      endloop
   endfacet
   facet normal 0.000000e+00 -1.000000e+00 0.000000e+00
      outer loop
         vertex 0.000000e+00 0.000000e+00 4.000000e+01
         vertex 7.486969e+00 0.000000e+00 3.140954e+01
         vertex 7.739527e+00 0.000000e+00 3.147721e+01
      endloop
   endfacet
   facet normal 0.000000e+00 -1.000000e+00 0.000000e+00
      outer loop
         vertex 0.000000e+00 0.000000e+00 4.000000e+01
         vertex 7.739527e+00 0.000000e+00 3.147721e+01
         vertex 7.999999e+00 0.000000e+00 3.150000e+01
      endloop
   endfacet
   facet normal -0.000000e+00 -1.000000e+00 0.000000e+00
      outer loop
         vertex 5.103582e+01 0.000000e+00 3.114907e+01
         vertex 0.000000e+00 0.000000e+00 4.000000e+01
         vertex 5.085093e+01 0.000000e+00 3.096418e+01
      endloop
   endfacet
   facet normal -0.000000e+00 -1.000000e+00 0.000000e+00
      outer loop
         vertex 5.085093e+01 0.000000e+00 3.096418e+01
         vertex 0.000000e+00 0.000000e+00 4.000000e+01
         vertex 5.070096e+01 0.000000e+00 3.075000e+01
      endloop
   endfacet
   facet normal 0.000000e+00 -1.000000e+00 0.000000e+00
      outer loop
         vertex 5.296418e+01 0.000000e+00 1.114907e+01
         vertex 5.314907e+01 0.000000e+00 1.096418e+01
         vertex 6.000000e+01 0.000000e+00 4.000000e+01
      endloop
   endfacet
   facet normal 0.000000e+00 -1.000000e+00 0.000000e+00
      outer loop
         vertex 6.000000e+01 0.000000e+00 4.000000e+01
         vertex 5.314907e+01 0.000000e+00 1.096418e+01
         vertex 5.329904e+01 0.000000e+00 1.075000e+01
      endloop
   endfacet
   facet normal 0.000000e+00 -1.000000e+00 0.000000e+00
      outer loop
         vertex 6.000000e+01 0.000000e+00 4.000000e+01
         vertex 5.329904e+01 0.000000e+00 1.075000e+01
         vertex 5.340954e+01 0.000000e+00 1.051303e+01
      endloop
   endfacet
   facet normal 0.000000e+00 -1.000000e+00 0.000000e+00
      outer loop
         vertex 5.070096e+01 0.000000e+00 9.249999e+00
         vertex 8.749999e+00 0.000000e+00 8.700961e+00
         vertex 0.000000e+00 0.000000e+00 0.000000e+00
      endloop
   endfacet
   facet normal 0.000000e+00 -1.000000e+00 0.000000e+00
      outer loop
         vertex 0.000000e+00 0.000000e+00 0.000000e+00
         vertex 8.749999e+00 0.000000e+00 8.700961e+00
         vertex 8.513030e+00 0.000000e+00 8.590461e+00
      endloop
   endfacet
   facet normal 0.000000e+00 -1.000000e+00 0.000000e+00
      outer loop
         vertex 0.000000e+00 0.000000e+00 0.000000e+00
         vertex 8.513030e+00 0.000000e+00 8.590461e+00
         vertex 8.260472e+00 0.000000e+00 8.522788e+00
      endloop
   endfacet
   facet normal -0.000000e+00 -1.000000e+00 0.000000e+00
      outer loop
         vertex 7.250000e+00 0.000000e+00 8.700961e+00
         vertex 7.035818e+00 0.000000e+00 8.850933e+00
         vertex 0.000000e+00 0.000000e+00 0.000000e+00
      endloop
   endfacet
   facet normal 0.000000e+00 -1.000000e+00 0.000000e+00
      outer loop
         vertex 0.000000e+00 0.000000e+00 0.000000e+00
         vertex 7.035818e+00 0.000000e+00 8.850933e+00
         vertex 6.850932e+00 0.000000e+00 9.035818e+00
      endloop
   endfacet
   facet normal 0.000000e+00 -1.000000e+00 0.000000e+00
      outer loop
         vertex 0.000000e+00 0.000000e+00 0.000000e+00
         vertex 6.850932e+00 0.000000e+00 9.035818e+00
         vertex 6.700961e+00 0.000000e+00 9.249999e+00
      endloop
   endfacet
   facet normal 0.000000e+00 -1.000000e+00 0.000000e+00
      outer loop
         vertex 5.052279e+01 0.000000e+00 2.973953e+01
         vertex 5.050000e+01 0.000000e+00 3.000000e+01
         vertex 7.999999e+00 0.000000e+00 3.150000e+01
      endloop
   endfacet
   facet normal 0.000000e+00 -1.000000e+00 0.000000e+00
      outer loop
         vertex 7.999999e+00 0.000000e+00 3.150000e+01
         vertex 5.050000e+01 0.000000e+00 3.000000e+01
         vertex 5.052279e+01 0.000000e+00 3.026047e+01
      endloop
   endfacet
   facet normal 0.000000e+00 -1.000000e+00 0.000000e+00
      outer loop
         vertex 7.999999e+00 0.000000e+00 3.150000e+01
         vertex 5.052279e+01 0.000000e+00 3.026047e+01
         vertex 0.000000e+00 0.000000e+00 4.000000e+01
      endloop
   endfacet
   facet normal 0.000000e+00 -1.000000e+00 0.000000e+00
      outer loop
         vertex 0.000000e+00 0.000000e+00 4.000000e+01
         vertex 5.052279e+01 0.000000e+00 3.026047e+01
         vertex 5.059046e+01 0.000000e+00 3.051303e+01
      endloop
   endfacet
   facet normal 0.000000e+00 -1.000000e+00 0.000000e+00
      outer loop
         vertex 0.000000e+00 0.000000e+00 4.000000e+01
         vertex 5.059046e+01 0.000000e+00 3.051303e+01
         vertex 5.070096e+01 0.000000e+00 3.075000e+01
      endloop
   endfacet
   facet normal 0.000000e+00 -1.000000e+00 0.000000e+00
      outer loop
         vertex 5.200000e+01 0.000000e+00 3.150000e+01
         vertex 5.226047e+01 0.000000e+00 3.147721e+01
         vertex 6.000000e+01 0.000000e+00 4.000000e+01
      endloop
   endfacet
   facet normal 0.000000e+00 -1.000000e+00 0.000000e+00
      outer loop
         vertex 6.000000e+01 0.000000e+00 4.000000e+01
         vertex 5.226047e+01 0.000000e+00 3.147721e+01
         vertex 5.251303e+01 0.000000e+00 3.140954e+01
      endloop
   endfacet
   facet normal 0.000000e+00 -1.000000e+00 0.000000e+00
      outer loop
         vertex 6.000000e+01 0.000000e+00 4.000000e+01
         vertex 5.251303e+01 0.000000e+00 3.140954e+01
         vertex 5.275000e+01 0.000000e+00 3.129904e+01
      endloop
   endfacet
   facet normal 0.000000e+00 -1.000000e+00 0.000000e+00
      outer loop
         vertex 5.275000e+01 0.000000e+00 3.129904e+01
         vertex 5.296418e+01 0.000000e+00 3.114907e+01
         vertex 6.000000e+01 0.000000e+00 4.000000e+01
      endloop
   endfacet
   facet normal 0.000000e+00 -1.000000e+00 0.000000e+00
      outer loop
         vertex 6.000000e+01 0.000000e+00 4.000000e+01
         vertex 5.296418e+01 0.000000e+00 3.114907e+01
         vertex 5.314907e+01 0.000000e+00 3.096418e+01
      endloop
   endfacet
   facet normal 0.000000e+00 -1.000000e+00 0.000000e+00
      outer loop
         vertex 6.000000e+01 0.000000e+00 4.000000e+01
         vertex 5.314907e+01 0.000000e+00 3.096418e+01
         vertex 5.329904e+01 0.000000e+00 3.075000e+01
      endloop
   endfacet
   facet normal 0.000000e+00 -1.000000e+00 0.000000e+00
      outer loop
         vertex 5.329904e+01 0.000000e+00 3.075000e+01
         vertex 5.340954e+01 0.000000e+00 3.051303e+01
         vertex 6.000000e+01 0.000000e+00 4.000000e+01
      endloop
   endfacet
   facet normal 0.000000e+00 -1.000000e+00 0.000000e+00
      outer loop
         vertex 6.000000e+01 0.000000e+00 4.000000e+01
         vertex 5.340954e+01 0.000000e+00 3.051303e+01
         vertex 5.347721e+01 0.000000e+00 3.026047e+01
      endloop
   endfacet
   facet normal 0.000000e+00 -1.000000e+00 0.000000e+00
      outer loop
         vertex 6.000000e+01 0.000000e+00 4.000000e+01
         vertex 5.347721e+01 0.000000e+00 3.026047e+01
         vertex 5.350000e+01 0.000000e+00 3.000000e+01
      endloop
   endfacet
   facet normal 0.000000e+00 -1.000000e+00 -0.000000e+00
      outer loop
         vertex 9.299038e+00 0.000000e+00 9.249999e+00
         vertex 9.149065e+00 0.000000e+00 9.035818e+00
         vertex 5.070096e+01 0.000000e+00 9.249999e+00
      endloop
   endfacet
   facet normal 0.000000e+00 -1.000000e+00 0.000000e+00
      outer loop
         vertex 5.070096e+01 0.000000e+00 9.249999e+00
         vertex 9.149065e+00 0.000000e+00 9.035818e+00
         vertex 8.964181e+00 0.000000e+00 8.850933e+00
      endloop
   endfacet
   facet normal 0.000000e+00 -1.000000e+00 0.000000e+00
      outer loop
         vertex 5.070096e+01 0.000000e+00 9.249999e+00
         vertex 8.964181e+00 0.000000e+00 8.850933e+00
         vertex 8.749999e+00 0.000000e+00 8.700961e+00
      endloop
   endfacet
   facet normal -0.000000e+00 -1.000000e+00 0.000000e+00
      outer loop
         vertex 6.700961e+00 0.000000e+00 9.249999e+00
         vertex 6.590459e+00 0.000000e+00 9.486970e+00
         vertex 0.000000e+00 0.000000e+00 0.000000e+00
      endloop
   endfacet
   facet normal 0.000000e+00 -1.000000e+00 0.000000e+00
      outer loop
         vertex 0.000000e+00 0.000000e+00 0.000000e+00
         vertex 6.590459e+00 0.000000e+00 9.486970e+00
         vertex 6.522788e+00 0.000000e+00 9.739527e+00
      endloop
   endfacet
   facet normal 0.000000e+00 -1.000000e+00 0.000000e+00
      outer loop
         vertex 0.000000e+00 0.000000e+00 0.000000e+00
         vertex 6.522788e+00 0.000000e+00 9.739527e+00
         vertex 6.500000e+00 0.000000e+00 1.000000e+01
      endloop
   endfacet
   facet normal 0.000000e+00 -1.000000e+00 0.000000e+00
      outer loop
         vertex 5.103582e+01 0.000000e+00 3.114907e+01
         vertex 5.125000e+01 0.000000e+00 3.129904e+01
         vertex 0.000000e+00 0.000000e+00 4.000000e+01
      endloop
   endfacet
   facet normal 0.000000e+00 -1.000000e+00 0.000000e+00
      outer loop
         vertex 0.000000e+00 0.000000e+00 4.000000e+01
         vertex 5.125000e+01 0.000000e+00 3.129904e+01
         vertex 5.148697e+01 0.000000e+00 3.140954e+01
      endloop
   endfacet
   facet normal 0.000000e+00 -1.000000e+00 0.000000e+00
      outer loop
         vertex 0.000000e+00 0.000000e+00 4.000000e+01
         vertex 5.148697e+01 0.000000e+00 3.140954e+01
         vertex 6.000000e+01 0.000000e+00 4.000000e+01
      endloop
   endfacet
   facet normal 0.000000e+00 -1.000000e+00 0.000000e+00
      outer loop
         vertex 6.000000e+01 0.000000e+00 4.000000e+01
         vertex 5.148697e+01 0.000000e+00 3.140954e+01
         vertex 5.173953e+01 0.000000e+00 3.147721e+01
      endloop
   endfacet
   facet normal 0.000000e+00 -1.000000e+00 0.000000e+00
      outer loop
         vertex 6.000000e+01 0.000000e+00 4.000000e+01
         vertex 5.173953e+01 0.000000e+00 3.147721e+01
         vertex 5.200000e+01 0.000000e+00 3.150000e+01
      endloop
   endfacet
   facet normal 0.000000e+00 -1.000000e+00 0.000000e+00
      outer loop
         vertex 5.148697e+01 0.000000e+00 1.140954e+01
         vertex 5.173953e+01 0.000000e+00 1.147721e+01
         vertex 5.347721e+01 0.000000e+00 2.973953e+01
      endloop
   endfacet
   facet normal 0.000000e+00 -1.000000e+00 0.000000e+00
      outer loop
         vertex 5.347721e+01 0.000000e+00 2.973953e+01
         vertex 5.173953e+01 0.000000e+00 1.147721e+01
         vertex 5.200000e+01 0.000000e+00 1.150000e+01
      endloop
   endfacet
   facet normal 0.000000e+00 -1.000000e+00 -0.000000e+00
      outer loop
         vertex 5.347721e+01 0.000000e+00 2.973953e+01
         vertex 5.200000e+01 0.000000e+00 1.150000e+01
         vertex 5.350000e+01 0.000000e+00 3.000000e+01
      endloop
   endfacet
   facet normal 0.000000e+00 -1.000000e+00 0.000000e+00
      outer loop
         vertex 5.350000e+01 0.000000e+00 3.000000e+01
         vertex 5.200000e+01 0.000000e+00 1.150000e+01
         vertex 5.226047e+01 0.000000e+00 1.147721e+01
      endloop
   endfacet
   facet normal 0.000000e+00 -1.000000e+00 -0.000000e+00
      outer loop
         vertex 5.350000e+01 0.000000e+00 3.000000e+01
         vertex 5.226047e+01 0.000000e+00 1.147721e+01
         vertex 6.000000e+01 0.000000e+00 4.000000e+01
      endloop
   endfacet
   facet normal 0.000000e+00 -1.000000e+00 0.000000e+00
      outer loop
         vertex 6.000000e+01 0.000000e+00 4.000000e+01
         vertex 5.226047e+01 0.000000e+00 1.147721e+01
         vertex 5.251303e+01 0.000000e+00 1.140954e+01
      endloop
   endfacet
   facet normal 0.000000e+00 -1.000000e+00 0.000000e+00
      outer loop
         vertex 6.000000e+01 0.000000e+00 4.000000e+01
         vertex 5.251303e+01 0.000000e+00 1.140954e+01
         vertex 5.275000e+01 0.000000e+00 1.129904e+01
      endloop
   endfacet
   facet normal 0.000000e+00 -1.000000e+00 0.000000e+00
      outer loop
         vertex 9.149065e+00 0.000000e+00 3.096418e+01
         vertex 9.299038e+00 0.000000e+00 3.075000e+01
         vertex 5.052279e+01 0.000000e+00 9.739527e+00
      endloop
   endfacet
   facet normal 0.000000e+00 -1.000000e+00 0.000000e+00
      outer loop
         vertex 5.052279e+01 0.000000e+00 9.739527e+00
         vertex 9.299038e+00 0.000000e+00 3.075000e+01
         vertex 9.409538e+00 0.000000e+00 3.051303e+01
      endloop
   endfacet
   facet normal 0.000000e+00 -1.000000e+00 0.000000e+00
      outer loop
         vertex 9.409538e+00 0.000000e+00 3.051303e+01
         vertex 9.477211e+00 0.000000e+00 3.026047e+01
         vertex 5.052279e+01 0.000000e+00 9.739527e+00
      endloop
   endfacet
   facet normal 0.000000e+00 -1.000000e+00 0.000000e+00
      outer loop
         vertex 5.052279e+01 0.000000e+00 9.739527e+00
         vertex 9.477211e+00 0.000000e+00 3.026047e+01
         vertex 9.499999e+00 0.000000e+00 3.000000e+01
      endloop
   endfacet
   facet normal 0.000000e+00 -1.000000e+00 0.000000e+00
      outer loop
         vertex 5.052279e+01 0.000000e+00 9.739527e+00
         vertex 9.499999e+00 0.000000e+00 3.000000e+01
         vertex 9.477211e+00 0.000000e+00 2.973953e+01
      endloop
   endfacet
   facet normal 0.000000e+00 -1.000000e+00 -0.000000e+00
      outer loop
         vertex 7.486969e+00 0.000000e+00 2.859046e+01
         vertex 0.000000e+00 0.000000e+00 0.000000e+00
         vertex 7.739527e+00 0.000000e+00 2.852279e+01
      endloop
   endfacet
   facet normal 0.000000e+00 -1.000000e+00 0.000000e+00
      outer loop
         vertex 7.739527e+00 0.000000e+00 2.852279e+01
         vertex 0.000000e+00 0.000000e+00 0.000000e+00
         vertex 6.500000e+00 0.000000e+00 1.000000e+01
      endloop
   endfacet
   facet normal 0.000000e+00 -1.000000e+00 -0.000000e+00
      outer loop
         vertex 7.739527e+00 0.000000e+00 2.852279e+01
         vertex 6.500000e+00 0.000000e+00 1.000000e+01
         vertex 7.999999e+00 0.000000e+00 2.850000e+01
      endloop
   endfacet
   facet normal 0.000000e+00 -1.000000e+00 0.000000e+00
      outer loop
         vertex 7.999999e+00 0.000000e+00 2.850000e+01
         vertex 6.500000e+00 0.000000e+00 1.000000e+01
         vertex 6.522788e+00 0.000000e+00 1.026047e+01
      endloop
   endfacet
   facet normal 0.000000e+00 -1.000000e+00 0.000000e+00
      outer loop
         vertex 7.999999e+00 0.000000e+00 2.850000e+01
         vertex 6.522788e+00 0.000000e+00 1.026047e+01
         vertex 6.590459e+00 0.000000e+00 1.051303e+01
      endloop
   endfacet
   facet normal -0.000000e+00 -1.000000e+00 0.000000e+00
      outer loop
         vertex 7.250000e+00 0.000000e+00 2.870096e+01
         vertex 7.035818e+00 0.000000e+00 2.885093e+01
         vertex 0.000000e+00 0.000000e+00 0.000000e+00
      endloop
   endfacet
   facet normal 0.000000e+00 -1.000000e+00 0.000000e+00
      outer loop
         vertex 0.000000e+00 0.000000e+00 0.000000e+00
         vertex 7.035818e+00 0.000000e+00 2.885093e+01
         vertex 6.850932e+00 0.000000e+00 2.903582e+01
      endloop
   endfacet
   facet normal 0.000000e+00 -1.000000e+00 0.000000e+00
      outer loop
         vertex 0.000000e+00 0.000000e+00 0.000000e+00
         vertex 6.850932e+00 0.000000e+00 2.903582e+01
         vertex 6.700961e+00 0.000000e+00 2.925000e+01
      endloop
   endfacet
   facet normal -0.000000e+00 -1.000000e+00 0.000000e+00
      outer loop
         vertex 6.700961e+00 0.000000e+00 2.925000e+01
         vertex 6.590459e+00 0.000000e+00 2.948697e+01
         vertex 0.000000e+00 0.000000e+00 0.000000e+00
      endloop
   endfacet
   facet normal 0.000000e+00 -1.000000e+00 0.000000e+00
      outer loop
         vertex 0.000000e+00 0.000000e+00 0.000000e+00
         vertex 6.590459e+00 0.000000e+00 2.948697e+01
         vertex 6.522788e+00 0.000000e+00 2.973953e+01
      endloop
   endfacet
   facet normal 0.000000e+00 -1.000000e+00 0.000000e+00
      outer loop
         vertex 0.000000e+00 0.000000e+00 0.000000e+00
         vertex 6.522788e+00 0.000000e+00 2.973953e+01
         vertex 0.000000e+00 0.000000e+00 4.000000e+01
      endloop
   endfacet
   facet normal 0.000000e+00 -1.000000e+00 0.000000e+00
      outer loop
         vertex 0.000000e+00 0.000000e+00 4.000000e+01
         vertex 6.522788e+00 0.000000e+00 2.973953e+01
         vertex 6.500000e+00 0.000000e+00 3.000000e+01
      endloop
   endfacet
   facet normal 0.000000e+00 -1.000000e+00 0.000000e+00
      outer loop
         vertex 0.000000e+00 0.000000e+00 4.000000e+01
         vertex 6.500000e+00 0.000000e+00 3.000000e+01
         vertex 6.522788e+00 0.000000e+00 3.026047e+01
      endloop
   endfacet
   facet normal -0.000000e+00 -1.000000e+00 0.000000e+00
      outer loop
         vertex 5.103582e+01 0.000000e+00 2.885093e+01
         vertex 5.085093e+01 0.000000e+00 2.903582e+01
         vertex 5.050000e+01 0.000000e+00 1.000000e+01
      endloop
   endfacet
   facet normal 0.000000e+00 -1.000000e+00 0.000000e+00
      outer loop
         vertex 5.050000e+01 0.000000e+00 1.000000e+01
         vertex 5.085093e+01 0.000000e+00 2.903582e+01
         vertex 8.749999e+00 0.000000e+00 3.129904e+01
      endloop
   endfacet
   facet normal -0.000000e+00 -1.000000e+00 -0.000000e+00
      outer loop
         vertex 5.050000e+01 0.000000e+00 1.000000e+01
         vertex 8.749999e+00 0.000000e+00 3.129904e+01
         vertex 5.052279e+01 0.000000e+00 9.739527e+00
      endloop
   endfacet
   facet normal 0.000000e+00 -1.000000e+00 0.000000e+00
      outer loop
         vertex 5.052279e+01 0.000000e+00 9.739527e+00
         vertex 8.749999e+00 0.000000e+00 3.129904e+01
         vertex 8.964181e+00 0.000000e+00 3.114907e+01
      endloop
   endfacet
   facet normal 0.000000e+00 -1.000000e+00 0.000000e+00
      outer loop
         vertex 5.052279e+01 0.000000e+00 9.739527e+00
         vertex 8.964181e+00 0.000000e+00 3.114907e+01
         vertex 9.149065e+00 0.000000e+00 3.096418e+01
      endloop
   endfacet
   facet normal 0.000000e+00 -1.000000e+00 0.000000e+00
      outer loop
         vertex 8.513030e+00 0.000000e+00 1.140954e+01
         vertex 9.477211e+00 0.000000e+00 2.973953e+01
         vertex 9.409538e+00 0.000000e+00 2.948697e+01
      endloop
   endfacet
   facet normal 0.000000e+00 -1.000000e+00 0.000000e+00
      outer loop
         vertex 9.409538e+00 0.000000e+00 2.948697e+01
         vertex 9.299038e+00 0.000000e+00 2.925000e+01
         vertex 8.513030e+00 0.000000e+00 1.140954e+01
      endloop
   endfacet
   facet normal 0.000000e+00 -1.000000e+00 0.000000e+00
      outer loop
         vertex 8.513030e+00 0.000000e+00 1.140954e+01
         vertex 9.299038e+00 0.000000e+00 2.925000e+01
         vertex 9.149065e+00 0.000000e+00 2.903582e+01
      endloop
   endfacet
   facet normal 0.000000e+00 -1.000000e+00 0.000000e+00
      outer loop
         vertex 8.513030e+00 0.000000e+00 1.140954e+01
         vertex 9.149065e+00 0.000000e+00 2.903582e+01
         vertex 8.964181e+00 0.000000e+00 2.885093e+01
      endloop
   endfacet
   facet normal 0.000000e+00 -1.000000e+00 0.000000e+00
      outer loop
         vertex 8.964181e+00 0.000000e+00 2.885093e+01
         vertex 8.749999e+00 0.000000e+00 2.870096e+01
         vertex 8.513030e+00 0.000000e+00 1.140954e+01
      endloop
   endfacet
   facet normal 0.000000e+00 -1.000000e+00 0.000000e+00
      outer loop
         vertex 8.513030e+00 0.000000e+00 1.140954e+01
         vertex 8.749999e+00 0.000000e+00 2.870096e+01
         vertex 8.513030e+00 0.000000e+00 2.859046e+01
      endloop
   endfacet
   facet normal 0.000000e+00 -1.000000e+00 0.000000e+00
      outer loop
         vertex 8.513030e+00 0.000000e+00 1.140954e+01
         vertex 8.513030e+00 0.000000e+00 2.859046e+01
         vertex 8.260472e+00 0.000000e+00 2.852279e+01
      endloop
   endfacet
   facet normal 0.000000e+00 -1.000000e+00 0.000000e+00
      outer loop
         vertex 8.513030e+00 0.000000e+00 1.140954e+01
         vertex 8.749999e+00 0.000000e+00 1.129904e+01
         vertex 9.477211e+00 0.000000e+00 2.973953e+01
      endloop
   endfacet
   facet normal 0.000000e+00 -1.000000e+00 0.000000e+00
      outer loop
         vertex 9.477211e+00 0.000000e+00 2.973953e+01
         vertex 8.749999e+00 0.000000e+00 1.129904e+01
         vertex 8.964181e+00 0.000000e+00 1.114907e+01
      endloop
   endfacet
   facet normal 0.000000e+00 -1.000000e+00 -0.000000e+00
      outer loop
         vertex 9.477211e+00 0.000000e+00 2.973953e+01
         vertex 8.964181e+00 0.000000e+00 1.114907e+01
         vertex 5.052279e+01 0.000000e+00 9.739527e+00
      endloop
   endfacet
   facet normal 0.000000e+00 -1.000000e+00 0.000000e+00
      outer loop
         vertex 5.052279e+01 0.000000e+00 9.739527e+00
         vertex 8.964181e+00 0.000000e+00 1.114907e+01
         vertex 9.149065e+00 0.000000e+00 1.096418e+01
      endloop
   endfacet
   facet normal 0.000000e+00 -1.000000e+00 0.000000e+00
      outer loop
         vertex 5.052279e+01 0.000000e+00 9.739527e+00
         vertex 9.149065e+00 0.000000e+00 1.096418e+01
         vertex 9.299038e+00 0.000000e+00 1.075000e+01
      endloop
   endfacet
   facet normal -0.000000e+00 -1.000000e+00 -0.000000e+00
      outer loop
         vertex 5.052279e+01 0.000000e+00 9.739527e+00
         vertex 9.499999e+00 0.000000e+00 1.000000e+01
         vertex 5.059046e+01 0.000000e+00 9.486970e+00
      endloop
   endfacet
   facet normal 0.000000e+00 -1.000000e+00 0.000000e+00
      outer loop
         vertex 5.059046e+01 0.000000e+00 9.486970e+00
         vertex 9.499999e+00 0.000000e+00 1.000000e+01
         vertex 9.477211e+00 0.000000e+00 9.739527e+00
      endloop
   endfacet
   facet normal -0.000000e+00 -1.000000e+00 -0.000000e+00
      outer loop
         vertex 5.059046e+01 0.000000e+00 9.486970e+00
         vertex 9.477211e+00 0.000000e+00 9.739527e+00
         vertex 5.070096e+01 0.000000e+00 9.249999e+00
      endloop
   endfacet
   facet normal 0.000000e+00 -1.000000e+00 0.000000e+00
      outer loop
         vertex 5.070096e+01 0.000000e+00 9.249999e+00
         vertex 9.477211e+00 0.000000e+00 9.739527e+00
         vertex 9.409538e+00 0.000000e+00 9.486970e+00
      endloop
   endfacet
   facet normal 0.000000e+00 -1.000000e+00 0.000000e+00
      outer loop
         vertex 5.070096e+01 0.000000e+00 9.249999e+00
         vertex 9.409538e+00 0.000000e+00 9.486970e+00
         vertex 9.299038e+00 0.000000e+00 9.249999e+00
      endloop
   endfacet
   facet normal 0.000000e+00 -1.000000e+00 0.000000e+00
      outer loop
         vertex 7.486969e+00 0.000000e+00 1.140954e+01
         vertex 7.739527e+00 0.000000e+00 1.147721e+01
         vertex 7.999999e+00 0.000000e+00 2.850000e+01
      endloop
   endfacet
   facet normal 0.000000e+00 -1.000000e+00 -0.000000e+00
      outer loop
         vertex 7.999999e+00 0.000000e+00 2.850000e+01
         vertex 7.739527e+00 0.000000e+00 1.147721e+01
         vertex 7.999999e+00 0.000000e+00 1.150000e+01
      endloop
   endfacet
   facet normal 0.000000e+00 -1.000000e+00 0.000000e+00
      outer loop
         vertex 7.999999e+00 0.000000e+00 2.850000e+01
         vertex 7.999999e+00 0.000000e+00 1.150000e+01
         vertex 8.260472e+00 0.000000e+00 2.852279e+01
      endloop
   endfacet
   facet normal 0.000000e+00 -1.000000e+00 -0.000000e+00
      outer loop
         vertex 8.260472e+00 0.000000e+00 2.852279e+01
         vertex 7.999999e+00 0.000000e+00 1.150000e+01
         vertex 8.260472e+00 0.000000e+00 1.147721e+01
      endloop
   endfacet
   facet normal 0.000000e+00 -1.000000e+00 0.000000e+00
      outer loop
         vertex 8.260472e+00 0.000000e+00 2.852279e+01
         vertex 8.260472e+00 0.000000e+00 1.147721e+01
         vertex 8.513030e+00 0.000000e+00 1.140954e+01
      endloop
   endfacet
   facet normal 0.000000e+00 -1.000000e+00 0.000000e+00
      outer loop
         vertex 9.299038e+00 0.000000e+00 1.075000e+01
         vertex 9.409538e+00 0.000000e+00 1.051303e+01
         vertex 5.052279e+01 0.000000e+00 9.739527e+00
      endloop
   endfacet
   facet normal 0.000000e+00 -1.000000e+00 0.000000e+00
      outer loop
         vertex 5.052279e+01 0.000000e+00 9.739527e+00
         vertex 9.409538e+00 0.000000e+00 1.051303e+01
         vertex 9.477211e+00 0.000000e+00 1.026047e+01
      endloop
   endfacet
   facet normal 0.000000e+00 -1.000000e+00 0.000000e+00
      outer loop
         vertex 5.052279e+01 0.000000e+00 9.739527e+00
         vertex 9.477211e+00 0.000000e+00 1.026047e+01
         vertex 9.499999e+00 0.000000e+00 1.000000e+01
      endloop
   endfacet
   facet normal 0.000000e+00 0.000000e+00 1.000000e+00
      outer loop
         vertex 2.480731e+01 8.629600e+00 4.000000e+01
         vertex 2.324199e+01 9.484331e+00 4.000000e+01
         vertex 0.000000e+00 0.000000e+00 4.000000e+01
      endloop
   endfacet
   facet normal -0.000000e+00 0.000000e+00 1.000000e+00
      outer loop
         vertex 4.199366e+01 1.647834e+01 4.000000e+01
         vertex 6.000000e+01 0.000000e+00 4.000000e+01
         vertex 4.237277e+01 1.822106e+01 4.000000e+01
      endloop
   endfacet
   facet normal -0.000000e+00 0.000000e+00 1.000000e+00
      outer loop
         vertex 4.237277e+01 1.822106e+01 4.000000e+01
         vertex 6.000000e+01 0.000000e+00 4.000000e+01
         vertex 6.000000e+01 2.000000e+01 4.000000e+01
      endloop
   endfacet
   facet normal 0.000000e+00 0.000000e+00 1.000000e+00
      outer loop
         vertex 4.237277e+01 1.822106e+01 4.000000e+01
         vertex 6.000000e+01 2.000000e+01 4.000000e+01
         vertex 4.250000e+01 2.000000e+01 4.000000e+01
      endloop
   endfacet
   facet normal 0.000000e+00 0.000000e+00 1.000000e+00
      outer loop
         vertex 3.000000e+01 7.500000e+00 4.000000e+01
         vertex 0.000000e+00 0.000000e+00 4.000000e+01
         vertex 6.000000e+01 0.000000e+00 4.000000e+01
      endloop
   endfacet
   facet normal 0.000000e+00 0.000000e+00 1.000000e+00
      outer loop
         vertex 3.000000e+01 7.500000e+00 4.000000e+01
         vertex 2.822106e+01 7.627232e+00 4.000000e+01
         vertex 0.000000e+00 0.000000e+00 4.000000e+01
      endloop
   endfacet
   facet normal 0.000000e+00 0.000000e+00 1.000000e+00
      outer loop
         vertex 0.000000e+00 0.000000e+00 4.000000e+01
         vertex 2.822106e+01 7.627232e+00 4.000000e+01
         vertex 2.647834e+01 8.006338e+00 4.000000e+01
      endloop
   endfacet
   facet normal 0.000000e+00 0.000000e+00 1.000000e+00
      outer loop
         vertex 0.000000e+00 0.000000e+00 4.000000e+01
         vertex 2.647834e+01 8.006338e+00 4.000000e+01
         vertex 2.480731e+01 8.629600e+00 4.000000e+01
      endloop
   endfacet
   facet normal 0.000000e+00 0.000000e+00 1.000000e+00
      outer loop
         vertex 2.324199e+01 9.484331e+00 4.000000e+01
         vertex 2.181424e+01 1.055313e+01 4.000000e+01
         vertex 0.000000e+00 0.000000e+00 4.000000e+01
      endloop
   endfacet
   facet normal 0.000000e+00 0.000000e+00 1.000000e+00
      outer loop
         vertex 0.000000e+00 0.000000e+00 4.000000e+01
         vertex 2.181424e+01 1.055313e+01 4.000000e+01
         vertex 2.055313e+01 1.181424e+01 4.000000e+01
      endloop
   endfacet
   facet normal 0.000000e+00 0.000000e+00 1.000000e+00
      outer loop
         vertex 0.000000e+00 0.000000e+00 4.000000e+01
         vertex 2.055313e+01 1.181424e+01 4.000000e+01
         vertex 1.948433e+01 1.324199e+01 4.000000e+01
      endloop
   endfacet
   facet normal 0.000000e+00 0.000000e+00 1.000000e+00
      outer loop
         vertex 3.519269e+01 8.629600e+00 4.000000e+01
         vertex 3.352166e+01 8.006338e+00 4.000000e+01
         vertex 6.000000e+01 0.000000e+00 4.000000e+01
      endloop
   endfacet
   facet normal 0.000000e+00 0.000000e+00 1.000000e+00
      outer loop
         vertex 6.000000e+01 0.000000e+00 4.000000e+01
         vertex 3.352166e+01 8.006338e+00 4.000000e+01
         vertex 3.177893e+01 7.627232e+00 4.000000e+01
      endloop
   endfacet
   facet normal 0.000000e+00 0.000000e+00 1.000000e+00
      outer loop
         vertex 6.000000e+01 0.000000e+00 4.000000e+01
         vertex 3.177893e+01 7.627232e+00 4.000000e+01
         vertex 3.000000e+01 7.500000e+00 4.000000e+01
      endloop
   endfacet
   facet normal 0.000000e+00 0.000000e+00 1.000000e+00
      outer loop
         vertex 4.199366e+01 1.647834e+01 4.000000e+01
         vertex 4.137040e+01 1.480731e+01 4.000000e+01
         vertex 6.000000e+01 0.000000e+00 4.000000e+01
      endloop
   endfacet
   facet normal 0.000000e+00 0.000000e+00 1.000000e+00
      outer loop
         vertex 6.000000e+01 0.000000e+00 4.000000e+01
         vertex 4.137040e+01 1.480731e+01 4.000000e+01
         vertex 4.051567e+01 1.324199e+01 4.000000e+01
      endloop
   endfacet
   facet normal 0.000000e+00 0.000000e+00 1.000000e+00
      outer loop
         vertex 6.000000e+01 0.000000e+00 4.000000e+01
         vertex 4.051567e+01 1.324199e+01 4.000000e+01
         vertex 3.944687e+01 1.181424e+01 4.000000e+01
      endloop
   endfacet
   facet normal 0.000000e+00 0.000000e+00 1.000000e+00
      outer loop
         vertex 3.944687e+01 1.181424e+01 4.000000e+01
         vertex 3.818576e+01 1.055313e+01 4.000000e+01
         vertex 6.000000e+01 0.000000e+00 4.000000e+01
      endloop
   endfacet
   facet normal 0.000000e+00 0.000000e+00 1.000000e+00
      outer loop
         vertex 6.000000e+01 0.000000e+00 4.000000e+01
         vertex 3.818576e+01 1.055313e+01 4.000000e+01
         vertex 3.675801e+01 9.484331e+00 4.000000e+01
      endloop
   endfacet
   facet normal 0.000000e+00 0.000000e+00 1.000000e+00
      outer loop
         vertex 6.000000e+01 0.000000e+00 4.000000e+01
         vertex 3.675801e+01 9.484331e+00 4.000000e+01
         vertex 3.519269e+01 8.629600e+00 4.000000e+01
      endloop
   endfacet
   facet normal 0.000000e+00 0.000000e+00 1.000000e+00
      outer loop
         vertex 1.948433e+01 1.324199e+01 4.000000e+01
         vertex 1.862960e+01 1.480731e+01 4.000000e+01
         vertex 0.000000e+00 0.000000e+00 4.000000e+01
      endloop
   endfacet
   facet normal 0.000000e+00 0.000000e+00 1.000000e+00
      outer loop
         vertex 0.000000e+00 0.000000e+00 4.000000e+01
         vertex 1.862960e+01 1.480731e+01 4.000000e+01
         vertex 1.800634e+01 1.647834e+01 4.000000e+01
      endloop
   endfacet
   facet normal 0.000000e+00 0.000000e+00 1.000000e+00
      outer loop
         vertex 0.000000e+00 0.000000e+00 4.000000e+01
         vertex 1.800634e+01 1.647834e+01 4.000000e+01
         vertex 0.000000e+00 2.000000e+01 4.000000e+01
      endloop
   endfacet
   facet normal 0.000000e+00 0.000000e+00 1.000000e+00
      outer loop
         vertex 0.000000e+00 2.000000e+01 4.000000e+01
         vertex 1.800634e+01 1.647834e+01 4.000000e+01
         vertex 1.762723e+01 1.822106e+01 4.000000e+01
      endloop
   endfacet
   facet normal -0.000000e+00 0.000000e+00 1.000000e+00
      outer loop
         vertex 0.000000e+00 2.000000e+01 4.000000e+01
         vertex 1.762723e+01 1.822106e+01 4.000000e+01
         vertex 1.750000e+01 2.000000e+01 4.000000e+01
      endloop
   endfacet
   facet normal 0.000000e+00 -0.000000e+00 -1.000000e+00
      outer loop
         vertex 2.480731e+01 8.629600e+00 0.000000e+00
         vertex 2.647834e+01 8.006338e+00 0.000000e+00
         vertex 0.000000e+00 0.000000e+00 0.000000e+00
      endloop
   endfacet
   facet normal 0.000000e+00 0.000000e+00 -1.000000e+00
      outer loop
         vertex 0.000000e+00 2.000000e+01 0.000000e+00
         vertex 1.750000e+01 2.000000e+01 0.000000e+00
         vertex 1.762723e+01 1.822106e+01 0.000000e+00
      endloop
   endfacet
   facet normal 0.000000e+00 -0.000000e+00 -1.000000e+00
      outer loop
         vertex 1.862960e+01 1.480731e+01 0.000000e+00
         vertex 1.948433e+01 1.324199e+01 0.000000e+00
         vertex 0.000000e+00 0.000000e+00 0.000000e+00
      endloop
   endfacet
   facet normal 0.000000e+00 0.000000e+00 -1.000000e+00
      outer loop
         vertex 0.000000e+00 0.000000e+00 0.000000e+00
         vertex 1.948433e+01 1.324199e+01 0.000000e+00
         vertex 2.055313e+01 1.181424e+01 0.000000e+00
      endloop
   endfacet
   facet normal 0.000000e+00 0.000000e+00 -1.000000e+00
      outer loop
         vertex 3.352166e+01 8.006338e+00 0.000000e+00
         vertex 3.519269e+01 8.629600e+00 0.000000e+00
         vertex 6.000000e+01 0.000000e+00 0.000000e+00
      endloop
   endfacet
   facet normal 0.000000e+00 0.000000e+00 -1.000000e+00
      outer loop
         vertex 6.000000e+01 0.000000e+00 0.000000e+00
         vertex 4.199366e+01 1.647834e+01 0.000000e+00
         vertex 6.000000e+01 2.000000e+01 0.000000e+00
      endloop
   endfacet
   facet normal 0.000000e+00 0.000000e+00 -1.000000e+00
      outer loop
         vertex 6.000000e+01 2.000000e+01 0.000000e+00
         vertex 4.199366e+01 1.647834e+01 0.000000e+00
         vertex 4.237277e+01 1.822106e+01 0.000000e+00
      endloop
   endfacet
   facet normal -0.000000e+00 0.000000e+00 -1.000000e+00
      outer loop
         vertex 6.000000e+01 2.000000e+01 0.000000e+00
         vertex 4.237277e+01 1.822106e+01 0.000000e+00
         vertex 4.250000e+01 2.000000e+01 0.000000e+00
      endloop
   endfacet
   facet normal 0.000000e+00 -0.000000e+00 -1.000000e+00
      outer loop
         vertex 2.055313e+01 1.181424e+01 0.000000e+00
         vertex 2.181424e+01 1.055313e+01 0.000000e+00
         vertex 0.000000e+00 0.000000e+00 0.000000e+00
      endloop
   endfacet
   facet normal 0.000000e+00 0.000000e+00 -1.000000e+00
      outer loop
         vertex 0.000000e+00 0.000000e+00 0.000000e+00
         vertex 2.181424e+01 1.055313e+01 0.000000e+00
         vertex 2.324199e+01 9.484331e+00 0.000000e+00
      endloop
   endfacet
   facet normal 0.000000e+00 0.000000e+00 -1.000000e+00
      outer loop
         vertex 0.000000e+00 0.000000e+00 0.000000e+00
         vertex 2.324199e+01 9.484331e+00 0.000000e+00
         vertex 2.480731e+01 8.629600e+00 0.000000e+00
      endloop
   endfacet
   facet normal 0.000000e+00 -0.000000e+00 -1.000000e+00
      outer loop
         vertex 2.647834e+01 8.006338e+00 0.000000e+00
         vertex 2.822106e+01 7.627232e+00 0.000000e+00
         vertex 0.000000e+00 0.000000e+00 0.000000e+00
      endloop
   endfacet
   facet normal 0.000000e+00 0.000000e+00 -1.000000e+00
      outer loop
         vertex 0.000000e+00 0.000000e+00 0.000000e+00
         vertex 2.822106e+01 7.627232e+00 0.000000e+00
         vertex 3.000000e+01 7.500000e+00 0.000000e+00
      endloop
   endfacet
   facet normal 0.000000e+00 0.000000e+00 -1.000000e+00
      outer loop
         vertex 0.000000e+00 0.000000e+00 0.000000e+00
         vertex 3.000000e+01 7.500000e+00 0.000000e+00
         vertex 6.000000e+01 0.000000e+00 0.000000e+00
      endloop
   endfacet
   facet normal 0.000000e+00 0.000000e+00 -1.000000e+00
      outer loop
         vertex 6.000000e+01 0.000000e+00 0.000000e+00
         vertex 3.000000e+01 7.500000e+00 0.000000e+00
         vertex 3.177893e+01 7.627232e+00 0.000000e+00
      endloop
   endfacet
   facet normal 0.000000e+00 0.000000e+00 -1.000000e+00
      outer loop
         vertex 6.000000e+01 0.000000e+00 0.000000e+00
         vertex 3.177893e+01 7.627232e+00 0.000000e+00
         vertex 3.352166e+01 8.006338e+00 0.000000e+00
      endloop
   endfacet
   facet normal 0.000000e+00 0.000000e+00 -1.000000e+00
      outer loop
         vertex 3.519269e+01 8.629600e+00 0.000000e+00
         vertex 3.675801e+01 9.484331e+00 0.000000e+00
         vertex 6.000000e+01 0.000000e+00 0.000000e+00
      endloop
   endfacet
   facet normal 0.000000e+00 0.000000e+00 -1.000000e+00
      outer loop
         vertex 6.000000e+01 0.000000e+00 0.000000e+00
         vertex 3.675801e+01 9.484331e+00 0.000000e+00
         vertex 3.818576e+01 1.055313e+01 0.000000e+00
      endloop
   endfacet
   facet normal 0.000000e+00 0.000000e+00 -1.000000e+00
      outer loop
         vertex 6.000000e+01 0.000000e+00 0.000000e+00
         vertex 3.818576e+01 1.055313e+01 0.000000e+00
         vertex 3.944687e+01 1.181424e+01 0.000000e+00
      endloop
   endfacet
   facet normal 0.000000e+00 0.000000e+00 -1.000000e+00
      outer loop
         vertex 0.000000e+00 2.000000e+01 0.000000e+00
         vertex 1.762723e+01 1.822106e+01 0.000000e+00
         vertex 0.000000e+00 0.000000e+00 0.000000e+00
      endloop
   endfacet
   facet normal 0.000000e+00 0.000000e+00 -1.000000e+00
      outer loop
         vertex 0.000000e+00 0.000000e+00 0.000000e+00
         vertex 1.762723e+01 1.822106e+01 0.000000e+00
         vertex 1.800634e+01 1.647834e+01 0.000000e+00
      endloop
   endfacet
   facet normal 0.000000e+00 0.000000e+00 -1.000000e+00
      outer loop
         vertex 0.000000e+00 0.000000e+00 0.000000e+00
         vertex 1.800634e+01 1.647834e+01 0.000000e+00
         vertex 1.862960e+01 1.480731e+01 0.000000e+00
      endloop
   endfacet
   facet normal 0.000000e+00 0.000000e+00 -1.000000e+00
      outer loop
         vertex 3.944687e+01 1.181424e+01 0.000000e+00
         vertex 4.051567e+01 1.324199e+01 0.000000e+00
         vertex 6.000000e+01 0.000000e+00 0.000000e+00
      endloop
   endfacet
   facet normal 0.000000e+00 0.000000e+00 -1.000000e+00
      outer loop
         vertex 6.000000e+01 0.000000e+00 0.000000e+00
         vertex 4.051567e+01 1.324199e+01 0.000000e+00
         vertex 4.137040e+01 1.480731e+01 0.000000e+00
      endloop
   endfacet
   facet normal 0.000000e+00 0.000000e+00 -1.000000e+00
      outer loop
         vertex 6.000000e+01 0.000000e+00 0.000000e+00
         vertex 4.137040e+01 1.480731e+01 0.000000e+00
         vertex 4.199366e+01 1.647834e+01 0.000000e+00
      endloop
   endfacet
   facet normal 9.974521e-01 7.133905e-02 -0.000000e+00
      outer loop
         vertex 1.750000e+01 2.000000e+01 0.000000e+00
         vertex 1.750000e+01 2.000000e+01 4.000000e+01
         vertex 1.762723e+01 1.822106e+01 0.000000e+00
      endloop
   endfacet
   facet normal 9.974521e-01 7.133905e-02 -0.000000e+00
      outer loop
         vertex 1.762723e+01 1.822106e+01 0.000000e+00
         vertex 1.750000e+01 2.000000e+01 4.000000e+01
         vertex 1.762723e+01 1.822106e+01 4.000000e+01
      endloop
   endfacet
   facet normal 9.771468e-01 2.125654e-01 -0.000000e+00
      outer loop
         vertex 1.762723e+01 1.822106e+01 0.000000e+00
         vertex 1.762723e+01 1.822106e+01 4.000000e+01
         vertex 1.800634e+01 1.647834e+01 0.000000e+00
      endloop
   endfacet
   facet normal 9.771468e-01 2.125654e-01 -0.000000e+00
      outer loop
         vertex 1.800634e+01 1.647834e+01 0.000000e+00
         vertex 1.762723e+01 1.822106e+01 4.000000e+01
         vertex 1.800634e+01 1.647834e+01 4.000000e+01
      endloop
   endfacet
   facet normal 9.369497e-01 3.494643e-01 -0.000000e+00
      outer loop
         vertex 1.800634e+01 1.647834e+01 0.000000e+00
         vertex 1.800634e+01 1.647834e+01 4.000000e+01
         vertex 1.862960e+01 1.480731e+01 0.000000e+00
      endloop
   endfacet
   facet normal 9.369497e-01 3.494643e-01 -0.000000e+00
      outer loop
         vertex 1.862960e+01 1.480731e+01 0.000000e+00
         vertex 1.800634e+01 1.647834e+01 4.000000e+01
         vertex 1.862960e+01 1.480731e+01 4.000000e+01
      endloop
   endfacet
   facet normal 8.776791e-01 4.792489e-01 -0.000000e+00
      outer loop
         vertex 1.862960e+01 1.480731e+01 0.000000e+00
         vertex 1.862960e+01 1.480731e+01 4.000000e+01
         vertex 1.948433e+01 1.324199e+01 0.000000e+00
      endloop
   endfacet
   facet normal 8.776791e-01 4.792489e-01 -0.000000e+00
      outer loop
         vertex 1.948433e+01 1.324199e+01 0.000000e+00
         vertex 1.862960e+01 1.480731e+01 4.000000e+01
         vertex 1.948433e+01 1.324199e+01 4.000000e+01
      endloop
   endfacet
   facet normal 8.005412e-01 5.992778e-01 -0.000000e+00
      outer loop
         vertex 1.948433e+01 1.324199e+01 0.000000e+00
         vertex 1.948433e+01 1.324199e+01 4.000000e+01
         vertex 2.055313e+01 1.181424e+01 0.000000e+00
      endloop
   endfacet
   facet normal 8.005412e-01 5.992778e-01 -0.000000e+00
      outer loop
         vertex 2.055313e+01 1.181424e+01 0.000000e+00
         vertex 1.948433e+01 1.324199e+01 4.000000e+01
         vertex 2.055313e+01 1.181424e+01 4.000000e+01
      endloop
   endfacet
   facet normal 7.071068e-01 7.071068e-01 -0.000000e+00
      outer loop
         vertex 2.055313e+01 1.181424e+01 0.000000e+00
         vertex 2.055313e+01 1.181424e+01 4.000000e+01
         vertex 2.181424e+01 1.055313e+01 0.000000e+00
      endloop
   endfacet
   facet normal 7.071068e-01 7.071068e-01 -0.000000e+00
      outer loop
         vertex 2.181424e+01 1.055313e+01 0.000000e+00
         vertex 2.055313e+01 1.181424e+01 4.000000e+01
         vertex 2.181424e+01 1.055313e+01 4.000000e+01
      endloop
   endfacet
   facet normal 5.992776e-01 8.005413e-01 -0.000000e+00
      outer loop
         vertex 2.181424e+01 1.055313e+01 0.000000e+00
         vertex 2.181424e+01 1.055313e+01 4.000000e+01
         vertex 2.324199e+01 9.484331e+00 0.000000e+00
      endloop
   endfacet
   facet normal 5.992776e-01 8.005413e-01 -0.000000e+00
      outer loop
         vertex 2.324199e+01 9.484331e+00 0.000000e+00
         vertex 2.181424e+01 1.055313e+01 4.000000e+01
         vertex 2.324199e+01 9.484331e+00 4.000000e+01
      endloop
   endfacet
   facet normal 4.792491e-01 8.776790e-01 -0.000000e+00
      outer loop
         vertex 2.324199e+01 9.484331e+00 0.000000e+00
         vertex 2.324199e+01 9.484331e+00 4.000000e+01
         vertex 2.480731e+01 8.629600e+00 0.000000e+00
      endloop
   endfacet
   facet normal 4.792491e-01 8.776790e-01 -0.000000e+00
      outer loop
         vertex 2.480731e+01 8.629600e+00 0.000000e+00
         vertex 2.324199e+01 9.484331e+00 4.000000e+01
         vertex 2.480731e+01 8.629600e+00 4.000000e+01
      endloop
   endfacet
   facet normal 3.494642e-01 9.369497e-01 -0.000000e+00
      outer loop
         vertex 2.480731e+01 8.629600e+00 0.000000e+00
         vertex 2.480731e+01 8.629600e+00 4.000000e+01
         vertex 2.647834e+01 8.006338e+00 0.000000e+00
      endloop
   endfacet
   facet normal 3.494642e-01 9.369497e-01 -0.000000e+00
      outer loop
         vertex 2.647834e+01 8.006338e+00 0.000000e+00
         vertex 2.480731e+01 8.629600e+00 4.000000e+01
         vertex 2.647834e+01 8.006338e+00 4.000000e+01
      endloop
   endfacet
   facet normal 2.125653e-01 9.771469e-01 -0.000000e+00
      outer loop
         vertex 2.647834e+01 8.006338e+00 0.000000e+00
         vertex 2.647834e+01 8.006338e+00 4.000000e+01
         vertex 2.822106e+01 7.627232e+00 0.000000e+00
      endloop
   endfacet
   facet normal 2.125653e-01 9.771469e-01 -0.000000e+00
      outer loop
         vertex 2.822106e+01 7.627232e+00 0.000000e+00
         vertex 2.647834e+01 8.006338e+00 4.000000e+01
         vertex 2.822106e+01 7.627232e+00 4.000000e+01
      endloop
   endfacet
   facet normal 7.133916e-02 9.974521e-01 -0.000000e+00
      outer loop
         vertex 2.822106e+01 7.627232e+00 0.000000e+00
         vertex 2.822106e+01 7.627232e+00 4.000000e+01
         vertex 3.000000e+01 7.500000e+00 0.000000e+00
      endloop
   endfacet
   facet normal 7.133916e-02 9.974521e-01 -0.000000e+00
      outer loop
         vertex 3.000000e+01 7.500000e+00 0.000000e+00
         vertex 2.822106e+01 7.627232e+00 4.000000e+01
         vertex 3.000000e+01 7.500000e+00 4.000000e+01
      endloop
   endfacet
   facet normal -7.133916e-02 9.974521e-01 0.000000e+00
      outer loop
         vertex 3.000000e+01 7.500000e+00 0.000000e+00
         vertex 3.000000e+01 7.500000e+00 4.000000e+01
         vertex 3.177893e+01 7.627232e+00 0.000000e+00
      endloop
   endfacet
   facet normal -7.133916e-02 9.974521e-01 0.000000e+00
      outer loop
         vertex 3.177893e+01 7.627232e+00 0.000000e+00
         vertex 3.000000e+01 7.500000e+00 4.000000e+01
         vertex 3.177893e+01 7.627232e+00 4.000000e+01
      endloop
   endfacet
   facet normal -2.125653e-01 9.771469e-01 0.000000e+00
      outer loop
         vertex 3.177893e+01 7.627232e+00 0.000000e+00
         vertex 3.177893e+01 7.627232e+00 4.000000e+01
         vertex 3.352166e+01 8.006338e+00 0.000000e+00
      endloop
   endfacet
   facet normal -2.125653e-01 9.771469e-01 0.000000e+00
      outer loop
         vertex 3.352166e+01 8.006338e+00 0.000000e+00
         vertex 3.177893e+01 7.627232e+00 4.000000e+01
         vertex 3.352166e+01 8.006338e+00 4.000000e+01
      endloop
   endfacet
   facet normal -3.494642e-01 9.369497e-01 0.000000e+00
      outer loop
         vertex 3.352166e+01 8.006338e+00 0.000000e+00
         vertex 3.352166e+01 8.006338e+00 4.000000e+01
         vertex 3.519269e+01 8.629600e+00 0.000000e+00
      endloop
   endfacet
   facet normal -3.494642e-01 9.369497e-01 0.000000e+00
      outer loop
         vertex 3.519269e+01 8.629600e+00 0.000000e+00
         vertex 3.352166e+01 8.006338e+00 4.000000e+01
         vertex 3.519269e+01 8.629600e+00 4.000000e+01
      endloop
   endfacet
   facet normal -4.792491e-01 8.776790e-01 0.000000e+00
      outer loop
         vertex 3.519269e+01 8.629600e+00 0.000000e+00
         vertex 3.519269e+01 8.629600e+00 4.000000e+01
         vertex 3.675801e+01 9.484331e+00 0.000000e+00
      endloop
   endfacet
   facet normal -4.792491e-01 8.776790e-01 0.000000e+00
      outer loop
         vertex 3.675801e+01 9.484331e+00 0.000000e+00
         vertex 3.519269e+01 8.629600e+00 4.000000e+01
         vertex 3.675801e+01 9.484331e+00 4.000000e+01
      endloop
   endfacet
   facet normal -5.992776e-01 8.005413e-01 0.000000e+00
      outer loop
         vertex 3.675801e+01 9.484331e+00 0.000000e+00
         vertex 3.675801e+01 9.484331e+00 4.000000e+01
         vertex 3.818576e+01 1.055313e+01 0.000000e+00
      endloop
   endfacet
   facet normal -5.992776e-01 8.005413e-01 0.000000e+00
      outer loop
         vertex 3.818576e+01 1.055313e+01 0.000000e+00
         vertex 3.675801e+01 9.484331e+00 4.000000e+01
         vertex 3.818576e+01 1.055313e+01 4.000000e+01
      endloop
   endfacet
   facet normal -7.071068e-01 7.071068e-01 0.000000e+00
      outer loop
         vertex 3.818576e+01 1.055313e+01 0.000000e+00
         vertex 3.818576e+01 1.055313e+01 4.000000e+01
         vertex 3.944687e+01 1.181424e+01 0.000000e+00
      endloop
   endfacet
   facet normal -7.071068e-01 7.071068e-01 0.000000e+00
      outer loop
         vertex 3.944687e+01 1.181424e+01 0.000000e+00
         vertex 3.818576e+01 1.055313e+01 4.000000e+01
         vertex 3.944687e+01 1.181424e+01 4.000000e+01
      endloop
   endfacet
   facet normal -8.005412e-01 5.992778e-01 0.000000e+00
      outer loop
         vertex 3.944687e+01 1.181424e+01 0.000000e+00
         vertex 3.944687e+01 1.181424e+01 4.000000e+01
         vertex 4.051567e+01 1.324199e+01 0.000000e+00
      endloop
   endfacet
   facet normal -8.005412e-01 5.992778e-01 0.000000e+00
      outer loop
         vertex 4.051567e+01 1.324199e+01 0.000000e+00
         vertex 3.944687e+01 1.181424e+01 4.000000e+01
         vertex 4.051567e+01 1.324199e+01 4.000000e+01
      endloop
   endfacet
   facet normal -8.776791e-01 4.792489e-01 0.000000e+00
      outer loop
         vertex 4.051567e+01 1.324199e+01 0.000000e+00
         vertex 4.051567e+01 1.324199e+01 4.000000e+01
         vertex 4.137040e+01 1.480731e+01 0.000000e+00
      endloop
   endfacet
   facet normal -8.776791e-01 4.792489e-01 0.000000e+00
      outer loop
         vertex 4.137040e+01 1.480731e+01 0.000000e+00
         vertex 4.051567e+01 1.324199e+01 4.000000e+01
         vertex 4.137040e+01 1.480731e+01 4.000000e+01
      endloop
   endfacet
   facet normal -9.369497e-01 3.494643e-01 0.000000e+00
      outer loop
         vertex 4.137040e+01 1.480731e+01 0.000000e+00
         vertex 4.137040e+01 1.480731e+01 4.000000e+01
         vertex 4.199366e+01 1.647834e+01 0.000000e+00
      endloop
   endfacet
   facet normal -9.369497e-01 3.494643e-01 0.000000e+00
      outer loop
         vertex 4.199366e+01 1.647834e+01 0.000000e+00
         vertex 4.137040e+01 1.480731e+01 4.000000e+01
         vertex 4.199366e+01 1.647834e+01 4.000000e+01
      endloop
   endfacet
   facet normal -9.771468e-01 2.125654e-01 0.000000e+00
      outer loop
         vertex 4.199366e+01 1.647834e+01 0.000000e+00
         vertex 4.199366e+01 1.647834e+01 4.000000e+01
         vertex 4.237277e+01 1.822106e+01 0.000000e+00
      endloop
   endfacet
   facet normal -9.771468e-01 2.125654e-01 0.000000e+00
      outer loop
         vertex 4.237277e+01 1.822106e+01 0.000000e+00
         vertex 4.199366e+01 1.647834e+01 4.000000e+01
         vertex 4.237277e+01 1.822106e+01 4.000000e+01
      endloop
   endfacet
   facet normal -9.974521e-01 7.133905e-02 0.000000e+00
      outer loop
         vertex 4.237277e+01 1.822106e+01 0.000000e+00
         vertex 4.237277e+01 1.822106e+01 4.000000e+01
         vertex 4.250000e+01 2.000000e+01 0.000000e+00
      endloop
   endfacet
   facet normal -9.974521e-01 7.133905e-02 0.000000e+00
      outer loop
         vertex 4.250000e+01 2.000000e+01 0.000000e+00
         vertex 4.237277e+01 1.822106e+01 4.000000e+01
         vertex 4.250000e+01 2.000000e+01 4.000000e+01
      endloop
   endfacet
   facet normal -8.715281e-02 0.000000e+00 -9.961950e-01
      outer loop
         vertex 5.200000e+01 0.000000e+00 1.150000e+01
         vertex 5.200000e+01 2.000000e+01 1.150000e+01
         vertex 5.226047e+01 0.000000e+00 1.147721e+01
      endloop
   endfacet
   facet normal -8.715281e-02 0.000000e+00 -9.961950e-01
      outer loop
         vertex 5.226047e+01 0.000000e+00 1.147721e+01
         vertex 5.200000e+01 2.000000e+01 1.150000e+01
         vertex 5.226047e+01 2.000000e+01 1.147721e+01
      endloop
   endfacet
   facet normal -2.588191e-01 0.000000e+00 -9.659258e-01
      outer loop
         vertex 5.226047e+01 0.000000e+00 1.147721e+01
         vertex 5.226047e+01 2.000000e+01 1.147721e+01
         vertex 5.251303e+01 0.000000e+00 1.140954e+01
      endloop
   endfacet
   facet normal -2.588191e-01 0.000000e+00 -9.659258e-01
      outer loop
         vertex 5.251303e+01 0.000000e+00 1.140954e+01
         vertex 5.226047e+01 2.000000e+01 1.147721e+01
         vertex 5.251303e+01 2.000000e+01 1.140954e+01
      endloop
   endfacet
   facet normal -4.226206e-01 0.000000e+00 -9.063067e-01
      outer loop
         vertex 5.251303e+01 0.000000e+00 1.140954e+01
         vertex 5.251303e+01 2.000000e+01 1.140954e+01
         vertex 5.275000e+01 0.000000e+00 1.129904e+01
      endloop
   endfacet
   facet normal -4.226206e-01 0.000000e+00 -9.063067e-01
      outer loop
         vertex 5.275000e+01 0.000000e+00 1.129904e+01
         vertex 5.251303e+01 2.000000e+01 1.140954e+01
         vertex 5.275000e+01 2.000000e+01 1.129904e+01
      endloop
   endfacet
   facet normal -5.735742e-01 0.000000e+00 -8.191536e-01
      outer loop
         vertex 5.275000e+01 0.000000e+00 1.129904e+01
         vertex 5.275000e+01 2.000000e+01 1.129904e+01
         vertex 5.296418e+01 0.000000e+00 1.114907e+01
      endloop
   endfacet
   facet normal -5.735742e-01 0.000000e+00 -8.191536e-01
      outer loop
         vertex 5.296418e+01 0.000000e+00 1.114907e+01
         vertex 5.275000e+01 2.000000e+01 1.129904e+01
         vertex 5.296418e+01 2.000000e+01 1.114907e+01
      endloop
   endfacet
   facet normal -7.071050e-01 0.000000e+00 -7.071086e-01
      outer loop
         vertex 5.296418e+01 0.000000e+00 1.114907e+01
         vertex 5.296418e+01 2.000000e+01 1.114907e+01
         vertex 5.314907e+01 0.000000e+00 1.096418e+01
      endloop
   endfacet
   facet normal -7.071050e-01 0.000000e+00 -7.071086e-01
      outer loop
         vertex 5.314907e+01 0.000000e+00 1.096418e+01
         vertex 5.296418e+01 2.000000e+01 1.114907e+01
         vertex 5.314907e+01 2.000000e+01 1.096418e+01
      endloop
   endfacet
   facet normal -8.191536e-01 0.000000e+00 -5.735742e-01
      outer loop
         vertex 5.314907e+01 0.000000e+00 1.096418e+01
         vertex 5.314907e+01 2.000000e+01 1.096418e+01
         vertex 5.329904e+01 0.000000e+00 1.075000e+01
      endloop
   endfacet
   facet normal -8.191536e-01 0.000000e+00 -5.735742e-01
      outer loop
         vertex 5.329904e+01 0.000000e+00 1.075000e+01
         vertex 5.314907e+01 2.000000e+01 1.096418e+01
         vertex 5.329904e+01 2.000000e+01 1.075000e+01
      endloop
   endfacet
   facet normal -9.063067e-01 0.000000e+00 -4.226206e-01
      outer loop
         vertex 5.329904e+01 0.000000e+00 1.075000e+01
         vertex 5.329904e+01 2.000000e+01 1.075000e+01
         vertex 5.340954e+01 0.000000e+00 1.051303e+01
      endloop
   endfacet
   facet normal -9.063067e-01 0.000000e+00 -4.226206e-01
      outer loop
         vertex 5.340954e+01 0.000000e+00 1.051303e+01
         vertex 5.329904e+01 2.000000e+01 1.075000e+01
         vertex 5.340954e+01 2.000000e+01 1.051303e+01
      endloop
   endfacet
   facet normal -9.659267e-01 0.000000e+00 -2.588157e-01
      outer loop
         vertex 5.340954e+01 0.000000e+00 1.051303e+01
         vertex 5.340954e+01 2.000000e+01 1.051303e+01
         vertex 5.347721e+01 0.000000e+00 1.026047e+01
      endloop
   endfacet
   facet normal -9.659267e-01 0.000000e+00 -2.588157e-01
      outer loop
         vertex 5.347721e+01 0.000000e+00 1.026047e+01
         vertex 5.340954e+01 2.000000e+01 1.051303e+01
         vertex 5.347721e+01 2.000000e+01 1.026047e+01
      endloop
   endfacet
   facet normal -9.961950e-01 0.000000e+00 -8.715281e-02
      outer loop
         vertex 5.347721e+01 0.000000e+00 1.026047e+01
         vertex 5.347721e+01 2.000000e+01 1.026047e+01
         vertex 5.350000e+01 0.000000e+00 1.000000e+01
      endloop
   endfacet
   facet normal -9.961950e-01 0.000000e+00 -8.715281e-02
      outer loop
         vertex 5.350000e+01 0.000000e+00 1.000000e+01
         vertex 5.347721e+01 2.000000e+01 1.026047e+01
         vertex 5.350000e+01 2.000000e+01 1.000000e+01
      endloop
   endfacet
   facet normal -9.961950e-01 0.000000e+00 8.715281e-02
      outer loop
         vertex 5.350000e+01 0.000000e+00 1.000000e+01
         vertex 5.350000e+01 2.000000e+01 1.000000e+01
         vertex 5.347721e+01 0.000000e+00 9.739527e+00
      endloop
   endfacet
   facet normal -9.961950e-01 0.000000e+00 8.715281e-02
      outer loop
         vertex 5.347721e+01 0.000000e+00 9.739527e+00
         vertex 5.350000e+01 2.000000e+01 1.000000e+01
         vertex 5.347721e+01 2.000000e+01 9.739527e+00
      endloop
   endfacet
   facet normal -9.659267e-01 0.000000e+00 2.588157e-01
      outer loop
         vertex 5.347721e+01 0.000000e+00 9.739527e+00
         vertex 5.347721e+01 2.000000e+01 9.739527e+00
         vertex 5.340954e+01 0.000000e+00 9.486970e+00
      endloop
   endfacet
   facet normal -9.659267e-01 0.000000e+00 2.588157e-01
      outer loop
         vertex 5.340954e+01 0.000000e+00 9.486970e+00
         vertex 5.347721e+01 2.000000e+01 9.739527e+00
         vertex 5.340954e+01 2.000000e+01 9.486970e+00
      endloop
   endfacet
   facet normal -9.063073e-01 0.000000e+00 4.226193e-01
      outer loop
         vertex 5.340954e+01 0.000000e+00 9.486970e+00
         vertex 5.340954e+01 2.000000e+01 9.486970e+00
         vertex 5.329904e+01 0.000000e+00 9.249999e+00
      endloop
   endfacet
   facet normal -9.063073e-01 0.000000e+00 4.226193e-01
      outer loop
         vertex 5.329904e+01 0.000000e+00 9.249999e+00
         vertex 5.340954e+01 2.000000e+01 9.486970e+00
         vertex 5.329904e+01 2.000000e+01 9.249999e+00
      endloop
   endfacet
   facet normal -8.191524e-01 0.000000e+00 5.735759e-01
      outer loop
         vertex 5.329904e+01 0.000000e+00 9.249999e+00
         vertex 5.329904e+01 2.000000e+01 9.249999e+00
         vertex 5.314907e+01 0.000000e+00 9.035818e+00
      endloop
   endfacet
   facet normal -8.191524e-01 0.000000e+00 5.735759e-01
      outer loop
         vertex 5.314907e+01 0.000000e+00 9.035818e+00
         vertex 5.329904e+01 2.000000e+01 9.249999e+00
         vertex 5.314907e+01 2.000000e+01 9.035818e+00
      endloop
   endfacet
   facet normal -7.071050e-01 0.000000e+00 7.071086e-01
      outer loop
         vertex 5.314907e+01 0.000000e+00 9.035818e+00
         vertex 5.314907e+01 2.000000e+01 9.035818e+00
         vertex 5.296418e+01 0.000000e+00 8.850933e+00
      endloop
   endfacet
   facet normal -7.071050e-01 0.000000e+00 7.071086e-01
      outer loop
         vertex 5.296418e+01 0.000000e+00 8.850933e+00
         vertex 5.314907e+01 2.000000e+01 9.035818e+00
         vertex 5.296418e+01 2.000000e+01 8.850933e+00
      endloop
   endfacet
   facet normal -5.735766e-01 0.000000e+00 8.191519e-01
      outer loop
         vertex 5.296418e+01 0.000000e+00 8.850933e+00
         vertex 5.296418e+01 2.000000e+01 8.850933e+00
         vertex 5.275000e+01 0.000000e+00 8.700961e+00
      endloop
   endfacet
   facet normal -5.735766e-01 0.000000e+00 8.191519e-01
      outer loop
         vertex 5.275000e+01 0.000000e+00 8.700961e+00
         vertex 5.296418e+01 2.000000e+01 8.850933e+00
         vertex 5.275000e+01 2.000000e+01 8.700961e+00
      endloop
   endfacet
   facet normal -4.226177e-01 0.000000e+00 9.063080e-01
      outer loop
         vertex 5.275000e+01 0.000000e+00 8.700961e+00
         vertex 5.275000e+01 2.000000e+01 8.700961e+00
         vertex 5.251303e+01 0.000000e+00 8.590461e+00
      endloop
   endfacet
   facet normal -4.226177e-01 0.000000e+00 9.063080e-01
      outer loop
         vertex 5.251303e+01 0.000000e+00 8.590461e+00
         vertex 5.275000e+01 2.000000e+01 8.700961e+00
         vertex 5.251303e+01 2.000000e+01 8.590461e+00
      endloop
   endfacet
   facet normal -2.588191e-01 0.000000e+00 9.659258e-01
      outer loop
         vertex 5.251303e+01 0.000000e+00 8.590461e+00
         vertex 5.251303e+01 2.000000e+01 8.590461e+00
         vertex 5.226047e+01 0.000000e+00 8.522788e+00
      endloop
   endfacet
   facet normal -2.588191e-01 0.000000e+00 9.659258e-01
      outer loop
         vertex 5.226047e+01 0.000000e+00 8.522788e+00
         vertex 5.251303e+01 2.000000e+01 8.590461e+00
         vertex 5.226047e+01 2.000000e+01 8.522788e+00
      endloop
   endfacet
   facet normal -8.715635e-02 0.000000e+00 9.961946e-01
      outer loop
         vertex 5.226047e+01 0.000000e+00 8.522788e+00
         vertex 5.226047e+01 2.000000e+01 8.522788e+00
         vertex 5.200000e+01 0.000000e+00 8.500000e+00
      endloop
   endfacet
   facet normal -8.715635e-02 0.000000e+00 9.961946e-01
      outer loop
         vertex 5.200000e+01 0.000000e+00 8.500000e+00
         vertex 5.226047e+01 2.000000e+01 8.522788e+00
         vertex 5.200000e+01 2.000000e+01 8.500000e+00
      endloop
   endfacet
   facet normal 8.715635e-02 -0.000000e+00 9.961946e-01
      outer loop
         vertex 5.200000e+01 0.000000e+00 8.500000e+00
         vertex 5.200000e+01 2.000000e+01 8.500000e+00
         vertex 5.173953e+01 0.000000e+00 8.522788e+00
      endloop
   endfacet
   facet normal 8.715635e-02 -0.000000e+00 9.961946e-01
      outer loop
         vertex 5.173953e+01 0.000000e+00 8.522788e+00
         vertex 5.200000e+01 2.000000e+01 8.500000e+00
         vertex 5.173953e+01 2.000000e+01 8.522788e+00
      endloop
   endfacet
   facet normal 2.588191e-01 -0.000000e+00 9.659258e-01
      outer loop
         vertex 5.173953e+01 0.000000e+00 8.522788e+00
         vertex 5.173953e+01 2.000000e+01 8.522788e+00
         vertex 5.148697e+01 0.000000e+00 8.590461e+00
      endloop
   endfacet
   facet normal 2.588191e-01 -0.000000e+00 9.659258e-01
      outer loop
         vertex 5.148697e+01 0.000000e+00 8.590461e+00
         vertex 5.173953e+01 2.000000e+01 8.522788e+00
         vertex 5.148697e+01 2.000000e+01 8.590461e+00
      endloop
   endfacet
   facet normal 4.226177e-01 -0.000000e+00 9.063080e-01
      outer loop
         vertex 5.148697e+01 0.000000e+00 8.590461e+00
         vertex 5.148697e+01 2.000000e+01 8.590461e+00
         vertex 5.125000e+01 0.000000e+00 8.700961e+00
      endloop
   endfacet
   facet normal 4.226177e-01 -0.000000e+00 9.063080e-01
      outer loop
         vertex 5.125000e+01 0.000000e+00 8.700961e+00
         vertex 5.148697e+01 2.000000e+01 8.590461e+00
         vertex 5.125000e+01 2.000000e+01 8.700961e+00
      endloop
   endfacet
   facet normal 5.735766e-01 -0.000000e+00 8.191519e-01
      outer loop
         vertex 5.125000e+01 0.000000e+00 8.700961e+00
         vertex 5.125000e+01 2.000000e+01 8.700961e+00
         vertex 5.103582e+01 0.000000e+00 8.850933e+00
      endloop
   endfacet
   facet normal 5.735766e-01 -0.000000e+00 8.191519e-01
      outer loop
         vertex 5.103582e+01 0.000000e+00 8.850933e+00
         vertex 5.125000e+01 2.000000e+01 8.700961e+00
         vertex 5.103582e+01 2.000000e+01 8.850933e+00
      endloop
   endfacet
   facet normal 7.071086e-01 -0.000000e+00 7.071050e-01
      outer loop
         vertex 5.103582e+01 0.000000e+00 8.850933e+00
         vertex 5.103582e+01 2.000000e+01 8.850933e+00
         vertex 5.085093e+01 0.000000e+00 9.035818e+00
      endloop
   endfacet
   facet normal 7.071086e-01 -0.000000e+00 7.071050e-01
      outer loop
         vertex 5.085093e+01 0.000000e+00 9.035818e+00
         vertex 5.103582e+01 2.000000e+01 8.850933e+00
         vertex 5.085093e+01 2.000000e+01 9.035818e+00
      endloop
   endfacet
   facet normal 8.191491e-01 -0.000000e+00 5.735807e-01
      outer loop
         vertex 5.085093e+01 0.000000e+00 9.035818e+00
         vertex 5.085093e+01 2.000000e+01 9.035818e+00
         vertex 5.070096e+01 0.000000e+00 9.249999e+00
      endloop
   endfacet
   facet normal 8.191491e-01 -0.000000e+00 5.735807e-01
      outer loop
         vertex 5.070096e+01 0.000000e+00 9.249999e+00
         vertex 5.085093e+01 2.000000e+01 9.035818e+00
         vertex 5.070096e+01 2.000000e+01 9.249999e+00
      endloop
   endfacet
   facet normal 9.063100e-01 -0.000000e+00 4.226134e-01
      outer loop
         vertex 5.070096e+01 0.000000e+00 9.249999e+00
         vertex 5.070096e+01 2.000000e+01 9.249999e+00
         vertex 5.059046e+01 0.000000e+00 9.486970e+00
      endloop
   endfacet
   facet normal 9.063100e-01 -0.000000e+00 4.226134e-01
      outer loop
         vertex 5.059046e+01 0.000000e+00 9.486970e+00
         vertex 5.070096e+01 2.000000e+01 9.249999e+00
         vertex 5.059046e+01 2.000000e+01 9.486970e+00
      endloop
   endfacet
   facet normal 9.659249e-01 -0.000000e+00 2.588224e-01
      outer loop
         vertex 5.059046e+01 0.000000e+00 9.486970e+00
         vertex 5.059046e+01 2.000000e+01 9.486970e+00
         vertex 5.052279e+01 0.000000e+00 9.739527e+00
      endloop
   endfacet
   facet normal 9.659249e-01 -0.000000e+00 2.588224e-01
      outer loop
         vertex 5.052279e+01 0.000000e+00 9.739527e+00
         vertex 5.059046e+01 2.000000e+01 9.486970e+00
         vertex 5.052279e+01 2.000000e+01 9.739527e+00
      endloop
   endfacet
   facet normal 9.961950e-01 -0.000000e+00 8.715281e-02
      outer loop
         vertex 5.052279e+01 0.000000e+00 9.739527e+00
         vertex 5.052279e+01 2.000000e+01 9.739527e+00
         vertex 5.050000e+01 0.000000e+00 1.000000e+01
      endloop
   endfacet
   facet normal 9.961950e-01 -0.000000e+00 8.715281e-02
      outer loop
         vertex 5.050000e+01 0.000000e+00 1.000000e+01
         vertex 5.052279e+01 2.000000e+01 9.739527e+00
         vertex 5.050000e+01 2.000000e+01 1.000000e+01
      endloop
   endfacet
   facet normal 9.961950e-01 0.000000e+00 -8.715281e-02
      outer loop
         vertex 5.050000e+01 0.000000e+00 1.000000e+01
         vertex 5.050000e+01 2.000000e+01 1.000000e+01
         vertex 5.052279e+01 0.000000e+00 1.026047e+01
      endloop
   endfacet
   facet normal 9.961950e-01 0.000000e+00 -8.715281e-02
      outer loop
         vertex 5.052279e+01 0.000000e+00 1.026047e+01
         vertex 5.050000e+01 2.000000e+01 1.000000e+01
         vertex 5.052279e+01 2.000000e+01 1.026047e+01
      endloop
   endfacet
   facet normal 9.659249e-01 0.000000e+00 -2.588224e-01
      outer loop
         vertex 5.052279e+01 0.000000e+00 1.026047e+01
         vertex 5.052279e+01 2.000000e+01 1.026047e+01
         vertex 5.059046e+01 0.000000e+00 1.051303e+01
      endloop
   endfacet
   facet normal 9.659249e-01 0.000000e+00 -2.588224e-01
      outer loop
         vertex 5.059046e+01 0.000000e+00 1.051303e+01
         vertex 5.052279e+01 2.000000e+01 1.026047e+01
         vertex 5.059046e+01 2.000000e+01 1.051303e+01
      endloop
   endfacet
   facet normal 9.063094e-01 0.000000e+00 -4.226148e-01
      outer loop
         vertex 5.059046e+01 0.000000e+00 1.051303e+01
         vertex 5.059046e+01 2.000000e+01 1.051303e+01
         vertex 5.070096e+01 0.000000e+00 1.075000e+01
      endloop
   endfacet
   facet normal 9.063094e-01 0.000000e+00 -4.226148e-01
      outer loop
         vertex 5.070096e+01 0.000000e+00 1.075000e+01
         vertex 5.059046e+01 2.000000e+01 1.051303e+01
         vertex 5.070096e+01 2.000000e+01 1.075000e+01
      endloop
   endfacet
   facet normal 8.191503e-01 0.000000e+00 -5.735790e-01
      outer loop
         vertex 5.070096e+01 0.000000e+00 1.075000e+01
         vertex 5.070096e+01 2.000000e+01 1.075000e+01
         vertex 5.085093e+01 0.000000e+00 1.096418e+01
      endloop
   endfacet
   facet normal 8.191503e-01 0.000000e+00 -5.735790e-01
      outer loop
         vertex 5.085093e+01 0.000000e+00 1.096418e+01
         vertex 5.070096e+01 2.000000e+01 1.075000e+01
         vertex 5.085093e+01 2.000000e+01 1.096418e+01
      endloop
   endfacet
   facet normal 7.071086e-01 0.000000e+00 -7.071050e-01
      outer loop
         vertex 5.085093e+01 0.000000e+00 1.096418e+01
         vertex 5.085093e+01 2.000000e+01 1.096418e+01
         vertex 5.103582e+01 0.000000e+00 1.114907e+01
      endloop
   endfacet
   facet normal 7.071086e-01 0.000000e+00 -7.071050e-01
      outer loop
         vertex 5.103582e+01 0.000000e+00 1.114907e+01
         vertex 5.085093e+01 2.000000e+01 1.096418e+01
         vertex 5.103582e+01 2.000000e+01 1.114907e+01
      endloop
   endfacet
   facet normal 5.735742e-01 0.000000e+00 -8.191536e-01
      outer loop
         vertex 5.103582e+01 0.000000e+00 1.114907e+01
         vertex 5.103582e+01 2.000000e+01 1.114907e+01
         vertex 5.125000e+01 0.000000e+00 1.129904e+01
      endloop
   endfacet
   facet normal 5.735742e-01 0.000000e+00 -8.191536e-01
      outer loop
         vertex 5.125000e+01 0.000000e+00 1.129904e+01
         vertex 5.103582e+01 2.000000e+01 1.114907e+01
         vertex 5.125000e+01 2.000000e+01 1.129904e+01
      endloop
   endfacet
   facet normal 4.226206e-01 0.000000e+00 -9.063067e-01
      outer loop
         vertex 5.125000e+01 0.000000e+00 1.129904e+01
         vertex 5.125000e+01 2.000000e+01 1.129904e+01
         vertex 5.148697e+01 0.000000e+00 1.140954e+01
      endloop
   endfacet
   facet normal 4.226206e-01 0.000000e+00 -9.063067e-01
      outer loop
         vertex 5.148697e+01 0.000000e+00 1.140954e+01
         vertex 5.125000e+01 2.000000e+01 1.129904e+01
         vertex 5.148697e+01 2.000000e+01 1.140954e+01
      endloop
   endfacet
   facet normal 2.588191e-01 0.000000e+00 -9.659258e-01
      outer loop
         vertex 5.148697e+01 0.000000e+00 1.140954e+01
         vertex 5.148697e+01 2.000000e+01 1.140954e+01
         vertex 5.173953e+01 0.000000e+00 1.147721e+01
      endloop
   endfacet
   facet normal 2.588191e-01 0.000000e+00 -9.659258e-01
      outer loop
         vertex 5.173953e+01 0.000000e+00 1.147721e+01
         vertex 5.148697e+01 2.000000e+01 1.140954e+01
         vertex 5.173953e+01 2.000000e+01 1.147721e+01
      endloop
   endfacet
   facet normal 8.715281e-02 0.000000e+00 -9.961950e-01
      outer loop
         vertex 5.173953e+01 0.000000e+00 1.147721e+01
         vertex 5.173953e+01 2.000000e+01 1.147721e+01
         vertex 5.200000e+01 0.000000e+00 1.150000e+01
      endloop
   endfacet
   facet normal 8.715281e-02 0.000000e+00 -9.961950e-01
      outer loop
         vertex 5.200000e+01 0.000000e+00 1.150000e+01
         vertex 5.173953e+01 2.000000e+01 1.147721e+01
         vertex 5.200000e+01 2.000000e+01 1.150000e+01
      endloop
   endfacet
   facet normal -8.715635e-02 0.000000e+00 -9.961946e-01
      outer loop
         vertex 5.200000e+01 0.000000e+00 3.150000e+01
         vertex 5.200000e+01 2.000000e+01 3.150000e+01
         vertex 5.226047e+01 0.000000e+00 3.147721e+01
      endloop
   endfacet
   facet normal -8.715635e-02 0.000000e+00 -9.961946e-01
      outer loop
         vertex 5.226047e+01 0.000000e+00 3.147721e+01
         vertex 5.200000e+01 2.000000e+01 3.150000e+01
         vertex 5.226047e+01 2.000000e+01 3.147721e+01
      endloop
   endfacet
   facet normal -2.588191e-01 0.000000e+00 -9.659258e-01
      outer loop
         vertex 5.226047e+01 0.000000e+00 3.147721e+01
         vertex 5.226047e+01 2.000000e+01 3.147721e+01
         vertex 5.251303e+01 0.000000e+00 3.140954e+01
      endloop
   endfacet
   facet normal -2.588191e-01 0.000000e+00 -9.659258e-01
      outer loop
         vertex 5.251303e+01 0.000000e+00 3.140954e+01
         vertex 5.226047e+01 2.000000e+01 3.147721e+01
         vertex 5.251303e+01 2.000000e+01 3.140954e+01
      endloop
   endfacet
   facet normal -4.226177e-01 0.000000e+00 -9.063080e-01
      outer loop
         vertex 5.251303e+01 0.000000e+00 3.140954e+01
         vertex 5.251303e+01 2.000000e+01 3.140954e+01
         vertex 5.275000e+01 0.000000e+00 3.129904e+01
      endloop
   endfacet
   facet normal -4.226177e-01 0.000000e+00 -9.063080e-01
      outer loop
         vertex 5.275000e+01 0.000000e+00 3.129904e+01
         vertex 5.251303e+01 2.000000e+01 3.140954e+01
         vertex 5.275000e+01 2.000000e+01 3.129904e+01
      endloop
   endfacet
   facet normal -5.735766e-01 0.000000e+00 -8.191519e-01
      outer loop
         vertex 5.275000e+01 0.000000e+00 3.129904e+01
         vertex 5.275000e+01 2.000000e+01 3.129904e+01
         vertex 5.296418e+01 0.000000e+00 3.114907e+01
      endloop
   endfacet
   facet normal -5.735766e-01 0.000000e+00 -8.191519e-01
      outer loop
         vertex 5.296418e+01 0.000000e+00 3.114907e+01
         vertex 5.275000e+01 2.000000e+01 3.129904e+01
         vertex 5.296418e+01 2.000000e+01 3.114907e+01
      endloop
   endfacet
   facet normal -7.071050e-01 0.000000e+00 -7.071086e-01
      outer loop
         vertex 5.296418e+01 0.000000e+00 3.114907e+01
         vertex 5.296418e+01 2.000000e+01 3.114907e+01
         vertex 5.314907e+01 0.000000e+00 3.096418e+01
      endloop
   endfacet
   facet normal -7.071050e-01 0.000000e+00 -7.071086e-01
      outer loop
         vertex 5.314907e+01 0.000000e+00 3.096418e+01
         vertex 5.296418e+01 2.000000e+01 3.114907e+01
         vertex 5.314907e+01 2.000000e+01 3.096418e+01
      endloop
   endfacet
   facet normal -8.191524e-01 0.000000e+00 -5.735759e-01
      outer loop
         vertex 5.314907e+01 0.000000e+00 3.096418e+01
         vertex 5.314907e+01 2.000000e+01 3.096418e+01
         vertex 5.329904e+01 0.000000e+00 3.075000e+01
      endloop
   endfacet
   facet normal -8.191524e-01 0.000000e+00 -5.735759e-01
      outer loop
         vertex 5.329904e+01 0.000000e+00 3.075000e+01
         vertex 5.314907e+01 2.000000e+01 3.096418e+01
         vertex 5.329904e+01 2.000000e+01 3.075000e+01
      endloop
   endfacet
   facet normal -9.063073e-01 0.000000e+00 -4.226193e-01
      outer loop
         vertex 5.329904e+01 0.000000e+00 3.075000e+01
         vertex 5.329904e+01 2.000000e+01 3.075000e+01
         vertex 5.340954e+01 0.000000e+00 3.051303e+01
      endloop
   endfacet
   facet normal -9.063073e-01 0.000000e+00 -4.226193e-01
      outer loop
         vertex 5.340954e+01 0.000000e+00 3.051303e+01
         vertex 5.329904e+01 2.000000e+01 3.075000e+01
         vertex 5.340954e+01 2.000000e+01 3.051303e+01
      endloop
   endfacet
   facet normal -9.659267e-01 0.000000e+00 -2.588157e-01
      outer loop
         vertex 5.340954e+01 0.000000e+00 3.051303e+01
         vertex 5.340954e+01 2.000000e+01 3.051303e+01
         vertex 5.347721e+01 0.000000e+00 3.026047e+01
      endloop
   endfacet
   facet normal -9.659267e-01 0.000000e+00 -2.588157e-01
      outer loop
         vertex 5.347721e+01 0.000000e+00 3.026047e+01
         vertex 5.340954e+01 2.000000e+01 3.051303e+01
         vertex 5.347721e+01 2.000000e+01 3.026047e+01
      endloop
   endfacet
   facet normal -9.961950e-01 0.000000e+00 -8.715281e-02
      outer loop
         vertex 5.347721e+01 0.000000e+00 3.026047e+01
         vertex 5.347721e+01 2.000000e+01 3.026047e+01
         vertex 5.350000e+01 0.000000e+00 3.000000e+01
      endloop
   endfacet
   facet normal -9.961950e-01 0.000000e+00 -8.715281e-02
      outer loop
         vertex 5.350000e+01 0.000000e+00 3.000000e+01
         vertex 5.347721e+01 2.000000e+01 3.026047e+01
         vertex 5.350000e+01 2.000000e+01 3.000000e+01
      endloop
   endfacet
   facet normal -9.961950e-01 0.000000e+00 8.715281e-02
      outer loop
         vertex 5.350000e+01 0.000000e+00 3.000000e+01
         vertex 5.350000e+01 2.000000e+01 3.000000e+01
         vertex 5.347721e+01 0.000000e+00 2.973953e+01
      endloop
   endfacet
   facet normal -9.961950e-01 0.000000e+00 8.715281e-02
      outer loop
         vertex 5.347721e+01 0.000000e+00 2.973953e+01
         vertex 5.350000e+01 2.000000e+01 3.000000e+01
         vertex 5.347721e+01 2.000000e+01 2.973953e+01
      endloop
   endfacet
   facet normal -9.659267e-01 0.000000e+00 2.588157e-01
      outer loop
         vertex 5.347721e+01 0.000000e+00 2.973953e+01
         vertex 5.347721e+01 2.000000e+01 2.973953e+01
         vertex 5.340954e+01 0.000000e+00 2.948697e+01
      endloop
   endfacet
   facet normal -9.659267e-01 0.000000e+00 2.588157e-01
      outer loop
         vertex 5.340954e+01 0.000000e+00 2.948697e+01
         vertex 5.347721e+01 2.000000e+01 2.973953e+01
         vertex 5.340954e+01 2.000000e+01 2.948697e+01
      endloop
   endfacet
   facet normal -9.063067e-01 0.000000e+00 4.226206e-01
      outer loop
         vertex 5.340954e+01 0.000000e+00 2.948697e+01
         vertex 5.340954e+01 2.000000e+01 2.948697e+01
         vertex 5.329904e+01 0.000000e+00 2.925000e+01
      endloop
   endfacet
   facet normal -9.063067e-01 0.000000e+00 4.226206e-01
      outer loop
         vertex 5.329904e+01 0.000000e+00 2.925000e+01
         vertex 5.340954e+01 2.000000e+01 2.948697e+01
         vertex 5.329904e+01 2.000000e+01 2.925000e+01
      endloop
   endfacet
   facet normal -8.191536e-01 0.000000e+00 5.735742e-01
      outer loop
         vertex 5.329904e+01 0.000000e+00 2.925000e+01
         vertex 5.329904e+01 2.000000e+01 2.925000e+01
         vertex 5.314907e+01 0.000000e+00 2.903582e+01
      endloop
   endfacet
   facet normal -8.191536e-01 0.000000e+00 5.735742e-01
      outer loop
         vertex 5.314907e+01 0.000000e+00 2.903582e+01
         vertex 5.329904e+01 2.000000e+01 2.925000e+01
         vertex 5.314907e+01 2.000000e+01 2.903582e+01
      endloop
   endfacet
   facet normal -7.071050e-01 0.000000e+00 7.071086e-01
      outer loop
         vertex 5.314907e+01 0.000000e+00 2.903582e+01
         vertex 5.314907e+01 2.000000e+01 2.903582e+01
         vertex 5.296418e+01 0.000000e+00 2.885093e+01
      endloop
   endfacet
   facet normal -7.071050e-01 0.000000e+00 7.071086e-01
      outer loop
         vertex 5.296418e+01 0.000000e+00 2.885093e+01
         vertex 5.314907e+01 2.000000e+01 2.903582e+01
         vertex 5.296418e+01 2.000000e+01 2.885093e+01
      endloop
   endfacet
   facet normal -5.735742e-01 0.000000e+00 8.191536e-01
      outer loop
         vertex 5.296418e+01 0.000000e+00 2.885093e+01
         vertex 5.296418e+01 2.000000e+01 2.885093e+01
         vertex 5.275000e+01 0.000000e+00 2.870096e+01
      endloop
   endfacet
   facet normal -5.735742e-01 0.000000e+00 8.191536e-01
      outer loop
         vertex 5.275000e+01 0.000000e+00 2.870096e+01
         vertex 5.296418e+01 2.000000e+01 2.885093e+01
         vertex 5.275000e+01 2.000000e+01 2.870096e+01
      endloop
   endfacet
   facet normal -4.226206e-01 0.000000e+00 9.063067e-01
      outer loop
         vertex 5.275000e+01 0.000000e+00 2.870096e+01
         vertex 5.275000e+01 2.000000e+01 2.870096e+01
         vertex 5.251303e+01 0.000000e+00 2.859046e+01
      endloop
   endfacet
   facet normal -4.226206e-01 0.000000e+00 9.063067e-01
      outer loop
         vertex 5.251303e+01 0.000000e+00 2.859046e+01
         vertex 5.275000e+01 2.000000e+01 2.870096e+01
         vertex 5.251303e+01 2.000000e+01 2.859046e+01
      endloop
   endfacet
   facet normal -2.588191e-01 0.000000e+00 9.659258e-01
      outer loop
         vertex 5.251303e+01 0.000000e+00 2.859046e+01
         vertex 5.251303e+01 2.000000e+01 2.859046e+01
         vertex 5.226047e+01 0.000000e+00 2.852279e+01
      endloop
   endfacet
   facet normal -2.588191e-01 0.000000e+00 9.659258e-01
      outer loop
         vertex 5.226047e+01 0.000000e+00 2.852279e+01
         vertex 5.251303e+01 2.000000e+01 2.859046e+01
         vertex 5.226047e+01 2.000000e+01 2.852279e+01
      endloop
   endfacet
   facet normal -8.715281e-02 0.000000e+00 9.961950e-01
      outer loop
         vertex 5.226047e+01 0.000000e+00 2.852279e+01
         vertex 5.226047e+01 2.000000e+01 2.852279e+01
         vertex 5.200000e+01 0.000000e+00 2.850000e+01
      endloop
   endfacet
   facet normal -8.715281e-02 0.000000e+00 9.961950e-01
      outer loop
         vertex 5.200000e+01 0.000000e+00 2.850000e+01
         vertex 5.226047e+01 2.000000e+01 2.852279e+01
         vertex 5.200000e+01 2.000000e+01 2.850000e+01
      endloop
   endfacet
   facet normal 8.715281e-02 -0.000000e+00 9.961950e-01
      outer loop
         vertex 5.200000e+01 0.000000e+00 2.850000e+01
         vertex 5.200000e+01 2.000000e+01 2.850000e+01
         vertex 5.173953e+01 0.000000e+00 2.852279e+01
      endloop
   endfacet
   facet normal 8.715281e-02 -0.000000e+00 9.961950e-01
      outer loop
         vertex 5.173953e+01 0.000000e+00 2.852279e+01
         vertex 5.200000e+01 2.000000e+01 2.850000e+01
         vertex 5.173953e+01 2.000000e+01 2.852279e+01
      endloop
   endfacet
   facet normal 2.588191e-01 -0.000000e+00 9.659258e-01
      outer loop
         vertex 5.173953e+01 0.000000e+00 2.852279e+01
         vertex 5.173953e+01 2.000000e+01 2.852279e+01
         vertex 5.148697e+01 0.000000e+00 2.859046e+01
      endloop
   endfacet
   facet normal 2.588191e-01 -0.000000e+00 9.659258e-01
      outer loop
         vertex 5.148697e+01 0.000000e+00 2.859046e+01
         vertex 5.173953e+01 2.000000e+01 2.852279e+01
         vertex 5.148697e+01 2.000000e+01 2.859046e+01
      endloop
   endfacet
   facet normal 4.226206e-01 -0.000000e+00 9.063067e-01
      outer loop
         vertex 5.148697e+01 0.000000e+00 2.859046e+01
         vertex 5.148697e+01 2.000000e+01 2.859046e+01
         vertex 5.125000e+01 0.000000e+00 2.870096e+01
      endloop
   endfacet
   facet normal 4.226206e-01 -0.000000e+00 9.063067e-01
      outer loop
         vertex 5.125000e+01 0.000000e+00 2.870096e+01
         vertex 5.148697e+01 2.000000e+01 2.859046e+01
         vertex 5.125000e+01 2.000000e+01 2.870096e+01
      endloop
   endfacet
   facet normal 5.735742e-01 -0.000000e+00 8.191536e-01
      outer loop
         vertex 5.125000e+01 0.000000e+00 2.870096e+01
         vertex 5.125000e+01 2.000000e+01 2.870096e+01
         vertex 5.103582e+01 0.000000e+00 2.885093e+01
      endloop
   endfacet
   facet normal 5.735742e-01 -0.000000e+00 8.191536e-01
      outer loop
         vertex 5.103582e+01 0.000000e+00 2.885093e+01
         vertex 5.125000e+01 2.000000e+01 2.870096e+01
         vertex 5.103582e+01 2.000000e+01 2.885093e+01
      endloop
   endfacet
   facet normal 7.071086e-01 -0.000000e+00 7.071050e-01
      outer loop
         vertex 5.103582e+01 0.000000e+00 2.885093e+01
         vertex 5.103582e+01 2.000000e+01 2.885093e+01
         vertex 5.085093e+01 0.000000e+00 2.903582e+01
      endloop
   endfacet
   facet normal 7.071086e-01 -0.000000e+00 7.071050e-01
      outer loop
         vertex 5.085093e+01 0.000000e+00 2.903582e+01
         vertex 5.103582e+01 2.000000e+01 2.885093e+01
         vertex 5.085093e+01 2.000000e+01 2.903582e+01
      endloop
   endfacet
   facet normal 8.191503e-01 -0.000000e+00 5.735790e-01
      outer loop
         vertex 5.085093e+01 0.000000e+00 2.903582e+01
         vertex 5.085093e+01 2.000000e+01 2.903582e+01
         vertex 5.070096e+01 0.000000e+00 2.925000e+01
      endloop
   endfacet
   facet normal 8.191503e-01 -0.000000e+00 5.735790e-01
      outer loop
         vertex 5.070096e+01 0.000000e+00 2.925000e+01
         vertex 5.085093e+01 2.000000e+01 2.903582e+01
         vertex 5.070096e+01 2.000000e+01 2.925000e+01
      endloop
   endfacet
   facet normal 9.063094e-01 -0.000000e+00 4.226148e-01
      outer loop
         vertex 5.070096e+01 0.000000e+00 2.925000e+01
         vertex 5.070096e+01 2.000000e+01 2.925000e+01
         vertex 5.059046e+01 0.000000e+00 2.948697e+01
      endloop
   endfacet
   facet normal 9.063094e-01 -0.000000e+00 4.226148e-01
      outer loop
         vertex 5.059046e+01 0.000000e+00 2.948697e+01
         vertex 5.070096e+01 2.000000e+01 2.925000e+01
         vertex 5.059046e+01 2.000000e+01 2.948697e+01
      endloop
   endfacet
   facet normal 9.659249e-01 -0.000000e+00 2.588224e-01
      outer loop
         vertex 5.059046e+01 0.000000e+00 2.948697e+01
         vertex 5.059046e+01 2.000000e+01 2.948697e+01
         vertex 5.052279e+01 0.000000e+00 2.973953e+01
      endloop
   endfacet
   facet normal 9.659249e-01 -0.000000e+00 2.588224e-01
      outer loop
         vertex 5.052279e+01 0.000000e+00 2.973953e+01
         vertex 5.059046e+01 2.000000e+01 2.948697e+01
         vertex 5.052279e+01 2.000000e+01 2.973953e+01
      endloop
   endfacet
   facet normal 9.961950e-01 -0.000000e+00 8.715281e-02
      outer loop
         vertex 5.052279e+01 0.000000e+00 2.973953e+01
         vertex 5.052279e+01 2.000000e+01 2.973953e+01
         vertex 5.050000e+01 0.000000e+00 3.000000e+01
      endloop
   endfacet
   facet normal 9.961950e-01 -0.000000e+00 8.715281e-02
      outer loop
         vertex 5.050000e+01 0.000000e+00 3.000000e+01
         vertex 5.052279e+01 2.000000e+01 2.973953e+01
         vertex 5.050000e+01 2.000000e+01 3.000000e+01
      endloop
   endfacet
   facet normal 9.961950e-01 0.000000e+00 -8.715281e-02
      outer loop
         vertex 5.050000e+01 0.000000e+00 3.000000e+01
         vertex 5.050000e+01 2.000000e+01 3.000000e+01
         vertex 5.052279e+01 0.000000e+00 3.026047e+01
      endloop
   endfacet
   facet normal 9.961950e-01 0.000000e+00 -8.715281e-02
      outer loop
         vertex 5.052279e+01 0.000000e+00 3.026047e+01
         vertex 5.050000e+01 2.000000e+01 3.000000e+01
         vertex 5.052279e+01 2.000000e+01 3.026047e+01
      endloop
   endfacet
   facet normal 9.659249e-01 0.000000e+00 -2.588224e-01
      outer loop
         vertex 5.052279e+01 0.000000e+00 3.026047e+01
         vertex 5.052279e+01 2.000000e+01 3.026047e+01
         vertex 5.059046e+01 0.000000e+00 3.051303e+01
      endloop
   endfacet
   facet normal 9.659249e-01 0.000000e+00 -2.588224e-01
      outer loop
         vertex 5.059046e+01 0.000000e+00 3.051303e+01
         vertex 5.052279e+01 2.000000e+01 3.026047e+01
         vertex 5.059046e+01 2.000000e+01 3.051303e+01
      endloop
   endfacet
   facet normal 9.063100e-01 0.000000e+00 -4.226134e-01
      outer loop
         vertex 5.059046e+01 0.000000e+00 3.051303e+01
         vertex 5.059046e+01 2.000000e+01 3.051303e+01
         vertex 5.070096e+01 0.000000e+00 3.075000e+01
      endloop
   endfacet
   facet normal 9.063100e-01 0.000000e+00 -4.226134e-01
      outer loop
         vertex 5.070096e+01 0.000000e+00 3.075000e+01
         vertex 5.059046e+01 2.000000e+01 3.051303e+01
         vertex 5.070096e+01 2.000000e+01 3.075000e+01
      endloop
   endfacet
   facet normal 8.191491e-01 0.000000e+00 -5.735807e-01
      outer loop
         vertex 5.070096e+01 0.000000e+00 3.075000e+01
         vertex 5.070096e+01 2.000000e+01 3.075000e+01
         vertex 5.085093e+01 0.000000e+00 3.096418e+01
      endloop
   endfacet
   facet normal 8.191491e-01 0.000000e+00 -5.735807e-01
      outer loop
         vertex 5.085093e+01 0.000000e+00 3.096418e+01
         vertex 5.070096e+01 2.000000e+01 3.075000e+01
         vertex 5.085093e+01 2.000000e+01 3.096418e+01
      endloop
   endfacet
   facet normal 7.071086e-01 0.000000e+00 -7.071050e-01
      outer loop
         vertex 5.085093e+01 0.000000e+00 3.096418e+01
         vertex 5.085093e+01 2.000000e+01 3.096418e+01
         vertex 5.103582e+01 0.000000e+00 3.114907e+01
      endloop
   endfacet
   facet normal 7.071086e-01 0.000000e+00 -7.071050e-01
      outer loop
         vertex 5.103582e+01 0.000000e+00 3.114907e+01
         vertex 5.085093e+01 2.000000e+01 3.096418e+01
         vertex 5.103582e+01 2.000000e+01 3.114907e+01
      endloop
   endfacet
   facet normal 5.735766e-01 0.000000e+00 -8.191519e-01
      outer loop
         vertex 5.103582e+01 0.000000e+00 3.114907e+01
         vertex 5.103582e+01 2.000000e+01 3.114907e+01
         vertex 5.125000e+01 0.000000e+00 3.129904e+01
      endloop
   endfacet
   facet normal 5.735766e-01 0.000000e+00 -8.191519e-01
      outer loop
         vertex 5.125000e+01 0.000000e+00 3.129904e+01
         vertex 5.103582e+01 2.000000e+01 3.114907e+01
         vertex 5.125000e+01 2.000000e+01 3.129904e+01
      endloop
   endfacet
   facet normal 4.226177e-01 0.000000e+00 -9.063080e-01
      outer loop
         vertex 5.125000e+01 0.000000e+00 3.129904e+01
         vertex 5.125000e+01 2.000000e+01 3.129904e+01
         vertex 5.148697e+01 0.000000e+00 3.140954e+01
      endloop
   endfacet
   facet normal 4.226177e-01 0.000000e+00 -9.063080e-01
      outer loop
         vertex 5.148697e+01 0.000000e+00 3.140954e+01
         vertex 5.125000e+01 2.000000e+01 3.129904e+01
         vertex 5.148697e+01 2.000000e+01 3.140954e+01
      endloop
   endfacet
   facet normal 2.588191e-01 0.000000e+00 -9.659258e-01
      outer loop
         vertex 5.148697e+01 0.000000e+00 3.140954e+01
         vertex 5.148697e+01 2.000000e+01 3.140954e+01
         vertex 5.173953e+01 0.000000e+00 3.147721e+01
      endloop
   endfacet
   facet normal 2.588191e-01 0.000000e+00 -9.659258e-01
      outer loop
         vertex 5.173953e+01 0.000000e+00 3.147721e+01
         vertex 5.148697e+01 2.000000e+01 3.140954e+01
         vertex 5.173953e+01 2.000000e+01 3.147721e+01
      endloop
   endfacet
   facet normal 8.715635e-02 0.000000e+00 -9.961946e-01
      outer loop
         vertex 5.173953e+01 0.000000e+00 3.147721e+01
         vertex 5.173953e+01 2.000000e+01 3.147721e+01
         vertex 5.200000e+01 0.000000e+00 3.150000e+01
      endloop
   endfacet
   facet normal 8.715635e-02 0.000000e+00 -9.961946e-01
      outer loop
         vertex 5.200000e+01 0.000000e+00 3.150000e+01
         vertex 5.173953e+01 2.000000e+01 3.147721e+01
         vertex 5.200000e+01 2.000000e+01 3.150000e+01
      endloop
   endfacet
   facet normal -8.715281e-02 0.000000e+00 -9.961950e-01
      outer loop
         vertex 7.999999e+00 0.000000e+00 1.150000e+01
         vertex 7.999999e+00 2.000000e+01 1.150000e+01
         vertex 8.260472e+00 0.000000e+00 1.147721e+01
      endloop
   endfacet
   facet normal -8.715281e-02 0.000000e+00 -9.961950e-01
      outer loop
         vertex 8.260472e+00 0.000000e+00 1.147721e+01
         vertex 7.999999e+00 2.000000e+01 1.150000e+01
         vertex 8.260472e+00 2.000000e+01 1.147721e+01
      endloop
   endfacet
   facet normal -2.588191e-01 0.000000e+00 -9.659258e-01
      outer loop
         vertex 8.260472e+00 0.000000e+00 1.147721e+01
         vertex 8.260472e+00 2.000000e+01 1.147721e+01
         vertex 8.513030e+00 0.000000e+00 1.140954e+01
      endloop
   endfacet
   facet normal -2.588191e-01 0.000000e+00 -9.659258e-01
      outer loop
         vertex 8.513030e+00 0.000000e+00 1.140954e+01
         vertex 8.260472e+00 2.000000e+01 1.147721e+01
         vertex 8.513030e+00 2.000000e+01 1.140954e+01
      endloop
   endfacet
   facet normal -4.226206e-01 0.000000e+00 -9.063067e-01
      outer loop
         vertex 8.513030e+00 0.000000e+00 1.140954e+01
         vertex 8.513030e+00 2.000000e+01 1.140954e+01
         vertex 8.749999e+00 0.000000e+00 1.129904e+01
      endloop
   endfacet
   facet normal -4.226206e-01 0.000000e+00 -9.063067e-01
      outer loop
         vertex 8.749999e+00 0.000000e+00 1.129904e+01
         vertex 8.513030e+00 2.000000e+01 1.140954e+01
         vertex 8.749999e+00 2.000000e+01 1.129904e+01
      endloop
   endfacet
   facet normal -5.735742e-01 0.000000e+00 -8.191536e-01
      outer loop
         vertex 8.749999e+00 0.000000e+00 1.129904e+01
         vertex 8.749999e+00 2.000000e+01 1.129904e+01
         vertex 8.964181e+00 0.000000e+00 1.114907e+01
      endloop
   endfacet
   facet normal -5.735742e-01 0.000000e+00 -8.191536e-01
      outer loop
         vertex 8.964181e+00 0.000000e+00 1.114907e+01
         vertex 8.749999e+00 2.000000e+01 1.129904e+01
         vertex 8.964181e+00 2.000000e+01 1.114907e+01
      endloop
   endfacet
   facet normal -7.071086e-01 0.000000e+00 -7.071050e-01
      outer loop
         vertex 8.964181e+00 0.000000e+00 1.114907e+01
         vertex 8.964181e+00 2.000000e+01 1.114907e+01
         vertex 9.149065e+00 0.000000e+00 1.096418e+01
      endloop
   endfacet
   facet normal -7.071086e-01 0.000000e+00 -7.071050e-01
      outer loop
         vertex 9.149065e+00 0.000000e+00 1.096418e+01
         vertex 8.964181e+00 2.000000e+01 1.114907e+01
         vertex 9.149065e+00 2.000000e+01 1.096418e+01
      endloop
   endfacet
   facet normal -8.191503e-01 0.000000e+00 -5.735790e-01
      outer loop
         vertex 9.149065e+00 0.000000e+00 1.096418e+01
         vertex 9.149065e+00 2.000000e+01 1.096418e+01
         vertex 9.299038e+00 0.000000e+00 1.075000e+01
      endloop
   endfacet
   facet normal -8.191503e-01 0.000000e+00 -5.735790e-01
      outer loop
         vertex 9.299038e+00 0.000000e+00 1.075000e+01
         vertex 9.149065e+00 2.000000e+01 1.096418e+01
         vertex 9.299038e+00 2.000000e+01 1.075000e+01
      endloop
   endfacet
   facet normal -9.063094e-01 0.000000e+00 -4.226148e-01
      outer loop
         vertex 9.299038e+00 0.000000e+00 1.075000e+01
         vertex 9.299038e+00 2.000000e+01 1.075000e+01
         vertex 9.409538e+00 0.000000e+00 1.051303e+01
      endloop
   endfacet
   facet normal -9.063094e-01 0.000000e+00 -4.226148e-01
      outer loop
         vertex 9.409538e+00 0.000000e+00 1.051303e+01
         vertex 9.299038e+00 2.000000e+01 1.075000e+01
         vertex 9.409538e+00 2.000000e+01 1.051303e+01
      endloop
   endfacet
   facet normal -9.659249e-01 0.000000e+00 -2.588224e-01
      outer loop
         vertex 9.409538e+00 0.000000e+00 1.051303e+01
         vertex 9.409538e+00 2.000000e+01 1.051303e+01
         vertex 9.477211e+00 0.000000e+00 1.026047e+01
      endloop
   endfacet
   facet normal -9.659249e-01 0.000000e+00 -2.588224e-01
      outer loop
         vertex 9.477211e+00 0.000000e+00 1.026047e+01
         vertex 9.409538e+00 2.000000e+01 1.051303e+01
         vertex 9.477211e+00 2.000000e+01 1.026047e+01
      endloop
   endfacet
   facet normal -9.961950e-01 0.000000e+00 -8.715281e-02
      outer loop
         vertex 9.477211e+00 0.000000e+00 1.026047e+01
         vertex 9.477211e+00 2.000000e+01 1.026047e+01
         vertex 9.499999e+00 0.000000e+00 1.000000e+01
      endloop
   endfacet
   facet normal -9.961950e-01 0.000000e+00 -8.715281e-02
      outer loop
         vertex 9.499999e+00 0.000000e+00 1.000000e+01
         vertex 9.477211e+00 2.000000e+01 1.026047e+01
         vertex 9.499999e+00 2.000000e+01 1.000000e+01
      endloop
   endfacet
   facet normal -9.961950e-01 0.000000e+00 8.715281e-02
      outer loop
         vertex 9.499999e+00 0.000000e+00 1.000000e+01
         vertex 9.499999e+00 2.000000e+01 1.000000e+01
         vertex 9.477211e+00 0.000000e+00 9.739527e+00
      endloop
   endfacet
   facet normal -9.961950e-01 0.000000e+00 8.715281e-02
      outer loop
         vertex 9.477211e+00 0.000000e+00 9.739527e+00
         vertex 9.499999e+00 2.000000e+01 1.000000e+01
         vertex 9.477211e+00 2.000000e+01 9.739527e+00
      endloop
   endfacet
   facet normal -9.659249e-01 0.000000e+00 2.588224e-01
      outer loop
         vertex 9.477211e+00 0.000000e+00 9.739527e+00
         vertex 9.477211e+00 2.000000e+01 9.739527e+00
         vertex 9.409538e+00 0.000000e+00 9.486970e+00
      endloop
   endfacet
   facet normal -9.659249e-01 0.000000e+00 2.588224e-01
      outer loop
         vertex 9.409538e+00 0.000000e+00 9.486970e+00
         vertex 9.477211e+00 2.000000e+01 9.739527e+00
         vertex 9.409538e+00 2.000000e+01 9.486970e+00
      endloop
   endfacet
   facet normal -9.063100e-01 0.000000e+00 4.226134e-01
      outer loop
         vertex 9.409538e+00 0.000000e+00 9.486970e+00
         vertex 9.409538e+00 2.000000e+01 9.486970e+00
         vertex 9.299038e+00 0.000000e+00 9.249999e+00
      endloop
   endfacet
   facet normal -9.063100e-01 0.000000e+00 4.226134e-01
      outer loop
         vertex 9.299038e+00 0.000000e+00 9.249999e+00
         vertex 9.409538e+00 2.000000e+01 9.486970e+00
         vertex 9.299038e+00 2.000000e+01 9.249999e+00
      endloop
   endfacet
   facet normal -8.191491e-01 0.000000e+00 5.735807e-01
      outer loop
         vertex 9.299038e+00 0.000000e+00 9.249999e+00
         vertex 9.299038e+00 2.000000e+01 9.249999e+00
         vertex 9.149065e+00 0.000000e+00 9.035818e+00
      endloop
   endfacet
   facet normal -8.191491e-01 0.000000e+00 5.735807e-01
      outer loop
         vertex 9.149065e+00 0.000000e+00 9.035818e+00
         vertex 9.299038e+00 2.000000e+01 9.249999e+00
         vertex 9.149065e+00 2.000000e+01 9.035818e+00
      endloop
   endfacet
   facet normal -7.071086e-01 0.000000e+00 7.071050e-01
      outer loop
         vertex 9.149065e+00 0.000000e+00 9.035818e+00
         vertex 9.149065e+00 2.000000e+01 9.035818e+00
         vertex 8.964181e+00 0.000000e+00 8.850933e+00
      endloop
   endfacet
   facet normal -7.071086e-01 0.000000e+00 7.071050e-01
      outer loop
         vertex 8.964181e+00 0.000000e+00 8.850933e+00
         vertex 9.149065e+00 2.000000e+01 9.035818e+00
         vertex 8.964181e+00 2.000000e+01 8.850933e+00
      endloop
   endfacet
   facet normal -5.735766e-01 0.000000e+00 8.191519e-01
      outer loop
         vertex 8.964181e+00 0.000000e+00 8.850933e+00
         vertex 8.964181e+00 2.000000e+01 8.850933e+00
         vertex 8.749999e+00 0.000000e+00 8.700961e+00
      endloop
   endfacet
   facet normal -5.735766e-01 0.000000e+00 8.191519e-01
      outer loop
         vertex 8.749999e+00 0.000000e+00 8.700961e+00
         vertex 8.964181e+00 2.000000e+01 8.850933e+00
         vertex 8.749999e+00 2.000000e+01 8.700961e+00
      endloop
   endfacet
   facet normal -4.226177e-01 0.000000e+00 9.063080e-01
      outer loop
         vertex 8.749999e+00 0.000000e+00 8.700961e+00
         vertex 8.749999e+00 2.000000e+01 8.700961e+00
         vertex 8.513030e+00 0.000000e+00 8.590461e+00
      endloop
   endfacet
   facet normal -4.226177e-01 0.000000e+00 9.063080e-01
      outer loop
         vertex 8.513030e+00 0.000000e+00 8.590461e+00
         vertex 8.749999e+00 2.000000e+01 8.700961e+00
         vertex 8.513030e+00 2.000000e+01 8.590461e+00
      endloop
   endfacet
   facet normal -2.588191e-01 0.000000e+00 9.659258e-01
      outer loop
         vertex 8.513030e+00 0.000000e+00 8.590461e+00
         vertex 8.513030e+00 2.000000e+01 8.590461e+00
         vertex 8.260472e+00 0.000000e+00 8.522788e+00
      endloop
   endfacet
   facet normal -2.588191e-01 0.000000e+00 9.659258e-01
      outer loop
         vertex 8.260472e+00 0.000000e+00 8.522788e+00
         vertex 8.513030e+00 2.000000e+01 8.590461e+00
         vertex 8.260472e+00 2.000000e+01 8.522788e+00
      endloop
   endfacet
   facet normal -8.715635e-02 0.000000e+00 9.961946e-01
      outer loop
         vertex 8.260472e+00 0.000000e+00 8.522788e+00
         vertex 8.260472e+00 2.000000e+01 8.522788e+00
         vertex 7.999999e+00 0.000000e+00 8.500000e+00
      endloop
   endfacet
   facet normal -8.715635e-02 0.000000e+00 9.961946e-01
      outer loop
         vertex 7.999999e+00 0.000000e+00 8.500000e+00
         vertex 8.260472e+00 2.000000e+01 8.522788e+00
         vertex 7.999999e+00 2.000000e+01 8.500000e+00
      endloop
   endfacet
   facet normal 8.715635e-02 -0.000000e+00 9.961946e-01
      outer loop
         vertex 7.999999e+00 0.000000e+00 8.500000e+00
         vertex 7.999999e+00 2.000000e+01 8.500000e+00
         vertex 7.739527e+00 0.000000e+00 8.522788e+00
      endloop
   endfacet
   facet normal 8.715635e-02 -0.000000e+00 9.961946e-01
      outer loop
         vertex 7.739527e+00 0.000000e+00 8.522788e+00
         vertex 7.999999e+00 2.000000e+01 8.500000e+00
         vertex 7.739527e+00 2.000000e+01 8.522788e+00
      endloop
   endfacet
   facet normal 2.588191e-01 -0.000000e+00 9.659258e-01
      outer loop
         vertex 7.739527e+00 0.000000e+00 8.522788e+00
         vertex 7.739527e+00 2.000000e+01 8.522788e+00
         vertex 7.486969e+00 0.000000e+00 8.590461e+00
      endloop
   endfacet
   facet normal 2.588191e-01 -0.000000e+00 9.659258e-01
      outer loop
         vertex 7.486969e+00 0.000000e+00 8.590461e+00
         vertex 7.739527e+00 2.000000e+01 8.522788e+00
         vertex 7.486969e+00 2.000000e+01 8.590461e+00
      endloop
   endfacet
   facet normal 4.226177e-01 -0.000000e+00 9.063080e-01
      outer loop
         vertex 7.486969e+00 0.000000e+00 8.590461e+00
         vertex 7.486969e+00 2.000000e+01 8.590461e+00
         vertex 7.250000e+00 0.000000e+00 8.700961e+00
      endloop
   endfacet
   facet normal 4.226177e-01 -0.000000e+00 9.063080e-01
      outer loop
         vertex 7.250000e+00 0.000000e+00 8.700961e+00
         vertex 7.486969e+00 2.000000e+01 8.590461e+00
         vertex 7.250000e+00 2.000000e+01 8.700961e+00
      endloop
   endfacet
   facet normal 5.735766e-01 -0.000000e+00 8.191519e-01
      outer loop
         vertex 7.250000e+00 0.000000e+00 8.700961e+00
         vertex 7.250000e+00 2.000000e+01 8.700961e+00
         vertex 7.035818e+00 0.000000e+00 8.850933e+00
      endloop
   endfacet
   facet normal 5.735766e-01 -0.000000e+00 8.191519e-01
      outer loop
         vertex 7.035818e+00 0.000000e+00 8.850933e+00
         vertex 7.250000e+00 2.000000e+01 8.700961e+00
         vertex 7.035818e+00 2.000000e+01 8.850933e+00
      endloop
   endfacet
   facet normal 7.071050e-01 -0.000000e+00 7.071086e-01
      outer loop
         vertex 7.035818e+00 0.000000e+00 8.850933e+00
         vertex 7.035818e+00 2.000000e+01 8.850933e+00
         vertex 6.850932e+00 0.000000e+00 9.035818e+00
      endloop
   endfacet
   facet normal 7.071050e-01 -0.000000e+00 7.071086e-01
      outer loop
         vertex 6.850932e+00 0.000000e+00 9.035818e+00
         vertex 7.035818e+00 2.000000e+01 8.850933e+00
         vertex 6.850932e+00 2.000000e+01 9.035818e+00
      endloop
   endfacet
   facet normal 8.191524e-01 -0.000000e+00 5.735759e-01
      outer loop
         vertex 6.850932e+00 0.000000e+00 9.035818e+00
         vertex 6.850932e+00 2.000000e+01 9.035818e+00
         vertex 6.700961e+00 0.000000e+00 9.249999e+00
      endloop
   endfacet
   facet normal 8.191524e-01 -0.000000e+00 5.735759e-01
      outer loop
         vertex 6.700961e+00 0.000000e+00 9.249999e+00
         vertex 6.850932e+00 2.000000e+01 9.035818e+00
         vertex 6.700961e+00 2.000000e+01 9.249999e+00
      endloop
   endfacet
   facet normal 9.063073e-01 -0.000000e+00 4.226193e-01
      outer loop
         vertex 6.700961e+00 0.000000e+00 9.249999e+00
         vertex 6.700961e+00 2.000000e+01 9.249999e+00
         vertex 6.590459e+00 0.000000e+00 9.486970e+00
      endloop
   endfacet
   facet normal 9.063073e-01 -0.000000e+00 4.226193e-01
      outer loop
         vertex 6.590459e+00 0.000000e+00 9.486970e+00
         vertex 6.700961e+00 2.000000e+01 9.249999e+00
         vertex 6.590459e+00 2.000000e+01 9.486970e+00
      endloop
   endfacet
   facet normal 9.659267e-01 -0.000000e+00 2.588157e-01
      outer loop
         vertex 6.590459e+00 0.000000e+00 9.486970e+00
         vertex 6.590459e+00 2.000000e+01 9.486970e+00
         vertex 6.522788e+00 0.000000e+00 9.739527e+00
      endloop
   endfacet
   facet normal 9.659267e-01 -0.000000e+00 2.588157e-01
      outer loop
         vertex 6.522788e+00 0.000000e+00 9.739527e+00
         vertex 6.590459e+00 2.000000e+01 9.486970e+00
         vertex 6.522788e+00 2.000000e+01 9.739527e+00
      endloop
   endfacet
   facet normal 9.961950e-01 -0.000000e+00 8.715281e-02
      outer loop
         vertex 6.522788e+00 0.000000e+00 9.739527e+00
         vertex 6.522788e+00 2.000000e+01 9.739527e+00
         vertex 6.500000e+00 0.000000e+00 1.000000e+01
      endloop
   endfacet
   facet normal 9.961950e-01 -0.000000e+00 8.715281e-02
      outer loop
         vertex 6.500000e+00 0.000000e+00 1.000000e+01
         vertex 6.522788e+00 2.000000e+01 9.739527e+00
         vertex 6.500000e+00 2.000000e+01 1.000000e+01
      endloop
   endfacet
   facet normal 9.961950e-01 0.000000e+00 -8.715281e-02
      outer loop
         vertex 6.500000e+00 0.000000e+00 1.000000e+01
         vertex 6.500000e+00 2.000000e+01 1.000000e+01
         vertex 6.522788e+00 0.000000e+00 1.026047e+01
      endloop
   endfacet
   facet normal 9.961950e-01 0.000000e+00 -8.715281e-02
      outer loop
         vertex 6.522788e+00 0.000000e+00 1.026047e+01
         vertex 6.500000e+00 2.000000e+01 1.000000e+01
         vertex 6.522788e+00 2.000000e+01 1.026047e+01
      endloop
   endfacet
   facet normal 9.659267e-01 0.000000e+00 -2.588157e-01
      outer loop
         vertex 6.522788e+00 0.000000e+00 1.026047e+01
         vertex 6.522788e+00 2.000000e+01 1.026047e+01
         vertex 6.590459e+00 0.000000e+00 1.051303e+01
      endloop
   endfacet
   facet normal 9.659267e-01 0.000000e+00 -2.588157e-01
      outer loop
         vertex 6.590459e+00 0.000000e+00 1.051303e+01
         vertex 6.522788e+00 2.000000e+01 1.026047e+01
         vertex 6.590459e+00 2.000000e+01 1.051303e+01
      endloop
   endfacet
   facet normal 9.063067e-01 0.000000e+00 -4.226206e-01
      outer loop
         vertex 6.590459e+00 0.000000e+00 1.051303e+01
         vertex 6.590459e+00 2.000000e+01 1.051303e+01
         vertex 6.700961e+00 0.000000e+00 1.075000e+01
      endloop
   endfacet
   facet normal 9.063067e-01 0.000000e+00 -4.226206e-01
      outer loop
         vertex 6.700961e+00 0.000000e+00 1.075000e+01
         vertex 6.590459e+00 2.000000e+01 1.051303e+01
         vertex 6.700961e+00 2.000000e+01 1.075000e+01
      endloop
   endfacet
   facet normal 8.191536e-01 0.000000e+00 -5.735742e-01
      outer loop
         vertex 6.700961e+00 0.000000e+00 1.075000e+01
         vertex 6.700961e+00 2.000000e+01 1.075000e+01
         vertex 6.850932e+00 0.000000e+00 1.096418e+01
      endloop
   endfacet
   facet normal 8.191536e-01 0.000000e+00 -5.735742e-01
      outer loop
         vertex 6.850932e+00 0.000000e+00 1.096418e+01
         vertex 6.700961e+00 2.000000e+01 1.075000e+01
         vertex 6.850932e+00 2.000000e+01 1.096418e+01
      endloop
   endfacet
   facet normal 7.071050e-01 0.000000e+00 -7.071086e-01
      outer loop
         vertex 6.850932e+00 0.000000e+00 1.096418e+01
         vertex 6.850932e+00 2.000000e+01 1.096418e+01
         vertex 7.035818e+00 0.000000e+00 1.114907e+01
      endloop
   endfacet
   facet normal 7.071050e-01 0.000000e+00 -7.071086e-01
      outer loop
         vertex 7.035818e+00 0.000000e+00 1.114907e+01
         vertex 6.850932e+00 2.000000e+01 1.096418e+01
         vertex 7.035818e+00 2.000000e+01 1.114907e+01
      endloop
   endfacet
   facet normal 5.735742e-01 0.000000e+00 -8.191536e-01
      outer loop
         vertex 7.035818e+00 0.000000e+00 1.114907e+01
         vertex 7.035818e+00 2.000000e+01 1.114907e+01
         vertex 7.250000e+00 0.000000e+00 1.129904e+01
      endloop
   endfacet
   facet normal 5.735742e-01 0.000000e+00 -8.191536e-01
      outer loop
         vertex 7.250000e+00 0.000000e+00 1.129904e+01
         vertex 7.035818e+00 2.000000e+01 1.114907e+01
         vertex 7.250000e+00 2.000000e+01 1.129904e+01
      endloop
   endfacet
   facet normal 4.226206e-01 0.000000e+00 -9.063067e-01
      outer loop
         vertex 7.250000e+00 0.000000e+00 1.129904e+01
         vertex 7.250000e+00 2.000000e+01 1.129904e+01
         vertex 7.486969e+00 0.000000e+00 1.140954e+01
      endloop
   endfacet
   facet normal 4.226206e-01 0.000000e+00 -9.063067e-01
      outer loop
         vertex 7.486969e+00 0.000000e+00 1.140954e+01
         vertex 7.250000e+00 2.000000e+01 1.129904e+01
         vertex 7.486969e+00 2.000000e+01 1.140954e+01
      endloop
   endfacet
   facet normal 2.588191e-01 0.000000e+00 -9.659258e-01
      outer loop
         vertex 7.486969e+00 0.000000e+00 1.140954e+01
         vertex 7.486969e+00 2.000000e+01 1.140954e+01
         vertex 7.739527e+00 0.000000e+00 1.147721e+01
      endloop
   endfacet
   facet normal 2.588191e-01 0.000000e+00 -9.659258e-01
      outer loop
         vertex 7.739527e+00 0.000000e+00 1.147721e+01
         vertex 7.486969e+00 2.000000e+01 1.140954e+01
         vertex 7.739527e+00 2.000000e+01 1.147721e+01
      endloop
   endfacet
   facet normal 8.715281e-02 0.000000e+00 -9.961950e-01
      outer loop
         vertex 7.739527e+00 0.000000e+00 1.147721e+01
         vertex 7.739527e+00 2.000000e+01 1.147721e+01
         vertex 7.999999e+00 0.000000e+00 1.150000e+01
      endloop
   endfacet
   facet normal 8.715281e-02 0.000000e+00 -9.961950e-01
      outer loop
         vertex 7.999999e+00 0.000000e+00 1.150000e+01
         vertex 7.739527e+00 2.000000e+01 1.147721e+01
         vertex 7.999999e+00 2.000000e+01 1.150000e+01
      endloop
   endfacet
   facet normal -8.715635e-02 0.000000e+00 -9.961946e-01
      outer loop
         vertex 7.999999e+00 0.000000e+00 3.150000e+01
         vertex 7.999999e+00 2.000000e+01 3.150000e+01
         vertex 8.260472e+00 0.000000e+00 3.147721e+01
      endloop
   endfacet
   facet normal -8.715635e-02 0.000000e+00 -9.961946e-01
      outer loop
         vertex 8.260472e+00 0.000000e+00 3.147721e+01
         vertex 7.999999e+00 2.000000e+01 3.150000e+01
         vertex 8.260472e+00 2.000000e+01 3.147721e+01
      endloop
   endfacet
   facet normal -2.588191e-01 0.000000e+00 -9.659258e-01
      outer loop
         vertex 8.260472e+00 0.000000e+00 3.147721e+01
         vertex 8.260472e+00 2.000000e+01 3.147721e+01
         vertex 8.513030e+00 0.000000e+00 3.140954e+01
      endloop
   endfacet
   facet normal -2.588191e-01 0.000000e+00 -9.659258e-01
      outer loop
         vertex 8.513030e+00 0.000000e+00 3.140954e+01
         vertex 8.260472e+00 2.000000e+01 3.147721e+01
         vertex 8.513030e+00 2.000000e+01 3.140954e+01
      endloop
   endfacet
   facet normal -4.226177e-01 0.000000e+00 -9.063080e-01
      outer loop
         vertex 8.513030e+00 0.000000e+00 3.140954e+01
         vertex 8.513030e+00 2.000000e+01 3.140954e+01
         vertex 8.749999e+00 0.000000e+00 3.129904e+01
      endloop
   endfacet
   facet normal -4.226177e-01 0.000000e+00 -9.063080e-01
      outer loop
         vertex 8.749999e+00 0.000000e+00 3.129904e+01
         vertex 8.513030e+00 2.000000e+01 3.140954e+01
         vertex 8.749999e+00 2.000000e+01 3.129904e+01
      endloop
   endfacet
   facet normal -5.735766e-01 0.000000e+00 -8.191519e-01
      outer loop
         vertex 8.749999e+00 0.000000e+00 3.129904e+01
         vertex 8.749999e+00 2.000000e+01 3.129904e+01
         vertex 8.964181e+00 0.000000e+00 3.114907e+01
      endloop
   endfacet
   facet normal -5.735766e-01 0.000000e+00 -8.191519e-01
      outer loop
         vertex 8.964181e+00 0.000000e+00 3.114907e+01
         vertex 8.749999e+00 2.000000e+01 3.129904e+01
         vertex 8.964181e+00 2.000000e+01 3.114907e+01
      endloop
   endfacet
   facet normal -7.071086e-01 0.000000e+00 -7.071050e-01
      outer loop
         vertex 8.964181e+00 0.000000e+00 3.114907e+01
         vertex 8.964181e+00 2.000000e+01 3.114907e+01
         vertex 9.149065e+00 0.000000e+00 3.096418e+01
      endloop
   endfacet
   facet normal -7.071086e-01 0.000000e+00 -7.071050e-01
      outer loop
         vertex 9.149065e+00 0.000000e+00 3.096418e+01
         vertex 8.964181e+00 2.000000e+01 3.114907e+01
         vertex 9.149065e+00 2.000000e+01 3.096418e+01
      endloop
   endfacet
   facet normal -8.191491e-01 0.000000e+00 -5.735807e-01
      outer loop
         vertex 9.149065e+00 0.000000e+00 3.096418e+01
         vertex 9.149065e+00 2.000000e+01 3.096418e+01
         vertex 9.299038e+00 0.000000e+00 3.075000e+01
      endloop
   endfacet
   facet normal -8.191491e-01 0.000000e+00 -5.735807e-01
      outer loop
         vertex 9.299038e+00 0.000000e+00 3.075000e+01
         vertex 9.149065e+00 2.000000e+01 3.096418e+01
         vertex 9.299038e+00 2.000000e+01 3.075000e+01
      endloop
   endfacet
   facet normal -9.063100e-01 0.000000e+00 -4.226134e-01
      outer loop
         vertex 9.299038e+00 0.000000e+00 3.075000e+01
         vertex 9.299038e+00 2.000000e+01 3.075000e+01
         vertex 9.409538e+00 0.000000e+00 3.051303e+01
      endloop
   endfacet
   facet normal -9.063100e-01 0.000000e+00 -4.226134e-01
      outer loop
         vertex 9.409538e+00 0.000000e+00 3.051303e+01
         vertex 9.299038e+00 2.000000e+01 3.075000e+01
         vertex 9.409538e+00 2.000000e+01 3.051303e+01
      endloop
   endfacet
   facet normal -9.659249e-01 0.000000e+00 -2.588224e-01
      outer loop
         vertex 9.409538e+00 0.000000e+00 3.051303e+01
         vertex 9.409538e+00 2.000000e+01 3.051303e+01
         vertex 9.477211e+00 0.000000e+00 3.026047e+01
      endloop
   endfacet
   facet normal -9.659249e-01 0.000000e+00 -2.588224e-01
      outer loop
         vertex 9.477211e+00 0.000000e+00 3.026047e+01
         vertex 9.409538e+00 2.000000e+01 3.051303e+01
         vertex 9.477211e+00 2.000000e+01 3.026047e+01
      endloop
   endfacet
   facet normal -9.961950e-01 0.000000e+00 -8.715281e-02
      outer loop
         vertex 9.477211e+00 0.000000e+00 3.026047e+01
         vertex 9.477211e+00 2.000000e+01 3.026047e+01
         vertex 9.499999e+00 0.000000e+00 3.000000e+01
      endloop
   endfacet
   facet normal -9.961950e-01 0.000000e+00 -8.715281e-02
      outer loop
         vertex 9.499999e+00 0.000000e+00 3.000000e+01
         vertex 9.477211e+00 2.000000e+01 3.026047e+01
         vertex 9.499999e+00 2.000000e+01 3.000000e+01
      endloop
   endfacet
   facet normal -9.961950e-01 0.000000e+00 8.715281e-02
      outer loop
         vertex 9.499999e+00 0.000000e+00 3.000000e+01
         vertex 9.499999e+00 2.000000e+01 3.000000e+01
         vertex 9.477211e+00 0.000000e+00 2.973953e+01
      endloop
   endfacet
   facet normal -9.961950e-01 0.000000e+00 8.715281e-02
      outer loop
         vertex 9.477211e+00 0.000000e+00 2.973953e+01
         vertex 9.499999e+00 2.000000e+01 3.000000e+01
         vertex 9.477211e+00 2.000000e+01 2.973953e+01
      endloop
   endfacet
   facet normal -9.659249e-01 0.000000e+00 2.588224e-01
      outer loop
         vertex 9.477211e+00 0.000000e+00 2.973953e+01
         vertex 9.477211e+00 2.000000e+01 2.973953e+01
         vertex 9.409538e+00 0.000000e+00 2.948697e+01
      endloop
   endfacet
   facet normal -9.659249e-01 0.000000e+00 2.588224e-01
      outer loop
         vertex 9.409538e+00 0.000000e+00 2.948697e+01
         vertex 9.477211e+00 2.000000e+01 2.973953e+01
         vertex 9.409538e+00 2.000000e+01 2.948697e+01
      endloop
   endfacet
   facet normal -9.063094e-01 0.000000e+00 4.226148e-01
      outer loop
         vertex 9.409538e+00 0.000000e+00 2.948697e+01
         vertex 9.409538e+00 2.000000e+01 2.948697e+01
         vertex 9.299038e+00 0.000000e+00 2.925000e+01
      endloop
   endfacet
   facet normal -9.063094e-01 0.000000e+00 4.226148e-01
      outer loop
         vertex 9.299038e+00 0.000000e+00 2.925000e+01
         vertex 9.409538e+00 2.000000e+01 2.948697e+01
         vertex 9.299038e+00 2.000000e+01 2.925000e+01
      endloop
   endfacet
   facet normal -8.191503e-01 0.000000e+00 5.735790e-01
      outer loop
         vertex 9.299038e+00 0.000000e+00 2.925000e+01
         vertex 9.299038e+00 2.000000e+01 2.925000e+01
         vertex 9.149065e+00 0.000000e+00 2.903582e+01
      endloop
   endfacet
   facet normal -8.191503e-01 0.000000e+00 5.735790e-01
      outer loop
         vertex 9.149065e+00 0.000000e+00 2.903582e+01
         vertex 9.299038e+00 2.000000e+01 2.925000e+01
         vertex 9.149065e+00 2.000000e+01 2.903582e+01
      endloop
   endfacet
   facet normal -7.071086e-01 0.000000e+00 7.071050e-01
      outer loop
         vertex 9.149065e+00 0.000000e+00 2.903582e+01
         vertex 9.149065e+00 2.000000e+01 2.903582e+01
         vertex 8.964181e+00 0.000000e+00 2.885093e+01
      endloop
   endfacet
   facet normal -7.071086e-01 0.000000e+00 7.071050e-01
      outer loop
         vertex 8.964181e+00 0.000000e+00 2.885093e+01
         vertex 9.149065e+00 2.000000e+01 2.903582e+01
         vertex 8.964181e+00 2.000000e+01 2.885093e+01
      endloop
   endfacet
   facet normal -5.735742e-01 0.000000e+00 8.191536e-01
      outer loop
         vertex 8.964181e+00 0.000000e+00 2.885093e+01
         vertex 8.964181e+00 2.000000e+01 2.885093e+01
         vertex 8.749999e+00 0.000000e+00 2.870096e+01
      endloop
   endfacet
   facet normal -5.735742e-01 0.000000e+00 8.191536e-01
      outer loop
         vertex 8.749999e+00 0.000000e+00 2.870096e+01
         vertex 8.964181e+00 2.000000e+01 2.885093e+01
         vertex 8.749999e+00 2.000000e+01 2.870096e+01
      endloop
   endfacet
   facet normal -4.226206e-01 0.000000e+00 9.063067e-01
      outer loop
         vertex 8.749999e+00 0.000000e+00 2.870096e+01
         vertex 8.749999e+00 2.000000e+01 2.870096e+01
         vertex 8.513030e+00 0.000000e+00 2.859046e+01
      endloop
   endfacet
   facet normal -4.226206e-01 0.000000e+00 9.063067e-01
      outer loop
         vertex 8.513030e+00 0.000000e+00 2.859046e+01
         vertex 8.749999e+00 2.000000e+01 2.870096e+01
         vertex 8.513030e+00 2.000000e+01 2.859046e+01
      endloop
   endfacet
   facet normal -2.588191e-01 0.000000e+00 9.659258e-01
      outer loop
         vertex 8.513030e+00 0.000000e+00 2.859046e+01
         vertex 8.513030e+00 2.000000e+01 2.859046e+01
         vertex 8.260472e+00 0.000000e+00 2.852279e+01
      endloop
   endfacet
   facet normal -2.588191e-01 0.000000e+00 9.659258e-01
      outer loop
         vertex 8.260472e+00 0.000000e+00 2.852279e+01
         vertex 8.513030e+00 2.000000e+01 2.859046e+01
         vertex 8.260472e+00 2.000000e+01 2.852279e+01
      endloop
   endfacet
   facet normal -8.715281e-02 0.000000e+00 9.961950e-01
      outer loop
         vertex 8.260472e+00 0.000000e+00 2.852279e+01
         vertex 8.260472e+00 2.000000e+01 2.852279e+01
         vertex 7.999999e+00 0.000000e+00 2.850000e+01
      endloop
   endfacet
   facet normal -8.715281e-02 0.000000e+00 9.961950e-01
      outer loop
         vertex 7.999999e+00 0.000000e+00 2.850000e+01
         vertex 8.260472e+00 2.000000e+01 2.852279e+01
         vertex 7.999999e+00 2.000000e+01 2.850000e+01
      endloop
   endfacet
   facet normal 8.715281e-02 -0.000000e+00 9.961950e-01
      outer loop
         vertex 7.999999e+00 0.000000e+00 2.850000e+01
         vertex 7.999999e+00 2.000000e+01 2.850000e+01
         vertex 7.739527e+00 0.000000e+00 2.852279e+01
      endloop
   endfacet
   facet normal 8.715281e-02 -0.000000e+00 9.961950e-01
      outer loop
         vertex 7.739527e+00 0.000000e+00 2.852279e+01
         vertex 7.999999e+00 2.000000e+01 2.850000e+01
         vertex 7.739527e+00 2.000000e+01 2.852279e+01
      endloop
   endfacet
   facet normal 2.588191e-01 -0.000000e+00 9.659258e-01
      outer loop
         vertex 7.739527e+00 0.000000e+00 2.852279e+01
         vertex 7.739527e+00 2.000000e+01 2.852279e+01
         vertex 7.486969e+00 0.000000e+00 2.859046e+01
      endloop
   endfacet
   facet normal 2.588191e-01 -0.000000e+00 9.659258e-01
      outer loop
         vertex 7.486969e+00 0.000000e+00 2.859046e+01
         vertex 7.739527e+00 2.000000e+01 2.852279e+01
         vertex 7.486969e+00 2.000000e+01 2.859046e+01
      endloop
   endfacet
   facet normal 4.226206e-01 -0.000000e+00 9.063067e-01
      outer loop
         vertex 7.486969e+00 0.000000e+00 2.859046e+01
         vertex 7.486969e+00 2.000000e+01 2.859046e+01
         vertex 7.250000e+00 0.000000e+00 2.870096e+01
      endloop
   endfacet
   facet normal 4.226206e-01 -0.000000e+00 9.063067e-01
      outer loop
         vertex 7.250000e+00 0.000000e+00 2.870096e+01
         vertex 7.486969e+00 2.000000e+01 2.859046e+01
         vertex 7.250000e+00 2.000000e+01 2.870096e+01
      endloop
   endfacet
   facet normal 5.735742e-01 -0.000000e+00 8.191536e-01
      outer loop
         vertex 7.250000e+00 0.000000e+00 2.870096e+01
         vertex 7.250000e+00 2.000000e+01 2.870096e+01
         vertex 7.035818e+00 0.000000e+00 2.885093e+01
      endloop
   endfacet
   facet normal 5.735742e-01 -0.000000e+00 8.191536e-01
      outer loop
         vertex 7.035818e+00 0.000000e+00 2.885093e+01
         vertex 7.250000e+00 2.000000e+01 2.870096e+01
         vertex 7.035818e+00 2.000000e+01 2.885093e+01
      endloop
   endfacet
   facet normal 7.071050e-01 -0.000000e+00 7.071086e-01
      outer loop
         vertex 7.035818e+00 0.000000e+00 2.885093e+01
         vertex 7.035818e+00 2.000000e+01 2.885093e+01
         vertex 6.850932e+00 0.000000e+00 2.903582e+01
      endloop
   endfacet
   facet normal 7.071050e-01 -0.000000e+00 7.071086e-01
      outer loop
         vertex 6.850932e+00 0.000000e+00 2.903582e+01
         vertex 7.035818e+00 2.000000e+01 2.885093e+01
         vertex 6.850932e+00 2.000000e+01 2.903582e+01
      endloop
   endfacet
   facet normal 8.191536e-01 -0.000000e+00 5.735742e-01
      outer loop
         vertex 6.850932e+00 0.000000e+00 2.903582e+01
         vertex 6.850932e+00 2.000000e+01 2.903582e+01
         vertex 6.700961e+00 0.000000e+00 2.925000e+01
      endloop
   endfacet
   facet normal 8.191536e-01 -0.000000e+00 5.735742e-01
      outer loop
         vertex 6.700961e+00 0.000000e+00 2.925000e+01
         vertex 6.850932e+00 2.000000e+01 2.903582e+01
         vertex 6.700961e+00 2.000000e+01 2.925000e+01
      endloop
   endfacet
   facet normal 9.063067e-01 -0.000000e+00 4.226206e-01
      outer loop
         vertex 6.700961e+00 0.000000e+00 2.925000e+01
         vertex 6.700961e+00 2.000000e+01 2.925000e+01
         vertex 6.590459e+00 0.000000e+00 2.948697e+01
      endloop
   endfacet
   facet normal 9.063067e-01 -0.000000e+00 4.226206e-01
      outer loop
         vertex 6.590459e+00 0.000000e+00 2.948697e+01
         vertex 6.700961e+00 2.000000e+01 2.925000e+01
         vertex 6.590459e+00 2.000000e+01 2.948697e+01
      endloop
   endfacet
   facet normal 9.659267e-01 -0.000000e+00 2.588157e-01
      outer loop
         vertex 6.590459e+00 0.000000e+00 2.948697e+01
         vertex 6.590459e+00 2.000000e+01 2.948697e+01
         vertex 6.522788e+00 0.000000e+00 2.973953e+01
      endloop
   endfacet
   facet normal 9.659267e-01 -0.000000e+00 2.588157e-01
      outer loop
         vertex 6.522788e+00 0.000000e+00 2.973953e+01
         vertex 6.590459e+00 2.000000e+01 2.948697e+01
         vertex 6.522788e+00 2.000000e+01 2.973953e+01
      endloop
   endfacet
   facet normal 9.961950e-01 -0.000000e+00 8.715281e-02
      outer loop
         vertex 6.522788e+00 0.000000e+00 2.973953e+01
         vertex 6.522788e+00 2.000000e+01 2.973953e+01
         vertex 6.500000e+00 0.000000e+00 3.000000e+01
      endloop
   endfacet
   facet normal 9.961950e-01 -0.000000e+00 8.715281e-02
      outer loop
         vertex 6.500000e+00 0.000000e+00 3.000000e+01
         vertex 6.522788e+00 2.000000e+01 2.973953e+01
         vertex 6.500000e+00 2.000000e+01 3.000000e+01
      endloop
   endfacet
   facet normal 9.961950e-01 0.000000e+00 -8.715281e-02
      outer loop
         vertex 6.500000e+00 0.000000e+00 3.000000e+01
         vertex 6.500000e+00 2.000000e+01 3.000000e+01
         vertex 6.522788e+00 0.000000e+00 3.026047e+01
      endloop
   endfacet
   facet normal 9.961950e-01 0.000000e+00 -8.715281e-02
      outer loop
         vertex 6.522788e+00 0.000000e+00 3.026047e+01
         vertex 6.500000e+00 2.000000e+01 3.000000e+01
         vertex 6.522788e+00 2.000000e+01 3.026047e+01
      endloop
   endfacet
   facet normal 9.659267e-01 0.000000e+00 -2.588157e-01
      outer loop
         vertex 6.522788e+00 0.000000e+00 3.026047e+01
         vertex 6.522788e+00 2.000000e+01 3.026047e+01
         vertex 6.590459e+00 0.000000e+00 3.051303e+01
      endloop
   endfacet
   facet normal 9.659267e-01 0.000000e+00 -2.588157e-01
      outer loop
         vertex 6.590459e+00 0.000000e+00 3.051303e+01
         vertex 6.522788e+00 2.000000e+01 3.026047e+01
         vertex 6.590459e+00 2.000000e+01 3.051303e+01
      endloop
   endfacet
   facet normal 9.063073e-01 0.000000e+00 -4.226193e-01
      outer loop
         vertex 6.590459e+00 0.000000e+00 3.051303e+01
         vertex 6.590459e+00 2.000000e+01 3.051303e+01
         vertex 6.700961e+00 0.000000e+00 3.075000e+01
      endloop
   endfacet
   facet normal 9.063073e-01 0.000000e+00 -4.226193e-01
      outer loop
         vertex 6.700961e+00 0.000000e+00 3.075000e+01
         vertex 6.590459e+00 2.000000e+01 3.051303e+01
         vertex 6.700961e+00 2.000000e+01 3.075000e+01
      endloop
   endfacet
   facet normal 8.191524e-01 0.000000e+00 -5.735759e-01
      outer loop
         vertex 6.700961e+00 0.000000e+00 3.075000e+01
         vertex 6.700961e+00 2.000000e+01 3.075000e+01
         vertex 6.850932e+00 0.000000e+00 3.096418e+01
      endloop
   endfacet
   facet normal 8.191524e-01 0.000000e+00 -5.735759e-01
      outer loop
         vertex 6.850932e+00 0.000000e+00 3.096418e+01
         vertex 6.700961e+00 2.000000e+01 3.075000e+01
         vertex 6.850932e+00 2.000000e+01 3.096418e+01
      endloop
   endfacet
   facet normal 7.071050e-01 0.000000e+00 -7.071086e-01
      outer loop
         vertex 6.850932e+00 0.000000e+00 3.096418e+01
         vertex 6.850932e+00 2.000000e+01 3.096418e+01
         vertex 7.035818e+00 0.000000e+00 3.114907e+01
      endloop
   endfacet
   facet normal 7.071050e-01 0.000000e+00 -7.071086e-01
      outer loop
         vertex 7.035818e+00 0.000000e+00 3.114907e+01
         vertex 6.850932e+00 2.000000e+01 3.096418e+01
         vertex 7.035818e+00 2.000000e+01 3.114907e+01
      endloop
   endfacet
   facet normal 5.735766e-01 0.000000e+00 -8.191519e-01
      outer loop
         vertex 7.035818e+00 0.000000e+00 3.114907e+01
         vertex 7.035818e+00 2.000000e+01 3.114907e+01
         vertex 7.250000e+00 0.000000e+00 3.129904e+01
      endloop
   endfacet
   facet normal 5.735766e-01 0.000000e+00 -8.191519e-01
      outer loop
         vertex 7.250000e+00 0.000000e+00 3.129904e+01
         vertex 7.035818e+00 2.000000e+01 3.114907e+01
         vertex 7.250000e+00 2.000000e+01 3.129904e+01
      endloop
   endfacet
   facet normal 4.226177e-01 0.000000e+00 -9.063080e-01
      outer loop
         vertex 7.250000e+00 0.000000e+00 3.129904e+01
         vertex 7.250000e+00 2.000000e+01 3.129904e+01
         vertex 7.486969e+00 0.000000e+00 3.140954e+01
      endloop
   endfacet
   facet normal 4.226177e-01 0.000000e+00 -9.063080e-01
      outer loop
         vertex 7.486969e+00 0.000000e+00 3.140954e+01
         vertex 7.250000e+00 2.000000e+01 3.129904e+01
         vertex 7.486969e+00 2.000000e+01 3.140954e+01
      endloop
   endfacet
   facet normal 2.588191e-01 0.000000e+00 -9.659258e-01
      outer loop
         vertex 7.486969e+00 0.000000e+00 3.140954e+01
         vertex 7.486969e+00 2.000000e+01 3.140954e+01
         vertex 7.739527e+00 0.000000e+00 3.147721e+01
      endloop
   endfacet
   facet normal 2.588191e-01 0.000000e+00 -9.659258e-01
      outer loop
         vertex 7.739527e+00 0.000000e+00 3.147721e+01
         vertex 7.486969e+00 2.000000e+01 3.140954e+01
         vertex 7.739527e+00 2.000000e+01 3.147721e+01
      endloop
   endfacet
   facet normal 8.715635e-02 0.000000e+00 -9.961946e-01
      outer loop
         vertex 7.739527e+00 0.000000e+00 3.147721e+01
         vertex 7.739527e+00 2.000000e+01 3.147721e+01
         vertex 7.999999e+00 0.000000e+00 3.150000e+01
      endloop
   endfacet
   facet normal 8.715635e-02 0.000000e+00 -9.961946e-01
      outer loop
         vertex 7.999999e+00 0.000000e+00 3.150000e+01
         vertex 7.739527e+00 2.000000e+01 3.147721e+01
         vertex 7.999999e+00 2.000000e+01 3.150000e+01
      endloop
   endfacet
endsolid FlangeBottomMount_3DPrint