solid FlangeTopMount_3DPrint
   facet normal 0.000000e+00 -1.000000e+00 -0.000000e+00
      outer loop
         vertex 5.231257e+01 0.000000e+00 8.227346e+00
         vertex 5.200000e+01 0.000000e+00 8.199999e+00
         vertex 6.000000e+01 0.000000e+00 0.000000e+00
      endloop
   endfacet
   facet normal -0.000000e+00 -1.000000e+00 0.000000e+00
      outer loop
         vertex 5.062112e+01 0.000000e+00 8.842981e+00
         vertex 5.044115e+01 0.000000e+00 9.099999e+00
         vertex 4.250000e+01 0.000000e+00 0.000000e+00
      endloop
   endfacet
   facet normal 0.000000e+00 -1.000000e+00 0.000000e+00
      outer loop
         vertex 6.000000e+01 0.000000e+00 0.000000e+00
         vertex 5.200000e+01 0.000000e+00 8.199999e+00
         vertex 4.250000e+01 0.000000e+00 0.000000e+00
      endloop
   endfacet
   facet normal 0.000000e+00 -1.000000e+00 0.000000e+00
      outer loop
         vertex 4.250000e+01 0.000000e+00 0.000000e+00
         vertex 5.200000e+01 0.000000e+00 8.199999e+00
         vertex 5.168743e+01 0.000000e+00 8.227346e+00
      endloop
   endfacet
   facet normal 0.000000e+00 -1.000000e+00 0.000000e+00
      outer loop
         vertex 4.250000e+01 0.000000e+00 0.000000e+00
         vertex 5.168743e+01 0.000000e+00 8.227346e+00
         vertex 5.138436e+01 0.000000e+00 8.308553e+00
      endloop
   endfacet
   facet normal -0.000000e+00 -1.000000e+00 0.000000e+00
      outer loop
         vertex 5.110000e+01 0.000000e+00 2.844115e+01
         vertex 5.084298e+01 0.000000e+00 2.862112e+01
         vertex 4.250000e+01 0.000000e+00 0.000000e+00
      endloop
   endfacet
   facet normal 0.000000e+00 -1.000000e+00 0.000000e+00
      outer loop
         vertex 4.250000e+01 0.000000e+00 0.000000e+00
         vertex 5.030855e+01 0.000000e+00 2.938436e+01
         vertex 4.250000e+01 0.000000e+00 4.000000e+01
      endloop
   endfacet
   facet normal 0.000000e+00 -1.000000e+00 0.000000e+00
      outer loop
         vertex 4.250000e+01 0.000000e+00 4.000000e+01
         vertex 5.030855e+01 0.000000e+00 2.938436e+01
         vertex 5.022735e+01 0.000000e+00 2.968743e+01
      endloop
   endfacet
   facet normal 0.000000e+00 -1.000000e+00 0.000000e+00
      outer loop
         vertex 4.250000e+01 0.000000e+00 4.000000e+01
         vertex 5.022735e+01 0.000000e+00 2.968743e+01
         vertex 5.020000e+01 0.000000e+00 3.000000e+01
      endloop
   endfacet
   facet normal -0.000000e+00 -1.000000e+00 0.000000e+00
      outer loop
         vertex 5.138436e+01 0.000000e+00 8.308553e+00
         vertex 5.110000e+01 0.000000e+00 8.441154e+00
         vertex 4.250000e+01 0.000000e+00 0.000000e+00
      endloop
   endfacet
   facet normal 0.000000e+00 -1.000000e+00 0.000000e+00
      outer loop
         vertex 4.250000e+01 0.000000e+00 0.000000e+00
         vertex 5.110000e+01 0.000000e+00 8.441154e+00
         vertex 5.084298e+01 0.000000e+00 8.621120e+00
      endloop
   endfacet
   facet normal 0.000000e+00 -1.000000e+00 0.000000e+00
      outer loop
         vertex 4.250000e+01 0.000000e+00 0.000000e+00
         vertex 5.084298e+01 0.000000e+00 8.621120e+00
         vertex 5.062112e+01 0.000000e+00 8.842981e+00
      endloop
   endfacet
   facet normal -0.000000e+00 -1.000000e+00 0.000000e+00
      outer loop
         vertex 5.084298e+01 0.000000e+00 2.862112e+01
         vertex 5.062112e+01 0.000000e+00 2.884298e+01
         vertex 4.250000e+01 0.000000e+00 0.000000e+00
      endloop
   endfacet
   facet normal 0.000000e+00 -1.000000e+00 0.000000e+00
      outer loop
         vertex 4.250000e+01 0.000000e+00 0.000000e+00
         vertex 5.062112e+01 0.000000e+00 2.884298e+01
         vertex 5.044115e+01 0.000000e+00 2.910000e+01
      endloop
   endfacet
   facet normal 0.000000e+00 -1.000000e+00 0.000000e+00
      outer loop
         vertex 4.250000e+01 0.000000e+00 0.000000e+00
         vertex 5.044115e+01 0.000000e+00 2.910000e+01
         vertex 5.030855e+01 0.000000e+00 2.938436e+01
      endloop
   endfacet
   facet normal 0.000000e+00 -1.000000e+00 0.000000e+00
      outer loop
         vertex 5.337888e+01 0.000000e+00 3.115702e+01
         vertex 5.355885e+01 0.000000e+00 3.090000e+01
         vertex 6.000000e+01 0.000000e+00 4.000000e+01
      endloop
   endfacet
   facet normal 0.000000e+00 -1.000000e+00 0.000000e+00
      outer loop
         vertex 6.000000e+01 0.000000e+00 4.000000e+01
         vertex 5.355885e+01 0.000000e+00 3.090000e+01
         vertex 5.369145e+01 0.000000e+00 3.061564e+01
      endloop
   endfacet
   facet normal 0.000000e+00 -1.000000e+00 0.000000e+00
      outer loop
         vertex 6.000000e+01 0.000000e+00 4.000000e+01
         vertex 5.369145e+01 0.000000e+00 3.061564e+01
         vertex 5.377265e+01 0.000000e+00 3.031257e+01
      endloop
   endfacet
   facet normal 0.000000e+00 -1.000000e+00 0.000000e+00
      outer loop
         vertex 5.377265e+01 0.000000e+00 3.031257e+01
         vertex 5.380000e+01 0.000000e+00 3.000000e+01
         vertex 6.000000e+01 0.000000e+00 4.000000e+01
      endloop
   endfacet
   facet normal 0.000000e+00 -1.000000e+00 0.000000e+00
      outer loop
         vertex 6.000000e+01 0.000000e+00 4.000000e+01
         vertex 5.380000e+01 0.000000e+00 3.000000e+01
         vertex 5.377265e+01 0.000000e+00 2.968743e+01
      endloop
   endfacet
   facet normal 0.000000e+00 -1.000000e+00 -0.000000e+00
      outer loop
         vertex 6.000000e+01 0.000000e+00 4.000000e+01
         vertex 5.377265e+01 0.000000e+00 2.968743e+01
         vertex 6.000000e+01 0.000000e+00 0.000000e+00
      endloop
   endfacet
   facet normal 0.000000e+00 -1.000000e+00 0.000000e+00
      outer loop
         vertex 5.337888e+01 0.000000e+00 1.115702e+01
         vertex 5.355885e+01 0.000000e+00 1.090000e+01
         vertex 5.231257e+01 0.000000e+00 2.822735e+01
      endloop
   endfacet
   facet normal -0.000000e+00 -1.000000e+00 0.000000e+00
      outer loop
         vertex 5.044115e+01 0.000000e+00 9.099999e+00
         vertex 5.030855e+01 0.000000e+00 9.384363e+00
         vertex 4.250000e+01 0.000000e+00 0.000000e+00
      endloop
   endfacet
   facet normal 0.000000e+00 -1.000000e+00 0.000000e+00
      outer loop
         vertex 4.250000e+01 0.000000e+00 0.000000e+00
         vertex 5.030855e+01 0.000000e+00 9.384363e+00
         vertex 5.022735e+01 0.000000e+00 9.687433e+00
      endloop
   endfacet
   facet normal 0.000000e+00 -1.000000e+00 0.000000e+00
      outer loop
         vertex 4.250000e+01 0.000000e+00 0.000000e+00
         vertex 5.022735e+01 0.000000e+00 9.687433e+00
         vertex 5.020000e+01 0.000000e+00 1.000000e+01
      endloop
   endfacet
   facet normal 0.000000e+00 -1.000000e+00 0.000000e+00
      outer loop
         vertex 6.000000e+01 0.000000e+00 4.000000e+01
         vertex 5.231257e+01 0.000000e+00 3.177265e+01
         vertex 5.261564e+01 0.000000e+00 3.169145e+01
      endloop
   endfacet
   facet normal 0.000000e+00 -1.000000e+00 0.000000e+00
      outer loop
         vertex 5.261564e+01 0.000000e+00 3.169145e+01
         vertex 5.290000e+01 0.000000e+00 3.155885e+01
         vertex 6.000000e+01 0.000000e+00 4.000000e+01
      endloop
   endfacet
   facet normal 0.000000e+00 -1.000000e+00 0.000000e+00
      outer loop
         vertex 6.000000e+01 0.000000e+00 4.000000e+01
         vertex 5.290000e+01 0.000000e+00 3.155885e+01
         vertex 5.315702e+01 0.000000e+00 3.137888e+01
      endloop
   endfacet
   facet normal 0.000000e+00 -1.000000e+00 0.000000e+00
      outer loop
         vertex 6.000000e+01 0.000000e+00 4.000000e+01
         vertex 5.315702e+01 0.000000e+00 3.137888e+01
         vertex 5.337888e+01 0.000000e+00 3.115702e+01
      endloop
   endfacet
   facet normal 0.000000e+00 -1.000000e+00 0.000000e+00
      outer loop
         vertex 5.020000e+01 0.000000e+00 3.000000e+01
         vertex 5.022735e+01 0.000000e+00 3.031257e+01
         vertex 4.250000e+01 0.000000e+00 4.000000e+01
      endloop
   endfacet
   facet normal 0.000000e+00 -1.000000e+00 0.000000e+00
      outer loop
         vertex 4.250000e+01 0.000000e+00 4.000000e+01
         vertex 5.022735e+01 0.000000e+00 3.031257e+01
         vertex 5.030855e+01 0.000000e+00 3.061564e+01
      endloop
   endfacet
   facet normal 0.000000e+00 -1.000000e+00 0.000000e+00
      outer loop
         vertex 4.250000e+01 0.000000e+00 4.000000e+01
         vertex 5.030855e+01 0.000000e+00 3.061564e+01
         vertex 5.044115e+01 0.000000e+00 3.090000e+01
      endloop
   endfacet
   facet normal 0.000000e+00 -1.000000e+00 0.000000e+00
      outer loop
         vertex 5.044115e+01 0.000000e+00 3.090000e+01
         vertex 5.062112e+01 0.000000e+00 3.115702e+01
         vertex 4.250000e+01 0.000000e+00 4.000000e+01
      endloop
   endfacet
   facet normal 0.000000e+00 -1.000000e+00 0.000000e+00
      outer loop
         vertex 4.250000e+01 0.000000e+00 4.000000e+01
         vertex 5.062112e+01 0.000000e+00 3.115702e+01
         vertex 5.084298e+01 0.000000e+00 3.137888e+01
      endloop
   endfacet
   facet normal 0.000000e+00 -1.000000e+00 0.000000e+00
      outer loop
         vertex 4.250000e+01 0.000000e+00 4.000000e+01
         vertex 5.084298e+01 0.000000e+00 3.137888e+01
         vertex 5.110000e+01 0.000000e+00 3.155885e+01
      endloop
   endfacet
   facet normal 0.000000e+00 -1.000000e+00 0.000000e+00
      outer loop
         vertex 5.377265e+01 0.000000e+00 1.031257e+01
         vertex 6.000000e+01 0.000000e+00 0.000000e+00
         vertex 5.369145e+01 0.000000e+00 1.061564e+01
      endloop
   endfacet
   facet normal 0.000000e+00 -1.000000e+00 0.000000e+00
      outer loop
         vertex 5.369145e+01 0.000000e+00 1.061564e+01
         vertex 6.000000e+01 0.000000e+00 0.000000e+00
         vertex 5.377265e+01 0.000000e+00 2.968743e+01
      endloop
   endfacet
   facet normal 0.000000e+00 -1.000000e+00 0.000000e+00
      outer loop
         vertex 5.369145e+01 0.000000e+00 1.061564e+01
         vertex 5.377265e+01 0.000000e+00 2.968743e+01
         vertex 5.355885e+01 0.000000e+00 1.090000e+01
      endloop
   endfacet
   facet normal 0.000000e+00 -1.000000e+00 0.000000e+00
      outer loop
         vertex 5.355885e+01 0.000000e+00 1.090000e+01
         vertex 5.377265e+01 0.000000e+00 2.968743e+01
         vertex 5.369145e+01 0.000000e+00 2.938436e+01
      endloop
   endfacet
   facet normal 0.000000e+00 -1.000000e+00 0.000000e+00
      outer loop
         vertex 5.369145e+01 0.000000e+00 2.938436e+01
         vertex 5.355885e+01 0.000000e+00 2.910000e+01
         vertex 5.355885e+01 0.000000e+00 1.090000e+01
      endloop
   endfacet
   facet normal 0.000000e+00 -1.000000e+00 0.000000e+00
      outer loop
         vertex 5.355885e+01 0.000000e+00 1.090000e+01
         vertex 5.355885e+01 0.000000e+00 2.910000e+01
         vertex 5.337888e+01 0.000000e+00 2.884298e+01
      endloop
   endfacet
   facet normal 0.000000e+00 -1.000000e+00 0.000000e+00
      outer loop
         vertex 5.355885e+01 0.000000e+00 1.090000e+01
         vertex 5.337888e+01 0.000000e+00 2.884298e+01
         vertex 5.315702e+01 0.000000e+00 2.862112e+01
      endloop
   endfacet
   facet normal 0.000000e+00 -1.000000e+00 -0.000000e+00
      outer loop
         vertex 5.315702e+01 0.000000e+00 2.862112e+01
         vertex 5.290000e+01 0.000000e+00 2.844115e+01
         vertex 5.355885e+01 0.000000e+00 1.090000e+01
      endloop
   endfacet
   facet normal 0.000000e+00 -1.000000e+00 0.000000e+00
      outer loop
         vertex 5.355885e+01 0.000000e+00 1.090000e+01
         vertex 5.290000e+01 0.000000e+00 2.844115e+01
         vertex 5.261564e+01 0.000000e+00 2.830855e+01
      endloop
   endfacet
   facet normal 0.000000e+00 -1.000000e+00 0.000000e+00
      outer loop
         vertex 5.355885e+01 0.000000e+00 1.090000e+01
         vertex 5.261564e+01 0.000000e+00 2.830855e+01
         vertex 5.231257e+01 0.000000e+00 2.822735e+01
      endloop
   endfacet
   facet normal 0.000000e+00 -1.000000e+00 0.000000e+00
      outer loop
         vertex 5.044115e+01 0.000000e+00 1.090000e+01
         vertex 5.062112e+01 0.000000e+00 1.115702e+01
         vertex 5.200000e+01 0.000000e+00 2.820000e+01
      endloop
   endfacet
   facet normal 0.000000e+00 -1.000000e+00 0.000000e+00
      outer loop
         vertex 5.377265e+01 0.000000e+00 1.031257e+01
         vertex 5.380000e+01 0.000000e+00 1.000000e+01
         vertex 6.000000e+01 0.000000e+00 0.000000e+00
      endloop
   endfacet
   facet normal 0.000000e+00 -1.000000e+00 0.000000e+00
      outer loop
         vertex 6.000000e+01 0.000000e+00 0.000000e+00
         vertex 5.380000e+01 0.000000e+00 1.000000e+01
         vertex 5.377265e+01 0.000000e+00 9.687433e+00
      endloop
   endfacet
   facet normal 0.000000e+00 -1.000000e+00 0.000000e+00
      outer loop
         vertex 6.000000e+01 0.000000e+00 0.000000e+00
         vertex 5.377265e+01 0.000000e+00 9.687433e+00
         vertex 5.369145e+01 0.000000e+00 9.384363e+00
      endloop
   endfacet
   facet normal 0.000000e+00 -1.000000e+00 -0.000000e+00
      outer loop
         vertex 5.369145e+01 0.000000e+00 9.384363e+00
         vertex 5.355885e+01 0.000000e+00 9.099999e+00
         vertex 6.000000e+01 0.000000e+00 0.000000e+00
      endloop
   endfacet
   facet normal 0.000000e+00 -1.000000e+00 0.000000e+00
      outer loop
         vertex 6.000000e+01 0.000000e+00 0.000000e+00
         vertex 5.355885e+01 0.000000e+00 9.099999e+00
         vertex 5.337888e+01 0.000000e+00 8.842981e+00
      endloop
   endfacet
   facet normal 0.000000e+00 -1.000000e+00 0.000000e+00
      outer loop
         vertex 6.000000e+01 0.000000e+00 0.000000e+00
         vertex 5.337888e+01 0.000000e+00 8.842981e+00
         vertex 5.315702e+01 0.000000e+00 8.621120e+00
      endloop
   endfacet
   facet normal 0.000000e+00 -1.000000e+00 -0.000000e+00
      outer loop
         vertex 5.315702e+01 0.000000e+00 8.621120e+00
         vertex 5.290000e+01 0.000000e+00 8.441154e+00
         vertex 6.000000e+01 0.000000e+00 0.000000e+00
      endloop
   endfacet
   facet normal 0.000000e+00 -1.000000e+00 0.000000e+00
      outer loop
         vertex 6.000000e+01 0.000000e+00 0.000000e+00
         vertex 5.290000e+01 0.000000e+00 8.441154e+00
         vertex 5.261564e+01 0.000000e+00 8.308553e+00
      endloop
   endfacet
   facet normal 0.000000e+00 -1.000000e+00 0.000000e+00
      outer loop
         vertex 6.000000e+01 0.000000e+00 0.000000e+00
         vertex 5.261564e+01 0.000000e+00 8.308553e+00
         vertex 5.231257e+01 0.000000e+00 8.227346e+00
      endloop
   endfacet
   facet normal 0.000000e+00 -1.000000e+00 0.000000e+00
      outer loop
         vertex 5.110000e+01 0.000000e+00 3.155885e+01
         vertex 5.138436e+01 0.000000e+00 3.169145e+01
         vertex 4.250000e+01 0.000000e+00 4.000000e+01
      endloop
   endfacet
   facet normal 0.000000e+00 -1.000000e+00 0.000000e+00
      outer loop
         vertex 4.250000e+01 0.000000e+00 4.000000e+01
         vertex 5.138436e+01 0.000000e+00 3.169145e+01
         vertex 5.168743e+01 0.000000e+00 3.177265e+01
      endloop
   endfacet
   facet normal 0.000000e+00 -1.000000e+00 0.000000e+00
      outer loop
         vertex 4.250000e+01 0.000000e+00 4.000000e+01
         vertex 5.168743e+01 0.000000e+00 3.177265e+01
         vertex 6.000000e+01 0.000000e+00 4.000000e+01
      endloop
   endfacet
   facet normal 0.000000e+00 -1.000000e+00 0.000000e+00
      outer loop
         vertex 6.000000e+01 0.000000e+00 4.000000e+01
         vertex 5.168743e+01 0.000000e+00 3.177265e+01
         vertex 5.200000e+01 0.000000e+00 3.180000e+01
      endloop
   endfacet
   facet normal 0.000000e+00 -1.000000e+00 0.000000e+00
      outer loop
         vertex 6.000000e+01 0.000000e+00 4.000000e+01
         vertex 5.200000e+01 0.000000e+00 3.180000e+01
         vertex 5.231257e+01 0.000000e+00 3.177265e+01
      endloop
   endfacet
   facet normal 0.000000e+00 -1.000000e+00 0.000000e+00
      outer loop
         vertex 5.261564e+01 0.000000e+00 1.169145e+01
         vertex 5.290000e+01 0.000000e+00 1.155885e+01
         vertex 5.231257e+01 0.000000e+00 2.822735e+01
      endloop
   endfacet
   facet normal 0.000000e+00 -1.000000e+00 0.000000e+00
      outer loop
         vertex 5.231257e+01 0.000000e+00 2.822735e+01
         vertex 5.290000e+01 0.000000e+00 1.155885e+01
         vertex 5.315702e+01 0.000000e+00 1.137888e+01
      endloop
   endfacet
   facet normal 0.000000e+00 -1.000000e+00 0.000000e+00
      outer loop
         vertex 5.231257e+01 0.000000e+00 2.822735e+01
         vertex 5.315702e+01 0.000000e+00 1.137888e+01
         vertex 5.337888e+01 0.000000e+00 1.115702e+01
      endloop
   endfacet
   facet normal 0.000000e+00 -1.000000e+00 -0.000000e+00
      outer loop
         vertex 5.110000e+01 0.000000e+00 2.844115e+01
         vertex 4.250000e+01 0.000000e+00 0.000000e+00
         vertex 5.138436e+01 0.000000e+00 2.830855e+01
      endloop
   endfacet
   facet normal 0.000000e+00 -1.000000e+00 0.000000e+00
      outer loop
         vertex 5.138436e+01 0.000000e+00 2.830855e+01
         vertex 4.250000e+01 0.000000e+00 0.000000e+00
         vertex 5.020000e+01 0.000000e+00 1.000000e+01
      endloop
   endfacet
   facet normal 0.000000e+00 -1.000000e+00 -0.000000e+00
      outer loop
         vertex 5.138436e+01 0.000000e+00 2.830855e+01
         vertex 5.020000e+01 0.000000e+00 1.000000e+01
         vertex 5.168743e+01 0.000000e+00 2.822735e+01
      endloop
   endfacet
   facet normal 0.000000e+00 -1.000000e+00 0.000000e+00
      outer loop
         vertex 5.168743e+01 0.000000e+00 2.822735e+01
         vertex 5.020000e+01 0.000000e+00 1.000000e+01
         vertex 5.022735e+01 0.000000e+00 1.031257e+01
      endloop
   endfacet
   facet normal 0.000000e+00 -1.000000e+00 -0.000000e+00
      outer loop
         vertex 5.168743e+01 0.000000e+00 2.822735e+01
         vertex 5.022735e+01 0.000000e+00 1.031257e+01
         vertex 5.200000e+01 0.000000e+00 2.820000e+01
      endloop
   endfacet
   facet normal 0.000000e+00 -1.000000e+00 0.000000e+00
      outer loop
         vertex 5.200000e+01 0.000000e+00 2.820000e+01
         vertex 5.022735e+01 0.000000e+00 1.031257e+01
         vertex 5.030855e+01 0.000000e+00 1.061564e+01
      endloop
   endfacet
   facet normal 0.000000e+00 -1.000000e+00 0.000000e+00
      outer loop
         vertex 5.200000e+01 0.000000e+00 2.820000e+01
         vertex 5.030855e+01 0.000000e+00 1.061564e+01
         vertex 5.044115e+01 0.000000e+00 1.090000e+01
      endloop
   endfacet
   facet normal 0.000000e+00 -1.000000e+00 0.000000e+00
      outer loop
         vertex 5.062112e+01 0.000000e+00 1.115702e+01
         vertex 5.084298e+01 0.000000e+00 1.137888e+01
         vertex 5.200000e+01 0.000000e+00 2.820000e+01
      endloop
   endfacet
   facet normal 0.000000e+00 -1.000000e+00 0.000000e+00
      outer loop
         vertex 5.200000e+01 0.000000e+00 2.820000e+01
         vertex 5.084298e+01 0.000000e+00 1.137888e+01
         vertex 5.110000e+01 0.000000e+00 1.155885e+01
      endloop
   endfacet
   facet normal 0.000000e+00 -1.000000e+00 0.000000e+00
      outer loop
         vertex 5.200000e+01 0.000000e+00 2.820000e+01
         vertex 5.110000e+01 0.000000e+00 1.155885e+01
         vertex 5.138436e+01 0.000000e+00 1.169145e+01
      endloop
   endfacet
   facet normal 0.000000e+00 -1.000000e+00 0.000000e+00
      outer loop
         vertex 5.138436e+01 0.000000e+00 1.169145e+01
         vertex 5.168743e+01 0.000000e+00 1.177265e+01
         vertex 5.200000e+01 0.000000e+00 2.820000e+01
      endloop
   endfacet
   facet normal 0.000000e+00 -1.000000e+00 -0.000000e+00
      outer loop
         vertex 5.200000e+01 0.000000e+00 2.820000e+01
         vertex 5.168743e+01 0.000000e+00 1.177265e+01
         vertex 5.200000e+01 0.000000e+00 1.180000e+01
      endloop
   endfacet
   facet normal 0.000000e+00 -1.000000e+00 0.000000e+00
      outer loop
         vertex 5.200000e+01 0.000000e+00 2.820000e+01
         vertex 5.200000e+01 0.000000e+00 1.180000e+01
         vertex 5.231257e+01 0.000000e+00 2.822735e+01
      endloop
   endfacet
   facet normal 0.000000e+00 -1.000000e+00 -0.000000e+00
      outer loop
         vertex 5.231257e+01 0.000000e+00 2.822735e+01
         vertex 5.200000e+01 0.000000e+00 1.180000e+01
         vertex 5.231257e+01 0.000000e+00 1.177265e+01
      endloop
   endfacet
   facet normal 0.000000e+00 -1.000000e+00 0.000000e+00
      outer loop
         vertex 5.231257e+01 0.000000e+00 2.822735e+01
         vertex 5.231257e+01 0.000000e+00 1.177265e+01
         vertex 5.261564e+01 0.000000e+00 1.169145e+01
      endloop
   endfacet
   facet normal 1.000000e+00 0.000000e+00 -0.000000e+00
      outer loop
         vertex 6.000000e+01 2.000000e+01 0.000000e+00
         vertex 6.000000e+01 2.000000e+01 4.000000e+01
         vertex 6.000000e+01 0.000000e+00 0.000000e+00
      endloop
   endfacet
   facet normal 1.000000e+00 0.000000e+00 0.000000e+00
      outer loop
         vertex 6.000000e+01 0.000000e+00 0.000000e+00
         vertex 6.000000e+01 2.000000e+01 4.000000e+01
         vertex 6.000000e+01 0.000000e+00 4.000000e+01
      endloop
   endfacet
   facet normal 0.000000e+00 0.000000e+00 -1.000000e+00
      outer loop
         vertex 6.000000e+01 2.000000e+01 0.000000e+00
         vertex 4.199366e+01 3.521657e+00 0.000000e+00
         vertex 4.137040e+01 5.192687e+00 0.000000e+00
      endloop
   endfacet
   facet normal 0.000000e+00 0.000000e+00 -1.000000e+00
      outer loop
         vertex 4.199366e+01 3.521657e+00 0.000000e+00
         vertex 6.000000e+01 2.000000e+01 0.000000e+00
         vertex 4.237277e+01 1.778935e+00 0.000000e+00
      endloop
   endfacet
   facet normal 0.000000e+00 0.000000e+00 -1.000000e+00
      outer loop
         vertex 4.237277e+01 1.778935e+00 0.000000e+00
         vertex 6.000000e+01 2.000000e+01 0.000000e+00
         vertex 6.000000e+01 0.000000e+00 0.000000e+00
      endloop
   endfacet
   facet normal 0.000000e+00 0.000000e+00 -1.000000e+00
      outer loop
         vertex 4.237277e+01 1.778935e+00 0.000000e+00
         vertex 6.000000e+01 0.000000e+00 0.000000e+00
         vertex 4.250000e+01 0.000000e+00 0.000000e+00
      endloop
   endfacet
   facet normal -0.000000e+00 0.000000e+00 -1.000000e+00
      outer loop
         vertex 2.647834e+01 1.199366e+01 0.000000e+00
         vertex 2.480731e+01 1.137040e+01 0.000000e+00
         vertex 0.000000e+00 2.000000e+01 0.000000e+00
      endloop
   endfacet
   facet normal 0.000000e+00 0.000000e+00 -1.000000e+00
      outer loop
         vertex 0.000000e+00 2.000000e+01 0.000000e+00
         vertex 2.480731e+01 1.137040e+01 0.000000e+00
         vertex 2.324199e+01 1.051567e+01 0.000000e+00
      endloop
   endfacet
   facet normal -0.000000e+00 0.000000e+00 -1.000000e+00
      outer loop
         vertex 2.324199e+01 1.051567e+01 0.000000e+00
         vertex 2.181424e+01 9.446869e+00 0.000000e+00
         vertex 0.000000e+00 2.000000e+01 0.000000e+00
      endloop
   endfacet
   facet normal 0.000000e+00 0.000000e+00 -1.000000e+00
      outer loop
         vertex 0.000000e+00 2.000000e+01 0.000000e+00
         vertex 2.181424e+01 9.446869e+00 0.000000e+00
         vertex 2.055313e+01 8.185759e+00 0.000000e+00
      endloop
   endfacet
   facet normal 0.000000e+00 0.000000e+00 -1.000000e+00
      outer loop
         vertex 0.000000e+00 2.000000e+01 0.000000e+00
         vertex 2.055313e+01 8.185759e+00 0.000000e+00
         vertex 1.948433e+01 6.758010e+00 0.000000e+00
      endloop
   endfacet
   facet normal -0.000000e+00 0.000000e+00 -1.000000e+00
      outer loop
         vertex 1.948433e+01 6.758010e+00 0.000000e+00
         vertex 1.862960e+01 5.192687e+00 0.000000e+00
         vertex 0.000000e+00 2.000000e+01 0.000000e+00
      endloop
   endfacet
   facet normal 0.000000e+00 0.000000e+00 -1.000000e+00
      outer loop
         vertex 0.000000e+00 2.000000e+01 0.000000e+00
         vertex 1.862960e+01 5.192687e+00 0.000000e+00
         vertex 1.800634e+01 3.521657e+00 0.000000e+00
      endloop
   endfacet
   facet normal 0.000000e+00 0.000000e+00 -1.000000e+00
      outer loop
         vertex 0.000000e+00 2.000000e+01 0.000000e+00
         vertex 1.800634e+01 3.521657e+00 0.000000e+00
         vertex 0.000000e+00 0.000000e+00 0.000000e+00
      endloop
   endfacet
   facet normal 0.000000e+00 0.000000e+00 -1.000000e+00
      outer loop
         vertex 0.000000e+00 0.000000e+00 0.000000e+00
         vertex 1.800634e+01 3.521657e+00 0.000000e+00
         vertex 1.762723e+01 1.778935e+00 0.000000e+00
      endloop
   endfacet
   facet normal 0.000000e+00 0.000000e+00 -1.000000e+00
      outer loop
         vertex 0.000000e+00 0.000000e+00 0.000000e+00
         vertex 1.762723e+01 1.778935e+00 0.000000e+00
         vertex 1.750000e+01 0.000000e+00 0.000000e+00
      endloop
   endfacet
   facet normal 0.000000e+00 0.000000e+00 -1.000000e+00
      outer loop
         vertex 4.137040e+01 5.192687e+00 0.000000e+00
         vertex 4.051567e+01 6.758010e+00 0.000000e+00
         vertex 6.000000e+01 2.000000e+01 0.000000e+00
      endloop
   endfacet
   facet normal 0.000000e+00 0.000000e+00 -1.000000e+00
      outer loop
         vertex 6.000000e+01 2.000000e+01 0.000000e+00
         vertex 4.051567e+01 6.758010e+00 0.000000e+00
         vertex 3.944687e+01 8.185759e+00 0.000000e+00
      endloop
   endfacet
   facet normal 0.000000e+00 0.000000e+00 -1.000000e+00
      outer loop
         vertex 6.000000e+01 2.000000e+01 0.000000e+00
         vertex 3.944687e+01 8.185759e+00 0.000000e+00
         vertex 3.818576e+01 9.446869e+00 0.000000e+00
      endloop
   endfacet
   facet normal 0.000000e+00 0.000000e+00 -1.000000e+00
      outer loop
         vertex 3.818576e+01 9.446869e+00 0.000000e+00
         vertex 3.675801e+01 1.051567e+01 0.000000e+00
         vertex 6.000000e+01 2.000000e+01 0.000000e+00
      endloop
   endfacet
   facet normal 0.000000e+00 0.000000e+00 -1.000000e+00
      outer loop
         vertex 6.000000e+01 2.000000e+01 0.000000e+00
         vertex 3.675801e+01 1.051567e+01 0.000000e+00
         vertex 3.519269e+01 1.137040e+01 0.000000e+00
      endloop
   endfacet
   facet normal 0.000000e+00 0.000000e+00 -1.000000e+00
      outer loop
         vertex 6.000000e+01 2.000000e+01 0.000000e+00
         vertex 3.519269e+01 1.137040e+01 0.000000e+00
         vertex 3.352166e+01 1.199366e+01 0.000000e+00
      endloop
   endfacet
   facet normal 0.000000e+00 0.000000e+00 -1.000000e+00
      outer loop
         vertex 3.352166e+01 1.199366e+01 0.000000e+00
         vertex 3.177893e+01 1.237277e+01 0.000000e+00
         vertex 6.000000e+01 2.000000e+01 0.000000e+00
      endloop
   endfacet
   facet normal 0.000000e+00 0.000000e+00 -1.000000e+00
      outer loop
         vertex 6.000000e+01 2.000000e+01 0.000000e+00
         vertex 3.177893e+01 1.237277e+01 0.000000e+00
         vertex 3.000000e+01 1.250000e+01 0.000000e+00
      endloop
   endfacet
   facet normal -0.000000e+00 0.000000e+00 -1.000000e+00
      outer loop
         vertex 6.000000e+01 2.000000e+01 0.000000e+00
         vertex 3.000000e+01 1.250000e+01 0.000000e+00
         vertex 0.000000e+00 2.000000e+01 0.000000e+00
      endloop
   endfacet
   facet normal 0.000000e+00 0.000000e+00 -1.000000e+00
      outer loop
         vertex 0.000000e+00 2.000000e+01 0.000000e+00
         vertex 3.000000e+01 1.250000e+01 0.000000e+00
         vertex 2.822106e+01 1.237277e+01 0.000000e+00
      endloop
   endfacet
   facet normal 0.000000e+00 0.000000e+00 -1.000000e+00
      outer loop
         vertex 0.000000e+00 2.000000e+01 0.000000e+00
         vertex 2.822106e+01 1.237277e+01 0.000000e+00
         vertex 2.647834e+01 1.199366e+01 0.000000e+00
      endloop
   endfacet
   facet normal -1.000000e+00 -0.000000e+00 -0.000000e+00
      outer loop
         vertex 0.000000e+00 2.000000e+01 4.000000e+01
         vertex 0.000000e+00 2.000000e+01 0.000000e+00
         vertex 0.000000e+00 0.000000e+00 4.000000e+01
      endloop
   endfacet
   facet normal -1.000000e+00 0.000000e+00 0.000000e+00
      outer loop
         vertex 0.000000e+00 0.000000e+00 4.000000e+01
         vertex 0.000000e+00 2.000000e+01 0.000000e+00
         vertex 0.000000e+00 0.000000e+00 0.000000e+00
      endloop
   endfacet
   facet normal 0.000000e+00 0.000000e+00 1.000000e+00
      outer loop
         vertex 0.000000e+00 2.000000e+01 4.000000e+01
         vertex 1.800634e+01 3.521657e+00 4.000000e+01
         vertex 1.862960e+01 5.192687e+00 4.000000e+01
      endloop
   endfacet
   facet normal -0.000000e+00 0.000000e+00 1.000000e+00
      outer loop
         vertex 4.051567e+01 6.758010e+00 4.000000e+01
         vertex 4.137040e+01 5.192687e+00 4.000000e+01
         vertex 6.000000e+01 2.000000e+01 4.000000e+01
      endloop
   endfacet
   facet normal 0.000000e+00 0.000000e+00 1.000000e+00
      outer loop
         vertex 6.000000e+01 2.000000e+01 4.000000e+01
         vertex 4.137040e+01 5.192687e+00 4.000000e+01
         vertex 4.199366e+01 3.521657e+00 4.000000e+01
      endloop
   endfacet
   facet normal 0.000000e+00 0.000000e+00 1.000000e+00
      outer loop
         vertex 6.000000e+01 2.000000e+01 4.000000e+01
         vertex 4.199366e+01 3.521657e+00 4.000000e+01
         vertex 6.000000e+01 0.000000e+00 4.000000e+01
      endloop
   endfacet
   facet normal 0.000000e+00 0.000000e+00 1.000000e+00
      outer loop
         vertex 6.000000e+01 0.000000e+00 4.000000e+01
         vertex 4.199366e+01 3.521657e+00 4.000000e+01
         vertex 4.237277e+01 1.778935e+00 4.000000e+01
      endloop
   endfacet
   facet normal 0.000000e+00 0.000000e+00 1.000000e+00
      outer loop
         vertex 6.000000e+01 0.000000e+00 4.000000e+01
         vertex 4.237277e+01 1.778935e+00 4.000000e+01
         vertex 4.250000e+01 0.000000e+00 4.000000e+01
      endloop
   endfacet
   facet normal 0.000000e+00 0.000000e+00 1.000000e+00
      outer loop
         vertex 1.800634e+01 3.521657e+00 4.000000e+01
         vertex 0.000000e+00 2.000000e+01 4.000000e+01
         vertex 1.762723e+01 1.778935e+00 4.000000e+01
      endloop
   endfacet
   facet normal 0.000000e+00 0.000000e+00 1.000000e+00
      outer loop
         vertex 1.762723e+01 1.778935e+00 4.000000e+01
         vertex 0.000000e+00 2.000000e+01 4.000000e+01
         vertex 0.000000e+00 0.000000e+00 4.000000e+01
      endloop
   endfacet
   facet normal 0.000000e+00 0.000000e+00 1.000000e+00
      outer loop
         vertex 1.762723e+01 1.778935e+00 4.000000e+01
         vertex 0.000000e+00 0.000000e+00 4.000000e+01
         vertex 1.750000e+01 0.000000e+00 4.000000e+01
      endloop
   endfacet
   facet normal 0.000000e+00 -0.000000e+00 1.000000e+00
      outer loop
         vertex 1.862960e+01 5.192687e+00 4.000000e+01
         vertex 1.948433e+01 6.758010e+00 4.000000e+01
         vertex 0.000000e+00 2.000000e+01 4.000000e+01
      endloop
   endfacet
   facet normal 0.000000e+00 0.000000e+00 1.000000e+00
      outer loop
         vertex 0.000000e+00 2.000000e+01 4.000000e+01
         vertex 1.948433e+01 6.758010e+00 4.000000e+01
         vertex 2.055313e+01 8.185759e+00 4.000000e+01
      endloop
   endfacet
   facet normal 0.000000e+00 0.000000e+00 1.000000e+00
      outer loop
         vertex 0.000000e+00 2.000000e+01 4.000000e+01
         vertex 2.055313e+01 8.185759e+00 4.000000e+01
         vertex 2.181424e+01 9.446869e+00 4.000000e+01
      endloop
   endfacet
   facet normal 0.000000e+00 -0.000000e+00 1.000000e+00
      outer loop
         vertex 2.181424e+01 9.446869e+00 4.000000e+01
         vertex 2.324199e+01 1.051567e+01 4.000000e+01
         vertex 0.000000e+00 2.000000e+01 4.000000e+01
      endloop
   endfacet
   facet normal 0.000000e+00 0.000000e+00 1.000000e+00
      outer loop
         vertex 0.000000e+00 2.000000e+01 4.000000e+01
         vertex 2.324199e+01 1.051567e+01 4.000000e+01
         vertex 2.480731e+01 1.137040e+01 4.000000e+01
      endloop
   endfacet
   facet normal 0.000000e+00 0.000000e+00 1.000000e+00
      outer loop
         vertex 0.000000e+00 2.000000e+01 4.000000e+01
         vertex 2.480731e+01 1.137040e+01 4.000000e+01
         vertex 2.647834e+01 1.199366e+01 4.000000e+01
      endloop
   endfacet
   facet normal 0.000000e+00 -0.000000e+00 1.000000e+00
      outer loop
         vertex 3.177893e+01 1.237277e+01 4.000000e+01
         vertex 6.000000e+01 2.000000e+01 4.000000e+01
         vertex 3.000000e+01 1.250000e+01 4.000000e+01
      endloop
   endfacet
   facet normal 0.000000e+00 -0.000000e+00 1.000000e+00
      outer loop
         vertex 3.000000e+01 1.250000e+01 4.000000e+01
         vertex 6.000000e+01 2.000000e+01 4.000000e+01
         vertex 0.000000e+00 2.000000e+01 4.000000e+01
      endloop
   endfacet
   facet normal 0.000000e+00 0.000000e+00 1.000000e+00
      outer loop
         vertex 3.000000e+01 1.250000e+01 4.000000e+01
         vertex 0.000000e+00 2.000000e+01 4.000000e+01
         vertex 2.822106e+01 1.237277e+01 4.000000e+01
      endloop
   endfacet
   facet normal 0.000000e+00 0.000000e+00 1.000000e+00
      outer loop
         vertex 2.822106e+01 1.237277e+01 4.000000e+01
         vertex 0.000000e+00 2.000000e+01 4.000000e+01
         vertex 2.647834e+01 1.199366e+01 4.000000e+01
      endloop
   endfacet
   facet normal -0.000000e+00 0.000000e+00 1.000000e+00
      outer loop
         vertex 3.177893e+01 1.237277e+01 4.000000e+01
         vertex 3.352166e+01 1.199366e+01 4.000000e+01
         vertex 6.000000e+01 2.000000e+01 4.000000e+01
      endloop
   endfacet
   facet normal 0.000000e+00 0.000000e+00 1.000000e+00
      outer loop
         vertex 6.000000e+01 2.000000e+01 4.000000e+01
         vertex 3.352166e+01 1.199366e+01 4.000000e+01
         vertex 3.519269e+01 1.137040e+01 4.000000e+01
      endloop
   endfacet
   facet normal 0.000000e+00 0.000000e+00 1.000000e+00
      outer loop
         vertex 6.000000e+01 2.000000e+01 4.000000e+01
         vertex 3.519269e+01 1.137040e+01 4.000000e+01
         vertex 3.675801e+01 1.051567e+01 4.000000e+01
      endloop
   endfacet
   facet normal -0.000000e+00 0.000000e+00 1.000000e+00
      outer loop
         vertex 3.675801e+01 1.051567e+01 4.000000e+01
         vertex 3.818576e+01 9.446869e+00 4.000000e+01
         vertex 6.000000e+01 2.000000e+01 4.000000e+01
      endloop
   endfacet
   facet normal 0.000000e+00 0.000000e+00 1.000000e+00
      outer loop
         vertex 6.000000e+01 2.000000e+01 4.000000e+01
         vertex 3.818576e+01 9.446869e+00 4.000000e+01
         vertex 3.944687e+01 8.185759e+00 4.000000e+01
      endloop
   endfacet
   facet normal 0.000000e+00 0.000000e+00 1.000000e+00
      outer loop
         vertex 6.000000e+01 2.000000e+01 4.000000e+01
         vertex 3.944687e+01 8.185759e+00 4.000000e+01
         vertex 4.051567e+01 6.758010e+00 4.000000e+01
      endloop
   endfacet
   facet normal 0.000000e+00 1.000000e+00 0.000000e+00
      outer loop
         vertex 0.000000e+00 2.000000e+01 4.000000e+01
         vertex 7.431302e+00 2.000000e+01 3.322524e+01
         vertex 6.879883e+00 2.000000e+01 3.307749e+01
      endloop
   endfacet
   facet normal 0.000000e+00 1.000000e+00 0.000000e+00
      outer loop
         vertex 6.879883e+00 2.000000e+01 3.307749e+01
         vertex 6.362500e+00 2.000000e+01 3.283623e+01
         vertex 0.000000e+00 2.000000e+01 4.000000e+01
      endloop
   endfacet
   facet normal 0.000000e+00 1.000000e+00 0.000000e+00
      outer loop
         vertex 0.000000e+00 2.000000e+01 4.000000e+01
         vertex 6.362500e+00 2.000000e+01 3.283623e+01
         vertex 5.894870e+00 2.000000e+01 3.250880e+01
      endloop
   endfacet
   facet normal 0.000000e+00 1.000000e+00 0.000000e+00
      outer loop
         vertex 0.000000e+00 2.000000e+01 4.000000e+01
         vertex 5.894870e+00 2.000000e+01 3.250880e+01
         vertex 5.491205e+00 2.000000e+01 3.210513e+01
      endloop
   endfacet
   facet normal -0.000000e+00 1.000000e+00 0.000000e+00
      outer loop
         vertex 1.010513e+01 2.000000e+01 2.749120e+01
         vertex 1.050879e+01 2.000000e+01 2.789487e+01
         vertex 1.010513e+01 2.000000e+01 1.250880e+01
      endloop
   endfacet
   facet normal 0.000000e+00 1.000000e+00 0.000000e+00
      outer loop
         vertex 5.491205e+00 2.000000e+01 3.210513e+01
         vertex 5.163766e+00 2.000000e+01 3.163750e+01
         vertex 0.000000e+00 2.000000e+01 4.000000e+01
      endloop
   endfacet
   facet normal 0.000000e+00 1.000000e+00 0.000000e+00
      outer loop
         vertex 0.000000e+00 2.000000e+01 4.000000e+01
         vertex 5.163766e+00 2.000000e+01 3.163750e+01
         vertex 4.922505e+00 2.000000e+01 3.112012e+01
      endloop
   endfacet
   facet normal 0.000000e+00 1.000000e+00 0.000000e+00
      outer loop
         vertex 0.000000e+00 2.000000e+01 4.000000e+01
         vertex 4.922505e+00 2.000000e+01 3.112012e+01
         vertex 4.774755e+00 2.000000e+01 3.056870e+01
      endloop
   endfacet
   facet normal 0.000000e+00 1.000000e+00 0.000000e+00
      outer loop
         vertex 6.879883e+00 2.000000e+01 1.307749e+01
         vertex 6.362500e+00 2.000000e+01 1.283623e+01
         vertex 0.000000e+00 2.000000e+01 4.000000e+01
      endloop
   endfacet
   facet normal 0.000000e+00 1.000000e+00 0.000000e+00
      outer loop
         vertex 6.000000e+01 2.000000e+01 0.000000e+00
         vertex 9.637499e+00 2.000000e+01 7.163767e+00
         vertex 1.010513e+01 2.000000e+01 7.491204e+00
      endloop
   endfacet
   facet normal 0.000000e+00 1.000000e+00 0.000000e+00
      outer loop
         vertex 4.774755e+00 2.000000e+01 9.431302e+00
         vertex 4.922505e+00 2.000000e+01 8.879883e+00
         vertex 0.000000e+00 2.000000e+01 0.000000e+00
      endloop
   endfacet
   facet normal 0.000000e+00 1.000000e+00 0.000000e+00
      outer loop
         vertex 6.362500e+00 2.000000e+01 1.283623e+01
         vertex 5.894870e+00 2.000000e+01 1.250880e+01
         vertex 0.000000e+00 2.000000e+01 4.000000e+01
      endloop
   endfacet
   facet normal 0.000000e+00 1.000000e+00 0.000000e+00
      outer loop
         vertex 0.000000e+00 2.000000e+01 4.000000e+01
         vertex 5.894870e+00 2.000000e+01 1.250880e+01
         vertex 5.491205e+00 2.000000e+01 1.210513e+01
      endloop
   endfacet
   facet normal 0.000000e+00 1.000000e+00 0.000000e+00
      outer loop
         vertex 0.000000e+00 2.000000e+01 4.000000e+01
         vertex 5.491205e+00 2.000000e+01 1.210513e+01
         vertex 5.163766e+00 2.000000e+01 1.163750e+01
      endloop
   endfacet
   facet normal 0.000000e+00 1.000000e+00 0.000000e+00
      outer loop
         vertex 4.774755e+00 2.000000e+01 3.056870e+01
         vertex 4.725000e+00 2.000000e+01 3.000000e+01
         vertex 0.000000e+00 2.000000e+01 4.000000e+01
      endloop
   endfacet
   facet normal 0.000000e+00 1.000000e+00 0.000000e+00
      outer loop
         vertex 0.000000e+00 2.000000e+01 4.000000e+01
         vertex 4.725000e+00 2.000000e+01 3.000000e+01
         vertex 4.774755e+00 2.000000e+01 2.943130e+01
      endloop
   endfacet
   facet normal 0.000000e+00 1.000000e+00 0.000000e+00
      outer loop
         vertex 0.000000e+00 2.000000e+01 4.000000e+01
         vertex 4.774755e+00 2.000000e+01 2.943130e+01
         vertex 6.879883e+00 2.000000e+01 1.307749e+01
      endloop
   endfacet
   facet normal 0.000000e+00 1.000000e+00 0.000000e+00
      outer loop
         vertex 5.163766e+00 2.000000e+01 1.163750e+01
         vertex 4.922505e+00 2.000000e+01 1.112012e+01
         vertex 0.000000e+00 2.000000e+01 4.000000e+01
      endloop
   endfacet
   facet normal 0.000000e+00 1.000000e+00 0.000000e+00
      outer loop
         vertex 0.000000e+00 2.000000e+01 4.000000e+01
         vertex 4.922505e+00 2.000000e+01 1.112012e+01
         vertex 4.774755e+00 2.000000e+01 1.056870e+01
      endloop
   endfacet
   facet normal 0.000000e+00 1.000000e+00 0.000000e+00
      outer loop
         vertex 0.000000e+00 2.000000e+01 4.000000e+01
         vertex 4.774755e+00 2.000000e+01 1.056870e+01
         vertex 0.000000e+00 2.000000e+01 0.000000e+00
      endloop
   endfacet
   facet normal 0.000000e+00 1.000000e+00 0.000000e+00
      outer loop
         vertex 0.000000e+00 2.000000e+01 0.000000e+00
         vertex 4.774755e+00 2.000000e+01 1.056870e+01
         vertex 4.725000e+00 2.000000e+01 1.000000e+01
      endloop
   endfacet
   facet normal 0.000000e+00 1.000000e+00 0.000000e+00
      outer loop
         vertex 0.000000e+00 2.000000e+01 0.000000e+00
         vertex 4.725000e+00 2.000000e+01 1.000000e+01
         vertex 4.774755e+00 2.000000e+01 9.431302e+00
      endloop
   endfacet
   facet normal -0.000000e+00 1.000000e+00 0.000000e+00
      outer loop
         vertex 1.010513e+01 2.000000e+01 7.491204e+00
         vertex 1.050879e+01 2.000000e+01 7.894870e+00
         vertex 6.000000e+01 2.000000e+01 0.000000e+00
      endloop
   endfacet
   facet normal 0.000000e+00 1.000000e+00 0.000000e+00
      outer loop
         vertex 6.000000e+01 2.000000e+01 0.000000e+00
         vertex 1.050879e+01 2.000000e+01 7.894870e+00
         vertex 1.083623e+01 2.000000e+01 8.362500e+00
      endloop
   endfacet
   facet normal 0.000000e+00 1.000000e+00 0.000000e+00
      outer loop
         vertex 6.000000e+01 2.000000e+01 0.000000e+00
         vertex 1.083623e+01 2.000000e+01 8.362500e+00
         vertex 1.107749e+01 2.000000e+01 8.879883e+00
      endloop
   endfacet
   facet normal -0.000000e+00 1.000000e+00 0.000000e+00
      outer loop
         vertex 1.107749e+01 2.000000e+01 8.879883e+00
         vertex 1.122524e+01 2.000000e+01 9.431302e+00
         vertex 6.000000e+01 2.000000e+01 0.000000e+00
      endloop
   endfacet
   facet normal 0.000000e+00 1.000000e+00 0.000000e+00
      outer loop
         vertex 6.000000e+01 2.000000e+01 0.000000e+00
         vertex 1.122524e+01 2.000000e+01 9.431302e+00
         vertex 1.127500e+01 2.000000e+01 1.000000e+01
      endloop
   endfacet
   facet normal 0.000000e+00 1.000000e+00 0.000000e+00
      outer loop
         vertex 6.000000e+01 2.000000e+01 0.000000e+00
         vertex 1.127500e+01 2.000000e+01 1.000000e+01
         vertex 1.122524e+01 2.000000e+01 1.056870e+01
      endloop
   endfacet
   facet normal 0.000000e+00 1.000000e+00 0.000000e+00
      outer loop
         vertex 5.491205e+00 2.000000e+01 2.789487e+01
         vertex 5.894870e+00 2.000000e+01 2.749120e+01
         vertex 1.010513e+01 2.000000e+01 1.250880e+01
      endloop
   endfacet
   facet normal 0.000000e+00 1.000000e+00 0.000000e+00
      outer loop
         vertex 0.000000e+00 2.000000e+01 4.000000e+01
         vertex 5.036250e+01 2.000000e+01 3.283623e+01
         vertex 4.989487e+01 2.000000e+01 3.250880e+01
      endloop
   endfacet
   facet normal -0.000000e+00 1.000000e+00 0.000000e+00
      outer loop
         vertex 5.410513e+01 2.000000e+01 7.491204e+00
         vertex 5.450879e+01 2.000000e+01 7.894870e+00
         vertex 6.000000e+01 2.000000e+01 0.000000e+00
      endloop
   endfacet
   facet normal 0.000000e+00 1.000000e+00 0.000000e+00
      outer loop
         vertex 4.922505e+00 2.000000e+01 8.879883e+00
         vertex 5.163766e+00 2.000000e+01 8.362500e+00
         vertex 0.000000e+00 2.000000e+01 0.000000e+00
      endloop
   endfacet
   facet normal 0.000000e+00 1.000000e+00 0.000000e+00
      outer loop
         vertex 0.000000e+00 2.000000e+01 0.000000e+00
         vertex 5.163766e+00 2.000000e+01 8.362500e+00
         vertex 5.491205e+00 2.000000e+01 7.894870e+00
      endloop
   endfacet
   facet normal 0.000000e+00 1.000000e+00 0.000000e+00
      outer loop
         vertex 0.000000e+00 2.000000e+01 0.000000e+00
         vertex 5.491205e+00 2.000000e+01 7.894870e+00
         vertex 5.894870e+00 2.000000e+01 7.491204e+00
      endloop
   endfacet
   facet normal 0.000000e+00 1.000000e+00 0.000000e+00
      outer loop
         vertex 4.922505e+00 2.000000e+01 2.887988e+01
         vertex 9.637499e+00 2.000000e+01 1.283623e+01
         vertex 9.120116e+00 2.000000e+01 1.307749e+01
      endloop
   endfacet
   facet normal 0.000000e+00 1.000000e+00 0.000000e+00
      outer loop
         vertex 6.000000e+01 2.000000e+01 4.000000e+01
         vertex 5.143130e+01 2.000000e+01 3.322524e+01
         vertex 0.000000e+00 2.000000e+01 4.000000e+01
      endloop
   endfacet
   facet normal 0.000000e+00 1.000000e+00 0.000000e+00
      outer loop
         vertex 0.000000e+00 2.000000e+01 4.000000e+01
         vertex 5.143130e+01 2.000000e+01 3.322524e+01
         vertex 5.087988e+01 2.000000e+01 3.307749e+01
      endloop
   endfacet
   facet normal 0.000000e+00 1.000000e+00 0.000000e+00
      outer loop
         vertex 0.000000e+00 2.000000e+01 4.000000e+01
         vertex 5.087988e+01 2.000000e+01 3.307749e+01
         vertex 5.036250e+01 2.000000e+01 3.283623e+01
      endloop
   endfacet
   facet normal 0.000000e+00 1.000000e+00 0.000000e+00
      outer loop
         vertex 4.989487e+01 2.000000e+01 3.250880e+01
         vertex 4.949120e+01 2.000000e+01 3.210513e+01
         vertex 0.000000e+00 2.000000e+01 4.000000e+01
      endloop
   endfacet
   facet normal 0.000000e+00 1.000000e+00 0.000000e+00
      outer loop
         vertex 0.000000e+00 2.000000e+01 4.000000e+01
         vertex 4.949120e+01 2.000000e+01 3.210513e+01
         vertex 4.916377e+01 2.000000e+01 3.163750e+01
      endloop
   endfacet
   facet normal 0.000000e+00 1.000000e+00 0.000000e+00
      outer loop
         vertex 0.000000e+00 2.000000e+01 4.000000e+01
         vertex 4.916377e+01 2.000000e+01 3.163750e+01
         vertex 4.892251e+01 2.000000e+01 3.112012e+01
      endloop
   endfacet
   facet normal 0.000000e+00 1.000000e+00 0.000000e+00
      outer loop
         vertex 9.637499e+00 2.000000e+01 3.283623e+01
         vertex 9.120116e+00 2.000000e+01 3.307749e+01
         vertex 0.000000e+00 2.000000e+01 4.000000e+01
      endloop
   endfacet
   facet normal 0.000000e+00 1.000000e+00 0.000000e+00
      outer loop
         vertex 5.894870e+00 2.000000e+01 7.491204e+00
         vertex 6.362500e+00 2.000000e+01 7.163767e+00
         vertex 0.000000e+00 2.000000e+01 0.000000e+00
      endloop
   endfacet
   facet normal 0.000000e+00 1.000000e+00 0.000000e+00
      outer loop
         vertex 0.000000e+00 2.000000e+01 0.000000e+00
         vertex 6.362500e+00 2.000000e+01 7.163767e+00
         vertex 6.879883e+00 2.000000e+01 6.922506e+00
      endloop
   endfacet
   facet normal 0.000000e+00 1.000000e+00 0.000000e+00
      outer loop
         vertex 0.000000e+00 2.000000e+01 0.000000e+00
         vertex 6.879883e+00 2.000000e+01 6.922506e+00
         vertex 7.431302e+00 2.000000e+01 6.774754e+00
      endloop
   endfacet
   facet normal -0.000000e+00 1.000000e+00 -0.000000e+00
      outer loop
         vertex 9.637499e+00 2.000000e+01 1.283623e+01
         vertex 4.922505e+00 2.000000e+01 2.887988e+01
         vertex 1.010513e+01 2.000000e+01 1.250880e+01
      endloop
   endfacet
   facet normal 0.000000e+00 1.000000e+00 0.000000e+00
      outer loop
         vertex 1.010513e+01 2.000000e+01 1.250880e+01
         vertex 4.922505e+00 2.000000e+01 2.887988e+01
         vertex 5.163766e+00 2.000000e+01 2.836250e+01
      endloop
   endfacet
   facet normal 0.000000e+00 1.000000e+00 0.000000e+00
      outer loop
         vertex 1.010513e+01 2.000000e+01 1.250880e+01
         vertex 5.163766e+00 2.000000e+01 2.836250e+01
         vertex 5.491205e+00 2.000000e+01 2.789487e+01
      endloop
   endfacet
   facet normal 0.000000e+00 1.000000e+00 0.000000e+00
      outer loop
         vertex 7.431302e+00 2.000000e+01 2.677475e+01
         vertex 7.999999e+00 2.000000e+01 2.672500e+01
         vertex 1.010513e+01 2.000000e+01 1.250880e+01
      endloop
   endfacet
   facet normal 0.000000e+00 1.000000e+00 0.000000e+00
      outer loop
         vertex 1.010513e+01 2.000000e+01 1.250880e+01
         vertex 7.999999e+00 2.000000e+01 2.672500e+01
         vertex 8.568697e+00 2.000000e+01 2.677475e+01
      endloop
   endfacet
   facet normal 0.000000e+00 1.000000e+00 0.000000e+00
      outer loop
         vertex 9.120116e+00 2.000000e+01 3.307749e+01
         vertex 8.568697e+00 2.000000e+01 3.322524e+01
         vertex 0.000000e+00 2.000000e+01 4.000000e+01
      endloop
   endfacet
   facet normal 0.000000e+00 1.000000e+00 0.000000e+00
      outer loop
         vertex 0.000000e+00 2.000000e+01 4.000000e+01
         vertex 8.568697e+00 2.000000e+01 3.322524e+01
         vertex 7.999999e+00 2.000000e+01 3.327500e+01
      endloop
   endfacet
   facet normal 0.000000e+00 1.000000e+00 0.000000e+00
      outer loop
         vertex 0.000000e+00 2.000000e+01 4.000000e+01
         vertex 7.999999e+00 2.000000e+01 3.327500e+01
         vertex 7.431302e+00 2.000000e+01 3.322524e+01
      endloop
   endfacet
   facet normal 0.000000e+00 1.000000e+00 -0.000000e+00
      outer loop
         vertex 5.363750e+01 2.000000e+01 3.283623e+01
         vertex 5.312012e+01 2.000000e+01 3.307749e+01
         vertex 6.000000e+01 2.000000e+01 4.000000e+01
      endloop
   endfacet
   facet normal 0.000000e+00 1.000000e+00 0.000000e+00
      outer loop
         vertex 7.431302e+00 2.000000e+01 6.774754e+00
         vertex 7.999999e+00 2.000000e+01 6.724999e+00
         vertex 0.000000e+00 2.000000e+01 0.000000e+00
      endloop
   endfacet
   facet normal 0.000000e+00 1.000000e+00 0.000000e+00
      outer loop
         vertex 0.000000e+00 2.000000e+01 0.000000e+00
         vertex 7.999999e+00 2.000000e+01 6.724999e+00
         vertex 8.568697e+00 2.000000e+01 6.774754e+00
      endloop
   endfacet
   facet normal 0.000000e+00 1.000000e+00 0.000000e+00
      outer loop
         vertex 0.000000e+00 2.000000e+01 0.000000e+00
         vertex 8.568697e+00 2.000000e+01 6.774754e+00
         vertex 6.000000e+01 2.000000e+01 0.000000e+00
      endloop
   endfacet
   facet normal 0.000000e+00 1.000000e+00 0.000000e+00
      outer loop
         vertex 6.000000e+01 2.000000e+01 0.000000e+00
         vertex 8.568697e+00 2.000000e+01 6.774754e+00
         vertex 9.120116e+00 2.000000e+01 6.922506e+00
      endloop
   endfacet
   facet normal 0.000000e+00 1.000000e+00 0.000000e+00
      outer loop
         vertex 6.000000e+01 2.000000e+01 0.000000e+00
         vertex 9.120116e+00 2.000000e+01 6.922506e+00
         vertex 9.637499e+00 2.000000e+01 7.163767e+00
      endloop
   endfacet
   facet normal -0.000000e+00 1.000000e+00 -0.000000e+00
      outer loop
         vertex 1.122524e+01 2.000000e+01 1.056870e+01
         vertex 1.107749e+01 2.000000e+01 1.112012e+01
         vertex 6.000000e+01 2.000000e+01 0.000000e+00
      endloop
   endfacet
   facet normal 0.000000e+00 1.000000e+00 0.000000e+00
      outer loop
         vertex 6.000000e+01 2.000000e+01 0.000000e+00
         vertex 1.107749e+01 2.000000e+01 1.112012e+01
         vertex 1.083623e+01 2.000000e+01 1.163750e+01
      endloop
   endfacet
   facet normal 0.000000e+00 1.000000e+00 0.000000e+00
      outer loop
         vertex 6.000000e+01 2.000000e+01 0.000000e+00
         vertex 1.083623e+01 2.000000e+01 1.163750e+01
         vertex 1.050879e+01 2.000000e+01 2.789487e+01
      endloop
   endfacet
   facet normal 0.000000e+00 1.000000e+00 0.000000e+00
      outer loop
         vertex 1.050879e+01 2.000000e+01 2.789487e+01
         vertex 1.083623e+01 2.000000e+01 1.163750e+01
         vertex 1.050879e+01 2.000000e+01 1.210513e+01
      endloop
   endfacet
   facet normal 0.000000e+00 1.000000e+00 0.000000e+00
      outer loop
         vertex 1.050879e+01 2.000000e+01 2.789487e+01
         vertex 1.050879e+01 2.000000e+01 1.210513e+01
         vertex 1.010513e+01 2.000000e+01 1.250880e+01
      endloop
   endfacet
   facet normal 0.000000e+00 1.000000e+00 0.000000e+00
      outer loop
         vertex 9.120116e+00 2.000000e+01 1.307749e+01
         vertex 8.568697e+00 2.000000e+01 1.322524e+01
         vertex 4.922505e+00 2.000000e+01 2.887988e+01
      endloop
   endfacet
   facet normal 0.000000e+00 1.000000e+00 0.000000e+00
      outer loop
         vertex 4.922505e+00 2.000000e+01 2.887988e+01
         vertex 8.568697e+00 2.000000e+01 1.322524e+01
         vertex 7.999999e+00 2.000000e+01 1.327500e+01
      endloop
   endfacet
   facet normal 0.000000e+00 1.000000e+00 0.000000e+00
      outer loop
         vertex 4.922505e+00 2.000000e+01 2.887988e+01
         vertex 7.999999e+00 2.000000e+01 1.327500e+01
         vertex 4.774755e+00 2.000000e+01 2.943130e+01
      endloop
   endfacet
   facet normal 0.000000e+00 1.000000e+00 0.000000e+00
      outer loop
         vertex 4.774755e+00 2.000000e+01 2.943130e+01
         vertex 7.999999e+00 2.000000e+01 1.327500e+01
         vertex 7.431302e+00 2.000000e+01 1.322524e+01
      endloop
   endfacet
   facet normal 0.000000e+00 1.000000e+00 0.000000e+00
      outer loop
         vertex 4.774755e+00 2.000000e+01 2.943130e+01
         vertex 7.431302e+00 2.000000e+01 1.322524e+01
         vertex 6.879883e+00 2.000000e+01 1.307749e+01
      endloop
   endfacet
   facet normal -0.000000e+00 1.000000e+00 0.000000e+00
      outer loop
         vertex 8.568697e+00 2.000000e+01 2.677475e+01
         vertex 9.120116e+00 2.000000e+01 2.692251e+01
         vertex 1.010513e+01 2.000000e+01 1.250880e+01
      endloop
   endfacet
   facet normal 0.000000e+00 1.000000e+00 0.000000e+00
      outer loop
         vertex 1.010513e+01 2.000000e+01 1.250880e+01
         vertex 9.120116e+00 2.000000e+01 2.692251e+01
         vertex 9.637499e+00 2.000000e+01 2.716377e+01
      endloop
   endfacet
   facet normal 0.000000e+00 1.000000e+00 -0.000000e+00
      outer loop
         vertex 1.010513e+01 2.000000e+01 1.250880e+01
         vertex 9.637499e+00 2.000000e+01 2.716377e+01
         vertex 1.010513e+01 2.000000e+01 2.749120e+01
      endloop
   endfacet
   facet normal 0.000000e+00 1.000000e+00 0.000000e+00
      outer loop
         vertex 4.892251e+01 2.000000e+01 3.112012e+01
         vertex 4.877475e+01 2.000000e+01 3.056870e+01
         vertex 0.000000e+00 2.000000e+01 4.000000e+01
      endloop
   endfacet
   facet normal 0.000000e+00 1.000000e+00 0.000000e+00
      outer loop
         vertex 0.000000e+00 2.000000e+01 4.000000e+01
         vertex 4.877475e+01 2.000000e+01 3.056870e+01
         vertex 4.872500e+01 2.000000e+01 3.000000e+01
      endloop
   endfacet
   facet normal 0.000000e+00 1.000000e+00 0.000000e+00
      outer loop
         vertex 0.000000e+00 2.000000e+01 4.000000e+01
         vertex 4.872500e+01 2.000000e+01 3.000000e+01
         vertex 4.877475e+01 2.000000e+01 2.943130e+01
      endloop
   endfacet
   facet normal 0.000000e+00 1.000000e+00 -0.000000e+00
      outer loop
         vertex 5.312012e+01 2.000000e+01 3.307749e+01
         vertex 5.256870e+01 2.000000e+01 3.322524e+01
         vertex 6.000000e+01 2.000000e+01 4.000000e+01
      endloop
   endfacet
   facet normal 0.000000e+00 1.000000e+00 0.000000e+00
      outer loop
         vertex 6.000000e+01 2.000000e+01 4.000000e+01
         vertex 5.256870e+01 2.000000e+01 3.322524e+01
         vertex 5.200000e+01 2.000000e+01 3.327500e+01
      endloop
   endfacet
   facet normal 0.000000e+00 1.000000e+00 0.000000e+00
      outer loop
         vertex 6.000000e+01 2.000000e+01 4.000000e+01
         vertex 5.200000e+01 2.000000e+01 3.327500e+01
         vertex 5.143130e+01 2.000000e+01 3.322524e+01
      endloop
   endfacet
   facet normal 0.000000e+00 1.000000e+00 0.000000e+00
      outer loop
         vertex 5.894870e+00 2.000000e+01 2.749120e+01
         vertex 6.362500e+00 2.000000e+01 2.716377e+01
         vertex 1.010513e+01 2.000000e+01 1.250880e+01
      endloop
   endfacet
   facet normal 0.000000e+00 1.000000e+00 0.000000e+00
      outer loop
         vertex 1.010513e+01 2.000000e+01 1.250880e+01
         vertex 6.362500e+00 2.000000e+01 2.716377e+01
         vertex 6.879883e+00 2.000000e+01 2.692251e+01
      endloop
   endfacet
   facet normal 0.000000e+00 1.000000e+00 0.000000e+00
      outer loop
         vertex 1.010513e+01 2.000000e+01 1.250880e+01
         vertex 6.879883e+00 2.000000e+01 2.692251e+01
         vertex 7.431302e+00 2.000000e+01 2.677475e+01
      endloop
   endfacet
   facet normal 0.000000e+00 1.000000e+00 0.000000e+00
      outer loop
         vertex 5.087988e+01 2.000000e+01 1.307749e+01
         vertex 5.036250e+01 2.000000e+01 1.283623e+01
         vertex 4.877475e+01 2.000000e+01 2.943130e+01
      endloop
   endfacet
   facet normal 0.000000e+00 1.000000e+00 0.000000e+00
      outer loop
         vertex 4.877475e+01 2.000000e+01 2.943130e+01
         vertex 5.036250e+01 2.000000e+01 1.283623e+01
         vertex 4.989487e+01 2.000000e+01 1.250880e+01
      endloop
   endfacet
   facet normal 0.000000e+00 1.000000e+00 0.000000e+00
      outer loop
         vertex 4.877475e+01 2.000000e+01 2.943130e+01
         vertex 4.989487e+01 2.000000e+01 1.250880e+01
         vertex 0.000000e+00 2.000000e+01 4.000000e+01
      endloop
   endfacet
   facet normal 0.000000e+00 1.000000e+00 0.000000e+00
      outer loop
         vertex 0.000000e+00 2.000000e+01 4.000000e+01
         vertex 4.989487e+01 2.000000e+01 1.250880e+01
         vertex 4.949120e+01 2.000000e+01 1.210513e+01
      endloop
   endfacet
   facet normal 0.000000e+00 1.000000e+00 0.000000e+00
      outer loop
         vertex 0.000000e+00 2.000000e+01 4.000000e+01
         vertex 4.949120e+01 2.000000e+01 1.210513e+01
         vertex 9.637499e+00 2.000000e+01 3.283623e+01
      endloop
   endfacet
   facet normal -0.000000e+00 1.000000e+00 0.000000e+00
      outer loop
         vertex 5.450879e+01 2.000000e+01 7.894870e+00
         vertex 5.483623e+01 2.000000e+01 8.362500e+00
         vertex 6.000000e+01 2.000000e+01 0.000000e+00
      endloop
   endfacet
   facet normal 0.000000e+00 1.000000e+00 0.000000e+00
      outer loop
         vertex 6.000000e+01 2.000000e+01 0.000000e+00
         vertex 5.483623e+01 2.000000e+01 8.362500e+00
         vertex 5.507749e+01 2.000000e+01 8.879883e+00
      endloop
   endfacet
   facet normal 0.000000e+00 1.000000e+00 0.000000e+00
      outer loop
         vertex 6.000000e+01 2.000000e+01 0.000000e+00
         vertex 5.507749e+01 2.000000e+01 8.879883e+00
         vertex 5.522524e+01 2.000000e+01 9.431302e+00
      endloop
   endfacet
   facet normal 0.000000e+00 1.000000e+00 0.000000e+00
      outer loop
         vertex 4.949120e+01 2.000000e+01 2.789487e+01
         vertex 4.989487e+01 2.000000e+01 2.749120e+01
         vertex 5.410513e+01 2.000000e+01 1.250880e+01
      endloop
   endfacet
   facet normal 0.000000e+00 1.000000e+00 0.000000e+00
      outer loop
         vertex 6.000000e+01 2.000000e+01 0.000000e+00
         vertex 5.450879e+01 2.000000e+01 2.789487e+01
         vertex 5.483623e+01 2.000000e+01 2.836250e+01
      endloop
   endfacet
   facet normal 0.000000e+00 1.000000e+00 0.000000e+00
      outer loop
         vertex 4.949120e+01 2.000000e+01 1.210513e+01
         vertex 1.122524e+01 2.000000e+01 2.943130e+01
         vertex 1.127500e+01 2.000000e+01 3.000000e+01
      endloop
   endfacet
   facet normal -0.000000e+00 1.000000e+00 0.000000e+00
      outer loop
         vertex 5.522524e+01 2.000000e+01 9.431302e+00
         vertex 5.527500e+01 2.000000e+01 1.000000e+01
         vertex 6.000000e+01 2.000000e+01 0.000000e+00
      endloop
   endfacet
   facet normal 0.000000e+00 1.000000e+00 0.000000e+00
      outer loop
         vertex 6.000000e+01 2.000000e+01 0.000000e+00
         vertex 5.527500e+01 2.000000e+01 1.000000e+01
         vertex 5.522524e+01 2.000000e+01 1.056870e+01
      endloop
   endfacet
   facet normal 0.000000e+00 1.000000e+00 0.000000e+00
      outer loop
         vertex 6.000000e+01 2.000000e+01 0.000000e+00
         vertex 5.522524e+01 2.000000e+01 1.056870e+01
         vertex 5.450879e+01 2.000000e+01 2.789487e+01
      endloop
   endfacet
   facet normal 0.000000e+00 1.000000e+00 0.000000e+00
      outer loop
         vertex 5.450879e+01 2.000000e+01 2.789487e+01
         vertex 5.522524e+01 2.000000e+01 1.056870e+01
         vertex 5.507749e+01 2.000000e+01 1.112012e+01
      endloop
   endfacet
   facet normal 0.000000e+00 1.000000e+00 0.000000e+00
      outer loop
         vertex 5.450879e+01 2.000000e+01 2.789487e+01
         vertex 5.507749e+01 2.000000e+01 1.112012e+01
         vertex 5.483623e+01 2.000000e+01 1.163750e+01
      endloop
   endfacet
   facet normal 0.000000e+00 1.000000e+00 0.000000e+00
      outer loop
         vertex 4.892251e+01 2.000000e+01 2.887988e+01
         vertex 5.363750e+01 2.000000e+01 1.283623e+01
         vertex 5.312012e+01 2.000000e+01 1.307749e+01
      endloop
   endfacet
   facet normal -0.000000e+00 1.000000e+00 0.000000e+00
      outer loop
         vertex 5.527500e+01 2.000000e+01 3.000000e+01
         vertex 6.000000e+01 2.000000e+01 4.000000e+01
         vertex 5.522524e+01 2.000000e+01 2.943130e+01
      endloop
   endfacet
   facet normal -0.000000e+00 1.000000e+00 0.000000e+00
      outer loop
         vertex 5.522524e+01 2.000000e+01 2.943130e+01
         vertex 6.000000e+01 2.000000e+01 4.000000e+01
         vertex 6.000000e+01 2.000000e+01 0.000000e+00
      endloop
   endfacet
   facet normal 0.000000e+00 1.000000e+00 0.000000e+00
      outer loop
         vertex 5.522524e+01 2.000000e+01 2.943130e+01
         vertex 6.000000e+01 2.000000e+01 0.000000e+00
         vertex 5.507749e+01 2.000000e+01 2.887988e+01
      endloop
   endfacet
   facet normal 0.000000e+00 1.000000e+00 0.000000e+00
      outer loop
         vertex 5.507749e+01 2.000000e+01 2.887988e+01
         vertex 6.000000e+01 2.000000e+01 0.000000e+00
         vertex 5.483623e+01 2.000000e+01 2.836250e+01
      endloop
   endfacet
   facet normal 0.000000e+00 1.000000e+00 -0.000000e+00
      outer loop
         vertex 5.527500e+01 2.000000e+01 3.000000e+01
         vertex 5.522524e+01 2.000000e+01 3.056870e+01
         vertex 6.000000e+01 2.000000e+01 4.000000e+01
      endloop
   endfacet
   facet normal 0.000000e+00 1.000000e+00 0.000000e+00
      outer loop
         vertex 6.000000e+01 2.000000e+01 4.000000e+01
         vertex 5.522524e+01 2.000000e+01 3.056870e+01
         vertex 5.507749e+01 2.000000e+01 3.112012e+01
      endloop
   endfacet
   facet normal 0.000000e+00 1.000000e+00 0.000000e+00
      outer loop
         vertex 6.000000e+01 2.000000e+01 4.000000e+01
         vertex 5.507749e+01 2.000000e+01 3.112012e+01
         vertex 5.483623e+01 2.000000e+01 3.163750e+01
      endloop
   endfacet
   facet normal -0.000000e+00 1.000000e+00 -0.000000e+00
      outer loop
         vertex 1.127500e+01 2.000000e+01 3.000000e+01
         vertex 1.122524e+01 2.000000e+01 3.056870e+01
         vertex 4.949120e+01 2.000000e+01 1.210513e+01
      endloop
   endfacet
   facet normal 0.000000e+00 1.000000e+00 0.000000e+00
      outer loop
         vertex 4.949120e+01 2.000000e+01 1.210513e+01
         vertex 1.122524e+01 2.000000e+01 3.056870e+01
         vertex 1.107749e+01 2.000000e+01 3.112012e+01
      endloop
   endfacet
   facet normal 0.000000e+00 1.000000e+00 0.000000e+00
      outer loop
         vertex 4.949120e+01 2.000000e+01 1.210513e+01
         vertex 1.107749e+01 2.000000e+01 3.112012e+01
         vertex 1.083623e+01 2.000000e+01 3.163750e+01
      endloop
   endfacet
   facet normal 0.000000e+00 1.000000e+00 0.000000e+00
      outer loop
         vertex 4.872500e+01 2.000000e+01 1.000000e+01
         vertex 4.877475e+01 2.000000e+01 9.431302e+00
         vertex 1.050879e+01 2.000000e+01 2.789487e+01
      endloop
   endfacet
   facet normal 0.000000e+00 1.000000e+00 0.000000e+00
      outer loop
         vertex 1.050879e+01 2.000000e+01 2.789487e+01
         vertex 4.877475e+01 2.000000e+01 9.431302e+00
         vertex 4.892251e+01 2.000000e+01 8.879883e+00
      endloop
   endfacet
   facet normal 0.000000e+00 1.000000e+00 0.000000e+00
      outer loop
         vertex 1.050879e+01 2.000000e+01 2.789487e+01
         vertex 4.892251e+01 2.000000e+01 8.879883e+00
         vertex 4.916377e+01 2.000000e+01 8.362500e+00
      endloop
   endfacet
   facet normal 0.000000e+00 1.000000e+00 0.000000e+00
      outer loop
         vertex 5.087988e+01 2.000000e+01 6.922506e+00
         vertex 5.143130e+01 2.000000e+01 6.774754e+00
         vertex 6.000000e+01 2.000000e+01 0.000000e+00
      endloop
   endfacet
   facet normal 0.000000e+00 1.000000e+00 0.000000e+00
      outer loop
         vertex 6.000000e+01 2.000000e+01 0.000000e+00
         vertex 5.143130e+01 2.000000e+01 6.774754e+00
         vertex 5.200000e+01 2.000000e+01 6.724999e+00
      endloop
   endfacet
   facet normal 0.000000e+00 1.000000e+00 0.000000e+00
      outer loop
         vertex 6.000000e+01 2.000000e+01 0.000000e+00
         vertex 5.200000e+01 2.000000e+01 6.724999e+00
         vertex 5.256870e+01 2.000000e+01 6.774754e+00
      endloop
   endfacet
   facet normal 0.000000e+00 1.000000e+00 0.000000e+00
      outer loop
         vertex 5.483623e+01 2.000000e+01 1.163750e+01
         vertex 5.450879e+01 2.000000e+01 1.210513e+01
         vertex 5.450879e+01 2.000000e+01 2.789487e+01
      endloop
   endfacet
   facet normal 0.000000e+00 1.000000e+00 0.000000e+00
      outer loop
         vertex 5.450879e+01 2.000000e+01 2.789487e+01
         vertex 5.450879e+01 2.000000e+01 1.210513e+01
         vertex 5.410513e+01 2.000000e+01 1.250880e+01
      endloop
   endfacet
   facet normal 0.000000e+00 1.000000e+00 0.000000e+00
      outer loop
         vertex 5.450879e+01 2.000000e+01 2.789487e+01
         vertex 5.410513e+01 2.000000e+01 1.250880e+01
         vertex 5.410513e+01 2.000000e+01 2.749120e+01
      endloop
   endfacet
   facet normal -0.000000e+00 1.000000e+00 -0.000000e+00
      outer loop
         vertex 5.363750e+01 2.000000e+01 1.283623e+01
         vertex 4.892251e+01 2.000000e+01 2.887988e+01
         vertex 5.410513e+01 2.000000e+01 1.250880e+01
      endloop
   endfacet
   facet normal 0.000000e+00 1.000000e+00 0.000000e+00
      outer loop
         vertex 5.410513e+01 2.000000e+01 1.250880e+01
         vertex 4.892251e+01 2.000000e+01 2.887988e+01
         vertex 4.916377e+01 2.000000e+01 2.836250e+01
      endloop
   endfacet
   facet normal 0.000000e+00 1.000000e+00 0.000000e+00
      outer loop
         vertex 5.410513e+01 2.000000e+01 1.250880e+01
         vertex 4.916377e+01 2.000000e+01 2.836250e+01
         vertex 4.949120e+01 2.000000e+01 2.789487e+01
      endloop
   endfacet
   facet normal 0.000000e+00 1.000000e+00 0.000000e+00
      outer loop
         vertex 5.143130e+01 2.000000e+01 2.677475e+01
         vertex 5.200000e+01 2.000000e+01 2.672500e+01
         vertex 5.410513e+01 2.000000e+01 1.250880e+01
      endloop
   endfacet
   facet normal 0.000000e+00 1.000000e+00 0.000000e+00
      outer loop
         vertex 5.410513e+01 2.000000e+01 1.250880e+01
         vertex 5.200000e+01 2.000000e+01 2.672500e+01
         vertex 5.256870e+01 2.000000e+01 2.677475e+01
      endloop
   endfacet
   facet normal 0.000000e+00 1.000000e+00 -0.000000e+00
      outer loop
         vertex 5.483623e+01 2.000000e+01 3.163750e+01
         vertex 5.450879e+01 2.000000e+01 3.210513e+01
         vertex 6.000000e+01 2.000000e+01 4.000000e+01
      endloop
   endfacet
   facet normal 0.000000e+00 1.000000e+00 0.000000e+00
      outer loop
         vertex 6.000000e+01 2.000000e+01 4.000000e+01
         vertex 5.450879e+01 2.000000e+01 3.210513e+01
         vertex 5.410513e+01 2.000000e+01 3.250880e+01
      endloop
   endfacet
   facet normal 0.000000e+00 1.000000e+00 0.000000e+00
      outer loop
         vertex 6.000000e+01 2.000000e+01 4.000000e+01
         vertex 5.410513e+01 2.000000e+01 3.250880e+01
         vertex 5.363750e+01 2.000000e+01 3.283623e+01
      endloop
   endfacet
   facet normal -0.000000e+00 1.000000e+00 -0.000000e+00
      outer loop
         vertex 1.083623e+01 2.000000e+01 3.163750e+01
         vertex 1.050879e+01 2.000000e+01 3.210513e+01
         vertex 4.949120e+01 2.000000e+01 1.210513e+01
      endloop
   endfacet
   facet normal 0.000000e+00 1.000000e+00 0.000000e+00
      outer loop
         vertex 4.949120e+01 2.000000e+01 1.210513e+01
         vertex 1.050879e+01 2.000000e+01 3.210513e+01
         vertex 1.010513e+01 2.000000e+01 3.250880e+01
      endloop
   endfacet
   facet normal 0.000000e+00 1.000000e+00 0.000000e+00
      outer loop
         vertex 4.949120e+01 2.000000e+01 1.210513e+01
         vertex 1.010513e+01 2.000000e+01 3.250880e+01
         vertex 9.637499e+00 2.000000e+01 3.283623e+01
      endloop
   endfacet
   facet normal 0.000000e+00 1.000000e+00 0.000000e+00
      outer loop
         vertex 4.916377e+01 2.000000e+01 8.362500e+00
         vertex 4.949120e+01 2.000000e+01 7.894870e+00
         vertex 1.050879e+01 2.000000e+01 2.789487e+01
      endloop
   endfacet
   facet normal 0.000000e+00 1.000000e+00 0.000000e+00
      outer loop
         vertex 1.050879e+01 2.000000e+01 2.789487e+01
         vertex 4.949120e+01 2.000000e+01 7.894870e+00
         vertex 4.989487e+01 2.000000e+01 7.491204e+00
      endloop
   endfacet
   facet normal 0.000000e+00 1.000000e+00 0.000000e+00
      outer loop
         vertex 1.050879e+01 2.000000e+01 2.789487e+01
         vertex 4.989487e+01 2.000000e+01 7.491204e+00
         vertex 6.000000e+01 2.000000e+01 0.000000e+00
      endloop
   endfacet
   facet normal 0.000000e+00 1.000000e+00 0.000000e+00
      outer loop
         vertex 6.000000e+01 2.000000e+01 0.000000e+00
         vertex 4.989487e+01 2.000000e+01 7.491204e+00
         vertex 5.036250e+01 2.000000e+01 7.163767e+00
      endloop
   endfacet
   facet normal 0.000000e+00 1.000000e+00 0.000000e+00
      outer loop
         vertex 6.000000e+01 2.000000e+01 0.000000e+00
         vertex 5.036250e+01 2.000000e+01 7.163767e+00
         vertex 5.087988e+01 2.000000e+01 6.922506e+00
      endloop
   endfacet
   facet normal -0.000000e+00 1.000000e+00 0.000000e+00
      outer loop
         vertex 5.256870e+01 2.000000e+01 6.774754e+00
         vertex 5.312012e+01 2.000000e+01 6.922506e+00
         vertex 6.000000e+01 2.000000e+01 0.000000e+00
      endloop
   endfacet
   facet normal 0.000000e+00 1.000000e+00 0.000000e+00
      outer loop
         vertex 6.000000e+01 2.000000e+01 0.000000e+00
         vertex 5.312012e+01 2.000000e+01 6.922506e+00
         vertex 5.363750e+01 2.000000e+01 7.163767e+00
      endloop
   endfacet
   facet normal 0.000000e+00 1.000000e+00 0.000000e+00
      outer loop
         vertex 6.000000e+01 2.000000e+01 0.000000e+00
         vertex 5.363750e+01 2.000000e+01 7.163767e+00
         vertex 5.410513e+01 2.000000e+01 7.491204e+00
      endloop
   endfacet
   facet normal 0.000000e+00 1.000000e+00 0.000000e+00
      outer loop
         vertex 5.312012e+01 2.000000e+01 1.307749e+01
         vertex 5.256870e+01 2.000000e+01 1.322524e+01
         vertex 4.892251e+01 2.000000e+01 2.887988e+01
      endloop
   endfacet
   facet normal 0.000000e+00 1.000000e+00 0.000000e+00
      outer loop
         vertex 4.892251e+01 2.000000e+01 2.887988e+01
         vertex 5.256870e+01 2.000000e+01 1.322524e+01
         vertex 5.200000e+01 2.000000e+01 1.327500e+01
      endloop
   endfacet
   facet normal 0.000000e+00 1.000000e+00 0.000000e+00
      outer loop
         vertex 4.892251e+01 2.000000e+01 2.887988e+01
         vertex 5.200000e+01 2.000000e+01 1.327500e+01
         vertex 4.877475e+01 2.000000e+01 2.943130e+01
      endloop
   endfacet
   facet normal 0.000000e+00 1.000000e+00 0.000000e+00
      outer loop
         vertex 4.877475e+01 2.000000e+01 2.943130e+01
         vertex 5.200000e+01 2.000000e+01 1.327500e+01
         vertex 5.143130e+01 2.000000e+01 1.322524e+01
      endloop
   endfacet
   facet normal 0.000000e+00 1.000000e+00 0.000000e+00
      outer loop
         vertex 4.877475e+01 2.000000e+01 2.943130e+01
         vertex 5.143130e+01 2.000000e+01 1.322524e+01
         vertex 5.087988e+01 2.000000e+01 1.307749e+01
      endloop
   endfacet
   facet normal -0.000000e+00 1.000000e+00 0.000000e+00
      outer loop
         vertex 5.256870e+01 2.000000e+01 2.677475e+01
         vertex 5.312012e+01 2.000000e+01 2.692251e+01
         vertex 5.410513e+01 2.000000e+01 1.250880e+01
      endloop
   endfacet
   facet normal 0.000000e+00 1.000000e+00 0.000000e+00
      outer loop
         vertex 5.410513e+01 2.000000e+01 1.250880e+01
         vertex 5.312012e+01 2.000000e+01 2.692251e+01
         vertex 5.363750e+01 2.000000e+01 2.716377e+01
      endloop
   endfacet
   facet normal 0.000000e+00 1.000000e+00 -0.000000e+00
      outer loop
         vertex 5.410513e+01 2.000000e+01 1.250880e+01
         vertex 5.363750e+01 2.000000e+01 2.716377e+01
         vertex 5.410513e+01 2.000000e+01 2.749120e+01
      endloop
   endfacet
   facet normal 0.000000e+00 1.000000e+00 0.000000e+00
      outer loop
         vertex 1.122524e+01 2.000000e+01 2.943130e+01
         vertex 4.949120e+01 2.000000e+01 1.210513e+01
         vertex 1.107749e+01 2.000000e+01 2.887988e+01
      endloop
   endfacet
   facet normal 0.000000e+00 1.000000e+00 0.000000e+00
      outer loop
         vertex 1.107749e+01 2.000000e+01 2.887988e+01
         vertex 4.949120e+01 2.000000e+01 1.210513e+01
         vertex 4.916377e+01 2.000000e+01 1.163750e+01
      endloop
   endfacet
   facet normal 0.000000e+00 1.000000e+00 0.000000e+00
      outer loop
         vertex 1.107749e+01 2.000000e+01 2.887988e+01
         vertex 4.916377e+01 2.000000e+01 1.163750e+01
         vertex 1.083623e+01 2.000000e+01 2.836250e+01
      endloop
   endfacet
   facet normal 0.000000e+00 1.000000e+00 0.000000e+00
      outer loop
         vertex 1.083623e+01 2.000000e+01 2.836250e+01
         vertex 4.916377e+01 2.000000e+01 1.163750e+01
         vertex 4.892251e+01 2.000000e+01 1.112012e+01
      endloop
   endfacet
   facet normal 0.000000e+00 1.000000e+00 0.000000e+00
      outer loop
         vertex 1.083623e+01 2.000000e+01 2.836250e+01
         vertex 4.892251e+01 2.000000e+01 1.112012e+01
         vertex 1.050879e+01 2.000000e+01 2.789487e+01
      endloop
   endfacet
   facet normal 0.000000e+00 1.000000e+00 0.000000e+00
      outer loop
         vertex 1.050879e+01 2.000000e+01 2.789487e+01
         vertex 4.892251e+01 2.000000e+01 1.112012e+01
         vertex 4.877475e+01 2.000000e+01 1.056870e+01
      endloop
   endfacet
   facet normal 0.000000e+00 1.000000e+00 0.000000e+00
      outer loop
         vertex 1.050879e+01 2.000000e+01 2.789487e+01
         vertex 4.877475e+01 2.000000e+01 1.056870e+01
         vertex 4.872500e+01 2.000000e+01 1.000000e+01
      endloop
   endfacet
   facet normal 0.000000e+00 1.000000e+00 0.000000e+00
      outer loop
         vertex 4.989487e+01 2.000000e+01 2.749120e+01
         vertex 5.036250e+01 2.000000e+01 2.716377e+01
         vertex 5.410513e+01 2.000000e+01 1.250880e+01
      endloop
   endfacet
   facet normal 0.000000e+00 1.000000e+00 0.000000e+00
      outer loop
         vertex 5.410513e+01 2.000000e+01 1.250880e+01
         vertex 5.036250e+01 2.000000e+01 2.716377e+01
         vertex 5.087988e+01 2.000000e+01 2.692251e+01
      endloop
   endfacet
   facet normal 0.000000e+00 1.000000e+00 0.000000e+00
      outer loop
         vertex 5.410513e+01 2.000000e+01 1.250880e+01
         vertex 5.087988e+01 2.000000e+01 2.692251e+01
         vertex 5.143130e+01 2.000000e+01 2.677475e+01
      endloop
   endfacet
   facet normal -0.000000e+00 -1.000000e+00 0.000000e+00
      outer loop
         vertex 6.621119e+00 0.000000e+00 2.884298e+01
         vertex 6.441154e+00 0.000000e+00 2.910000e+01
         vertex 0.000000e+00 0.000000e+00 0.000000e+00
      endloop
   endfacet
   facet normal -0.000000e+00 -1.000000e+00 0.000000e+00
      outer loop
         vertex 6.621119e+00 0.000000e+00 8.842981e+00
         vertex 6.441154e+00 0.000000e+00 9.099999e+00
         vertex 0.000000e+00 0.000000e+00 0.000000e+00
      endloop
   endfacet
   facet normal 0.000000e+00 -1.000000e+00 0.000000e+00
      outer loop
         vertex 0.000000e+00 0.000000e+00 0.000000e+00
         vertex 6.441154e+00 0.000000e+00 9.099999e+00
         vertex 6.308552e+00 0.000000e+00 9.384363e+00
      endloop
   endfacet
   facet normal 0.000000e+00 -1.000000e+00 0.000000e+00
      outer loop
         vertex 9.378878e+00 0.000000e+00 3.115702e+01
         vertex 9.558845e+00 0.000000e+00 3.090000e+01
         vertex 1.750000e+01 0.000000e+00 4.000000e+01
      endloop
   endfacet
   facet normal -0.000000e+00 -1.000000e+00 0.000000e+00
      outer loop
         vertex 6.441154e+00 0.000000e+00 2.910000e+01
         vertex 6.308552e+00 0.000000e+00 2.938436e+01
         vertex 0.000000e+00 0.000000e+00 0.000000e+00
      endloop
   endfacet
   facet normal 0.000000e+00 -1.000000e+00 0.000000e+00
      outer loop
         vertex 0.000000e+00 0.000000e+00 0.000000e+00
         vertex 6.308552e+00 0.000000e+00 2.938436e+01
         vertex 6.227346e+00 0.000000e+00 2.968743e+01
      endloop
   endfacet
   facet normal 0.000000e+00 -1.000000e+00 0.000000e+00
      outer loop
         vertex 0.000000e+00 0.000000e+00 0.000000e+00
         vertex 6.227346e+00 0.000000e+00 2.968743e+01
         vertex 0.000000e+00 0.000000e+00 4.000000e+01
      endloop
   endfacet
   facet normal 0.000000e+00 -1.000000e+00 0.000000e+00
      outer loop
         vertex 0.000000e+00 0.000000e+00 4.000000e+01
         vertex 6.227346e+00 0.000000e+00 2.968743e+01
         vertex 6.199999e+00 0.000000e+00 3.000000e+01
      endloop
   endfacet
   facet normal 0.000000e+00 -1.000000e+00 0.000000e+00
      outer loop
         vertex 0.000000e+00 0.000000e+00 4.000000e+01
         vertex 6.199999e+00 0.000000e+00 3.000000e+01
         vertex 6.227346e+00 0.000000e+00 3.031257e+01
      endloop
   endfacet
   facet normal 0.000000e+00 -1.000000e+00 0.000000e+00
      outer loop
         vertex 9.558845e+00 0.000000e+00 3.090000e+01
         vertex 9.691445e+00 0.000000e+00 3.061564e+01
         vertex 1.750000e+01 0.000000e+00 4.000000e+01
      endloop
   endfacet
   facet normal 0.000000e+00 -1.000000e+00 0.000000e+00
      outer loop
         vertex 1.750000e+01 0.000000e+00 4.000000e+01
         vertex 9.691445e+00 0.000000e+00 3.061564e+01
         vertex 9.772653e+00 0.000000e+00 3.031257e+01
      endloop
   endfacet
   facet normal 0.000000e+00 -1.000000e+00 0.000000e+00
      outer loop
         vertex 1.750000e+01 0.000000e+00 4.000000e+01
         vertex 9.772653e+00 0.000000e+00 3.031257e+01
         vertex 9.800000e+00 0.000000e+00 3.000000e+01
      endloop
   endfacet
   facet normal 0.000000e+00 -1.000000e+00 0.000000e+00
      outer loop
         vertex 9.378878e+00 0.000000e+00 1.115702e+01
         vertex 9.558845e+00 0.000000e+00 1.090000e+01
         vertex 8.312566e+00 0.000000e+00 2.822735e+01
      endloop
   endfacet
   facet normal 0.000000e+00 -1.000000e+00 0.000000e+00
      outer loop
         vertex 0.000000e+00 0.000000e+00 0.000000e+00
         vertex 7.687433e+00 0.000000e+00 8.227346e+00
         vertex 7.384364e+00 0.000000e+00 8.308553e+00
      endloop
   endfacet
   facet normal -0.000000e+00 -1.000000e+00 0.000000e+00
      outer loop
         vertex 6.308552e+00 0.000000e+00 9.384363e+00
         vertex 6.227346e+00 0.000000e+00 9.687433e+00
         vertex 0.000000e+00 0.000000e+00 0.000000e+00
      endloop
   endfacet
   facet normal 0.000000e+00 -1.000000e+00 0.000000e+00
      outer loop
         vertex 0.000000e+00 0.000000e+00 0.000000e+00
         vertex 6.227346e+00 0.000000e+00 9.687433e+00
         vertex 6.199999e+00 0.000000e+00 1.000000e+01
      endloop
   endfacet
   facet normal 0.000000e+00 -1.000000e+00 0.000000e+00
      outer loop
         vertex 0.000000e+00 0.000000e+00 0.000000e+00
         vertex 6.199999e+00 0.000000e+00 1.000000e+01
         vertex 6.227346e+00 0.000000e+00 1.031257e+01
      endloop
   endfacet
   facet normal -0.000000e+00 -1.000000e+00 0.000000e+00
      outer loop
         vertex 7.384364e+00 0.000000e+00 8.308553e+00
         vertex 7.099999e+00 0.000000e+00 8.441154e+00
         vertex 0.000000e+00 0.000000e+00 0.000000e+00
      endloop
   endfacet
   facet normal 0.000000e+00 -1.000000e+00 0.000000e+00
      outer loop
         vertex 0.000000e+00 0.000000e+00 0.000000e+00
         vertex 7.099999e+00 0.000000e+00 8.441154e+00
         vertex 6.842982e+00 0.000000e+00 8.621120e+00
      endloop
   endfacet
   facet normal 0.000000e+00 -1.000000e+00 0.000000e+00
      outer loop
         vertex 0.000000e+00 0.000000e+00 0.000000e+00
         vertex 6.842982e+00 0.000000e+00 8.621120e+00
         vertex 6.621119e+00 0.000000e+00 8.842981e+00
      endloop
   endfacet
   facet normal -0.000000e+00 -1.000000e+00 0.000000e+00
      outer loop
         vertex 7.384364e+00 0.000000e+00 2.830855e+01
         vertex 7.099999e+00 0.000000e+00 2.844115e+01
         vertex 0.000000e+00 0.000000e+00 0.000000e+00
      endloop
   endfacet
   facet normal 0.000000e+00 -1.000000e+00 0.000000e+00
      outer loop
         vertex 0.000000e+00 0.000000e+00 0.000000e+00
         vertex 7.099999e+00 0.000000e+00 2.844115e+01
         vertex 6.842982e+00 0.000000e+00 2.862112e+01
      endloop
   endfacet
   facet normal 0.000000e+00 -1.000000e+00 0.000000e+00
      outer loop
         vertex 0.000000e+00 0.000000e+00 0.000000e+00
         vertex 6.842982e+00 0.000000e+00 2.862112e+01
         vertex 6.621119e+00 0.000000e+00 2.884298e+01
      endloop
   endfacet
   facet normal 0.000000e+00 -1.000000e+00 -0.000000e+00
      outer loop
         vertex 9.378878e+00 0.000000e+00 2.884298e+01
         vertex 9.157017e+00 0.000000e+00 2.862112e+01
         vertex 9.558845e+00 0.000000e+00 1.090000e+01
      endloop
   endfacet
   facet normal 0.000000e+00 -1.000000e+00 0.000000e+00
      outer loop
         vertex 9.772653e+00 0.000000e+00 1.031257e+01
         vertex 1.750000e+01 0.000000e+00 0.000000e+00
         vertex 9.691445e+00 0.000000e+00 1.061564e+01
      endloop
   endfacet
   facet normal 0.000000e+00 -1.000000e+00 0.000000e+00
      outer loop
         vertex 9.691445e+00 0.000000e+00 1.061564e+01
         vertex 1.750000e+01 0.000000e+00 0.000000e+00
         vertex 1.750000e+01 0.000000e+00 4.000000e+01
      endloop
   endfacet
   facet normal 0.000000e+00 -1.000000e+00 0.000000e+00
      outer loop
         vertex 9.691445e+00 0.000000e+00 1.061564e+01
         vertex 1.750000e+01 0.000000e+00 4.000000e+01
         vertex 9.558845e+00 0.000000e+00 1.090000e+01
      endloop
   endfacet
   facet normal 0.000000e+00 -1.000000e+00 0.000000e+00
      outer loop
         vertex 1.750000e+01 0.000000e+00 0.000000e+00
         vertex 8.312566e+00 0.000000e+00 8.227346e+00
         vertex 0.000000e+00 0.000000e+00 0.000000e+00
      endloop
   endfacet
   facet normal 0.000000e+00 -1.000000e+00 0.000000e+00
      outer loop
         vertex 0.000000e+00 0.000000e+00 0.000000e+00
         vertex 8.312566e+00 0.000000e+00 8.227346e+00
         vertex 7.999999e+00 0.000000e+00 8.199999e+00
      endloop
   endfacet
   facet normal 0.000000e+00 -1.000000e+00 0.000000e+00
      outer loop
         vertex 0.000000e+00 0.000000e+00 0.000000e+00
         vertex 7.999999e+00 0.000000e+00 8.199999e+00
         vertex 7.687433e+00 0.000000e+00 8.227346e+00
      endloop
   endfacet
   facet normal 0.000000e+00 -1.000000e+00 0.000000e+00
      outer loop
         vertex 8.615635e+00 0.000000e+00 3.169145e+01
         vertex 8.900000e+00 0.000000e+00 3.155885e+01
         vertex 1.750000e+01 0.000000e+00 4.000000e+01
      endloop
   endfacet
   facet normal 0.000000e+00 -1.000000e+00 0.000000e+00
      outer loop
         vertex 1.750000e+01 0.000000e+00 4.000000e+01
         vertex 8.900000e+00 0.000000e+00 3.155885e+01
         vertex 9.157017e+00 0.000000e+00 3.137888e+01
      endloop
   endfacet
   facet normal 0.000000e+00 -1.000000e+00 0.000000e+00
      outer loop
         vertex 1.750000e+01 0.000000e+00 4.000000e+01
         vertex 9.157017e+00 0.000000e+00 3.137888e+01
         vertex 9.378878e+00 0.000000e+00 3.115702e+01
      endloop
   endfacet
   facet normal 0.000000e+00 -1.000000e+00 0.000000e+00
      outer loop
         vertex 6.227346e+00 0.000000e+00 3.031257e+01
         vertex 6.308552e+00 0.000000e+00 3.061564e+01
         vertex 0.000000e+00 0.000000e+00 4.000000e+01
      endloop
   endfacet
   facet normal 0.000000e+00 -1.000000e+00 0.000000e+00
      outer loop
         vertex 0.000000e+00 0.000000e+00 4.000000e+01
         vertex 6.308552e+00 0.000000e+00 3.061564e+01
         vertex 6.441154e+00 0.000000e+00 3.090000e+01
      endloop
   endfacet
   facet normal 0.000000e+00 -1.000000e+00 0.000000e+00
      outer loop
         vertex 0.000000e+00 0.000000e+00 4.000000e+01
         vertex 6.441154e+00 0.000000e+00 3.090000e+01
         vertex 6.621119e+00 0.000000e+00 3.115702e+01
      endloop
   endfacet
   facet normal 0.000000e+00 -1.000000e+00 0.000000e+00
      outer loop
         vertex 6.621119e+00 0.000000e+00 3.115702e+01
         vertex 6.842982e+00 0.000000e+00 3.137888e+01
         vertex 0.000000e+00 0.000000e+00 4.000000e+01
      endloop
   endfacet
   facet normal 0.000000e+00 -1.000000e+00 0.000000e+00
      outer loop
         vertex 0.000000e+00 0.000000e+00 4.000000e+01
         vertex 6.842982e+00 0.000000e+00 3.137888e+01
         vertex 7.099999e+00 0.000000e+00 3.155885e+01
      endloop
   endfacet
   facet normal 0.000000e+00 -1.000000e+00 0.000000e+00
      outer loop
         vertex 0.000000e+00 0.000000e+00 4.000000e+01
         vertex 7.099999e+00 0.000000e+00 3.155885e+01
         vertex 7.384364e+00 0.000000e+00 3.169145e+01
      endloop
   endfacet
   facet normal 0.000000e+00 -1.000000e+00 0.000000e+00
      outer loop
         vertex 7.384364e+00 0.000000e+00 3.169145e+01
         vertex 7.687433e+00 0.000000e+00 3.177265e+01
         vertex 0.000000e+00 0.000000e+00 4.000000e+01
      endloop
   endfacet
   facet normal 0.000000e+00 -1.000000e+00 0.000000e+00
      outer loop
         vertex 0.000000e+00 0.000000e+00 4.000000e+01
         vertex 7.687433e+00 0.000000e+00 3.177265e+01
         vertex 7.999999e+00 0.000000e+00 3.180000e+01
      endloop
   endfacet
   facet normal 0.000000e+00 -1.000000e+00 0.000000e+00
      outer loop
         vertex 0.000000e+00 0.000000e+00 4.000000e+01
         vertex 7.999999e+00 0.000000e+00 3.180000e+01
         vertex 1.750000e+01 0.000000e+00 4.000000e+01
      endloop
   endfacet
   facet normal 0.000000e+00 -1.000000e+00 0.000000e+00
      outer loop
         vertex 1.750000e+01 0.000000e+00 4.000000e+01
         vertex 7.999999e+00 0.000000e+00 3.180000e+01
         vertex 8.312566e+00 0.000000e+00 3.177265e+01
      endloop
   endfacet
   facet normal 0.000000e+00 -1.000000e+00 0.000000e+00
      outer loop
         vertex 1.750000e+01 0.000000e+00 4.000000e+01
         vertex 8.312566e+00 0.000000e+00 3.177265e+01
         vertex 8.615635e+00 0.000000e+00 3.169145e+01
      endloop
   endfacet
   facet normal 0.000000e+00 -1.000000e+00 -0.000000e+00
      outer loop
         vertex 9.157017e+00 0.000000e+00 2.862112e+01
         vertex 8.900000e+00 0.000000e+00 2.844115e+01
         vertex 9.558845e+00 0.000000e+00 1.090000e+01
      endloop
   endfacet
   facet normal 0.000000e+00 -1.000000e+00 0.000000e+00
      outer loop
         vertex 9.558845e+00 0.000000e+00 1.090000e+01
         vertex 8.900000e+00 0.000000e+00 2.844115e+01
         vertex 8.615635e+00 0.000000e+00 2.830855e+01
      endloop
   endfacet
   facet normal 0.000000e+00 -1.000000e+00 0.000000e+00
      outer loop
         vertex 9.558845e+00 0.000000e+00 1.090000e+01
         vertex 8.615635e+00 0.000000e+00 2.830855e+01
         vertex 8.312566e+00 0.000000e+00 2.822735e+01
      endloop
   endfacet
   facet normal 0.000000e+00 -1.000000e+00 0.000000e+00
      outer loop
         vertex 6.441154e+00 0.000000e+00 1.090000e+01
         vertex 6.621119e+00 0.000000e+00 1.115702e+01
         vertex 7.999999e+00 0.000000e+00 2.820000e+01
      endloop
   endfacet
   facet normal 0.000000e+00 -1.000000e+00 0.000000e+00
      outer loop
         vertex 9.772653e+00 0.000000e+00 1.031257e+01
         vertex 9.800000e+00 0.000000e+00 1.000000e+01
         vertex 1.750000e+01 0.000000e+00 0.000000e+00
      endloop
   endfacet
   facet normal 0.000000e+00 -1.000000e+00 0.000000e+00
      outer loop
         vertex 1.750000e+01 0.000000e+00 0.000000e+00
         vertex 9.800000e+00 0.000000e+00 1.000000e+01
         vertex 9.772653e+00 0.000000e+00 9.687433e+00
      endloop
   endfacet
   facet normal 0.000000e+00 -1.000000e+00 0.000000e+00
      outer loop
         vertex 1.750000e+01 0.000000e+00 0.000000e+00
         vertex 9.772653e+00 0.000000e+00 9.687433e+00
         vertex 9.691445e+00 0.000000e+00 9.384363e+00
      endloop
   endfacet
   facet normal 0.000000e+00 -1.000000e+00 -0.000000e+00
      outer loop
         vertex 9.691445e+00 0.000000e+00 9.384363e+00
         vertex 9.558845e+00 0.000000e+00 9.099999e+00
         vertex 1.750000e+01 0.000000e+00 0.000000e+00
      endloop
   endfacet
   facet normal 0.000000e+00 -1.000000e+00 0.000000e+00
      outer loop
         vertex 1.750000e+01 0.000000e+00 0.000000e+00
         vertex 9.558845e+00 0.000000e+00 9.099999e+00
         vertex 9.378878e+00 0.000000e+00 8.842981e+00
      endloop
   endfacet
   facet normal 0.000000e+00 -1.000000e+00 0.000000e+00
      outer loop
         vertex 1.750000e+01 0.000000e+00 0.000000e+00
         vertex 9.378878e+00 0.000000e+00 8.842981e+00
         vertex 9.157017e+00 0.000000e+00 8.621120e+00
      endloop
   endfacet
   facet normal 0.000000e+00 -1.000000e+00 -0.000000e+00
      outer loop
         vertex 9.157017e+00 0.000000e+00 8.621120e+00
         vertex 8.900000e+00 0.000000e+00 8.441154e+00
         vertex 1.750000e+01 0.000000e+00 0.000000e+00
      endloop
   endfacet
   facet normal 0.000000e+00 -1.000000e+00 0.000000e+00
      outer loop
         vertex 1.750000e+01 0.000000e+00 0.000000e+00
         vertex 8.900000e+00 0.000000e+00 8.441154e+00
         vertex 8.615635e+00 0.000000e+00 8.308553e+00
      endloop
   endfacet
   facet normal 0.000000e+00 -1.000000e+00 0.000000e+00
      outer loop
         vertex 1.750000e+01 0.000000e+00 0.000000e+00
         vertex 8.615635e+00 0.000000e+00 8.308553e+00
         vertex 8.312566e+00 0.000000e+00 8.227346e+00
      endloop
   endfacet
   facet normal 0.000000e+00 -1.000000e+00 -0.000000e+00
      outer loop
         vertex 9.800000e+00 0.000000e+00 3.000000e+01
         vertex 9.772653e+00 0.000000e+00 2.968743e+01
         vertex 1.750000e+01 0.000000e+00 4.000000e+01
      endloop
   endfacet
   facet normal 0.000000e+00 -1.000000e+00 0.000000e+00
      outer loop
         vertex 1.750000e+01 0.000000e+00 4.000000e+01
         vertex 9.772653e+00 0.000000e+00 2.968743e+01
         vertex 9.691445e+00 0.000000e+00 2.938436e+01
      endloop
   endfacet
   facet normal 0.000000e+00 -1.000000e+00 0.000000e+00
      outer loop
         vertex 1.750000e+01 0.000000e+00 4.000000e+01
         vertex 9.691445e+00 0.000000e+00 2.938436e+01
         vertex 9.558845e+00 0.000000e+00 1.090000e+01
      endloop
   endfacet
   facet normal 0.000000e+00 -1.000000e+00 0.000000e+00
      outer loop
         vertex 9.558845e+00 0.000000e+00 1.090000e+01
         vertex 9.691445e+00 0.000000e+00 2.938436e+01
         vertex 9.558845e+00 0.000000e+00 2.910000e+01
      endloop
   endfacet
   facet normal 0.000000e+00 -1.000000e+00 0.000000e+00
      outer loop
         vertex 9.558845e+00 0.000000e+00 1.090000e+01
         vertex 9.558845e+00 0.000000e+00 2.910000e+01
         vertex 9.378878e+00 0.000000e+00 2.884298e+01
      endloop
   endfacet
   facet normal 0.000000e+00 -1.000000e+00 0.000000e+00
      outer loop
         vertex 8.615635e+00 0.000000e+00 1.169145e+01
         vertex 8.900000e+00 0.000000e+00 1.155885e+01
         vertex 8.312566e+00 0.000000e+00 2.822735e+01
      endloop
   endfacet
   facet normal 0.000000e+00 -1.000000e+00 0.000000e+00
      outer loop
         vertex 8.312566e+00 0.000000e+00 2.822735e+01
         vertex 8.900000e+00 0.000000e+00 1.155885e+01
         vertex 9.157017e+00 0.000000e+00 1.137888e+01
      endloop
   endfacet
   facet normal 0.000000e+00 -1.000000e+00 0.000000e+00
      outer loop
         vertex 8.312566e+00 0.000000e+00 2.822735e+01
         vertex 9.157017e+00 0.000000e+00 1.137888e+01
         vertex 9.378878e+00 0.000000e+00 1.115702e+01
      endloop
   endfacet
   facet normal 0.000000e+00 -1.000000e+00 -0.000000e+00
      outer loop
         vertex 7.384364e+00 0.000000e+00 2.830855e+01
         vertex 0.000000e+00 0.000000e+00 0.000000e+00
         vertex 7.687433e+00 0.000000e+00 2.822735e+01
      endloop
   endfacet
   facet normal 0.000000e+00 -1.000000e+00 0.000000e+00
      outer loop
         vertex 7.687433e+00 0.000000e+00 2.822735e+01
         vertex 0.000000e+00 0.000000e+00 0.000000e+00
         vertex 6.227346e+00 0.000000e+00 1.031257e+01
      endloop
   endfacet
   facet normal 0.000000e+00 -1.000000e+00 -0.000000e+00
      outer loop
         vertex 7.687433e+00 0.000000e+00 2.822735e+01
         vertex 6.227346e+00 0.000000e+00 1.031257e+01
         vertex 7.999999e+00 0.000000e+00 2.820000e+01
      endloop
   endfacet
   facet normal 0.000000e+00 -1.000000e+00 0.000000e+00
      outer loop
         vertex 7.999999e+00 0.000000e+00 2.820000e+01
         vertex 6.227346e+00 0.000000e+00 1.031257e+01
         vertex 6.308552e+00 0.000000e+00 1.061564e+01
      endloop
   endfacet
   facet normal 0.000000e+00 -1.000000e+00 0.000000e+00
      outer loop
         vertex 7.999999e+00 0.000000e+00 2.820000e+01
         vertex 6.308552e+00 0.000000e+00 1.061564e+01
         vertex 6.441154e+00 0.000000e+00 1.090000e+01
      endloop
   endfacet
   facet normal 0.000000e+00 -1.000000e+00 0.000000e+00
      outer loop
         vertex 6.621119e+00 0.000000e+00 1.115702e+01
         vertex 6.842982e+00 0.000000e+00 1.137888e+01
         vertex 7.999999e+00 0.000000e+00 2.820000e+01
      endloop
   endfacet
   facet normal 0.000000e+00 -1.000000e+00 0.000000e+00
      outer loop
         vertex 7.999999e+00 0.000000e+00 2.820000e+01
         vertex 6.842982e+00 0.000000e+00 1.137888e+01
         vertex 7.099999e+00 0.000000e+00 1.155885e+01
      endloop
   endfacet
   facet normal 0.000000e+00 -1.000000e+00 0.000000e+00
      outer loop
         vertex 7.999999e+00 0.000000e+00 2.820000e+01
         vertex 7.099999e+00 0.000000e+00 1.155885e+01
         vertex 7.384364e+00 0.000000e+00 1.169145e+01
      endloop
   endfacet
   facet normal 0.000000e+00 -1.000000e+00 0.000000e+00
      outer loop
         vertex 7.384364e+00 0.000000e+00 1.169145e+01
         vertex 7.687433e+00 0.000000e+00 1.177265e+01
         vertex 7.999999e+00 0.000000e+00 2.820000e+01
      endloop
   endfacet
   facet normal 0.000000e+00 -1.000000e+00 -0.000000e+00
      outer loop
         vertex 7.999999e+00 0.000000e+00 2.820000e+01
         vertex 7.687433e+00 0.000000e+00 1.177265e+01
         vertex 7.999999e+00 0.000000e+00 1.180000e+01
      endloop
   endfacet
   facet normal 0.000000e+00 -1.000000e+00 0.000000e+00
      outer loop
         vertex 7.999999e+00 0.000000e+00 2.820000e+01
         vertex 7.999999e+00 0.000000e+00 1.180000e+01
         vertex 8.312566e+00 0.000000e+00 2.822735e+01
      endloop
   endfacet
   facet normal 0.000000e+00 -1.000000e+00 -0.000000e+00
      outer loop
         vertex 8.312566e+00 0.000000e+00 2.822735e+01
         vertex 7.999999e+00 0.000000e+00 1.180000e+01
         vertex 8.312566e+00 0.000000e+00 1.177265e+01
      endloop
   endfacet
   facet normal 0.000000e+00 -1.000000e+00 0.000000e+00
      outer loop
         vertex 8.312566e+00 0.000000e+00 2.822735e+01
         vertex 8.312566e+00 0.000000e+00 1.177265e+01
         vertex 8.615635e+00 0.000000e+00 1.169145e+01
      endloop
   endfacet
   facet normal -9.974521e-01 -7.133905e-02 0.000000e+00
      outer loop
         vertex 4.250000e+01 0.000000e+00 0.000000e+00
         vertex 4.250000e+01 0.000000e+00 4.000000e+01
         vertex 4.237277e+01 1.778935e+00 0.000000e+00
      endloop
   endfacet
   facet normal -9.974521e-01 -7.133905e-02 0.000000e+00
      outer loop
         vertex 4.237277e+01 1.778935e+00 0.000000e+00
         vertex 4.250000e+01 0.000000e+00 4.000000e+01
         vertex 4.237277e+01 1.778935e+00 4.000000e+01
      endloop
   endfacet
   facet normal -9.771468e-01 -2.125654e-01 0.000000e+00
      outer loop
         vertex 4.237277e+01 1.778935e+00 0.000000e+00
         vertex 4.237277e+01 1.778935e+00 4.000000e+01
         vertex 4.199366e+01 3.521657e+00 0.000000e+00
      endloop
   endfacet
   facet normal -9.771468e-01 -2.125654e-01 0.000000e+00
      outer loop
         vertex 4.199366e+01 3.521657e+00 0.000000e+00
         vertex 4.237277e+01 1.778935e+00 4.000000e+01
         vertex 4.199366e+01 3.521657e+00 4.000000e+01
      endloop
   endfacet
   facet normal -9.369497e-01 -3.494643e-01 0.000000e+00
      outer loop
         vertex 4.199366e+01 3.521657e+00 0.000000e+00
         vertex 4.199366e+01 3.521657e+00 4.000000e+01
         vertex 4.137040e+01 5.192687e+00 0.000000e+00
      endloop
   endfacet
   facet normal -9.369497e-01 -3.494643e-01 0.000000e+00
      outer loop
         vertex 4.137040e+01 5.192687e+00 0.000000e+00
         vertex 4.199366e+01 3.521657e+00 4.000000e+01
         vertex 4.137040e+01 5.192687e+00 4.000000e+01
      endloop
   endfacet
   facet normal -8.776791e-01 -4.792489e-01 0.000000e+00
      outer loop
         vertex 4.137040e+01 5.192687e+00 0.000000e+00
         vertex 4.137040e+01 5.192687e+00 4.000000e+01
         vertex 4.051567e+01 6.758010e+00 0.000000e+00
      endloop
   endfacet
   facet normal -8.776791e-01 -4.792489e-01 0.000000e+00
      outer loop
         vertex 4.051567e+01 6.758010e+00 0.000000e+00
         vertex 4.137040e+01 5.192687e+00 4.000000e+01
         vertex 4.051567e+01 6.758010e+00 4.000000e+01
      endloop
   endfacet
   facet normal -8.005412e-01 -5.992778e-01 0.000000e+00
      outer loop
         vertex 4.051567e+01 6.758010e+00 0.000000e+00
         vertex 4.051567e+01 6.758010e+00 4.000000e+01
         vertex 3.944687e+01 8.185759e+00 0.000000e+00
      endloop
   endfacet
   facet normal -8.005412e-01 -5.992778e-01 0.000000e+00
      outer loop
         vertex 3.944687e+01 8.185759e+00 0.000000e+00
         vertex 4.051567e+01 6.758010e+00 4.000000e+01
         vertex 3.944687e+01 8.185759e+00 4.000000e+01
      endloop
   endfacet
   facet normal -7.071068e-01 -7.071068e-01 0.000000e+00
      outer loop
         vertex 3.944687e+01 8.185759e+00 0.000000e+00
         vertex 3.944687e+01 8.185759e+00 4.000000e+01
         vertex 3.818576e+01 9.446869e+00 0.000000e+00
      endloop
   endfacet
   facet normal -7.071068e-01 -7.071068e-01 0.000000e+00
      outer loop
         vertex 3.818576e+01 9.446869e+00 0.000000e+00
         vertex 3.944687e+01 8.185759e+00 4.000000e+01
         vertex 3.818576e+01 9.446869e+00 4.000000e+01
      endloop
   endfacet
   facet normal -5.992776e-01 -8.005413e-01 0.000000e+00
      outer loop
         vertex 3.818576e+01 9.446869e+00 0.000000e+00
         vertex 3.818576e+01 9.446869e+00 4.000000e+01
         vertex 3.675801e+01 1.051567e+01 0.000000e+00
      endloop
   endfacet
   facet normal -5.992776e-01 -8.005413e-01 0.000000e+00
      outer loop
         vertex 3.675801e+01 1.051567e+01 0.000000e+00
         vertex 3.818576e+01 9.446869e+00 4.000000e+01
         vertex 3.675801e+01 1.051567e+01 4.000000e+01
      endloop
   endfacet
   facet normal -4.792491e-01 -8.776790e-01 0.000000e+00
      outer loop
         vertex 3.675801e+01 1.051567e+01 0.000000e+00
         vertex 3.675801e+01 1.051567e+01 4.000000e+01
         vertex 3.519269e+01 1.137040e+01 0.000000e+00
      endloop
   endfacet
   facet normal -4.792491e-01 -8.776790e-01 0.000000e+00
      outer loop
         vertex 3.519269e+01 1.137040e+01 0.000000e+00
         vertex 3.675801e+01 1.051567e+01 4.000000e+01
         vertex 3.519269e+01 1.137040e+01 4.000000e+01
      endloop
   endfacet
   facet normal -3.494642e-01 -9.369497e-01 0.000000e+00
      outer loop
         vertex 3.519269e+01 1.137040e+01 0.000000e+00
         vertex 3.519269e+01 1.137040e+01 4.000000e+01
         vertex 3.352166e+01 1.199366e+01 0.000000e+00
      endloop
   endfacet
   facet normal -3.494642e-01 -9.369497e-01 0.000000e+00
      outer loop
         vertex 3.352166e+01 1.199366e+01 0.000000e+00
         vertex 3.519269e+01 1.137040e+01 4.000000e+01
         vertex 3.352166e+01 1.199366e+01 4.000000e+01
      endloop
   endfacet
   facet normal -2.125653e-01 -9.771469e-01 0.000000e+00
      outer loop
         vertex 3.352166e+01 1.199366e+01 0.000000e+00
         vertex 3.352166e+01 1.199366e+01 4.000000e+01
         vertex 3.177893e+01 1.237277e+01 0.000000e+00
      endloop
   endfacet
   facet normal -2.125653e-01 -9.771469e-01 0.000000e+00
      outer loop
         vertex 3.177893e+01 1.237277e+01 0.000000e+00
         vertex 3.352166e+01 1.199366e+01 4.000000e+01
         vertex 3.177893e+01 1.237277e+01 4.000000e+01
      endloop
   endfacet
   facet normal -7.133916e-02 -9.974521e-01 0.000000e+00
      outer loop
         vertex 3.177893e+01 1.237277e+01 0.000000e+00
         vertex 3.177893e+01 1.237277e+01 4.000000e+01
         vertex 3.000000e+01 1.250000e+01 0.000000e+00
      endloop
   endfacet
   facet normal -7.133916e-02 -9.974521e-01 0.000000e+00
      outer loop
         vertex 3.000000e+01 1.250000e+01 0.000000e+00
         vertex 3.177893e+01 1.237277e+01 4.000000e+01
         vertex 3.000000e+01 1.250000e+01 4.000000e+01
      endloop
   endfacet
   facet normal 7.133916e-02 -9.974521e-01 0.000000e+00
      outer loop
         vertex 3.000000e+01 1.250000e+01 0.000000e+00
         vertex 3.000000e+01 1.250000e+01 4.000000e+01
         vertex 2.822106e+01 1.237277e+01 0.000000e+00
      endloop
   endfacet
   facet normal 7.133916e-02 -9.974521e-01 0.000000e+00
      outer loop
         vertex 2.822106e+01 1.237277e+01 0.000000e+00
         vertex 3.000000e+01 1.250000e+01 4.000000e+01
         vertex 2.822106e+01 1.237277e+01 4.000000e+01
      endloop
   endfacet
   facet normal 2.125653e-01 -9.771469e-01 0.000000e+00
      outer loop
         vertex 2.822106e+01 1.237277e+01 0.000000e+00
         vertex 2.822106e+01 1.237277e+01 4.000000e+01
         vertex 2.647834e+01 1.199366e+01 0.000000e+00
      endloop
   endfacet
   facet normal 2.125653e-01 -9.771469e-01 0.000000e+00
      outer loop
         vertex 2.647834e+01 1.199366e+01 0.000000e+00
         vertex 2.822106e+01 1.237277e+01 4.000000e+01
         vertex 2.647834e+01 1.199366e+01 4.000000e+01
      endloop
   endfacet
   facet normal 3.494642e-01 -9.369497e-01 0.000000e+00
      outer loop
         vertex 2.647834e+01 1.199366e+01 0.000000e+00
         vertex 2.647834e+01 1.199366e+01 4.000000e+01
         vertex 2.480731e+01 1.137040e+01 0.000000e+00
      endloop
   endfacet
   facet normal 3.494642e-01 -9.369497e-01 0.000000e+00
      outer loop
         vertex 2.480731e+01 1.137040e+01 0.000000e+00
         vertex 2.647834e+01 1.199366e+01 4.000000e+01
         vertex 2.480731e+01 1.137040e+01 4.000000e+01
      endloop
   endfacet
   facet normal 4.792491e-01 -8.776790e-01 0.000000e+00
      outer loop
         vertex 2.480731e+01 1.137040e+01 0.000000e+00
         vertex 2.480731e+01 1.137040e+01 4.000000e+01
         vertex 2.324199e+01 1.051567e+01 0.000000e+00
      endloop
   endfacet
   facet normal 4.792491e-01 -8.776790e-01 0.000000e+00
      outer loop
         vertex 2.324199e+01 1.051567e+01 0.000000e+00
         vertex 2.480731e+01 1.137040e+01 4.000000e+01
         vertex 2.324199e+01 1.051567e+01 4.000000e+01
      endloop
   endfacet
   facet normal 5.992776e-01 -8.005413e-01 0.000000e+00
      outer loop
         vertex 2.324199e+01 1.051567e+01 0.000000e+00
         vertex 2.324199e+01 1.051567e+01 4.000000e+01
         vertex 2.181424e+01 9.446869e+00 0.000000e+00
      endloop
   endfacet
   facet normal 5.992776e-01 -8.005413e-01 0.000000e+00
      outer loop
         vertex 2.181424e+01 9.446869e+00 0.000000e+00
         vertex 2.324199e+01 1.051567e+01 4.000000e+01
         vertex 2.181424e+01 9.446869e+00 4.000000e+01
      endloop
   endfacet
   facet normal 7.071068e-01 -7.071068e-01 0.000000e+00
      outer loop
         vertex 2.181424e+01 9.446869e+00 0.000000e+00
         vertex 2.181424e+01 9.446869e+00 4.000000e+01
         vertex 2.055313e+01 8.185759e+00 0.000000e+00
      endloop
   endfacet
   facet normal 7.071068e-01 -7.071068e-01 0.000000e+00
      outer loop
         vertex 2.055313e+01 8.185759e+00 0.000000e+00
         vertex 2.181424e+01 9.446869e+00 4.000000e+01
         vertex 2.055313e+01 8.185759e+00 4.000000e+01
      endloop
   endfacet
   facet normal 8.005412e-01 -5.992778e-01 0.000000e+00
      outer loop
         vertex 2.055313e+01 8.185759e+00 0.000000e+00
         vertex 2.055313e+01 8.185759e+00 4.000000e+01
         vertex 1.948433e+01 6.758010e+00 0.000000e+00
      endloop
   endfacet
   facet normal 8.005412e-01 -5.992778e-01 0.000000e+00
      outer loop
         vertex 1.948433e+01 6.758010e+00 0.000000e+00
         vertex 2.055313e+01 8.185759e+00 4.000000e+01
         vertex 1.948433e+01 6.758010e+00 4.000000e+01
      endloop
   endfacet
   facet normal 8.776791e-01 -4.792489e-01 0.000000e+00
      outer loop
         vertex 1.948433e+01 6.758010e+00 0.000000e+00
         vertex 1.948433e+01 6.758010e+00 4.000000e+01
         vertex 1.862960e+01 5.192687e+00 0.000000e+00
      endloop
   endfacet
   facet normal 8.776791e-01 -4.792489e-01 0.000000e+00
      outer loop
         vertex 1.862960e+01 5.192687e+00 0.000000e+00
         vertex 1.948433e+01 6.758010e+00 4.000000e+01
         vertex 1.862960e+01 5.192687e+00 4.000000e+01
      endloop
   endfacet
   facet normal 9.369497e-01 -3.494643e-01 0.000000e+00
      outer loop
         vertex 1.862960e+01 5.192687e+00 0.000000e+00
         vertex 1.862960e+01 5.192687e+00 4.000000e+01
         vertex 1.800634e+01 3.521657e+00 0.000000e+00
      endloop
   endfacet
   facet normal 9.369497e-01 -3.494643e-01 0.000000e+00
      outer loop
         vertex 1.800634e+01 3.521657e+00 0.000000e+00
         vertex 1.862960e+01 5.192687e+00 4.000000e+01
         vertex 1.800634e+01 3.521657e+00 4.000000e+01
      endloop
   endfacet
   facet normal 9.771468e-01 -2.125654e-01 0.000000e+00
      outer loop
         vertex 1.800634e+01 3.521657e+00 0.000000e+00
         vertex 1.800634e+01 3.521657e+00 4.000000e+01
         vertex 1.762723e+01 1.778935e+00 0.000000e+00
      endloop
   endfacet
   facet normal 9.771468e-01 -2.125654e-01 0.000000e+00
      outer loop
         vertex 1.762723e+01 1.778935e+00 0.000000e+00
         vertex 1.800634e+01 3.521657e+00 4.000000e+01
         vertex 1.762723e+01 1.778935e+00 4.000000e+01
      endloop
   endfacet
   facet normal 9.974521e-01 -7.133905e-02 0.000000e+00
      outer loop
         vertex 1.762723e+01 1.778935e+00 0.000000e+00
         vertex 1.762723e+01 1.778935e+00 4.000000e+01
         vertex 1.750000e+01 0.000000e+00 0.000000e+00
      endloop
   endfacet
   facet normal 9.974521e-01 -7.133905e-02 0.000000e+00
      outer loop
         vertex 1.750000e+01 0.000000e+00 0.000000e+00
         vertex 1.762723e+01 1.778935e+00 4.000000e+01
         vertex 1.750000e+01 0.000000e+00 4.000000e+01
      endloop
   endfacet
   facet normal -8.715693e-02 0.000000e+00 -9.961946e-01
      outer loop
         vertex 5.200000e+01 0.000000e+00 3.180000e+01
         vertex 5.200000e+01 1.660000e+01 3.180000e+01
         vertex 5.231257e+01 0.000000e+00 3.177265e+01
      endloop
   endfacet
   facet normal -8.715693e-02 0.000000e+00 -9.961946e-01
      outer loop
         vertex 5.231257e+01 0.000000e+00 3.177265e+01
         vertex 5.200000e+01 1.660000e+01 3.180000e+01
         vertex 5.231257e+01 1.660000e+01 3.177265e+01
      endloop
   endfacet
   facet normal -2.588205e-01 0.000000e+00 -9.659254e-01
      outer loop
         vertex 5.231257e+01 0.000000e+00 3.177265e+01
         vertex 5.231257e+01 1.660000e+01 3.177265e+01
         vertex 5.261564e+01 0.000000e+00 3.169145e+01
      endloop
   endfacet
   facet normal -2.588205e-01 0.000000e+00 -9.659254e-01
      outer loop
         vertex 5.261564e+01 0.000000e+00 3.169145e+01
         vertex 5.231257e+01 1.660000e+01 3.177265e+01
         vertex 5.261564e+01 1.660000e+01 3.169145e+01
      endloop
   endfacet
   facet normal -4.226168e-01 0.000000e+00 -9.063084e-01
      outer loop
         vertex 5.261564e+01 0.000000e+00 3.169145e+01
         vertex 5.261564e+01 1.660000e+01 3.169145e+01
         vertex 5.290000e+01 0.000000e+00 3.155885e+01
      endloop
   endfacet
   facet normal -4.226168e-01 0.000000e+00 -9.063084e-01
      outer loop
         vertex 5.290000e+01 0.000000e+00 3.155885e+01
         vertex 5.261564e+01 1.660000e+01 3.169145e+01
         vertex 5.290000e+01 1.660000e+01 3.155885e+01
      endloop
   endfacet
   facet normal -5.735779e-01 0.000000e+00 -8.191510e-01
      outer loop
         vertex 5.290000e+01 0.000000e+00 3.155885e+01
         vertex 5.290000e+01 1.660000e+01 3.155885e+01
         vertex 5.315702e+01 0.000000e+00 3.137888e+01
      endloop
   endfacet
   facet normal -5.735779e-01 0.000000e+00 -8.191510e-01
      outer loop
         vertex 5.315702e+01 0.000000e+00 3.137888e+01
         vertex 5.290000e+01 1.660000e+01 3.155885e+01
         vertex 5.315702e+01 1.660000e+01 3.137888e+01
      endloop
   endfacet
   facet normal -7.071038e-01 0.000000e+00 -7.071097e-01
      outer loop
         vertex 5.315702e+01 0.000000e+00 3.137888e+01
         vertex 5.315702e+01 1.660000e+01 3.137888e+01
         vertex 5.337888e+01 0.000000e+00 3.115702e+01
      endloop
   endfacet
   facet normal -7.071038e-01 0.000000e+00 -7.071097e-01
      outer loop
         vertex 5.337888e+01 0.000000e+00 3.115702e+01
         vertex 5.315702e+01 1.660000e+01 3.137888e+01
         vertex 5.337888e+01 1.660000e+01 3.115702e+01
      endloop
   endfacet
   facet normal -8.191534e-01 0.000000e+00 -5.735745e-01
      outer loop
         vertex 5.337888e+01 0.000000e+00 3.115702e+01
         vertex 5.337888e+01 1.660000e+01 3.115702e+01
         vertex 5.355885e+01 0.000000e+00 3.090000e+01
      endloop
   endfacet
   facet normal -8.191534e-01 0.000000e+00 -5.735745e-01
      outer loop
         vertex 5.355885e+01 0.000000e+00 3.090000e+01
         vertex 5.337888e+01 1.660000e+01 3.115702e+01
         vertex 5.355885e+01 1.660000e+01 3.090000e+01
      endloop
   endfacet
   facet normal -9.063068e-01 0.000000e+00 -4.226204e-01
      outer loop
         vertex 5.355885e+01 0.000000e+00 3.090000e+01
         vertex 5.355885e+01 1.660000e+01 3.090000e+01
         vertex 5.369145e+01 0.000000e+00 3.061564e+01
      endloop
   endfacet
   facet normal -9.063068e-01 0.000000e+00 -4.226204e-01
      outer loop
         vertex 5.369145e+01 0.000000e+00 3.061564e+01
         vertex 5.355885e+01 1.660000e+01 3.090000e+01
         vertex 5.369145e+01 1.660000e+01 3.061564e+01
      endloop
   endfacet
   facet normal -9.659271e-01 0.000000e+00 -2.588142e-01
      outer loop
         vertex 5.369145e+01 0.000000e+00 3.061564e+01
         vertex 5.369145e+01 1.660000e+01 3.061564e+01
         vertex 5.377265e+01 0.000000e+00 3.031257e+01
      endloop
   endfacet
   facet normal -9.659271e-01 0.000000e+00 -2.588142e-01
      outer loop
         vertex 5.377265e+01 0.000000e+00 3.031257e+01
         vertex 5.369145e+01 1.660000e+01 3.061564e+01
         vertex 5.377265e+01 1.660000e+01 3.031257e+01
      endloop
   endfacet
   facet normal -9.961943e-01 0.000000e+00 -8.715988e-02
      outer loop
         vertex 5.377265e+01 0.000000e+00 3.031257e+01
         vertex 5.377265e+01 1.660000e+01 3.031257e+01
         vertex 5.380000e+01 0.000000e+00 3.000000e+01
      endloop
   endfacet
   facet normal -9.961943e-01 0.000000e+00 -8.715988e-02
      outer loop
         vertex 5.380000e+01 0.000000e+00 3.000000e+01
         vertex 5.377265e+01 1.660000e+01 3.031257e+01
         vertex 5.380000e+01 1.660000e+01 3.000000e+01
      endloop
   endfacet
   facet normal -9.961943e-01 0.000000e+00 8.715988e-02
      outer loop
         vertex 5.380000e+01 0.000000e+00 3.000000e+01
         vertex 5.380000e+01 1.660000e+01 3.000000e+01
         vertex 5.377265e+01 0.000000e+00 2.968743e+01
      endloop
   endfacet
   facet normal -9.961943e-01 0.000000e+00 8.715988e-02
      outer loop
         vertex 5.377265e+01 0.000000e+00 2.968743e+01
         vertex 5.380000e+01 1.660000e+01 3.000000e+01
         vertex 5.377265e+01 1.660000e+01 2.968743e+01
      endloop
   endfacet
   facet normal -9.659269e-01 0.000000e+00 2.588149e-01
      outer loop
         vertex 5.377265e+01 0.000000e+00 2.968743e+01
         vertex 5.377265e+01 1.660000e+01 2.968743e+01
         vertex 5.369145e+01 0.000000e+00 2.938436e+01
      endloop
   endfacet
   facet normal -9.659269e-01 0.000000e+00 2.588149e-01
      outer loop
         vertex 5.369145e+01 0.000000e+00 2.938436e+01
         vertex 5.377265e+01 1.660000e+01 2.968743e+01
         vertex 5.369145e+01 1.660000e+01 2.938436e+01
      endloop
   endfacet
   facet normal -9.063068e-01 0.000000e+00 4.226204e-01
      outer loop
         vertex 5.369145e+01 0.000000e+00 2.938436e+01
         vertex 5.369145e+01 1.660000e+01 2.938436e+01
         vertex 5.355885e+01 0.000000e+00 2.910000e+01
      endloop
   endfacet
   facet normal -9.063068e-01 0.000000e+00 4.226204e-01
      outer loop
         vertex 5.355885e+01 0.000000e+00 2.910000e+01
         vertex 5.369145e+01 1.660000e+01 2.938436e+01
         vertex 5.355885e+01 1.660000e+01 2.910000e+01
      endloop
   endfacet
   facet normal -8.191534e-01 0.000000e+00 5.735745e-01
      outer loop
         vertex 5.355885e+01 0.000000e+00 2.910000e+01
         vertex 5.355885e+01 1.660000e+01 2.910000e+01
         vertex 5.337888e+01 0.000000e+00 2.884298e+01
      endloop
   endfacet
   facet normal -8.191534e-01 0.000000e+00 5.735745e-01
      outer loop
         vertex 5.337888e+01 0.000000e+00 2.884298e+01
         vertex 5.355885e+01 1.660000e+01 2.910000e+01
         vertex 5.337888e+01 1.660000e+01 2.884298e+01
      endloop
   endfacet
   facet normal -7.071053e-01 0.000000e+00 7.071083e-01
      outer loop
         vertex 5.337888e+01 0.000000e+00 2.884298e+01
         vertex 5.337888e+01 1.660000e+01 2.884298e+01
         vertex 5.315702e+01 0.000000e+00 2.862112e+01
      endloop
   endfacet
   facet normal -7.071053e-01 0.000000e+00 7.071083e-01
      outer loop
         vertex 5.315702e+01 0.000000e+00 2.862112e+01
         vertex 5.337888e+01 1.660000e+01 2.884298e+01
         vertex 5.315702e+01 1.660000e+01 2.862112e+01
      endloop
   endfacet
   facet normal -5.735779e-01 0.000000e+00 8.191510e-01
      outer loop
         vertex 5.315702e+01 0.000000e+00 2.862112e+01
         vertex 5.315702e+01 1.660000e+01 2.862112e+01
         vertex 5.290000e+01 0.000000e+00 2.844115e+01
      endloop
   endfacet
   facet normal -5.735779e-01 0.000000e+00 8.191510e-01
      outer loop
         vertex 5.290000e+01 0.000000e+00 2.844115e+01
         vertex 5.315702e+01 1.660000e+01 2.862112e+01
         vertex 5.290000e+01 1.660000e+01 2.844115e+01
      endloop
   endfacet
   facet normal -4.226168e-01 0.000000e+00 9.063084e-01
      outer loop
         vertex 5.290000e+01 0.000000e+00 2.844115e+01
         vertex 5.290000e+01 1.660000e+01 2.844115e+01
         vertex 5.261564e+01 0.000000e+00 2.830855e+01
      endloop
   endfacet
   facet normal -4.226168e-01 0.000000e+00 9.063084e-01
      outer loop
         vertex 5.261564e+01 0.000000e+00 2.830855e+01
         vertex 5.290000e+01 1.660000e+01 2.844115e+01
         vertex 5.261564e+01 1.660000e+01 2.830855e+01
      endloop
   endfacet
   facet normal -2.588177e-01 0.000000e+00 9.659262e-01
      outer loop
         vertex 5.261564e+01 0.000000e+00 2.830855e+01
         vertex 5.261564e+01 1.660000e+01 2.830855e+01
         vertex 5.231257e+01 0.000000e+00 2.822735e+01
      endloop
   endfacet
   facet normal -2.588177e-01 0.000000e+00 9.659262e-01
      outer loop
         vertex 5.231257e+01 0.000000e+00 2.822735e+01
         vertex 5.261564e+01 1.660000e+01 2.830855e+01
         vertex 5.231257e+01 1.660000e+01 2.822735e+01
      endloop
   endfacet
   facet normal -8.715693e-02 0.000000e+00 9.961946e-01
      outer loop
         vertex 5.231257e+01 0.000000e+00 2.822735e+01
         vertex 5.231257e+01 1.660000e+01 2.822735e+01
         vertex 5.200000e+01 0.000000e+00 2.820000e+01
      endloop
   endfacet
   facet normal -8.715693e-02 0.000000e+00 9.961946e-01
      outer loop
         vertex 5.200000e+01 0.000000e+00 2.820000e+01
         vertex 5.231257e+01 1.660000e+01 2.822735e+01
         vertex 5.200000e+01 1.660000e+01 2.820000e+01
      endloop
   endfacet
   facet normal 8.715693e-02 -0.000000e+00 9.961946e-01
      outer loop
         vertex 5.200000e+01 0.000000e+00 2.820000e+01
         vertex 5.200000e+01 1.660000e+01 2.820000e+01
         vertex 5.168743e+01 0.000000e+00 2.822735e+01
      endloop
   endfacet
   facet normal 8.715693e-02 -0.000000e+00 9.961946e-01
      outer loop
         vertex 5.168743e+01 0.000000e+00 2.822735e+01
         vertex 5.200000e+01 1.660000e+01 2.820000e+01
         vertex 5.168743e+01 1.660000e+01 2.822735e+01
      endloop
   endfacet
   facet normal 2.588177e-01 -0.000000e+00 9.659262e-01
      outer loop
         vertex 5.168743e+01 0.000000e+00 2.822735e+01
         vertex 5.168743e+01 1.660000e+01 2.822735e+01
         vertex 5.138436e+01 0.000000e+00 2.830855e+01
      endloop
   endfacet
   facet normal 2.588177e-01 -0.000000e+00 9.659262e-01
      outer loop
         vertex 5.138436e+01 0.000000e+00 2.830855e+01
         vertex 5.168743e+01 1.660000e+01 2.822735e+01
         vertex 5.138436e+01 1.660000e+01 2.830855e+01
      endloop
   endfacet
   facet normal 4.226168e-01 -0.000000e+00 9.063084e-01
      outer loop
         vertex 5.138436e+01 0.000000e+00 2.830855e+01
         vertex 5.138436e+01 1.660000e+01 2.830855e+01
         vertex 5.110000e+01 0.000000e+00 2.844115e+01
      endloop
   endfacet
   facet normal 4.226168e-01 -0.000000e+00 9.063084e-01
      outer loop
         vertex 5.110000e+01 0.000000e+00 2.844115e+01
         vertex 5.138436e+01 1.660000e+01 2.830855e+01
         vertex 5.110000e+01 1.660000e+01 2.844115e+01
      endloop
   endfacet
   facet normal 5.735779e-01 -0.000000e+00 8.191510e-01
      outer loop
         vertex 5.110000e+01 0.000000e+00 2.844115e+01
         vertex 5.110000e+01 1.660000e+01 2.844115e+01
         vertex 5.084298e+01 0.000000e+00 2.862112e+01
      endloop
   endfacet
   facet normal 5.735779e-01 -0.000000e+00 8.191510e-01
      outer loop
         vertex 5.084298e+01 0.000000e+00 2.862112e+01
         vertex 5.110000e+01 1.660000e+01 2.844115e+01
         vertex 5.084298e+01 1.660000e+01 2.862112e+01
      endloop
   endfacet
   facet normal 7.071083e-01 -0.000000e+00 7.071053e-01
      outer loop
         vertex 5.084298e+01 0.000000e+00 2.862112e+01
         vertex 5.084298e+01 1.660000e+01 2.862112e+01
         vertex 5.062112e+01 0.000000e+00 2.884298e+01
      endloop
   endfacet
   facet normal 7.071083e-01 -0.000000e+00 7.071053e-01
      outer loop
         vertex 5.062112e+01 0.000000e+00 2.884298e+01
         vertex 5.084298e+01 1.660000e+01 2.862112e+01
         vertex 5.062112e+01 1.660000e+01 2.884298e+01
      endloop
   endfacet
   facet normal 8.191506e-01 -0.000000e+00 5.735785e-01
      outer loop
         vertex 5.062112e+01 0.000000e+00 2.884298e+01
         vertex 5.062112e+01 1.660000e+01 2.884298e+01
         vertex 5.044115e+01 0.000000e+00 2.910000e+01
      endloop
   endfacet
   facet normal 8.191506e-01 -0.000000e+00 5.735785e-01
      outer loop
         vertex 5.044115e+01 0.000000e+00 2.910000e+01
         vertex 5.062112e+01 1.660000e+01 2.884298e+01
         vertex 5.044115e+01 1.660000e+01 2.910000e+01
      endloop
   endfacet
   facet normal 9.063091e-01 -0.000000e+00 4.226155e-01
      outer loop
         vertex 5.044115e+01 0.000000e+00 2.910000e+01
         vertex 5.044115e+01 1.660000e+01 2.910000e+01
         vertex 5.030855e+01 0.000000e+00 2.938436e+01
      endloop
   endfacet
   facet normal 9.063091e-01 -0.000000e+00 4.226155e-01
      outer loop
         vertex 5.030855e+01 0.000000e+00 2.938436e+01
         vertex 5.044115e+01 1.660000e+01 2.910000e+01
         vertex 5.030855e+01 1.660000e+01 2.938436e+01
      endloop
   endfacet
   facet normal 9.659254e-01 -0.000000e+00 2.588205e-01
      outer loop
         vertex 5.030855e+01 0.000000e+00 2.938436e+01
         vertex 5.030855e+01 1.660000e+01 2.938436e+01
         vertex 5.022735e+01 0.000000e+00 2.968743e+01
      endloop
   endfacet
   facet normal 9.659254e-01 -0.000000e+00 2.588205e-01
      outer loop
         vertex 5.022735e+01 0.000000e+00 2.968743e+01
         vertex 5.030855e+01 1.660000e+01 2.938436e+01
         vertex 5.022735e+01 1.660000e+01 2.968743e+01
      endloop
   endfacet
   facet normal 9.961943e-01 -0.000000e+00 8.715988e-02
      outer loop
         vertex 5.022735e+01 0.000000e+00 2.968743e+01
         vertex 5.022735e+01 1.660000e+01 2.968743e+01
         vertex 5.020000e+01 0.000000e+00 3.000000e+01
      endloop
   endfacet
   facet normal 9.961943e-01 -0.000000e+00 8.715988e-02
      outer loop
         vertex 5.020000e+01 0.000000e+00 3.000000e+01
         vertex 5.022735e+01 1.660000e+01 2.968743e+01
         vertex 5.020000e+01 1.660000e+01 3.000000e+01
      endloop
   endfacet
   facet normal 9.961943e-01 0.000000e+00 -8.715988e-02
      outer loop
         vertex 5.020000e+01 0.000000e+00 3.000000e+01
         vertex 5.020000e+01 1.660000e+01 3.000000e+01
         vertex 5.022735e+01 0.000000e+00 3.031257e+01
      endloop
   endfacet
   facet normal 9.961943e-01 0.000000e+00 -8.715988e-02
      outer loop
         vertex 5.022735e+01 0.000000e+00 3.031257e+01
         vertex 5.020000e+01 1.660000e+01 3.000000e+01
         vertex 5.022735e+01 1.660000e+01 3.031257e+01
      endloop
   endfacet
   facet normal 9.659256e-01 0.000000e+00 -2.588197e-01
      outer loop
         vertex 5.022735e+01 0.000000e+00 3.031257e+01
         vertex 5.022735e+01 1.660000e+01 3.031257e+01
         vertex 5.030855e+01 0.000000e+00 3.061564e+01
      endloop
   endfacet
   facet normal 9.659256e-01 0.000000e+00 -2.588197e-01
      outer loop
         vertex 5.030855e+01 0.000000e+00 3.061564e+01
         vertex 5.022735e+01 1.660000e+01 3.031257e+01
         vertex 5.030855e+01 1.660000e+01 3.061564e+01
      endloop
   endfacet
   facet normal 9.063091e-01 0.000000e+00 -4.226155e-01
      outer loop
         vertex 5.030855e+01 0.000000e+00 3.061564e+01
         vertex 5.030855e+01 1.660000e+01 3.061564e+01
         vertex 5.044115e+01 0.000000e+00 3.090000e+01
      endloop
   endfacet
   facet normal 9.063091e-01 0.000000e+00 -4.226155e-01
      outer loop
         vertex 5.044115e+01 0.000000e+00 3.090000e+01
         vertex 5.030855e+01 1.660000e+01 3.061564e+01
         vertex 5.044115e+01 1.660000e+01 3.090000e+01
      endloop
   endfacet
   facet normal 8.191506e-01 0.000000e+00 -5.735785e-01
      outer loop
         vertex 5.044115e+01 0.000000e+00 3.090000e+01
         vertex 5.044115e+01 1.660000e+01 3.090000e+01
         vertex 5.062112e+01 0.000000e+00 3.115702e+01
      endloop
   endfacet
   facet normal 8.191506e-01 0.000000e+00 -5.735785e-01
      outer loop
         vertex 5.062112e+01 0.000000e+00 3.115702e+01
         vertex 5.044115e+01 1.660000e+01 3.090000e+01
         vertex 5.062112e+01 1.660000e+01 3.115702e+01
      endloop
   endfacet
   facet normal 7.071068e-01 0.000000e+00 -7.071068e-01
      outer loop
         vertex 5.062112e+01 0.000000e+00 3.115702e+01
         vertex 5.062112e+01 1.660000e+01 3.115702e+01
         vertex 5.084298e+01 0.000000e+00 3.137888e+01
      endloop
   endfacet
   facet normal 7.071068e-01 0.000000e+00 -7.071068e-01
      outer loop
         vertex 5.084298e+01 0.000000e+00 3.137888e+01
         vertex 5.062112e+01 1.660000e+01 3.115702e+01
         vertex 5.084298e+01 1.660000e+01 3.137888e+01
      endloop
   endfacet
   facet normal 5.735779e-01 0.000000e+00 -8.191510e-01
      outer loop
         vertex 5.084298e+01 0.000000e+00 3.137888e+01
         vertex 5.084298e+01 1.660000e+01 3.137888e+01
         vertex 5.110000e+01 0.000000e+00 3.155885e+01
      endloop
   endfacet
   facet normal 5.735779e-01 0.000000e+00 -8.191510e-01
      outer loop
         vertex 5.110000e+01 0.000000e+00 3.155885e+01
         vertex 5.084298e+01 1.660000e+01 3.137888e+01
         vertex 5.110000e+01 1.660000e+01 3.155885e+01
      endloop
   endfacet
   facet normal 4.226168e-01 0.000000e+00 -9.063084e-01
      outer loop
         vertex 5.110000e+01 0.000000e+00 3.155885e+01
         vertex 5.110000e+01 1.660000e+01 3.155885e+01
         vertex 5.138436e+01 0.000000e+00 3.169145e+01
      endloop
   endfacet
   facet normal 4.226168e-01 0.000000e+00 -9.063084e-01
      outer loop
         vertex 5.138436e+01 0.000000e+00 3.169145e+01
         vertex 5.110000e+01 1.660000e+01 3.155885e+01
         vertex 5.138436e+01 1.660000e+01 3.169145e+01
      endloop
   endfacet
   facet normal 2.588205e-01 0.000000e+00 -9.659254e-01
      outer loop
         vertex 5.138436e+01 0.000000e+00 3.169145e+01
         vertex 5.138436e+01 1.660000e+01 3.169145e+01
         vertex 5.168743e+01 0.000000e+00 3.177265e+01
      endloop
   endfacet
   facet normal 2.588205e-01 0.000000e+00 -9.659254e-01
      outer loop
         vertex 5.168743e+01 0.000000e+00 3.177265e+01
         vertex 5.138436e+01 1.660000e+01 3.169145e+01
         vertex 5.168743e+01 1.660000e+01 3.177265e+01
      endloop
   endfacet
   facet normal 8.715693e-02 0.000000e+00 -9.961946e-01
      outer loop
         vertex 5.168743e+01 0.000000e+00 3.177265e+01
         vertex 5.168743e+01 1.660000e+01 3.177265e+01
         vertex 5.200000e+01 0.000000e+00 3.180000e+01
      endloop
   endfacet
   facet normal 8.715693e-02 0.000000e+00 -9.961946e-01
      outer loop
         vertex 5.200000e+01 0.000000e+00 3.180000e+01
         vertex 5.168743e+01 1.660000e+01 3.177265e+01
         vertex 5.200000e+01 1.660000e+01 3.180000e+01
      endloop
   endfacet
   facet normal -0.000000e+00 1.000000e+00 0.000000e+00
      outer loop
         vertex 5.290000e+01 1.660000e+01 3.155885e+01
         vertex 5.362500e+01 1.660000e+01 3.281458e+01
         vertex 5.315702e+01 1.660000e+01 3.137888e+01
      endloop
   endfacet
   facet normal 0.000000e+00 1.000000e+00 0.000000e+00
      outer loop
         vertex 5.315702e+01 1.660000e+01 3.137888e+01
         vertex 5.362500e+01 1.660000e+01 3.281458e+01
         vertex 5.408906e+01 1.660000e+01 3.248964e+01
      endloop
   endfacet
   facet normal -0.000000e+00 1.000000e+00 0.000000e+00
      outer loop
         vertex 5.315702e+01 1.660000e+01 3.137888e+01
         vertex 5.408906e+01 1.660000e+01 3.248964e+01
         vertex 5.337888e+01 1.660000e+01 3.115702e+01
      endloop
   endfacet
   facet normal 0.000000e+00 1.000000e+00 0.000000e+00
      outer loop
         vertex 5.337888e+01 1.660000e+01 3.115702e+01
         vertex 5.408906e+01 1.660000e+01 3.248964e+01
         vertex 5.448964e+01 1.660000e+01 3.208906e+01
      endloop
   endfacet
   facet normal -0.000000e+00 1.000000e+00 0.000000e+00
      outer loop
         vertex 5.337888e+01 1.660000e+01 3.115702e+01
         vertex 5.448964e+01 1.660000e+01 3.208906e+01
         vertex 5.355885e+01 1.660000e+01 3.090000e+01
      endloop
   endfacet
   facet normal 0.000000e+00 1.000000e+00 0.000000e+00
      outer loop
         vertex 5.355885e+01 1.660000e+01 3.090000e+01
         vertex 5.448964e+01 1.660000e+01 3.208906e+01
         vertex 5.481458e+01 1.660000e+01 3.162500e+01
      endloop
   endfacet
   facet normal -0.000000e+00 1.000000e+00 0.000000e+00
      outer loop
         vertex 5.355885e+01 1.660000e+01 3.090000e+01
         vertex 5.481458e+01 1.660000e+01 3.162500e+01
         vertex 5.369145e+01 1.660000e+01 3.061564e+01
      endloop
   endfacet
   facet normal 0.000000e+00 1.000000e+00 0.000000e+00
      outer loop
         vertex 5.369145e+01 1.660000e+01 3.061564e+01
         vertex 5.481458e+01 1.660000e+01 3.162500e+01
         vertex 5.505400e+01 1.660000e+01 3.111157e+01
      endloop
   endfacet
   facet normal -0.000000e+00 1.000000e+00 0.000000e+00
      outer loop
         vertex 5.369145e+01 1.660000e+01 3.061564e+01
         vertex 5.505400e+01 1.660000e+01 3.111157e+01
         vertex 5.377265e+01 1.660000e+01 3.031257e+01
      endloop
   endfacet
   facet normal 0.000000e+00 1.000000e+00 0.000000e+00
      outer loop
         vertex 5.377265e+01 1.660000e+01 3.031257e+01
         vertex 5.505400e+01 1.660000e+01 3.111157e+01
         vertex 5.520063e+01 1.660000e+01 3.056436e+01
      endloop
   endfacet
   facet normal -0.000000e+00 1.000000e+00 0.000000e+00
      outer loop
         vertex 5.377265e+01 1.660000e+01 3.031257e+01
         vertex 5.520063e+01 1.660000e+01 3.056436e+01
         vertex 5.380000e+01 1.660000e+01 3.000000e+01
      endloop
   endfacet
   facet normal 0.000000e+00 1.000000e+00 0.000000e+00
      outer loop
         vertex 5.380000e+01 1.660000e+01 3.000000e+01
         vertex 5.520063e+01 1.660000e+01 3.056436e+01
         vertex 5.525000e+01 1.660000e+01 3.000000e+01
      endloop
   endfacet
   facet normal -0.000000e+00 1.000000e+00 0.000000e+00
      outer loop
         vertex 5.380000e+01 1.660000e+01 3.000000e+01
         vertex 5.525000e+01 1.660000e+01 3.000000e+01
         vertex 5.377265e+01 1.660000e+01 2.968743e+01
      endloop
   endfacet
   facet normal -0.000000e+00 1.000000e+00 0.000000e+00
      outer loop
         vertex 5.377265e+01 1.660000e+01 2.968743e+01
         vertex 5.525000e+01 1.660000e+01 3.000000e+01
         vertex 5.520063e+01 1.660000e+01 2.943564e+01
      endloop
   endfacet
   facet normal 0.000000e+00 1.000000e+00 0.000000e+00
      outer loop
         vertex 5.377265e+01 1.660000e+01 2.968743e+01
         vertex 5.520063e+01 1.660000e+01 2.943564e+01
         vertex 5.369145e+01 1.660000e+01 2.938436e+01
      endloop
   endfacet
   facet normal -0.000000e+00 1.000000e+00 0.000000e+00
      outer loop
         vertex 5.369145e+01 1.660000e+01 2.938436e+01
         vertex 5.520063e+01 1.660000e+01 2.943564e+01
         vertex 5.505400e+01 1.660000e+01 2.888843e+01
      endloop
   endfacet
   facet normal 0.000000e+00 1.000000e+00 0.000000e+00
      outer loop
         vertex 5.369145e+01 1.660000e+01 2.938436e+01
         vertex 5.505400e+01 1.660000e+01 2.888843e+01
         vertex 5.355885e+01 1.660000e+01 2.910000e+01
      endloop
   endfacet
   facet normal 0.000000e+00 1.000000e+00 0.000000e+00
      outer loop
         vertex 5.355885e+01 1.660000e+01 2.910000e+01
         vertex 5.505400e+01 1.660000e+01 2.888843e+01
         vertex 5.481458e+01 1.660000e+01 2.837500e+01
      endloop
   endfacet
   facet normal 0.000000e+00 1.000000e+00 0.000000e+00
      outer loop
         vertex 5.355885e+01 1.660000e+01 2.910000e+01
         vertex 5.481458e+01 1.660000e+01 2.837500e+01
         vertex 5.337888e+01 1.660000e+01 2.884298e+01
      endloop
   endfacet
   facet normal 0.000000e+00 1.000000e+00 0.000000e+00
      outer loop
         vertex 5.337888e+01 1.660000e+01 2.884298e+01
         vertex 5.481458e+01 1.660000e+01 2.837500e+01
         vertex 5.448964e+01 1.660000e+01 2.791094e+01
      endloop
   endfacet
   facet normal 0.000000e+00 1.000000e+00 0.000000e+00
      outer loop
         vertex 5.337888e+01 1.660000e+01 2.884298e+01
         vertex 5.448964e+01 1.660000e+01 2.791094e+01
         vertex 5.315702e+01 1.660000e+01 2.862112e+01
      endloop
   endfacet
   facet normal 0.000000e+00 1.000000e+00 0.000000e+00
      outer loop
         vertex 5.315702e+01 1.660000e+01 2.862112e+01
         vertex 5.448964e+01 1.660000e+01 2.791094e+01
         vertex 5.408906e+01 1.660000e+01 2.751036e+01
      endloop
   endfacet
   facet normal 0.000000e+00 1.000000e+00 0.000000e+00
      outer loop
         vertex 5.315702e+01 1.660000e+01 2.862112e+01
         vertex 5.408906e+01 1.660000e+01 2.751036e+01
         vertex 5.290000e+01 1.660000e+01 2.844115e+01
      endloop
   endfacet
   facet normal 0.000000e+00 1.000000e+00 0.000000e+00
      outer loop
         vertex 5.290000e+01 1.660000e+01 2.844115e+01
         vertex 5.408906e+01 1.660000e+01 2.751036e+01
         vertex 5.362500e+01 1.660000e+01 2.718542e+01
      endloop
   endfacet
   facet normal 0.000000e+00 1.000000e+00 0.000000e+00
      outer loop
         vertex 5.290000e+01 1.660000e+01 2.844115e+01
         vertex 5.362500e+01 1.660000e+01 2.718542e+01
         vertex 5.261564e+01 1.660000e+01 2.830855e+01
      endloop
   endfacet
   facet normal 0.000000e+00 1.000000e+00 0.000000e+00
      outer loop
         vertex 5.261564e+01 1.660000e+01 2.830855e+01
         vertex 5.362500e+01 1.660000e+01 2.718542e+01
         vertex 5.311156e+01 1.660000e+01 2.694600e+01
      endloop
   endfacet
   facet normal 0.000000e+00 1.000000e+00 0.000000e+00
      outer loop
         vertex 5.261564e+01 1.660000e+01 2.830855e+01
         vertex 5.311156e+01 1.660000e+01 2.694600e+01
         vertex 5.231257e+01 1.660000e+01 2.822735e+01
      endloop
   endfacet
   facet normal 0.000000e+00 1.000000e+00 0.000000e+00
      outer loop
         vertex 5.231257e+01 1.660000e+01 2.822735e+01
         vertex 5.311156e+01 1.660000e+01 2.694600e+01
         vertex 5.256436e+01 1.660000e+01 2.679937e+01
      endloop
   endfacet
   facet normal 0.000000e+00 1.000000e+00 0.000000e+00
      outer loop
         vertex 5.231257e+01 1.660000e+01 2.822735e+01
         vertex 5.256436e+01 1.660000e+01 2.679937e+01
         vertex 5.200000e+01 1.660000e+01 2.820000e+01
      endloop
   endfacet
   facet normal 0.000000e+00 1.000000e+00 0.000000e+00
      outer loop
         vertex 5.200000e+01 1.660000e+01 2.820000e+01
         vertex 5.256436e+01 1.660000e+01 2.679937e+01
         vertex 5.200000e+01 1.660000e+01 2.675000e+01
      endloop
   endfacet
   facet normal 0.000000e+00 1.000000e+00 0.000000e+00
      outer loop
         vertex 5.200000e+01 1.660000e+01 2.820000e+01
         vertex 5.200000e+01 1.660000e+01 2.675000e+01
         vertex 5.168743e+01 1.660000e+01 2.822735e+01
      endloop
   endfacet
   facet normal 0.000000e+00 1.000000e+00 0.000000e+00
      outer loop
         vertex 5.168743e+01 1.660000e+01 2.822735e+01
         vertex 5.200000e+01 1.660000e+01 2.675000e+01
         vertex 5.143564e+01 1.660000e+01 2.679937e+01
      endloop
   endfacet
   facet normal 0.000000e+00 1.000000e+00 0.000000e+00
      outer loop
         vertex 5.168743e+01 1.660000e+01 2.822735e+01
         vertex 5.143564e+01 1.660000e+01 2.679937e+01
         vertex 5.138436e+01 1.660000e+01 2.830855e+01
      endloop
   endfacet
   facet normal 0.000000e+00 1.000000e+00 0.000000e+00
      outer loop
         vertex 5.138436e+01 1.660000e+01 2.830855e+01
         vertex 5.143564e+01 1.660000e+01 2.679937e+01
         vertex 5.088843e+01 1.660000e+01 2.694600e+01
      endloop
   endfacet
   facet normal 0.000000e+00 1.000000e+00 0.000000e+00
      outer loop
         vertex 5.138436e+01 1.660000e+01 2.830855e+01
         vertex 5.088843e+01 1.660000e+01 2.694600e+01
         vertex 5.110000e+01 1.660000e+01 2.844115e+01
      endloop
   endfacet
   facet normal 0.000000e+00 1.000000e+00 0.000000e+00
      outer loop
         vertex 5.110000e+01 1.660000e+01 2.844115e+01
         vertex 5.088843e+01 1.660000e+01 2.694600e+01
         vertex 5.037500e+01 1.660000e+01 2.718542e+01
      endloop
   endfacet
   facet normal 0.000000e+00 1.000000e+00 0.000000e+00
      outer loop
         vertex 5.110000e+01 1.660000e+01 2.844115e+01
         vertex 5.037500e+01 1.660000e+01 2.718542e+01
         vertex 5.084298e+01 1.660000e+01 2.862112e+01
      endloop
   endfacet
   facet normal 0.000000e+00 1.000000e+00 0.000000e+00
      outer loop
         vertex 5.084298e+01 1.660000e+01 2.862112e+01
         vertex 5.037500e+01 1.660000e+01 2.718542e+01
         vertex 4.991094e+01 1.660000e+01 2.751036e+01
      endloop
   endfacet
   facet normal 0.000000e+00 1.000000e+00 0.000000e+00
      outer loop
         vertex 5.084298e+01 1.660000e+01 2.862112e+01
         vertex 4.991094e+01 1.660000e+01 2.751036e+01
         vertex 5.062112e+01 1.660000e+01 2.884298e+01
      endloop
   endfacet
   facet normal 0.000000e+00 1.000000e+00 0.000000e+00
      outer loop
         vertex 5.062112e+01 1.660000e+01 2.884298e+01
         vertex 4.991094e+01 1.660000e+01 2.751036e+01
         vertex 4.951035e+01 1.660000e+01 2.791094e+01
      endloop
   endfacet
   facet normal 0.000000e+00 1.000000e+00 0.000000e+00
      outer loop
         vertex 5.062112e+01 1.660000e+01 2.884298e+01
         vertex 4.951035e+01 1.660000e+01 2.791094e+01
         vertex 5.044115e+01 1.660000e+01 2.910000e+01
      endloop
   endfacet
   facet normal 0.000000e+00 1.000000e+00 0.000000e+00
      outer loop
         vertex 5.044115e+01 1.660000e+01 2.910000e+01
         vertex 4.951035e+01 1.660000e+01 2.791094e+01
         vertex 4.918542e+01 1.660000e+01 2.837500e+01
      endloop
   endfacet
   facet normal 0.000000e+00 1.000000e+00 0.000000e+00
      outer loop
         vertex 5.044115e+01 1.660000e+01 2.910000e+01
         vertex 4.918542e+01 1.660000e+01 2.837500e+01
         vertex 5.030855e+01 1.660000e+01 2.938436e+01
      endloop
   endfacet
   facet normal 0.000000e+00 1.000000e+00 0.000000e+00
      outer loop
         vertex 5.030855e+01 1.660000e+01 2.938436e+01
         vertex 4.918542e+01 1.660000e+01 2.837500e+01
         vertex 4.894600e+01 1.660000e+01 2.888843e+01
      endloop
   endfacet
   facet normal 0.000000e+00 1.000000e+00 0.000000e+00
      outer loop
         vertex 5.030855e+01 1.660000e+01 2.938436e+01
         vertex 4.894600e+01 1.660000e+01 2.888843e+01
         vertex 5.022735e+01 1.660000e+01 2.968743e+01
      endloop
   endfacet
   facet normal 0.000000e+00 1.000000e+00 0.000000e+00
      outer loop
         vertex 5.022735e+01 1.660000e+01 2.968743e+01
         vertex 4.894600e+01 1.660000e+01 2.888843e+01
         vertex 4.879937e+01 1.660000e+01 2.943564e+01
      endloop
   endfacet
   facet normal 0.000000e+00 1.000000e+00 0.000000e+00
      outer loop
         vertex 5.022735e+01 1.660000e+01 2.968743e+01
         vertex 4.879937e+01 1.660000e+01 2.943564e+01
         vertex 5.020000e+01 1.660000e+01 3.000000e+01
      endloop
   endfacet
   facet normal 0.000000e+00 1.000000e+00 0.000000e+00
      outer loop
         vertex 5.020000e+01 1.660000e+01 3.000000e+01
         vertex 4.879937e+01 1.660000e+01 2.943564e+01
         vertex 4.875000e+01 1.660000e+01 3.000000e+01
      endloop
   endfacet
   facet normal 0.000000e+00 1.000000e+00 -0.000000e+00
      outer loop
         vertex 5.020000e+01 1.660000e+01 3.000000e+01
         vertex 4.875000e+01 1.660000e+01 3.000000e+01
         vertex 5.022735e+01 1.660000e+01 3.031257e+01
      endloop
   endfacet
   facet normal 0.000000e+00 1.000000e+00 0.000000e+00
      outer loop
         vertex 5.022735e+01 1.660000e+01 3.031257e+01
         vertex 4.875000e+01 1.660000e+01 3.000000e+01
         vertex 4.879937e+01 1.660000e+01 3.056436e+01
      endloop
   endfacet
   facet normal 0.000000e+00 1.000000e+00 -0.000000e+00
      outer loop
         vertex 5.022735e+01 1.660000e+01 3.031257e+01
         vertex 4.879937e+01 1.660000e+01 3.056436e+01
         vertex 5.030855e+01 1.660000e+01 3.061564e+01
      endloop
   endfacet
   facet normal 0.000000e+00 1.000000e+00 0.000000e+00
      outer loop
         vertex 5.030855e+01 1.660000e+01 3.061564e+01
         vertex 4.879937e+01 1.660000e+01 3.056436e+01
         vertex 4.894600e+01 1.660000e+01 3.111157e+01
      endloop
   endfacet
   facet normal 0.000000e+00 1.000000e+00 -0.000000e+00
      outer loop
         vertex 5.030855e+01 1.660000e+01 3.061564e+01
         vertex 4.894600e+01 1.660000e+01 3.111157e+01
         vertex 5.044115e+01 1.660000e+01 3.090000e+01
      endloop
   endfacet
   facet normal 0.000000e+00 1.000000e+00 0.000000e+00
      outer loop
         vertex 5.044115e+01 1.660000e+01 3.090000e+01
         vertex 4.894600e+01 1.660000e+01 3.111157e+01
         vertex 4.918542e+01 1.660000e+01 3.162500e+01
      endloop
   endfacet
   facet normal 0.000000e+00 1.000000e+00 -0.000000e+00
      outer loop
         vertex 5.044115e+01 1.660000e+01 3.090000e+01
         vertex 4.918542e+01 1.660000e+01 3.162500e+01
         vertex 5.062112e+01 1.660000e+01 3.115702e+01
      endloop
   endfacet
   facet normal 0.000000e+00 1.000000e+00 0.000000e+00
      outer loop
         vertex 5.062112e+01 1.660000e+01 3.115702e+01
         vertex 4.918542e+01 1.660000e+01 3.162500e+01
         vertex 4.951035e+01 1.660000e+01 3.208906e+01
      endloop
   endfacet
   facet normal 0.000000e+00 1.000000e+00 -0.000000e+00
      outer loop
         vertex 5.062112e+01 1.660000e+01 3.115702e+01
         vertex 4.951035e+01 1.660000e+01 3.208906e+01
         vertex 5.084298e+01 1.660000e+01 3.137888e+01
      endloop
   endfacet
   facet normal 0.000000e+00 1.000000e+00 0.000000e+00
      outer loop
         vertex 5.084298e+01 1.660000e+01 3.137888e+01
         vertex 4.951035e+01 1.660000e+01 3.208906e+01
         vertex 4.991094e+01 1.660000e+01 3.248964e+01
      endloop
   endfacet
   facet normal 0.000000e+00 1.000000e+00 -0.000000e+00
      outer loop
         vertex 5.084298e+01 1.660000e+01 3.137888e+01
         vertex 4.991094e+01 1.660000e+01 3.248964e+01
         vertex 5.110000e+01 1.660000e+01 3.155885e+01
      endloop
   endfacet
   facet normal 0.000000e+00 1.000000e+00 0.000000e+00
      outer loop
         vertex 5.110000e+01 1.660000e+01 3.155885e+01
         vertex 4.991094e+01 1.660000e+01 3.248964e+01
         vertex 5.037500e+01 1.660000e+01 3.281458e+01
      endloop
   endfacet
   facet normal 0.000000e+00 1.000000e+00 -0.000000e+00
      outer loop
         vertex 5.110000e+01 1.660000e+01 3.155885e+01
         vertex 5.037500e+01 1.660000e+01 3.281458e+01
         vertex 5.138436e+01 1.660000e+01 3.169145e+01
      endloop
   endfacet
   facet normal 0.000000e+00 1.000000e+00 0.000000e+00
      outer loop
         vertex 5.138436e+01 1.660000e+01 3.169145e+01
         vertex 5.037500e+01 1.660000e+01 3.281458e+01
         vertex 5.088843e+01 1.660000e+01 3.305400e+01
      endloop
   endfacet
   facet normal 0.000000e+00 1.000000e+00 -0.000000e+00
      outer loop
         vertex 5.138436e+01 1.660000e+01 3.169145e+01
         vertex 5.088843e+01 1.660000e+01 3.305400e+01
         vertex 5.168743e+01 1.660000e+01 3.177265e+01
      endloop
   endfacet
   facet normal 0.000000e+00 1.000000e+00 0.000000e+00
      outer loop
         vertex 5.168743e+01 1.660000e+01 3.177265e+01
         vertex 5.088843e+01 1.660000e+01 3.305400e+01
         vertex 5.143564e+01 1.660000e+01 3.320062e+01
      endloop
   endfacet
   facet normal 0.000000e+00 1.000000e+00 -0.000000e+00
      outer loop
         vertex 5.168743e+01 1.660000e+01 3.177265e+01
         vertex 5.143564e+01 1.660000e+01 3.320062e+01
         vertex 5.200000e+01 1.660000e+01 3.180000e+01
      endloop
   endfacet
   facet normal 0.000000e+00 1.000000e+00 -0.000000e+00
      outer loop
         vertex 5.200000e+01 1.660000e+01 3.180000e+01
         vertex 5.143564e+01 1.660000e+01 3.320062e+01
         vertex 5.200000e+01 1.660000e+01 3.325000e+01
      endloop
   endfacet
   facet normal -0.000000e+00 1.000000e+00 0.000000e+00
      outer loop
         vertex 5.200000e+01 1.660000e+01 3.180000e+01
         vertex 5.200000e+01 1.660000e+01 3.325000e+01
         vertex 5.231257e+01 1.660000e+01 3.177265e+01
      endloop
   endfacet
   facet normal 0.000000e+00 1.000000e+00 -0.000000e+00
      outer loop
         vertex 5.231257e+01 1.660000e+01 3.177265e+01
         vertex 5.200000e+01 1.660000e+01 3.325000e+01
         vertex 5.256436e+01 1.660000e+01 3.320062e+01
      endloop
   endfacet
   facet normal -0.000000e+00 1.000000e+00 0.000000e+00
      outer loop
         vertex 5.231257e+01 1.660000e+01 3.177265e+01
         vertex 5.256436e+01 1.660000e+01 3.320062e+01
         vertex 5.261564e+01 1.660000e+01 3.169145e+01
      endloop
   endfacet
   facet normal 0.000000e+00 1.000000e+00 -0.000000e+00
      outer loop
         vertex 5.261564e+01 1.660000e+01 3.169145e+01
         vertex 5.256436e+01 1.660000e+01 3.320062e+01
         vertex 5.311156e+01 1.660000e+01 3.305400e+01
      endloop
   endfacet
   facet normal -0.000000e+00 1.000000e+00 0.000000e+00
      outer loop
         vertex 5.261564e+01 1.660000e+01 3.169145e+01
         vertex 5.311156e+01 1.660000e+01 3.305400e+01
         vertex 5.290000e+01 1.660000e+01 3.155885e+01
      endloop
   endfacet
   facet normal 0.000000e+00 1.000000e+00 0.000000e+00
      outer loop
         vertex 5.290000e+01 1.660000e+01 3.155885e+01
         vertex 5.311156e+01 1.660000e+01 3.305400e+01
         vertex 5.362500e+01 1.660000e+01 3.281458e+01
      endloop
   endfacet
   facet normal -8.715598e-02 0.000000e+00 -9.961947e-01
      outer loop
         vertex 5.200000e+01 1.660000e+01 3.325000e+01
         vertex 5.200000e+01 1.997500e+01 3.325000e+01
         vertex 5.256436e+01 1.660000e+01 3.320062e+01
      endloop
   endfacet
   facet normal -8.715598e-02 0.000000e+00 -9.961947e-01
      outer loop
         vertex 5.256436e+01 1.660000e+01 3.320062e+01
         vertex 5.200000e+01 1.997500e+01 3.325000e+01
         vertex 5.256436e+01 1.997500e+01 3.320062e+01
      endloop
   endfacet
   facet normal -2.588187e-01 0.000000e+00 -9.659259e-01
      outer loop
         vertex 5.256436e+01 1.660000e+01 3.320062e+01
         vertex 5.256436e+01 1.997500e+01 3.320062e+01
         vertex 5.311156e+01 1.660000e+01 3.305400e+01
      endloop
   endfacet
   facet normal -2.588187e-01 0.000000e+00 -9.659259e-01
      outer loop
         vertex 5.311156e+01 1.660000e+01 3.305400e+01
         vertex 5.256436e+01 1.997500e+01 3.320062e+01
         vertex 5.311156e+01 1.997500e+01 3.305400e+01
      endloop
   endfacet
   facet normal -4.226189e-01 0.000000e+00 -9.063075e-01
      outer loop
         vertex 5.311156e+01 1.660000e+01 3.305400e+01
         vertex 5.311156e+01 1.997500e+01 3.305400e+01
         vertex 5.362500e+01 1.660000e+01 3.281458e+01
      endloop
   endfacet
   facet normal -4.226189e-01 0.000000e+00 -9.063075e-01
      outer loop
         vertex 5.362500e+01 1.660000e+01 3.281458e+01
         vertex 5.311156e+01 1.997500e+01 3.305400e+01
         vertex 5.362500e+01 1.997500e+01 3.281458e+01
      endloop
   endfacet
   facet normal -5.735760e-01 0.000000e+00 -8.191524e-01
      outer loop
         vertex 5.362500e+01 1.660000e+01 3.281458e+01
         vertex 5.362500e+01 1.997500e+01 3.281458e+01
         vertex 5.408906e+01 1.660000e+01 3.248964e+01
      endloop
   endfacet
   facet normal -5.735760e-01 0.000000e+00 -8.191524e-01
      outer loop
         vertex 5.408906e+01 1.660000e+01 3.248964e+01
         vertex 5.362500e+01 1.997500e+01 3.281458e+01
         vertex 5.408906e+01 1.997500e+01 3.248964e+01
      endloop
   endfacet
   facet normal -7.071060e-01 0.000000e+00 -7.071076e-01
      outer loop
         vertex 5.408906e+01 1.660000e+01 3.248964e+01
         vertex 5.408906e+01 1.997500e+01 3.248964e+01
         vertex 5.448964e+01 1.660000e+01 3.208906e+01
      endloop
   endfacet
   facet normal -7.071060e-01 0.000000e+00 -7.071076e-01
      outer loop
         vertex 5.448964e+01 1.660000e+01 3.208906e+01
         vertex 5.408906e+01 1.997500e+01 3.248964e+01
         vertex 5.448964e+01 1.997500e+01 3.208906e+01
      endloop
   endfacet
   facet normal -8.191516e-01 0.000000e+00 -5.735771e-01
      outer loop
         vertex 5.448964e+01 1.660000e+01 3.208906e+01
         vertex 5.448964e+01 1.997500e+01 3.208906e+01
         vertex 5.481458e+01 1.660000e+01 3.162500e+01
      endloop
   endfacet
   facet normal -8.191516e-01 0.000000e+00 -5.735771e-01
      outer loop
         vertex 5.481458e+01 1.660000e+01 3.162500e+01
         vertex 5.448964e+01 1.997500e+01 3.208906e+01
         vertex 5.481458e+01 1.997500e+01 3.162500e+01
      endloop
   endfacet
   facet normal -9.063088e-01 0.000000e+00 -4.226162e-01
      outer loop
         vertex 5.481458e+01 1.660000e+01 3.162500e+01
         vertex 5.481458e+01 1.997500e+01 3.162500e+01
         vertex 5.505400e+01 1.660000e+01 3.111157e+01
      endloop
   endfacet
   facet normal -9.063088e-01 0.000000e+00 -4.226162e-01
      outer loop
         vertex 5.505400e+01 1.660000e+01 3.111157e+01
         vertex 5.481458e+01 1.997500e+01 3.162500e+01
         vertex 5.505400e+01 1.997500e+01 3.111157e+01
      endloop
   endfacet
   facet normal -9.659252e-01 0.000000e+00 -2.588214e-01
      outer loop
         vertex 5.505400e+01 1.660000e+01 3.111157e+01
         vertex 5.505400e+01 1.997500e+01 3.111157e+01
         vertex 5.520063e+01 1.660000e+01 3.056436e+01
      endloop
   endfacet
   facet normal -9.659252e-01 0.000000e+00 -2.588214e-01
      outer loop
         vertex 5.520063e+01 1.660000e+01 3.056436e+01
         vertex 5.505400e+01 1.997500e+01 3.111157e+01
         vertex 5.520063e+01 1.997500e+01 3.056436e+01
      endloop
   endfacet
   facet normal -9.961947e-01 0.000000e+00 -8.715598e-02
      outer loop
         vertex 5.520063e+01 1.660000e+01 3.056436e+01
         vertex 5.520063e+01 1.997500e+01 3.056436e+01
         vertex 5.525000e+01 1.660000e+01 3.000000e+01
      endloop
   endfacet
   facet normal -9.961947e-01 0.000000e+00 -8.715598e-02
      outer loop
         vertex 5.525000e+01 1.660000e+01 3.000000e+01
         vertex 5.520063e+01 1.997500e+01 3.056436e+01
         vertex 5.525000e+01 1.997500e+01 3.000000e+01
      endloop
   endfacet
   facet normal -9.961947e-01 0.000000e+00 8.715612e-02
      outer loop
         vertex 5.525000e+01 1.660000e+01 3.000000e+01
         vertex 5.525000e+01 1.997500e+01 3.000000e+01
         vertex 5.520063e+01 1.660000e+01 2.943564e+01
      endloop
   endfacet
   facet normal -9.961947e-01 0.000000e+00 8.715612e-02
      outer loop
         vertex 5.520063e+01 1.660000e+01 2.943564e+01
         vertex 5.525000e+01 1.997500e+01 3.000000e+01
         vertex 5.520063e+01 1.997500e+01 2.943564e+01
      endloop
   endfacet
   facet normal -9.659252e-01 0.000000e+00 2.588214e-01
      outer loop
         vertex 5.520063e+01 1.660000e+01 2.943564e+01
         vertex 5.520063e+01 1.997500e+01 2.943564e+01
         vertex 5.505400e+01 1.660000e+01 2.888843e+01
      endloop
   endfacet
   facet normal -9.659252e-01 0.000000e+00 2.588214e-01
      outer loop
         vertex 5.505400e+01 1.660000e+01 2.888843e+01
         vertex 5.520063e+01 1.997500e+01 2.943564e+01
         vertex 5.505400e+01 1.997500e+01 2.888843e+01
      endloop
   endfacet
   facet normal -9.063088e-01 0.000000e+00 4.226162e-01
      outer loop
         vertex 5.505400e+01 1.660000e+01 2.888843e+01
         vertex 5.505400e+01 1.997500e+01 2.888843e+01
         vertex 5.481458e+01 1.660000e+01 2.837500e+01
      endloop
   endfacet
   facet normal -9.063088e-01 0.000000e+00 4.226162e-01
      outer loop
         vertex 5.481458e+01 1.660000e+01 2.837500e+01
         vertex 5.505400e+01 1.997500e+01 2.888843e+01
         vertex 5.481458e+01 1.997500e+01 2.837500e+01
      endloop
   endfacet
   facet normal -8.191521e-01 0.000000e+00 5.735763e-01
      outer loop
         vertex 5.481458e+01 1.660000e+01 2.837500e+01
         vertex 5.481458e+01 1.997500e+01 2.837500e+01
         vertex 5.448964e+01 1.660000e+01 2.791094e+01
      endloop
   endfacet
   facet normal -8.191521e-01 0.000000e+00 5.735763e-01
      outer loop
         vertex 5.448964e+01 1.660000e+01 2.791094e+01
         vertex 5.481458e+01 1.997500e+01 2.837500e+01
         vertex 5.448964e+01 1.997500e+01 2.791094e+01
      endloop
   endfacet
   facet normal -7.071051e-01 0.000000e+00 7.071084e-01
      outer loop
         vertex 5.448964e+01 1.660000e+01 2.791094e+01
         vertex 5.448964e+01 1.997500e+01 2.791094e+01
         vertex 5.408906e+01 1.660000e+01 2.751036e+01
      endloop
   endfacet
   facet normal -7.071051e-01 0.000000e+00 7.071084e-01
      outer loop
         vertex 5.408906e+01 1.660000e+01 2.751036e+01
         vertex 5.448964e+01 1.997500e+01 2.791094e+01
         vertex 5.408906e+01 1.997500e+01 2.751036e+01
      endloop
   endfacet
   facet normal -5.735771e-01 0.000000e+00 8.191516e-01
      outer loop
         vertex 5.408906e+01 1.660000e+01 2.751036e+01
         vertex 5.408906e+01 1.997500e+01 2.751036e+01
         vertex 5.362500e+01 1.660000e+01 2.718542e+01
      endloop
   endfacet
   facet normal -5.735771e-01 0.000000e+00 8.191516e-01
      outer loop
         vertex 5.362500e+01 1.660000e+01 2.718542e+01
         vertex 5.408906e+01 1.997500e+01 2.751036e+01
         vertex 5.362500e+01 1.997500e+01 2.718542e+01
      endloop
   endfacet
   facet normal -4.226182e-01 0.000000e+00 9.063078e-01
      outer loop
         vertex 5.362500e+01 1.660000e+01 2.718542e+01
         vertex 5.362500e+01 1.997500e+01 2.718542e+01
         vertex 5.311156e+01 1.660000e+01 2.694600e+01
      endloop
   endfacet
   facet normal -4.226182e-01 0.000000e+00 9.063078e-01
      outer loop
         vertex 5.311156e+01 1.660000e+01 2.694600e+01
         vertex 5.362500e+01 1.997500e+01 2.718542e+01
         vertex 5.311156e+01 1.997500e+01 2.694600e+01
      endloop
   endfacet
   facet normal -2.588195e-01 0.000000e+00 9.659257e-01
      outer loop
         vertex 5.311156e+01 1.660000e+01 2.694600e+01
         vertex 5.311156e+01 1.997500e+01 2.694600e+01
         vertex 5.256436e+01 1.660000e+01 2.679937e+01
      endloop
   endfacet
   facet normal -2.588195e-01 0.000000e+00 9.659257e-01
      outer loop
         vertex 5.256436e+01 1.660000e+01 2.679937e+01
         vertex 5.311156e+01 1.997500e+01 2.694600e+01
         vertex 5.256436e+01 1.997500e+01 2.679937e+01
      endloop
   endfacet
   facet normal -8.715516e-02 0.000000e+00 9.961947e-01
      outer loop
         vertex 5.256436e+01 1.660000e+01 2.679937e+01
         vertex 5.256436e+01 1.997500e+01 2.679937e+01
         vertex 5.200000e+01 1.660000e+01 2.675000e+01
      endloop
   endfacet
   facet normal -8.715516e-02 0.000000e+00 9.961947e-01
      outer loop
         vertex 5.200000e+01 1.660000e+01 2.675000e+01
         vertex 5.256436e+01 1.997500e+01 2.679937e+01
         vertex 5.200000e+01 1.997500e+01 2.675000e+01
      endloop
   endfacet
   facet normal 8.715516e-02 -0.000000e+00 9.961947e-01
      outer loop
         vertex 5.200000e+01 1.660000e+01 2.675000e+01
         vertex 5.200000e+01 1.997500e+01 2.675000e+01
         vertex 5.143564e+01 1.660000e+01 2.679937e+01
      endloop
   endfacet
   facet normal 8.715516e-02 -0.000000e+00 9.961947e-01
      outer loop
         vertex 5.143564e+01 1.660000e+01 2.679937e+01
         vertex 5.200000e+01 1.997500e+01 2.675000e+01
         vertex 5.143564e+01 1.997500e+01 2.679937e+01
      endloop
   endfacet
   facet normal 2.588195e-01 -0.000000e+00 9.659257e-01
      outer loop
         vertex 5.143564e+01 1.660000e+01 2.679937e+01
         vertex 5.143564e+01 1.997500e+01 2.679937e+01
         vertex 5.088843e+01 1.660000e+01 2.694600e+01
      endloop
   endfacet
   facet normal 2.588195e-01 -0.000000e+00 9.659257e-01
      outer loop
         vertex 5.088843e+01 1.660000e+01 2.694600e+01
         vertex 5.143564e+01 1.997500e+01 2.679937e+01
         vertex 5.088843e+01 1.997500e+01 2.694600e+01
      endloop
   endfacet
   facet normal 4.226182e-01 -0.000000e+00 9.063078e-01
      outer loop
         vertex 5.088843e+01 1.660000e+01 2.694600e+01
         vertex 5.088843e+01 1.997500e+01 2.694600e+01
         vertex 5.037500e+01 1.660000e+01 2.718542e+01
      endloop
   endfacet
   facet normal 4.226182e-01 -0.000000e+00 9.063078e-01
      outer loop
         vertex 5.037500e+01 1.660000e+01 2.718542e+01
         vertex 5.088843e+01 1.997500e+01 2.694600e+01
         vertex 5.037500e+01 1.997500e+01 2.718542e+01
      endloop
   endfacet
   facet normal 5.735771e-01 -0.000000e+00 8.191516e-01
      outer loop
         vertex 5.037500e+01 1.660000e+01 2.718542e+01
         vertex 5.037500e+01 1.997500e+01 2.718542e+01
         vertex 4.991094e+01 1.660000e+01 2.751036e+01
      endloop
   endfacet
   facet normal 5.735771e-01 -0.000000e+00 8.191516e-01
      outer loop
         vertex 4.991094e+01 1.660000e+01 2.751036e+01
         vertex 5.037500e+01 1.997500e+01 2.718542e+01
         vertex 4.991094e+01 1.997500e+01 2.751036e+01
      endloop
   endfacet
   facet normal 7.071051e-01 -0.000000e+00 7.071084e-01
      outer loop
         vertex 4.991094e+01 1.660000e+01 2.751036e+01
         vertex 4.991094e+01 1.997500e+01 2.751036e+01
         vertex 4.951035e+01 1.660000e+01 2.791094e+01
      endloop
   endfacet
   facet normal 7.071051e-01 -0.000000e+00 7.071084e-01
      outer loop
         vertex 4.951035e+01 1.660000e+01 2.791094e+01
         vertex 4.991094e+01 1.997500e+01 2.751036e+01
         vertex 4.951035e+01 1.997500e+01 2.791094e+01
      endloop
   endfacet
   facet normal 8.191537e-01 -0.000000e+00 5.735741e-01
      outer loop
         vertex 4.951035e+01 1.660000e+01 2.791094e+01
         vertex 4.951035e+01 1.997500e+01 2.791094e+01
         vertex 4.918542e+01 1.660000e+01 2.837500e+01
      endloop
   endfacet
   facet normal 8.191537e-01 -0.000000e+00 5.735741e-01
      outer loop
         vertex 4.918542e+01 1.660000e+01 2.837500e+01
         vertex 4.951035e+01 1.997500e+01 2.791094e+01
         vertex 4.918542e+01 1.997500e+01 2.837500e+01
      endloop
   endfacet
   facet normal 9.063075e-01 -0.000000e+00 4.226189e-01
      outer loop
         vertex 4.918542e+01 1.660000e+01 2.837500e+01
         vertex 4.918542e+01 1.997500e+01 2.837500e+01
         vertex 4.894600e+01 1.660000e+01 2.888843e+01
      endloop
   endfacet
   facet normal 9.063075e-01 -0.000000e+00 4.226189e-01
      outer loop
         vertex 4.894600e+01 1.660000e+01 2.888843e+01
         vertex 4.918542e+01 1.997500e+01 2.837500e+01
         vertex 4.894600e+01 1.997500e+01 2.888843e+01
      endloop
   endfacet
   facet normal 9.659252e-01 -0.000000e+00 2.588214e-01
      outer loop
         vertex 4.894600e+01 1.660000e+01 2.888843e+01
         vertex 4.894600e+01 1.997500e+01 2.888843e+01
         vertex 4.879937e+01 1.660000e+01 2.943564e+01
      endloop
   endfacet
   facet normal 9.659252e-01 -0.000000e+00 2.588214e-01
      outer loop
         vertex 4.879937e+01 1.660000e+01 2.943564e+01
         vertex 4.894600e+01 1.997500e+01 2.888843e+01
         vertex 4.879937e+01 1.997500e+01 2.943564e+01
      endloop
   endfacet
   facet normal 9.961950e-01 -0.000000e+00 8.715286e-02
      outer loop
         vertex 4.879937e+01 1.660000e+01 2.943564e+01
         vertex 4.879937e+01 1.997500e+01 2.943564e+01
         vertex 4.875000e+01 1.660000e+01 3.000000e+01
      endloop
   endfacet
   facet normal 9.961950e-01 -0.000000e+00 8.715286e-02
      outer loop
         vertex 4.875000e+01 1.660000e+01 3.000000e+01
         vertex 4.879937e+01 1.997500e+01 2.943564e+01
         vertex 4.875000e+01 1.997500e+01 3.000000e+01
      endloop
   endfacet
   facet normal 9.961950e-01 0.000000e+00 -8.715272e-02
      outer loop
         vertex 4.875000e+01 1.660000e+01 3.000000e+01
         vertex 4.875000e+01 1.997500e+01 3.000000e+01
         vertex 4.879937e+01 1.660000e+01 3.056436e+01
      endloop
   endfacet
   facet normal 9.961950e-01 0.000000e+00 -8.715272e-02
      outer loop
         vertex 4.879937e+01 1.660000e+01 3.056436e+01
         vertex 4.875000e+01 1.997500e+01 3.000000e+01
         vertex 4.879937e+01 1.997500e+01 3.056436e+01
      endloop
   endfacet
   facet normal 9.659252e-01 0.000000e+00 -2.588214e-01
      outer loop
         vertex 4.879937e+01 1.660000e+01 3.056436e+01
         vertex 4.879937e+01 1.997500e+01 3.056436e+01
         vertex 4.894600e+01 1.660000e+01 3.111157e+01
      endloop
   endfacet
   facet normal 9.659252e-01 0.000000e+00 -2.588214e-01
      outer loop
         vertex 4.894600e+01 1.660000e+01 3.111157e+01
         vertex 4.879937e+01 1.997500e+01 3.056436e+01
         vertex 4.894600e+01 1.997500e+01 3.111157e+01
      endloop
   endfacet
   facet normal 9.063075e-01 0.000000e+00 -4.226189e-01
      outer loop
         vertex 4.894600e+01 1.660000e+01 3.111157e+01
         vertex 4.894600e+01 1.997500e+01 3.111157e+01
         vertex 4.918542e+01 1.660000e+01 3.162500e+01
      endloop
   endfacet
   facet normal 9.063075e-01 0.000000e+00 -4.226189e-01
      outer loop
         vertex 4.918542e+01 1.660000e+01 3.162500e+01
         vertex 4.894600e+01 1.997500e+01 3.111157e+01
         vertex 4.918542e+01 1.997500e+01 3.162500e+01
      endloop
   endfacet
   facet normal 8.191531e-01 0.000000e+00 -5.735749e-01
      outer loop
         vertex 4.918542e+01 1.660000e+01 3.162500e+01
         vertex 4.918542e+01 1.997500e+01 3.162500e+01
         vertex 4.951035e+01 1.660000e+01 3.208906e+01
      endloop
   endfacet
   facet normal 8.191531e-01 0.000000e+00 -5.735749e-01
      outer loop
         vertex 4.951035e+01 1.660000e+01 3.208906e+01
         vertex 4.918542e+01 1.997500e+01 3.162500e+01
         vertex 4.951035e+01 1.997500e+01 3.208906e+01
      endloop
   endfacet
   facet normal 7.071060e-01 0.000000e+00 -7.071076e-01
      outer loop
         vertex 4.951035e+01 1.660000e+01 3.208906e+01
         vertex 4.951035e+01 1.997500e+01 3.208906e+01
         vertex 4.991094e+01 1.660000e+01 3.248964e+01
      endloop
   endfacet
   facet normal 7.071060e-01 0.000000e+00 -7.071076e-01
      outer loop
         vertex 4.991094e+01 1.660000e+01 3.248964e+01
         vertex 4.951035e+01 1.997500e+01 3.208906e+01
         vertex 4.991094e+01 1.997500e+01 3.248964e+01
      endloop
   endfacet
   facet normal 5.735760e-01 0.000000e+00 -8.191524e-01
      outer loop
         vertex 4.991094e+01 1.660000e+01 3.248964e+01
         vertex 4.991094e+01 1.997500e+01 3.248964e+01
         vertex 5.037500e+01 1.660000e+01 3.281458e+01
      endloop
   endfacet
   facet normal 5.735760e-01 0.000000e+00 -8.191524e-01
      outer loop
         vertex 5.037500e+01 1.660000e+01 3.281458e+01
         vertex 4.991094e+01 1.997500e+01 3.248964e+01
         vertex 5.037500e+01 1.997500e+01 3.281458e+01
      endloop
   endfacet
   facet normal 4.226189e-01 0.000000e+00 -9.063075e-01
      outer loop
         vertex 5.037500e+01 1.660000e+01 3.281458e+01
         vertex 5.037500e+01 1.997500e+01 3.281458e+01
         vertex 5.088843e+01 1.660000e+01 3.305400e+01
      endloop
   endfacet
   facet normal 4.226189e-01 0.000000e+00 -9.063075e-01
      outer loop
         vertex 5.088843e+01 1.660000e+01 3.305400e+01
         vertex 5.037500e+01 1.997500e+01 3.281458e+01
         vertex 5.088843e+01 1.997500e+01 3.305400e+01
      endloop
   endfacet
   facet normal 2.588187e-01 0.000000e+00 -9.659259e-01
      outer loop
         vertex 5.088843e+01 1.660000e+01 3.305400e+01
         vertex 5.088843e+01 1.997500e+01 3.305400e+01
         vertex 5.143564e+01 1.660000e+01 3.320062e+01
      endloop
   endfacet
   facet normal 2.588187e-01 0.000000e+00 -9.659259e-01
      outer loop
         vertex 5.143564e+01 1.660000e+01 3.320062e+01
         vertex 5.088843e+01 1.997500e+01 3.305400e+01
         vertex 5.143564e+01 1.997500e+01 3.320062e+01
      endloop
   endfacet
   facet normal 8.715598e-02 0.000000e+00 -9.961947e-01
      outer loop
         vertex 5.143564e+01 1.660000e+01 3.320062e+01
         vertex 5.143564e+01 1.997500e+01 3.320062e+01
         vertex 5.200000e+01 1.660000e+01 3.325000e+01
      endloop
   endfacet
   facet normal 8.715598e-02 0.000000e+00 -9.961947e-01
      outer loop
         vertex 5.200000e+01 1.660000e+01 3.325000e+01
         vertex 5.143564e+01 1.997500e+01 3.320062e+01
         vertex 5.200000e+01 1.997500e+01 3.325000e+01
      endloop
   endfacet
   facet normal -1.833594e-01 7.057636e-01 -6.843077e-01
      outer loop
         vertex 5.256436e+01 1.997500e+01 3.320062e+01
         vertex 5.256870e+01 2.000000e+01 3.322524e+01
         vertex 5.311156e+01 1.997500e+01 3.305400e+01
      endloop
   endfacet
   facet normal -1.833565e-01 7.057721e-01 -6.842997e-01
      outer loop
         vertex 5.311156e+01 1.997500e+01 3.305400e+01
         vertex 5.256870e+01 2.000000e+01 3.322524e+01
         vertex 5.312012e+01 2.000000e+01 3.307749e+01
      endloop
   endfacet
   facet normal -2.993989e-01 7.057740e-01 -6.420618e-01
      outer loop
         vertex 5.311156e+01 1.997500e+01 3.305400e+01
         vertex 5.312012e+01 2.000000e+01 3.307749e+01
         vertex 5.362500e+01 1.997500e+01 3.281458e+01
      endloop
   endfacet
   facet normal -2.994040e-01 7.057638e-01 -6.420707e-01
      outer loop
         vertex 5.362500e+01 1.997500e+01 3.281458e+01
         vertex 5.312012e+01 2.000000e+01 3.307749e+01
         vertex 5.363750e+01 2.000000e+01 3.283623e+01
      endloop
   endfacet
   facet normal -4.063480e-01 7.057644e-01 -5.803257e-01
      outer loop
         vertex 5.362500e+01 1.997500e+01 3.281458e+01
         vertex 5.363750e+01 2.000000e+01 3.283623e+01
         vertex 5.408906e+01 1.997500e+01 3.248964e+01
      endloop
   endfacet
   facet normal -4.063438e-01 7.057708e-01 -5.803208e-01
      outer loop
         vertex 5.408906e+01 1.997500e+01 3.248964e+01
         vertex 5.363750e+01 2.000000e+01 3.283623e+01
         vertex 5.410513e+01 2.000000e+01 3.250880e+01
      endloop
   endfacet
   facet normal -5.009403e-01 7.057737e-01 -5.009414e-01
      outer loop
         vertex 5.408906e+01 1.997500e+01 3.248964e+01
         vertex 5.410513e+01 2.000000e+01 3.250880e+01
         vertex 5.448964e+01 1.997500e+01 3.208906e+01
      endloop
   endfacet
   facet normal -5.009546e-01 7.057550e-01 -5.009535e-01
      outer loop
         vertex 5.448964e+01 1.997500e+01 3.208906e+01
         vertex 5.410513e+01 2.000000e+01 3.250880e+01
         vertex 5.450879e+01 2.000000e+01 3.210513e+01
      endloop
   endfacet
   facet normal -5.803349e-01 7.057524e-01 -4.063556e-01
      outer loop
         vertex 5.448964e+01 1.997500e+01 3.208906e+01
         vertex 5.450879e+01 2.000000e+01 3.210513e+01
         vertex 5.481458e+01 1.997500e+01 3.162500e+01
      endloop
   endfacet
   facet normal -5.803406e-01 7.057459e-01 -4.063588e-01
      outer loop
         vertex 5.481458e+01 1.997500e+01 3.162500e+01
         vertex 5.450879e+01 2.000000e+01 3.210513e+01
         vertex 5.483623e+01 2.000000e+01 3.163750e+01
      endloop
   endfacet
   facet normal -6.420880e-01 7.057460e-01 -2.994087e-01
      outer loop
         vertex 5.481458e+01 1.997500e+01 3.162500e+01
         vertex 5.483623e+01 2.000000e+01 3.163750e+01
         vertex 5.505400e+01 1.997500e+01 3.111157e+01
      endloop
   endfacet
   facet normal -6.420557e-01 7.057803e-01 -2.993970e-01
      outer loop
         vertex 5.505400e+01 1.997500e+01 3.111157e+01
         vertex 5.483623e+01 2.000000e+01 3.163750e+01
         vertex 5.507749e+01 2.000000e+01 3.112012e+01
      endloop
   endfacet
   facet normal -6.842899e-01 7.057816e-01 -1.833567e-01
      outer loop
         vertex 5.505400e+01 1.997500e+01 3.111157e+01
         vertex 5.507749e+01 2.000000e+01 3.112012e+01
         vertex 5.520063e+01 1.997500e+01 3.056436e+01
      endloop
   endfacet
   facet normal -6.843294e-01 7.057415e-01 -1.833636e-01
      outer loop
         vertex 5.520063e+01 1.997500e+01 3.056436e+01
         vertex 5.507749e+01 2.000000e+01 3.112012e+01
         vertex 5.522524e+01 2.000000e+01 3.056870e+01
      endloop
   endfacet
   facet normal -7.057735e-01 7.057415e-01 -6.174734e-02
      outer loop
         vertex 5.520063e+01 1.997500e+01 3.056436e+01
         vertex 5.522524e+01 2.000000e+01 3.056870e+01
         vertex 5.525000e+01 1.997500e+01 3.000000e+01
      endloop
   endfacet
   facet normal -7.057706e-01 7.057443e-01 -6.174735e-02
      outer loop
         vertex 5.525000e+01 1.997500e+01 3.000000e+01
         vertex 5.522524e+01 2.000000e+01 3.056870e+01
         vertex 5.527500e+01 2.000000e+01 3.000000e+01
      endloop
   endfacet
   facet normal -7.057706e-01 7.057443e-01 6.174720e-02
      outer loop
         vertex 5.525000e+01 1.997500e+01 3.000000e+01
         vertex 5.527500e+01 2.000000e+01 3.000000e+01
         vertex 5.520063e+01 1.997500e+01 2.943564e+01
      endloop
   endfacet
   facet normal -7.057734e-01 7.057415e-01 6.174769e-02
      outer loop
         vertex 5.520063e+01 1.997500e+01 2.943564e+01
         vertex 5.527500e+01 2.000000e+01 3.000000e+01
         vertex 5.522524e+01 2.000000e+01 2.943130e+01
      endloop
   endfacet
   facet normal -6.843286e-01 7.057414e-01 1.833670e-01
      outer loop
         vertex 5.520063e+01 1.997500e+01 2.943564e+01
         vertex 5.522524e+01 2.000000e+01 2.943130e+01
         vertex 5.505400e+01 1.997500e+01 2.888843e+01
      endloop
   endfacet
   facet normal -6.842910e-01 7.057814e-01 1.833533e-01
      outer loop
         vertex 5.505400e+01 1.997500e+01 2.888843e+01
         vertex 5.522524e+01 2.000000e+01 2.943130e+01
         vertex 5.507749e+01 2.000000e+01 2.887988e+01
      endloop
   endfacet
   facet normal -6.420569e-01 7.057805e-01 2.993942e-01
      outer loop
         vertex 5.505400e+01 1.997500e+01 2.888843e+01
         vertex 5.507749e+01 2.000000e+01 2.887988e+01
         vertex 5.481458e+01 1.997500e+01 2.837500e+01
      endloop
   endfacet
   facet normal -6.420817e-01 7.057518e-01 2.994086e-01
      outer loop
         vertex 5.481458e+01 1.997500e+01 2.837500e+01
         vertex 5.507749e+01 2.000000e+01 2.887988e+01
         vertex 5.483623e+01 2.000000e+01 2.836250e+01
      endloop
   endfacet
   facet normal -5.803344e-01 7.057535e-01 4.063544e-01
      outer loop
         vertex 5.481458e+01 1.997500e+01 2.837500e+01
         vertex 5.483623e+01 2.000000e+01 2.836250e+01
         vertex 5.448964e+01 1.997500e+01 2.791094e+01
      endloop
   endfacet
   facet normal -5.803411e-01 7.057448e-01 4.063600e-01
      outer loop
         vertex 5.448964e+01 1.997500e+01 2.791094e+01
         vertex 5.483623e+01 2.000000e+01 2.836250e+01
         vertex 5.450879e+01 2.000000e+01 2.789487e+01
      endloop
   endfacet
   facet normal -5.009596e-01 7.057455e-01 5.009619e-01
      outer loop
         vertex 5.448964e+01 1.997500e+01 2.791094e+01
         vertex 5.450879e+01 2.000000e+01 2.789487e+01
         vertex 5.408906e+01 1.997500e+01 2.751036e+01
      endloop
   endfacet
   facet normal -5.009385e-01 7.057783e-01 5.009367e-01
      outer loop
         vertex 5.408906e+01 1.997500e+01 2.751036e+01
         vertex 5.450879e+01 2.000000e+01 2.789487e+01
         vertex 5.410513e+01 2.000000e+01 2.749120e+01
      endloop
   endfacet
   facet normal -4.063419e-01 7.057763e-01 5.803155e-01
      outer loop
         vertex 5.408906e+01 1.997500e+01 2.751036e+01
         vertex 5.410513e+01 2.000000e+01 2.749120e+01
         vertex 5.362500e+01 1.997500e+01 2.718542e+01
      endloop
   endfacet
   facet normal -4.063479e-01 7.057644e-01 5.803258e-01
      outer loop
         vertex 5.362500e+01 1.997500e+01 2.718542e+01
         vertex 5.410513e+01 2.000000e+01 2.749120e+01
         vertex 5.363750e+01 2.000000e+01 2.716377e+01
      endloop
   endfacet
   facet normal -2.994027e-01 7.057637e-01 6.420713e-01
      outer loop
         vertex 5.362500e+01 1.997500e+01 2.718542e+01
         vertex 5.363750e+01 2.000000e+01 2.716377e+01
         vertex 5.311156e+01 1.997500e+01 2.694600e+01
      endloop
   endfacet
   facet normal -2.994013e-01 7.057680e-01 6.420673e-01
      outer loop
         vertex 5.311156e+01 1.997500e+01 2.694600e+01
         vertex 5.363750e+01 2.000000e+01 2.716377e+01
         vertex 5.312012e+01 2.000000e+01 2.692251e+01
      endloop
   endfacet
   facet normal -1.833594e-01 7.057658e-01 6.843055e-01
      outer loop
         vertex 5.311156e+01 1.997500e+01 2.694600e+01
         vertex 5.312012e+01 2.000000e+01 2.692251e+01
         vertex 5.256436e+01 1.997500e+01 2.679937e+01
      endloop
   endfacet
   facet normal -1.833609e-01 7.057572e-01 6.843139e-01
      outer loop
         vertex 5.256436e+01 1.997500e+01 2.679937e+01
         vertex 5.312012e+01 2.000000e+01 2.692251e+01
         vertex 5.256870e+01 2.000000e+01 2.677475e+01
      endloop
   endfacet
   facet normal -6.174515e-02 7.057601e-01 7.057550e-01
      outer loop
         vertex 5.256436e+01 1.997500e+01 2.679937e+01
         vertex 5.256870e+01 2.000000e+01 2.677475e+01
         vertex 5.200000e+01 1.997500e+01 2.675000e+01
      endloop
   endfacet
   facet normal -6.174515e-02 7.057642e-01 7.057510e-01
      outer loop
         vertex 5.200000e+01 1.997500e+01 2.675000e+01
         vertex 5.256870e+01 2.000000e+01 2.677475e+01
         vertex 5.200000e+01 2.000000e+01 2.672500e+01
      endloop
   endfacet
   facet normal 6.174480e-02 7.057642e-01 7.057510e-01
      outer loop
         vertex 5.200000e+01 1.997500e+01 2.675000e+01
         vertex 5.200000e+01 2.000000e+01 2.672500e+01
         vertex 5.143564e+01 1.997500e+01 2.679937e+01
      endloop
   endfacet
   facet normal 6.174550e-02 7.057602e-01 7.057550e-01
      outer loop
         vertex 5.143564e+01 1.997500e+01 2.679937e+01
         vertex 5.200000e+01 2.000000e+01 2.672500e+01
         vertex 5.143130e+01 2.000000e+01 2.677475e+01
      endloop
   endfacet
   facet normal 1.833616e-01 7.057572e-01 6.843137e-01
      outer loop
         vertex 5.143564e+01 1.997500e+01 2.679937e+01
         vertex 5.143130e+01 2.000000e+01 2.677475e+01
         vertex 5.088843e+01 1.997500e+01 2.694600e+01
      endloop
   endfacet
   facet normal 1.833587e-01 7.057657e-01 6.843057e-01
      outer loop
         vertex 5.088843e+01 1.997500e+01 2.694600e+01
         vertex 5.143130e+01 2.000000e+01 2.677475e+01
         vertex 5.087988e+01 2.000000e+01 2.692251e+01
      endloop
   endfacet
   facet normal 2.994009e-01 7.057680e-01 6.420675e-01
      outer loop
         vertex 5.088843e+01 1.997500e+01 2.694600e+01
         vertex 5.087988e+01 2.000000e+01 2.692251e+01
         vertex 5.037500e+01 1.997500e+01 2.718542e+01
      endloop
   endfacet
   facet normal 2.994031e-01 7.057637e-01 6.420712e-01
      outer loop
         vertex 5.037500e+01 1.997500e+01 2.718542e+01
         vertex 5.087988e+01 2.000000e+01 2.692251e+01
         vertex 5.036250e+01 2.000000e+01 2.716377e+01
      endloop
   endfacet
   facet normal 4.063488e-01 7.057644e-01 5.803252e-01
      outer loop
         vertex 5.037500e+01 1.997500e+01 2.718542e+01
         vertex 5.036250e+01 2.000000e+01 2.716377e+01
         vertex 4.991094e+01 1.997500e+01 2.751036e+01
      endloop
   endfacet
   facet normal 4.063411e-01 7.057763e-01 5.803161e-01
      outer loop
         vertex 4.991094e+01 1.997500e+01 2.751036e+01
         vertex 5.036250e+01 2.000000e+01 2.716377e+01
         vertex 4.989487e+01 2.000000e+01 2.749120e+01
      endloop
   endfacet
   facet normal 5.009364e-01 7.057784e-01 5.009387e-01
      outer loop
         vertex 4.991094e+01 1.997500e+01 2.751036e+01
         vertex 4.989487e+01 2.000000e+01 2.749120e+01
         vertex 4.951035e+01 1.997500e+01 2.791094e+01
      endloop
   endfacet
   facet normal 5.009615e-01 7.057456e-01 5.009598e-01
      outer loop
         vertex 4.951035e+01 1.997500e+01 2.791094e+01
         vertex 4.989487e+01 2.000000e+01 2.749120e+01
         vertex 4.949120e+01 2.000000e+01 2.789487e+01
      endloop
   endfacet
   facet normal 5.803427e-01 7.057447e-01 4.063579e-01
      outer loop
         vertex 4.951035e+01 1.997500e+01 2.791094e+01
         vertex 4.949120e+01 2.000000e+01 2.789487e+01
         vertex 4.918542e+01 1.997500e+01 2.837500e+01
      endloop
   endfacet
   facet normal 5.803163e-01 7.057752e-01 4.063426e-01
      outer loop
         vertex 4.918542e+01 1.997500e+01 2.837500e+01
         vertex 4.949120e+01 2.000000e+01 2.789487e+01
         vertex 4.916377e+01 2.000000e+01 2.836250e+01
      endloop
   endfacet
   facet normal 6.420602e-01 7.057757e-01 2.993981e-01
      outer loop
         vertex 4.918542e+01 1.997500e+01 2.837500e+01
         vertex 4.916377e+01 2.000000e+01 2.836250e+01
         vertex 4.894600e+01 1.997500e+01 2.888843e+01
      endloop
   endfacet
   facet normal 6.420559e-01 7.057804e-01 2.993966e-01
      outer loop
         vertex 4.894600e+01 1.997500e+01 2.888843e+01
         vertex 4.916377e+01 2.000000e+01 2.836250e+01
         vertex 4.892251e+01 2.000000e+01 2.887988e+01
      endloop
   endfacet
   facet normal 6.842899e-01 7.057816e-01 1.833567e-01
      outer loop
         vertex 4.894600e+01 1.997500e+01 2.888843e+01
         vertex 4.892251e+01 2.000000e+01 2.887988e+01
         vertex 4.879937e+01 1.997500e+01 2.943564e+01
      endloop
   endfacet
   facet normal 6.843294e-01 7.057415e-01 1.833636e-01
      outer loop
         vertex 4.879937e+01 1.997500e+01 2.943564e+01
         vertex 4.892251e+01 2.000000e+01 2.887988e+01
         vertex 4.877475e+01 2.000000e+01 2.943130e+01
      endloop
   endfacet
   facet normal 7.057737e-01 7.057414e-01 6.174514e-02
      outer loop
         vertex 4.879937e+01 1.997500e+01 2.943564e+01
         vertex 4.877475e+01 2.000000e+01 2.943130e+01
         vertex 4.875000e+01 1.997500e+01 3.000000e+01
      endloop
   endfacet
   facet normal 7.057444e-01 7.057707e-01 6.174515e-02
      outer loop
         vertex 4.875000e+01 1.997500e+01 3.000000e+01
         vertex 4.877475e+01 2.000000e+01 2.943130e+01
         vertex 4.872500e+01 2.000000e+01 3.000000e+01
      endloop
   endfacet
   facet normal 7.057446e-01 7.057708e-01 -6.174249e-02
      outer loop
         vertex 4.875000e+01 1.997500e+01 3.000000e+01
         vertex 4.872500e+01 2.000000e+01 3.000000e+01
         vertex 4.879937e+01 1.997500e+01 3.056436e+01
      endloop
   endfacet
   facet normal 7.057734e-01 7.057415e-01 -6.174759e-02
      outer loop
         vertex 4.879937e+01 1.997500e+01 3.056436e+01
         vertex 4.872500e+01 2.000000e+01 3.000000e+01
         vertex 4.877475e+01 2.000000e+01 3.056870e+01
      endloop
   endfacet
   facet normal 6.843286e-01 7.057414e-01 -1.833670e-01
      outer loop
         vertex 4.879937e+01 1.997500e+01 3.056436e+01
         vertex 4.877475e+01 2.000000e+01 3.056870e+01
         vertex 4.894600e+01 1.997500e+01 3.111157e+01
      endloop
   endfacet
   facet normal 6.842910e-01 7.057814e-01 -1.833533e-01
      outer loop
         vertex 4.894600e+01 1.997500e+01 3.111157e+01
         vertex 4.877475e+01 2.000000e+01 3.056870e+01
         vertex 4.892251e+01 2.000000e+01 3.112012e+01
      endloop
   endfacet
   facet normal 6.420561e-01 7.057804e-01 -2.993962e-01
      outer loop
         vertex 4.894600e+01 1.997500e+01 3.111157e+01
         vertex 4.892251e+01 2.000000e+01 3.112012e+01
         vertex 4.918542e+01 1.997500e+01 3.162500e+01
      endloop
   endfacet
   facet normal 6.420649e-01 7.057702e-01 -2.994013e-01
      outer loop
         vertex 4.918542e+01 1.997500e+01 3.162500e+01
         vertex 4.892251e+01 2.000000e+01 3.112012e+01
         vertex 4.916377e+01 2.000000e+01 3.163750e+01
      endloop
   endfacet
   facet normal 5.803236e-01 7.057677e-01 -4.063453e-01
      outer loop
         vertex 4.918542e+01 1.997500e+01 3.162500e+01
         vertex 4.916377e+01 2.000000e+01 3.163750e+01
         vertex 4.951035e+01 1.997500e+01 3.208906e+01
      endloop
   endfacet
   facet normal 5.803353e-01 7.057524e-01 -4.063551e-01
      outer loop
         vertex 4.951035e+01 1.997500e+01 3.208906e+01
         vertex 4.916377e+01 2.000000e+01 3.163750e+01
         vertex 4.949120e+01 2.000000e+01 3.210513e+01
      endloop
   endfacet
   facet normal 5.009535e-01 7.057549e-01 -5.009547e-01
      outer loop
         vertex 4.951035e+01 1.997500e+01 3.208906e+01
         vertex 4.949120e+01 2.000000e+01 3.210513e+01
         vertex 4.991094e+01 1.997500e+01 3.248964e+01
      endloop
   endfacet
   facet normal 5.009415e-01 7.057736e-01 -5.009403e-01
      outer loop
         vertex 4.991094e+01 1.997500e+01 3.248964e+01
         vertex 4.949120e+01 2.000000e+01 3.210513e+01
         vertex 4.989487e+01 2.000000e+01 3.250880e+01
      endloop
   endfacet
   facet normal 4.063443e-01 7.057708e-01 -5.803205e-01
      outer loop
         vertex 4.991094e+01 1.997500e+01 3.248964e+01
         vertex 4.989487e+01 2.000000e+01 3.250880e+01
         vertex 5.037500e+01 1.997500e+01 3.281458e+01
      endloop
   endfacet
   facet normal 4.063475e-01 7.057644e-01 -5.803260e-01
      outer loop
         vertex 5.037500e+01 1.997500e+01 3.281458e+01
         vertex 4.989487e+01 2.000000e+01 3.250880e+01
         vertex 5.036250e+01 2.000000e+01 3.283623e+01
      endloop
   endfacet
   facet normal 2.994032e-01 7.057637e-01 -6.420711e-01
      outer loop
         vertex 5.037500e+01 1.997500e+01 3.281458e+01
         vertex 5.036250e+01 2.000000e+01 3.283623e+01
         vertex 5.088843e+01 1.997500e+01 3.305400e+01
      endloop
   endfacet
   facet normal 2.993997e-01 7.057739e-01 -6.420615e-01
      outer loop
         vertex 5.088843e+01 1.997500e+01 3.305400e+01
         vertex 5.036250e+01 2.000000e+01 3.283623e+01
         vertex 5.087988e+01 2.000000e+01 3.307749e+01
      endloop
   endfacet
   facet normal 1.833572e-01 7.057721e-01 -6.842995e-01
      outer loop
         vertex 5.088843e+01 1.997500e+01 3.305400e+01
         vertex 5.087988e+01 2.000000e+01 3.307749e+01
         vertex 5.143564e+01 1.997500e+01 3.320062e+01
      endloop
   endfacet
   facet normal 1.833587e-01 7.057637e-01 -6.843079e-01
      outer loop
         vertex 5.143564e+01 1.997500e+01 3.320062e+01
         vertex 5.087988e+01 2.000000e+01 3.307749e+01
         vertex 5.143130e+01 2.000000e+01 3.322524e+01
      endloop
   endfacet
   facet normal 6.174515e-02 7.057668e-01 -7.057484e-01
      outer loop
         vertex 5.143564e+01 1.997500e+01 3.320062e+01
         vertex 5.143130e+01 2.000000e+01 3.322524e+01
         vertex 5.200000e+01 1.997500e+01 3.325000e+01
      endloop
   endfacet
   facet normal 6.174515e-02 7.057707e-01 -7.057444e-01
      outer loop
         vertex 5.200000e+01 1.997500e+01 3.325000e+01
         vertex 5.143130e+01 2.000000e+01 3.322524e+01
         vertex 5.200000e+01 2.000000e+01 3.327500e+01
      endloop
   endfacet
   facet normal -6.174481e-02 7.057707e-01 -7.057445e-01
      outer loop
         vertex 5.200000e+01 1.997500e+01 3.325000e+01
         vertex 5.200000e+01 2.000000e+01 3.327500e+01
         vertex 5.256436e+01 1.997500e+01 3.320062e+01
      endloop
   endfacet
   facet normal -6.174550e-02 7.057668e-01 -7.057484e-01
      outer loop
         vertex 5.256436e+01 1.997500e+01 3.320062e+01
         vertex 5.200000e+01 2.000000e+01 3.327500e+01
         vertex 5.256870e+01 2.000000e+01 3.322524e+01
      endloop
   endfacet
   facet normal -8.715693e-02 0.000000e+00 -9.961946e-01
      outer loop
         vertex 5.200000e+01 0.000000e+00 1.180000e+01
         vertex 5.200000e+01 1.660000e+01 1.180000e+01
         vertex 5.231257e+01 0.000000e+00 1.177265e+01
      endloop
   endfacet
   facet normal -8.715693e-02 0.000000e+00 -9.961946e-01
      outer loop
         vertex 5.231257e+01 0.000000e+00 1.177265e+01
         vertex 5.200000e+01 1.660000e+01 1.180000e+01
         vertex 5.231257e+01 1.660000e+01 1.177265e+01
      endloop
   endfacet
   facet normal -2.588177e-01 0.000000e+00 -9.659262e-01
      outer loop
         vertex 5.231257e+01 0.000000e+00 1.177265e+01
         vertex 5.231257e+01 1.660000e+01 1.177265e+01
         vertex 5.261564e+01 0.000000e+00 1.169145e+01
      endloop
   endfacet
   facet normal -2.588177e-01 0.000000e+00 -9.659262e-01
      outer loop
         vertex 5.261564e+01 0.000000e+00 1.169145e+01
         vertex 5.231257e+01 1.660000e+01 1.177265e+01
         vertex 5.261564e+01 1.660000e+01 1.169145e+01
      endloop
   endfacet
   facet normal -4.226168e-01 0.000000e+00 -9.063084e-01
      outer loop
         vertex 5.261564e+01 0.000000e+00 1.169145e+01
         vertex 5.261564e+01 1.660000e+01 1.169145e+01
         vertex 5.290000e+01 0.000000e+00 1.155885e+01
      endloop
   endfacet
   facet normal -4.226168e-01 0.000000e+00 -9.063084e-01
      outer loop
         vertex 5.290000e+01 0.000000e+00 1.155885e+01
         vertex 5.261564e+01 1.660000e+01 1.169145e+01
         vertex 5.290000e+01 1.660000e+01 1.155885e+01
      endloop
   endfacet
   facet normal -5.735779e-01 0.000000e+00 -8.191510e-01
      outer loop
         vertex 5.290000e+01 0.000000e+00 1.155885e+01
         vertex 5.290000e+01 1.660000e+01 1.155885e+01
         vertex 5.315702e+01 0.000000e+00 1.137888e+01
      endloop
   endfacet
   facet normal -5.735779e-01 0.000000e+00 -8.191510e-01
      outer loop
         vertex 5.315702e+01 0.000000e+00 1.137888e+01
         vertex 5.290000e+01 1.660000e+01 1.155885e+01
         vertex 5.315702e+01 1.660000e+01 1.137888e+01
      endloop
   endfacet
   facet normal -7.071053e-01 0.000000e+00 -7.071083e-01
      outer loop
         vertex 5.315702e+01 0.000000e+00 1.137888e+01
         vertex 5.315702e+01 1.660000e+01 1.137888e+01
         vertex 5.337888e+01 0.000000e+00 1.115702e+01
      endloop
   endfacet
   facet normal -7.071053e-01 0.000000e+00 -7.071083e-01
      outer loop
         vertex 5.337888e+01 0.000000e+00 1.115702e+01
         vertex 5.315702e+01 1.660000e+01 1.137888e+01
         vertex 5.337888e+01 1.660000e+01 1.115702e+01
      endloop
   endfacet
   facet normal -8.191534e-01 0.000000e+00 -5.735745e-01
      outer loop
         vertex 5.337888e+01 0.000000e+00 1.115702e+01
         vertex 5.337888e+01 1.660000e+01 1.115702e+01
         vertex 5.355885e+01 0.000000e+00 1.090000e+01
      endloop
   endfacet
   facet normal -8.191534e-01 0.000000e+00 -5.735745e-01
      outer loop
         vertex 5.355885e+01 0.000000e+00 1.090000e+01
         vertex 5.337888e+01 1.660000e+01 1.115702e+01
         vertex 5.355885e+01 1.660000e+01 1.090000e+01
      endloop
   endfacet
   facet normal -9.063068e-01 0.000000e+00 -4.226204e-01
      outer loop
         vertex 5.355885e+01 0.000000e+00 1.090000e+01
         vertex 5.355885e+01 1.660000e+01 1.090000e+01
         vertex 5.369145e+01 0.000000e+00 1.061564e+01
      endloop
   endfacet
   facet normal -9.063068e-01 0.000000e+00 -4.226204e-01
      outer loop
         vertex 5.369145e+01 0.000000e+00 1.061564e+01
         vertex 5.355885e+01 1.660000e+01 1.090000e+01
         vertex 5.369145e+01 1.660000e+01 1.061564e+01
      endloop
   endfacet
   facet normal -9.659269e-01 0.000000e+00 -2.588149e-01
      outer loop
         vertex 5.369145e+01 0.000000e+00 1.061564e+01
         vertex 5.369145e+01 1.660000e+01 1.061564e+01
         vertex 5.377265e+01 0.000000e+00 1.031257e+01
      endloop
   endfacet
   facet normal -9.659269e-01 0.000000e+00 -2.588149e-01
      outer loop
         vertex 5.377265e+01 0.000000e+00 1.031257e+01
         vertex 5.369145e+01 1.660000e+01 1.061564e+01
         vertex 5.377265e+01 1.660000e+01 1.031257e+01
      endloop
   endfacet
   facet normal -9.961943e-01 0.000000e+00 -8.715988e-02
      outer loop
         vertex 5.377265e+01 0.000000e+00 1.031257e+01
         vertex 5.377265e+01 1.660000e+01 1.031257e+01
         vertex 5.380000e+01 0.000000e+00 1.000000e+01
      endloop
   endfacet
   facet normal -9.961943e-01 0.000000e+00 -8.715988e-02
      outer loop
         vertex 5.380000e+01 0.000000e+00 1.000000e+01
         vertex 5.377265e+01 1.660000e+01 1.031257e+01
         vertex 5.380000e+01 1.660000e+01 1.000000e+01
      endloop
   endfacet
   facet normal -9.961943e-01 0.000000e+00 8.715988e-02
      outer loop
         vertex 5.380000e+01 0.000000e+00 1.000000e+01
         vertex 5.380000e+01 1.660000e+01 1.000000e+01
         vertex 5.377265e+01 0.000000e+00 9.687433e+00
      endloop
   endfacet
   facet normal -9.961943e-01 0.000000e+00 8.715988e-02
      outer loop
         vertex 5.377265e+01 0.000000e+00 9.687433e+00
         vertex 5.380000e+01 1.660000e+01 1.000000e+01
         vertex 5.377265e+01 1.660000e+01 9.687433e+00
      endloop
   endfacet
   facet normal -9.659271e-01 0.000000e+00 2.588142e-01
      outer loop
         vertex 5.377265e+01 0.000000e+00 9.687433e+00
         vertex 5.377265e+01 1.660000e+01 9.687433e+00
         vertex 5.369145e+01 0.000000e+00 9.384363e+00
      endloop
   endfacet
   facet normal -9.659271e-01 0.000000e+00 2.588142e-01
      outer loop
         vertex 5.369145e+01 0.000000e+00 9.384363e+00
         vertex 5.377265e+01 1.660000e+01 9.687433e+00
         vertex 5.369145e+01 1.660000e+01 9.384363e+00
      endloop
   endfacet
   facet normal -9.063068e-01 0.000000e+00 4.226204e-01
      outer loop
         vertex 5.369145e+01 0.000000e+00 9.384363e+00
         vertex 5.369145e+01 1.660000e+01 9.384363e+00
         vertex 5.355885e+01 0.000000e+00 9.099999e+00
      endloop
   endfacet
   facet normal -9.063068e-01 0.000000e+00 4.226204e-01
      outer loop
         vertex 5.355885e+01 0.000000e+00 9.099999e+00
         vertex 5.369145e+01 1.660000e+01 9.384363e+00
         vertex 5.355885e+01 1.660000e+01 9.099999e+00
      endloop
   endfacet
   facet normal -8.191534e-01 0.000000e+00 5.735745e-01
      outer loop
         vertex 5.355885e+01 0.000000e+00 9.099999e+00
         vertex 5.355885e+01 1.660000e+01 9.099999e+00
         vertex 5.337888e+01 0.000000e+00 8.842981e+00
      endloop
   endfacet
   facet normal -8.191534e-01 0.000000e+00 5.735745e-01
      outer loop
         vertex 5.337888e+01 0.000000e+00 8.842981e+00
         vertex 5.355885e+01 1.660000e+01 9.099999e+00
         vertex 5.337888e+01 1.660000e+01 8.842981e+00
      endloop
   endfacet
   facet normal -7.071038e-01 0.000000e+00 7.071097e-01
      outer loop
         vertex 5.337888e+01 0.000000e+00 8.842981e+00
         vertex 5.337888e+01 1.660000e+01 8.842981e+00
         vertex 5.315702e+01 0.000000e+00 8.621120e+00
      endloop
   endfacet
   facet normal -7.071038e-01 0.000000e+00 7.071097e-01
      outer loop
         vertex 5.315702e+01 0.000000e+00 8.621120e+00
         vertex 5.337888e+01 1.660000e+01 8.842981e+00
         vertex 5.315702e+01 1.660000e+01 8.621120e+00
      endloop
   endfacet
   facet normal -5.735779e-01 0.000000e+00 8.191510e-01
      outer loop
         vertex 5.315702e+01 0.000000e+00 8.621120e+00
         vertex 5.315702e+01 1.660000e+01 8.621120e+00
         vertex 5.290000e+01 0.000000e+00 8.441154e+00
      endloop
   endfacet
   facet normal -5.735779e-01 0.000000e+00 8.191510e-01
      outer loop
         vertex 5.290000e+01 0.000000e+00 8.441154e+00
         vertex 5.315702e+01 1.660000e+01 8.621120e+00
         vertex 5.290000e+01 1.660000e+01 8.441154e+00
      endloop
   endfacet
   facet normal -4.226168e-01 0.000000e+00 9.063084e-01
      outer loop
         vertex 5.290000e+01 0.000000e+00 8.441154e+00
         vertex 5.290000e+01 1.660000e+01 8.441154e+00
         vertex 5.261564e+01 0.000000e+00 8.308553e+00
      endloop
   endfacet
   facet normal -4.226168e-01 0.000000e+00 9.063084e-01
      outer loop
         vertex 5.261564e+01 0.000000e+00 8.308553e+00
         vertex 5.290000e+01 1.660000e+01 8.441154e+00
         vertex 5.261564e+01 1.660000e+01 8.308553e+00
      endloop
   endfacet
   facet normal -2.588205e-01 0.000000e+00 9.659254e-01
      outer loop
         vertex 5.261564e+01 0.000000e+00 8.308553e+00
         vertex 5.261564e+01 1.660000e+01 8.308553e+00
         vertex 5.231257e+01 0.000000e+00 8.227346e+00
      endloop
   endfacet
   facet normal -2.588205e-01 0.000000e+00 9.659254e-01
      outer loop
         vertex 5.231257e+01 0.000000e+00 8.227346e+00
         vertex 5.261564e+01 1.660000e+01 8.308553e+00
         vertex 5.231257e+01 1.660000e+01 8.227346e+00
      endloop
   endfacet
   facet normal -8.715693e-02 0.000000e+00 9.961946e-01
      outer loop
         vertex 5.231257e+01 0.000000e+00 8.227346e+00
         vertex 5.231257e+01 1.660000e+01 8.227346e+00
         vertex 5.200000e+01 0.000000e+00 8.199999e+00
      endloop
   endfacet
   facet normal -8.715693e-02 0.000000e+00 9.961946e-01
      outer loop
         vertex 5.200000e+01 0.000000e+00 8.199999e+00
         vertex 5.231257e+01 1.660000e+01 8.227346e+00
         vertex 5.200000e+01 1.660000e+01 8.199999e+00
      endloop
   endfacet
   facet normal 8.715693e-02 -0.000000e+00 9.961946e-01
      outer loop
         vertex 5.200000e+01 0.000000e+00 8.199999e+00
         vertex 5.200000e+01 1.660000e+01 8.199999e+00
         vertex 5.168743e+01 0.000000e+00 8.227346e+00
      endloop
   endfacet
   facet normal 8.715693e-02 -0.000000e+00 9.961946e-01
      outer loop
         vertex 5.168743e+01 0.000000e+00 8.227346e+00
         vertex 5.200000e+01 1.660000e+01 8.199999e+00
         vertex 5.168743e+01 1.660000e+01 8.227346e+00
      endloop
   endfacet
   facet normal 2.588205e-01 -0.000000e+00 9.659254e-01
      outer loop
         vertex 5.168743e+01 0.000000e+00 8.227346e+00
         vertex 5.168743e+01 1.660000e+01 8.227346e+00
         vertex 5.138436e+01 0.000000e+00 8.308553e+00
      endloop
   endfacet
   facet normal 2.588205e-01 -0.000000e+00 9.659254e-01
      outer loop
         vertex 5.138436e+01 0.000000e+00 8.308553e+00
         vertex 5.168743e+01 1.660000e+01 8.227346e+00
         vertex 5.138436e+01 1.660000e+01 8.308553e+00
      endloop
   endfacet
   facet normal 4.226168e-01 -0.000000e+00 9.063084e-01
      outer loop
         vertex 5.138436e+01 0.000000e+00 8.308553e+00
         vertex 5.138436e+01 1.660000e+01 8.308553e+00
         vertex 5.110000e+01 0.000000e+00 8.441154e+00
      endloop
   endfacet
   facet normal 4.226168e-01 -0.000000e+00 9.063084e-01
      outer loop
         vertex 5.110000e+01 0.000000e+00 8.441154e+00
         vertex 5.138436e+01 1.660000e+01 8.308553e+00
         vertex 5.110000e+01 1.660000e+01 8.441154e+00
      endloop
   endfacet
   facet normal 5.735779e-01 -0.000000e+00 8.191510e-01
      outer loop
         vertex 5.110000e+01 0.000000e+00 8.441154e+00
         vertex 5.110000e+01 1.660000e+01 8.441154e+00
         vertex 5.084298e+01 0.000000e+00 8.621120e+00
      endloop
   endfacet
   facet normal 5.735779e-01 -0.000000e+00 8.191510e-01
      outer loop
         vertex 5.084298e+01 0.000000e+00 8.621120e+00
         vertex 5.110000e+01 1.660000e+01 8.441154e+00
         vertex 5.084298e+01 1.660000e+01 8.621120e+00
      endloop
   endfacet
   facet normal 7.071068e-01 -0.000000e+00 7.071068e-01
      outer loop
         vertex 5.084298e+01 0.000000e+00 8.621120e+00
         vertex 5.084298e+01 1.660000e+01 8.621120e+00
         vertex 5.062112e+01 0.000000e+00 8.842981e+00
      endloop
   endfacet
   facet normal 7.071068e-01 -0.000000e+00 7.071068e-01
      outer loop
         vertex 5.062112e+01 0.000000e+00 8.842981e+00
         vertex 5.084298e+01 1.660000e+01 8.621120e+00
         vertex 5.062112e+01 1.660000e+01 8.842981e+00
      endloop
   endfacet
   facet normal 8.191506e-01 -0.000000e+00 5.735785e-01
      outer loop
         vertex 5.062112e+01 0.000000e+00 8.842981e+00
         vertex 5.062112e+01 1.660000e+01 8.842981e+00
         vertex 5.044115e+01 0.000000e+00 9.099999e+00
      endloop
   endfacet
   facet normal 8.191506e-01 -0.000000e+00 5.735785e-01
      outer loop
         vertex 5.044115e+01 0.000000e+00 9.099999e+00
         vertex 5.062112e+01 1.660000e+01 8.842981e+00
         vertex 5.044115e+01 1.660000e+01 9.099999e+00
      endloop
   endfacet
   facet normal 9.063091e-01 -0.000000e+00 4.226155e-01
      outer loop
         vertex 5.044115e+01 0.000000e+00 9.099999e+00
         vertex 5.044115e+01 1.660000e+01 9.099999e+00
         vertex 5.030855e+01 0.000000e+00 9.384363e+00
      endloop
   endfacet
   facet normal 9.063091e-01 -0.000000e+00 4.226155e-01
      outer loop
         vertex 5.030855e+01 0.000000e+00 9.384363e+00
         vertex 5.044115e+01 1.660000e+01 9.099999e+00
         vertex 5.030855e+01 1.660000e+01 9.384363e+00
      endloop
   endfacet
   facet normal 9.659256e-01 -0.000000e+00 2.588197e-01
      outer loop
         vertex 5.030855e+01 0.000000e+00 9.384363e+00
         vertex 5.030855e+01 1.660000e+01 9.384363e+00
         vertex 5.022735e+01 0.000000e+00 9.687433e+00
      endloop
   endfacet
   facet normal 9.659256e-01 -0.000000e+00 2.588197e-01
      outer loop
         vertex 5.022735e+01 0.000000e+00 9.687433e+00
         vertex 5.030855e+01 1.660000e+01 9.384363e+00
         vertex 5.022735e+01 1.660000e+01 9.687433e+00
      endloop
   endfacet
   facet normal 9.961943e-01 -0.000000e+00 8.715988e-02
      outer loop
         vertex 5.022735e+01 0.000000e+00 9.687433e+00
         vertex 5.022735e+01 1.660000e+01 9.687433e+00
         vertex 5.020000e+01 0.000000e+00 1.000000e+01
      endloop
   endfacet
   facet normal 9.961943e-01 -0.000000e+00 8.715988e-02
      outer loop
         vertex 5.020000e+01 0.000000e+00 1.000000e+01
         vertex 5.022735e+01 1.660000e+01 9.687433e+00
         vertex 5.020000e+01 1.660000e+01 1.000000e+01
      endloop
   endfacet
   facet normal 9.961943e-01 0.000000e+00 -8.715988e-02
      outer loop
         vertex 5.020000e+01 0.000000e+00 1.000000e+01
         vertex 5.020000e+01 1.660000e+01 1.000000e+01
         vertex 5.022735e+01 0.000000e+00 1.031257e+01
      endloop
   endfacet
   facet normal 9.961943e-01 0.000000e+00 -8.715988e-02
      outer loop
         vertex 5.022735e+01 0.000000e+00 1.031257e+01
         vertex 5.020000e+01 1.660000e+01 1.000000e+01
         vertex 5.022735e+01 1.660000e+01 1.031257e+01
      endloop
   endfacet
   facet normal 9.659254e-01 0.000000e+00 -2.588205e-01
      outer loop
         vertex 5.022735e+01 0.000000e+00 1.031257e+01
         vertex 5.022735e+01 1.660000e+01 1.031257e+01
         vertex 5.030855e+01 0.000000e+00 1.061564e+01
      endloop
   endfacet
   facet normal 9.659254e-01 0.000000e+00 -2.588205e-01
      outer loop
         vertex 5.030855e+01 0.000000e+00 1.061564e+01
         vertex 5.022735e+01 1.660000e+01 1.031257e+01
         vertex 5.030855e+01 1.660000e+01 1.061564e+01
      endloop
   endfacet
   facet normal 9.063091e-01 0.000000e+00 -4.226155e-01
      outer loop
         vertex 5.030855e+01 0.000000e+00 1.061564e+01
         vertex 5.030855e+01 1.660000e+01 1.061564e+01
         vertex 5.044115e+01 0.000000e+00 1.090000e+01
      endloop
   endfacet
   facet normal 9.063091e-01 0.000000e+00 -4.226155e-01
      outer loop
         vertex 5.044115e+01 0.000000e+00 1.090000e+01
         vertex 5.030855e+01 1.660000e+01 1.061564e+01
         vertex 5.044115e+01 1.660000e+01 1.090000e+01
      endloop
   endfacet
   facet normal 8.191506e-01 0.000000e+00 -5.735785e-01
      outer loop
         vertex 5.044115e+01 0.000000e+00 1.090000e+01
         vertex 5.044115e+01 1.660000e+01 1.090000e+01
         vertex 5.062112e+01 0.000000e+00 1.115702e+01
      endloop
   endfacet
   facet normal 8.191506e-01 0.000000e+00 -5.735785e-01
      outer loop
         vertex 5.062112e+01 0.000000e+00 1.115702e+01
         vertex 5.044115e+01 1.660000e+01 1.090000e+01
         vertex 5.062112e+01 1.660000e+01 1.115702e+01
      endloop
   endfacet
   facet normal 7.071083e-01 0.000000e+00 -7.071053e-01
      outer loop
         vertex 5.062112e+01 0.000000e+00 1.115702e+01
         vertex 5.062112e+01 1.660000e+01 1.115702e+01
         vertex 5.084298e+01 0.000000e+00 1.137888e+01
      endloop
   endfacet
   facet normal 7.071083e-01 0.000000e+00 -7.071053e-01
      outer loop
         vertex 5.084298e+01 0.000000e+00 1.137888e+01
         vertex 5.062112e+01 1.660000e+01 1.115702e+01
         vertex 5.084298e+01 1.660000e+01 1.137888e+01
      endloop
   endfacet
   facet normal 5.735779e-01 0.000000e+00 -8.191510e-01
      outer loop
         vertex 5.084298e+01 0.000000e+00 1.137888e+01
         vertex 5.084298e+01 1.660000e+01 1.137888e+01
         vertex 5.110000e+01 0.000000e+00 1.155885e+01
      endloop
   endfacet
   facet normal 5.735779e-01 0.000000e+00 -8.191510e-01
      outer loop
         vertex 5.110000e+01 0.000000e+00 1.155885e+01
         vertex 5.084298e+01 1.660000e+01 1.137888e+01
         vertex 5.110000e+01 1.660000e+01 1.155885e+01
      endloop
   endfacet
   facet normal 4.226168e-01 0.000000e+00 -9.063084e-01
      outer loop
         vertex 5.110000e+01 0.000000e+00 1.155885e+01
         vertex 5.110000e+01 1.660000e+01 1.155885e+01
         vertex 5.138436e+01 0.000000e+00 1.169145e+01
      endloop
   endfacet
   facet normal 4.226168e-01 0.000000e+00 -9.063084e-01
      outer loop
         vertex 5.138436e+01 0.000000e+00 1.169145e+01
         vertex 5.110000e+01 1.660000e+01 1.155885e+01
         vertex 5.138436e+01 1.660000e+01 1.169145e+01
      endloop
   endfacet
   facet normal 2.588177e-01 0.000000e+00 -9.659262e-01
      outer loop
         vertex 5.138436e+01 0.000000e+00 1.169145e+01
         vertex 5.138436e+01 1.660000e+01 1.169145e+01
         vertex 5.168743e+01 0.000000e+00 1.177265e+01
      endloop
   endfacet
   facet normal 2.588177e-01 0.000000e+00 -9.659262e-01
      outer loop
         vertex 5.168743e+01 0.000000e+00 1.177265e+01
         vertex 5.138436e+01 1.660000e+01 1.169145e+01
         vertex 5.168743e+01 1.660000e+01 1.177265e+01
      endloop
   endfacet
   facet normal 8.715693e-02 0.000000e+00 -9.961946e-01
      outer loop
         vertex 5.168743e+01 0.000000e+00 1.177265e+01
         vertex 5.168743e+01 1.660000e+01 1.177265e+01
         vertex 5.200000e+01 0.000000e+00 1.180000e+01
      endloop
   endfacet
   facet normal 8.715693e-02 0.000000e+00 -9.961946e-01
      outer loop
         vertex 5.200000e+01 0.000000e+00 1.180000e+01
         vertex 5.168743e+01 1.660000e+01 1.177265e+01
         vertex 5.200000e+01 1.660000e+01 1.180000e+01
      endloop
   endfacet
   facet normal -0.000000e+00 1.000000e+00 0.000000e+00
      outer loop
         vertex 5.290000e+01 1.660000e+01 1.155885e+01
         vertex 5.362500e+01 1.660000e+01 1.281458e+01
         vertex 5.315702e+01 1.660000e+01 1.137888e+01
      endloop
   endfacet
   facet normal 0.000000e+00 1.000000e+00 0.000000e+00
      outer loop
         vertex 5.315702e+01 1.660000e+01 1.137888e+01
         vertex 5.362500e+01 1.660000e+01 1.281458e+01
         vertex 5.408906e+01 1.660000e+01 1.248964e+01
      endloop
   endfacet
   facet normal -0.000000e+00 1.000000e+00 0.000000e+00
      outer loop
         vertex 5.315702e+01 1.660000e+01 1.137888e+01
         vertex 5.408906e+01 1.660000e+01 1.248964e+01
         vertex 5.337888e+01 1.660000e+01 1.115702e+01
      endloop
   endfacet
   facet normal 0.000000e+00 1.000000e+00 0.000000e+00
      outer loop
         vertex 5.337888e+01 1.660000e+01 1.115702e+01
         vertex 5.408906e+01 1.660000e+01 1.248964e+01
         vertex 5.448964e+01 1.660000e+01 1.208906e+01
      endloop
   endfacet
   facet normal -0.000000e+00 1.000000e+00 0.000000e+00
      outer loop
         vertex 5.337888e+01 1.660000e+01 1.115702e+01
         vertex 5.448964e+01 1.660000e+01 1.208906e+01
         vertex 5.355885e+01 1.660000e+01 1.090000e+01
      endloop
   endfacet
   facet normal 0.000000e+00 1.000000e+00 0.000000e+00
      outer loop
         vertex 5.355885e+01 1.660000e+01 1.090000e+01
         vertex 5.448964e+01 1.660000e+01 1.208906e+01
         vertex 5.481458e+01 1.660000e+01 1.162500e+01
      endloop
   endfacet
   facet normal -0.000000e+00 1.000000e+00 0.000000e+00
      outer loop
         vertex 5.355885e+01 1.660000e+01 1.090000e+01
         vertex 5.481458e+01 1.660000e+01 1.162500e+01
         vertex 5.369145e+01 1.660000e+01 1.061564e+01
      endloop
   endfacet
   facet normal 0.000000e+00 1.000000e+00 0.000000e+00
      outer loop
         vertex 5.369145e+01 1.660000e+01 1.061564e+01
         vertex 5.481458e+01 1.660000e+01 1.162500e+01
         vertex 5.505400e+01 1.660000e+01 1.111156e+01
      endloop
   endfacet
   facet normal -0.000000e+00 1.000000e+00 0.000000e+00
      outer loop
         vertex 5.369145e+01 1.660000e+01 1.061564e+01
         vertex 5.505400e+01 1.660000e+01 1.111156e+01
         vertex 5.377265e+01 1.660000e+01 1.031257e+01
      endloop
   endfacet
   facet normal 0.000000e+00 1.000000e+00 0.000000e+00
      outer loop
         vertex 5.377265e+01 1.660000e+01 1.031257e+01
         vertex 5.505400e+01 1.660000e+01 1.111156e+01
         vertex 5.520063e+01 1.660000e+01 1.056436e+01
      endloop
   endfacet
   facet normal -0.000000e+00 1.000000e+00 0.000000e+00
      outer loop
         vertex 5.377265e+01 1.660000e+01 1.031257e+01
         vertex 5.520063e+01 1.660000e+01 1.056436e+01
         vertex 5.380000e+01 1.660000e+01 1.000000e+01
      endloop
   endfacet
   facet normal 0.000000e+00 1.000000e+00 0.000000e+00
      outer loop
         vertex 5.380000e+01 1.660000e+01 1.000000e+01
         vertex 5.520063e+01 1.660000e+01 1.056436e+01
         vertex 5.525000e+01 1.660000e+01 1.000000e+01
      endloop
   endfacet
   facet normal -0.000000e+00 1.000000e+00 0.000000e+00
      outer loop
         vertex 5.380000e+01 1.660000e+01 1.000000e+01
         vertex 5.525000e+01 1.660000e+01 1.000000e+01
         vertex 5.377265e+01 1.660000e+01 9.687433e+00
      endloop
   endfacet
   facet normal -0.000000e+00 1.000000e+00 0.000000e+00
      outer loop
         vertex 5.377265e+01 1.660000e+01 9.687433e+00
         vertex 5.525000e+01 1.660000e+01 1.000000e+01
         vertex 5.520063e+01 1.660000e+01 9.435643e+00
      endloop
   endfacet
   facet normal 0.000000e+00 1.000000e+00 0.000000e+00
      outer loop
         vertex 5.377265e+01 1.660000e+01 9.687433e+00
         vertex 5.520063e+01 1.660000e+01 9.435643e+00
         vertex 5.369145e+01 1.660000e+01 9.384363e+00
      endloop
   endfacet
   facet normal -0.000000e+00 1.000000e+00 0.000000e+00
      outer loop
         vertex 5.369145e+01 1.660000e+01 9.384363e+00
         vertex 5.520063e+01 1.660000e+01 9.435643e+00
         vertex 5.505400e+01 1.660000e+01 8.888434e+00
      endloop
   endfacet
   facet normal 0.000000e+00 1.000000e+00 0.000000e+00
      outer loop
         vertex 5.369145e+01 1.660000e+01 9.384363e+00
         vertex 5.505400e+01 1.660000e+01 8.888434e+00
         vertex 5.355885e+01 1.660000e+01 9.099999e+00
      endloop
   endfacet
   facet normal 0.000000e+00 1.000000e+00 0.000000e+00
      outer loop
         vertex 5.355885e+01 1.660000e+01 9.099999e+00
         vertex 5.505400e+01 1.660000e+01 8.888434e+00
         vertex 5.481458e+01 1.660000e+01 8.374999e+00
      endloop
   endfacet
   facet normal 0.000000e+00 1.000000e+00 0.000000e+00
      outer loop
         vertex 5.355885e+01 1.660000e+01 9.099999e+00
         vertex 5.481458e+01 1.660000e+01 8.374999e+00
         vertex 5.337888e+01 1.660000e+01 8.842981e+00
      endloop
   endfacet
   facet normal 0.000000e+00 1.000000e+00 0.000000e+00
      outer loop
         vertex 5.337888e+01 1.660000e+01 8.842981e+00
         vertex 5.481458e+01 1.660000e+01 8.374999e+00
         vertex 5.448964e+01 1.660000e+01 7.910940e+00
      endloop
   endfacet
   facet normal 0.000000e+00 1.000000e+00 0.000000e+00
      outer loop
         vertex 5.337888e+01 1.660000e+01 8.842981e+00
         vertex 5.448964e+01 1.660000e+01 7.910940e+00
         vertex 5.315702e+01 1.660000e+01 8.621120e+00
      endloop
   endfacet
   facet normal 0.000000e+00 1.000000e+00 0.000000e+00
      outer loop
         vertex 5.315702e+01 1.660000e+01 8.621120e+00
         vertex 5.448964e+01 1.660000e+01 7.910940e+00
         vertex 5.408906e+01 1.660000e+01 7.510355e+00
      endloop
   endfacet
   facet normal 0.000000e+00 1.000000e+00 0.000000e+00
      outer loop
         vertex 5.315702e+01 1.660000e+01 8.621120e+00
         vertex 5.408906e+01 1.660000e+01 7.510355e+00
         vertex 5.290000e+01 1.660000e+01 8.441154e+00
      endloop
   endfacet
   facet normal 0.000000e+00 1.000000e+00 0.000000e+00
      outer loop
         vertex 5.290000e+01 1.660000e+01 8.441154e+00
         vertex 5.408906e+01 1.660000e+01 7.510355e+00
         vertex 5.362500e+01 1.660000e+01 7.185417e+00
      endloop
   endfacet
   facet normal 0.000000e+00 1.000000e+00 0.000000e+00
      outer loop
         vertex 5.290000e+01 1.660000e+01 8.441154e+00
         vertex 5.362500e+01 1.660000e+01 7.185417e+00
         vertex 5.261564e+01 1.660000e+01 8.308553e+00
      endloop
   endfacet
   facet normal 0.000000e+00 1.000000e+00 0.000000e+00
      outer loop
         vertex 5.261564e+01 1.660000e+01 8.308553e+00
         vertex 5.362500e+01 1.660000e+01 7.185417e+00
         vertex 5.311156e+01 1.660000e+01 6.945998e+00
      endloop
   endfacet
   facet normal 0.000000e+00 1.000000e+00 0.000000e+00
      outer loop
         vertex 5.261564e+01 1.660000e+01 8.308553e+00
         vertex 5.311156e+01 1.660000e+01 6.945998e+00
         vertex 5.231257e+01 1.660000e+01 8.227346e+00
      endloop
   endfacet
   facet normal 0.000000e+00 1.000000e+00 0.000000e+00
      outer loop
         vertex 5.231257e+01 1.660000e+01 8.227346e+00
         vertex 5.311156e+01 1.660000e+01 6.945998e+00
         vertex 5.256436e+01 1.660000e+01 6.799375e+00
      endloop
   endfacet
   facet normal 0.000000e+00 1.000000e+00 0.000000e+00
      outer loop
         vertex 5.231257e+01 1.660000e+01 8.227346e+00
         vertex 5.256436e+01 1.660000e+01 6.799375e+00
         vertex 5.200000e+01 1.660000e+01 8.199999e+00
      endloop
   endfacet
   facet normal 0.000000e+00 1.000000e+00 0.000000e+00
      outer loop
         vertex 5.200000e+01 1.660000e+01 8.199999e+00
         vertex 5.256436e+01 1.660000e+01 6.799375e+00
         vertex 5.200000e+01 1.660000e+01 6.750000e+00
      endloop
   endfacet
   facet normal 0.000000e+00 1.000000e+00 0.000000e+00
      outer loop
         vertex 5.200000e+01 1.660000e+01 8.199999e+00
         vertex 5.200000e+01 1.660000e+01 6.750000e+00
         vertex 5.168743e+01 1.660000e+01 8.227346e+00
      endloop
   endfacet
   facet normal 0.000000e+00 1.000000e+00 0.000000e+00
      outer loop
         vertex 5.168743e+01 1.660000e+01 8.227346e+00
         vertex 5.200000e+01 1.660000e+01 6.750000e+00
         vertex 5.143564e+01 1.660000e+01 6.799375e+00
      endloop
   endfacet
   facet normal 0.000000e+00 1.000000e+00 0.000000e+00
      outer loop
         vertex 5.168743e+01 1.660000e+01 8.227346e+00
         vertex 5.143564e+01 1.660000e+01 6.799375e+00
         vertex 5.138436e+01 1.660000e+01 8.308553e+00
      endloop
   endfacet
   facet normal 0.000000e+00 1.000000e+00 0.000000e+00
      outer loop
         vertex 5.138436e+01 1.660000e+01 8.308553e+00
         vertex 5.143564e+01 1.660000e+01 6.799375e+00
         vertex 5.088843e+01 1.660000e+01 6.945998e+00
      endloop
   endfacet
   facet normal 0.000000e+00 1.000000e+00 0.000000e+00
      outer loop
         vertex 5.138436e+01 1.660000e+01 8.308553e+00
         vertex 5.088843e+01 1.660000e+01 6.945998e+00
         vertex 5.110000e+01 1.660000e+01 8.441154e+00
      endloop
   endfacet
   facet normal 0.000000e+00 1.000000e+00 0.000000e+00
      outer loop
         vertex 5.110000e+01 1.660000e+01 8.441154e+00
         vertex 5.088843e+01 1.660000e+01 6.945998e+00
         vertex 5.037500e+01 1.660000e+01 7.185417e+00
      endloop
   endfacet
   facet normal 0.000000e+00 1.000000e+00 0.000000e+00
      outer loop
         vertex 5.110000e+01 1.660000e+01 8.441154e+00
         vertex 5.037500e+01 1.660000e+01 7.185417e+00
         vertex 5.084298e+01 1.660000e+01 8.621120e+00
      endloop
   endfacet
   facet normal 0.000000e+00 1.000000e+00 0.000000e+00
      outer loop
         vertex 5.084298e+01 1.660000e+01 8.621120e+00
         vertex 5.037500e+01 1.660000e+01 7.185417e+00
         vertex 4.991094e+01 1.660000e+01 7.510355e+00
      endloop
   endfacet
   facet normal 0.000000e+00 1.000000e+00 0.000000e+00
      outer loop
         vertex 5.084298e+01 1.660000e+01 8.621120e+00
         vertex 4.991094e+01 1.660000e+01 7.510355e+00
         vertex 5.062112e+01 1.660000e+01 8.842981e+00
      endloop
   endfacet
   facet normal 0.000000e+00 1.000000e+00 0.000000e+00
      outer loop
         vertex 5.062112e+01 1.660000e+01 8.842981e+00
         vertex 4.991094e+01 1.660000e+01 7.510355e+00
         vertex 4.951035e+01 1.660000e+01 7.910940e+00
      endloop
   endfacet
   facet normal 0.000000e+00 1.000000e+00 0.000000e+00
      outer loop
         vertex 5.062112e+01 1.660000e+01 8.842981e+00
         vertex 4.951035e+01 1.660000e+01 7.910940e+00
         vertex 5.044115e+01 1.660000e+01 9.099999e+00
      endloop
   endfacet
   facet normal 0.000000e+00 1.000000e+00 0.000000e+00
      outer loop
         vertex 5.044115e+01 1.660000e+01 9.099999e+00
         vertex 4.951035e+01 1.660000e+01 7.910940e+00
         vertex 4.918542e+01 1.660000e+01 8.374999e+00
      endloop
   endfacet
   facet normal 0.000000e+00 1.000000e+00 0.000000e+00
      outer loop
         vertex 5.044115e+01 1.660000e+01 9.099999e+00
         vertex 4.918542e+01 1.660000e+01 8.374999e+00
         vertex 5.030855e+01 1.660000e+01 9.384363e+00
      endloop
   endfacet
   facet normal 0.000000e+00 1.000000e+00 0.000000e+00
      outer loop
         vertex 5.030855e+01 1.660000e+01 9.384363e+00
         vertex 4.918542e+01 1.660000e+01 8.374999e+00
         vertex 4.894600e+01 1.660000e+01 8.888434e+00
      endloop
   endfacet
   facet normal 0.000000e+00 1.000000e+00 0.000000e+00
      outer loop
         vertex 5.030855e+01 1.660000e+01 9.384363e+00
         vertex 4.894600e+01 1.660000e+01 8.888434e+00
         vertex 5.022735e+01 1.660000e+01 9.687433e+00
      endloop
   endfacet
   facet normal 0.000000e+00 1.000000e+00 0.000000e+00
      outer loop
         vertex 5.022735e+01 1.660000e+01 9.687433e+00
         vertex 4.894600e+01 1.660000e+01 8.888434e+00
         vertex 4.879937e+01 1.660000e+01 9.435643e+00
      endloop
   endfacet
   facet normal 0.000000e+00 1.000000e+00 0.000000e+00
      outer loop
         vertex 5.022735e+01 1.660000e+01 9.687433e+00
         vertex 4.879937e+01 1.660000e+01 9.435643e+00
         vertex 5.020000e+01 1.660000e+01 1.000000e+01
      endloop
   endfacet
   facet normal 0.000000e+00 1.000000e+00 0.000000e+00
      outer loop
         vertex 5.020000e+01 1.660000e+01 1.000000e+01
         vertex 4.879937e+01 1.660000e+01 9.435643e+00
         vertex 4.875000e+01 1.660000e+01 1.000000e+01
      endloop
   endfacet
   facet normal 0.000000e+00 1.000000e+00 -0.000000e+00
      outer loop
         vertex 5.020000e+01 1.660000e+01 1.000000e+01
         vertex 4.875000e+01 1.660000e+01 1.000000e+01
         vertex 5.022735e+01 1.660000e+01 1.031257e+01
      endloop
   endfacet
   facet normal 0.000000e+00 1.000000e+00 0.000000e+00
      outer loop
         vertex 5.022735e+01 1.660000e+01 1.031257e+01
         vertex 4.875000e+01 1.660000e+01 1.000000e+01
         vertex 4.879937e+01 1.660000e+01 1.056436e+01
      endloop
   endfacet
   facet normal 0.000000e+00 1.000000e+00 -0.000000e+00
      outer loop
         vertex 5.022735e+01 1.660000e+01 1.031257e+01
         vertex 4.879937e+01 1.660000e+01 1.056436e+01
         vertex 5.030855e+01 1.660000e+01 1.061564e+01
      endloop
   endfacet
   facet normal 0.000000e+00 1.000000e+00 0.000000e+00
      outer loop
         vertex 5.030855e+01 1.660000e+01 1.061564e+01
         vertex 4.879937e+01 1.660000e+01 1.056436e+01
         vertex 4.894600e+01 1.660000e+01 1.111156e+01
      endloop
   endfacet
   facet normal 0.000000e+00 1.000000e+00 -0.000000e+00
      outer loop
         vertex 5.030855e+01 1.660000e+01 1.061564e+01
         vertex 4.894600e+01 1.660000e+01 1.111156e+01
         vertex 5.044115e+01 1.660000e+01 1.090000e+01
      endloop
   endfacet
   facet normal 0.000000e+00 1.000000e+00 0.000000e+00
      outer loop
         vertex 5.044115e+01 1.660000e+01 1.090000e+01
         vertex 4.894600e+01 1.660000e+01 1.111156e+01
         vertex 4.918542e+01 1.660000e+01 1.162500e+01
      endloop
   endfacet
   facet normal 0.000000e+00 1.000000e+00 -0.000000e+00
      outer loop
         vertex 5.044115e+01 1.660000e+01 1.090000e+01
         vertex 4.918542e+01 1.660000e+01 1.162500e+01
         vertex 5.062112e+01 1.660000e+01 1.115702e+01
      endloop
   endfacet
   facet normal 0.000000e+00 1.000000e+00 0.000000e+00
      outer loop
         vertex 5.062112e+01 1.660000e+01 1.115702e+01
         vertex 4.918542e+01 1.660000e+01 1.162500e+01
         vertex 4.951035e+01 1.660000e+01 1.208906e+01
      endloop
   endfacet
   facet normal 0.000000e+00 1.000000e+00 -0.000000e+00
      outer loop
         vertex 5.062112e+01 1.660000e+01 1.115702e+01
         vertex 4.951035e+01 1.660000e+01 1.208906e+01
         vertex 5.084298e+01 1.660000e+01 1.137888e+01
      endloop
   endfacet
   facet normal 0.000000e+00 1.000000e+00 0.000000e+00
      outer loop
         vertex 5.084298e+01 1.660000e+01 1.137888e+01
         vertex 4.951035e+01 1.660000e+01 1.208906e+01
         vertex 4.991094e+01 1.660000e+01 1.248964e+01
      endloop
   endfacet
   facet normal 0.000000e+00 1.000000e+00 -0.000000e+00
      outer loop
         vertex 5.084298e+01 1.660000e+01 1.137888e+01
         vertex 4.991094e+01 1.660000e+01 1.248964e+01
         vertex 5.110000e+01 1.660000e+01 1.155885e+01
      endloop
   endfacet
   facet normal 0.000000e+00 1.000000e+00 0.000000e+00
      outer loop
         vertex 5.110000e+01 1.660000e+01 1.155885e+01
         vertex 4.991094e+01 1.660000e+01 1.248964e+01
         vertex 5.037500e+01 1.660000e+01 1.281458e+01
      endloop
   endfacet
   facet normal 0.000000e+00 1.000000e+00 -0.000000e+00
      outer loop
         vertex 5.110000e+01 1.660000e+01 1.155885e+01
         vertex 5.037500e+01 1.660000e+01 1.281458e+01
         vertex 5.138436e+01 1.660000e+01 1.169145e+01
      endloop
   endfacet
   facet normal 0.000000e+00 1.000000e+00 0.000000e+00
      outer loop
         vertex 5.138436e+01 1.660000e+01 1.169145e+01
         vertex 5.037500e+01 1.660000e+01 1.281458e+01
         vertex 5.088843e+01 1.660000e+01 1.305400e+01
      endloop
   endfacet
   facet normal 0.000000e+00 1.000000e+00 -0.000000e+00
      outer loop
         vertex 5.138436e+01 1.660000e+01 1.169145e+01
         vertex 5.088843e+01 1.660000e+01 1.305400e+01
         vertex 5.168743e+01 1.660000e+01 1.177265e+01
      endloop
   endfacet
   facet normal 0.000000e+00 1.000000e+00 0.000000e+00
      outer loop
         vertex 5.168743e+01 1.660000e+01 1.177265e+01
         vertex 5.088843e+01 1.660000e+01 1.305400e+01
         vertex 5.143564e+01 1.660000e+01 1.320062e+01
      endloop
   endfacet
   facet normal 0.000000e+00 1.000000e+00 -0.000000e+00
      outer loop
         vertex 5.168743e+01 1.660000e+01 1.177265e+01
         vertex 5.143564e+01 1.660000e+01 1.320062e+01
         vertex 5.200000e+01 1.660000e+01 1.180000e+01
      endloop
   endfacet
   facet normal 0.000000e+00 1.000000e+00 -0.000000e+00
      outer loop
         vertex 5.200000e+01 1.660000e+01 1.180000e+01
         vertex 5.143564e+01 1.660000e+01 1.320062e+01
         vertex 5.200000e+01 1.660000e+01 1.325000e+01
      endloop
   endfacet
   facet normal -0.000000e+00 1.000000e+00 0.000000e+00
      outer loop
         vertex 5.200000e+01 1.660000e+01 1.180000e+01
         vertex 5.200000e+01 1.660000e+01 1.325000e+01
         vertex 5.231257e+01 1.660000e+01 1.177265e+01
      endloop
   endfacet
   facet normal 0.000000e+00 1.000000e+00 -0.000000e+00
      outer loop
         vertex 5.231257e+01 1.660000e+01 1.177265e+01
         vertex 5.200000e+01 1.660000e+01 1.325000e+01
         vertex 5.256436e+01 1.660000e+01 1.320062e+01
      endloop
   endfacet
   facet normal -0.000000e+00 1.000000e+00 0.000000e+00
      outer loop
         vertex 5.231257e+01 1.660000e+01 1.177265e+01
         vertex 5.256436e+01 1.660000e+01 1.320062e+01
         vertex 5.261564e+01 1.660000e+01 1.169145e+01
      endloop
   endfacet
   facet normal 0.000000e+00 1.000000e+00 -0.000000e+00
      outer loop
         vertex 5.261564e+01 1.660000e+01 1.169145e+01
         vertex 5.256436e+01 1.660000e+01 1.320062e+01
         vertex 5.311156e+01 1.660000e+01 1.305400e+01
      endloop
   endfacet
   facet normal -0.000000e+00 1.000000e+00 0.000000e+00
      outer loop
         vertex 5.261564e+01 1.660000e+01 1.169145e+01
         vertex 5.311156e+01 1.660000e+01 1.305400e+01
         vertex 5.290000e+01 1.660000e+01 1.155885e+01
      endloop
   endfacet
   facet normal 0.000000e+00 1.000000e+00 0.000000e+00
      outer loop
         vertex 5.290000e+01 1.660000e+01 1.155885e+01
         vertex 5.311156e+01 1.660000e+01 1.305400e+01
         vertex 5.362500e+01 1.660000e+01 1.281458e+01
      endloop
   endfacet
   facet normal -8.715516e-02 0.000000e+00 -9.961947e-01
      outer loop
         vertex 5.200000e+01 1.660000e+01 1.325000e+01
         vertex 5.200000e+01 1.997500e+01 1.325000e+01
         vertex 5.256436e+01 1.660000e+01 1.320062e+01
      endloop
   endfacet
   facet normal -8.715516e-02 0.000000e+00 -9.961947e-01
      outer loop
         vertex 5.256436e+01 1.660000e+01 1.320062e+01
         vertex 5.200000e+01 1.997500e+01 1.325000e+01
         vertex 5.256436e+01 1.997500e+01 1.320062e+01
      endloop
   endfacet
   facet normal -2.588195e-01 0.000000e+00 -9.659257e-01
      outer loop
         vertex 5.256436e+01 1.660000e+01 1.320062e+01
         vertex 5.256436e+01 1.997500e+01 1.320062e+01
         vertex 5.311156e+01 1.660000e+01 1.305400e+01
      endloop
   endfacet
   facet normal -2.588195e-01 0.000000e+00 -9.659257e-01
      outer loop
         vertex 5.311156e+01 1.660000e+01 1.305400e+01
         vertex 5.256436e+01 1.997500e+01 1.320062e+01
         vertex 5.311156e+01 1.997500e+01 1.305400e+01
      endloop
   endfacet
   facet normal -4.226182e-01 0.000000e+00 -9.063078e-01
      outer loop
         vertex 5.311156e+01 1.660000e+01 1.305400e+01
         vertex 5.311156e+01 1.997500e+01 1.305400e+01
         vertex 5.362500e+01 1.660000e+01 1.281458e+01
      endloop
   endfacet
   facet normal -4.226182e-01 0.000000e+00 -9.063078e-01
      outer loop
         vertex 5.362500e+01 1.660000e+01 1.281458e+01
         vertex 5.311156e+01 1.997500e+01 1.305400e+01
         vertex 5.362500e+01 1.997500e+01 1.281458e+01
      endloop
   endfacet
   facet normal -5.735771e-01 0.000000e+00 -8.191516e-01
      outer loop
         vertex 5.362500e+01 1.660000e+01 1.281458e+01
         vertex 5.362500e+01 1.997500e+01 1.281458e+01
         vertex 5.408906e+01 1.660000e+01 1.248964e+01
      endloop
   endfacet
   facet normal -5.735771e-01 0.000000e+00 -8.191516e-01
      outer loop
         vertex 5.408906e+01 1.660000e+01 1.248964e+01
         vertex 5.362500e+01 1.997500e+01 1.281458e+01
         vertex 5.408906e+01 1.997500e+01 1.248964e+01
      endloop
   endfacet
   facet normal -7.071051e-01 0.000000e+00 -7.071084e-01
      outer loop
         vertex 5.408906e+01 1.660000e+01 1.248964e+01
         vertex 5.408906e+01 1.997500e+01 1.248964e+01
         vertex 5.448964e+01 1.660000e+01 1.208906e+01
      endloop
   endfacet
   facet normal -7.071051e-01 0.000000e+00 -7.071084e-01
      outer loop
         vertex 5.448964e+01 1.660000e+01 1.208906e+01
         vertex 5.408906e+01 1.997500e+01 1.248964e+01
         vertex 5.448964e+01 1.997500e+01 1.208906e+01
      endloop
   endfacet
   facet normal -8.191521e-01 0.000000e+00 -5.735763e-01
      outer loop
         vertex 5.448964e+01 1.660000e+01 1.208906e+01
         vertex 5.448964e+01 1.997500e+01 1.208906e+01
         vertex 5.481458e+01 1.660000e+01 1.162500e+01
      endloop
   endfacet
   facet normal -8.191521e-01 0.000000e+00 -5.735763e-01
      outer loop
         vertex 5.481458e+01 1.660000e+01 1.162500e+01
         vertex 5.448964e+01 1.997500e+01 1.208906e+01
         vertex 5.481458e+01 1.997500e+01 1.162500e+01
      endloop
   endfacet
   facet normal -9.063088e-01 0.000000e+00 -4.226162e-01
      outer loop
         vertex 5.481458e+01 1.660000e+01 1.162500e+01
         vertex 5.481458e+01 1.997500e+01 1.162500e+01
         vertex 5.505400e+01 1.660000e+01 1.111156e+01
      endloop
   endfacet
   facet normal -9.063088e-01 0.000000e+00 -4.226162e-01
      outer loop
         vertex 5.505400e+01 1.660000e+01 1.111156e+01
         vertex 5.481458e+01 1.997500e+01 1.162500e+01
         vertex 5.505400e+01 1.997500e+01 1.111156e+01
      endloop
   endfacet
   facet normal -9.659252e-01 0.000000e+00 -2.588214e-01
      outer loop
         vertex 5.505400e+01 1.660000e+01 1.111156e+01
         vertex 5.505400e+01 1.997500e+01 1.111156e+01
         vertex 5.520063e+01 1.660000e+01 1.056436e+01
      endloop
   endfacet
   facet normal -9.659252e-01 0.000000e+00 -2.588214e-01
      outer loop
         vertex 5.520063e+01 1.660000e+01 1.056436e+01
         vertex 5.505400e+01 1.997500e+01 1.111156e+01
         vertex 5.520063e+01 1.997500e+01 1.056436e+01
      endloop
   endfacet
   facet normal -9.961947e-01 0.000000e+00 -8.715612e-02
      outer loop
         vertex 5.520063e+01 1.660000e+01 1.056436e+01
         vertex 5.520063e+01 1.997500e+01 1.056436e+01
         vertex 5.525000e+01 1.660000e+01 1.000000e+01
      endloop
   endfacet
   facet normal -9.961947e-01 0.000000e+00 -8.715612e-02
      outer loop
         vertex 5.525000e+01 1.660000e+01 1.000000e+01
         vertex 5.520063e+01 1.997500e+01 1.056436e+01
         vertex 5.525000e+01 1.997500e+01 1.000000e+01
      endloop
   endfacet
   facet normal -9.961947e-01 0.000000e+00 8.715598e-02
      outer loop
         vertex 5.525000e+01 1.660000e+01 1.000000e+01
         vertex 5.525000e+01 1.997500e+01 1.000000e+01
         vertex 5.520063e+01 1.660000e+01 9.435643e+00
      endloop
   endfacet
   facet normal -9.961947e-01 0.000000e+00 8.715598e-02
      outer loop
         vertex 5.520063e+01 1.660000e+01 9.435643e+00
         vertex 5.525000e+01 1.997500e+01 1.000000e+01
         vertex 5.520063e+01 1.997500e+01 9.435643e+00
      endloop
   endfacet
   facet normal -9.659252e-01 0.000000e+00 2.588214e-01
      outer loop
         vertex 5.520063e+01 1.660000e+01 9.435643e+00
         vertex 5.520063e+01 1.997500e+01 9.435643e+00
         vertex 5.505400e+01 1.660000e+01 8.888434e+00
      endloop
   endfacet
   facet normal -9.659252e-01 0.000000e+00 2.588214e-01
      outer loop
         vertex 5.505400e+01 1.660000e+01 8.888434e+00
         vertex 5.520063e+01 1.997500e+01 9.435643e+00
         vertex 5.505400e+01 1.997500e+01 8.888434e+00
      endloop
   endfacet
   facet normal -9.063088e-01 0.000000e+00 4.226162e-01
      outer loop
         vertex 5.505400e+01 1.660000e+01 8.888434e+00
         vertex 5.505400e+01 1.997500e+01 8.888434e+00
         vertex 5.481458e+01 1.660000e+01 8.374999e+00
      endloop
   endfacet
   facet normal -9.063088e-01 0.000000e+00 4.226162e-01
      outer loop
         vertex 5.481458e+01 1.660000e+01 8.374999e+00
         vertex 5.505400e+01 1.997500e+01 8.888434e+00
         vertex 5.481458e+01 1.997500e+01 8.374999e+00
      endloop
   endfacet
   facet normal -8.191516e-01 0.000000e+00 5.735771e-01
      outer loop
         vertex 5.481458e+01 1.660000e+01 8.374999e+00
         vertex 5.481458e+01 1.997500e+01 8.374999e+00
         vertex 5.448964e+01 1.660000e+01 7.910940e+00
      endloop
   endfacet
   facet normal -8.191516e-01 0.000000e+00 5.735771e-01
      outer loop
         vertex 5.448964e+01 1.660000e+01 7.910940e+00
         vertex 5.481458e+01 1.997500e+01 8.374999e+00
         vertex 5.448964e+01 1.997500e+01 7.910940e+00
      endloop
   endfacet
   facet normal -7.071060e-01 0.000000e+00 7.071076e-01
      outer loop
         vertex 5.448964e+01 1.660000e+01 7.910940e+00
         vertex 5.448964e+01 1.997500e+01 7.910940e+00
         vertex 5.408906e+01 1.660000e+01 7.510355e+00
      endloop
   endfacet
   facet normal -7.071060e-01 0.000000e+00 7.071076e-01
      outer loop
         vertex 5.408906e+01 1.660000e+01 7.510355e+00
         vertex 5.448964e+01 1.997500e+01 7.910940e+00
         vertex 5.408906e+01 1.997500e+01 7.510355e+00
      endloop
   endfacet
   facet normal -5.735760e-01 0.000000e+00 8.191524e-01
      outer loop
         vertex 5.408906e+01 1.660000e+01 7.510355e+00
         vertex 5.408906e+01 1.997500e+01 7.510355e+00
         vertex 5.362500e+01 1.660000e+01 7.185417e+00
      endloop
   endfacet
   facet normal -5.735760e-01 0.000000e+00 8.191524e-01
      outer loop
         vertex 5.362500e+01 1.660000e+01 7.185417e+00
         vertex 5.408906e+01 1.997500e+01 7.510355e+00
         vertex 5.362500e+01 1.997500e+01 7.185417e+00
      endloop
   endfacet
   facet normal -4.226189e-01 0.000000e+00 9.063075e-01
      outer loop
         vertex 5.362500e+01 1.660000e+01 7.185417e+00
         vertex 5.362500e+01 1.997500e+01 7.185417e+00
         vertex 5.311156e+01 1.660000e+01 6.945998e+00
      endloop
   endfacet
   facet normal -4.226189e-01 0.000000e+00 9.063075e-01
      outer loop
         vertex 5.311156e+01 1.660000e+01 6.945998e+00
         vertex 5.362500e+01 1.997500e+01 7.185417e+00
         vertex 5.311156e+01 1.997500e+01 6.945998e+00
      endloop
   endfacet
   facet normal -2.588187e-01 0.000000e+00 9.659259e-01
      outer loop
         vertex 5.311156e+01 1.660000e+01 6.945998e+00
         vertex 5.311156e+01 1.997500e+01 6.945998e+00
         vertex 5.256436e+01 1.660000e+01 6.799375e+00
      endloop
   endfacet
   facet normal -2.588187e-01 0.000000e+00 9.659259e-01
      outer loop
         vertex 5.256436e+01 1.660000e+01 6.799375e+00
         vertex 5.311156e+01 1.997500e+01 6.945998e+00
         vertex 5.256436e+01 1.997500e+01 6.799375e+00
      endloop
   endfacet
   facet normal -8.715598e-02 0.000000e+00 9.961947e-01
      outer loop
         vertex 5.256436e+01 1.660000e+01 6.799375e+00
         vertex 5.256436e+01 1.997500e+01 6.799375e+00
         vertex 5.200000e+01 1.660000e+01 6.750000e+00
      endloop
   endfacet
   facet normal -8.715598e-02 0.000000e+00 9.961947e-01
      outer loop
         vertex 5.200000e+01 1.660000e+01 6.750000e+00
         vertex 5.256436e+01 1.997500e+01 6.799375e+00
         vertex 5.200000e+01 1.997500e+01 6.750000e+00
      endloop
   endfacet
   facet normal 8.715598e-02 -0.000000e+00 9.961947e-01
      outer loop
         vertex 5.200000e+01 1.660000e+01 6.750000e+00
         vertex 5.200000e+01 1.997500e+01 6.750000e+00
         vertex 5.143564e+01 1.660000e+01 6.799375e+00
      endloop
   endfacet
   facet normal 8.715598e-02 -0.000000e+00 9.961947e-01
      outer loop
         vertex 5.143564e+01 1.660000e+01 6.799375e+00
         vertex 5.200000e+01 1.997500e+01 6.750000e+00
         vertex 5.143564e+01 1.997500e+01 6.799375e+00
      endloop
   endfacet
   facet normal 2.588187e-01 -0.000000e+00 9.659259e-01
      outer loop
         vertex 5.143564e+01 1.660000e+01 6.799375e+00
         vertex 5.143564e+01 1.997500e+01 6.799375e+00
         vertex 5.088843e+01 1.660000e+01 6.945998e+00
      endloop
   endfacet
   facet normal 2.588187e-01 -0.000000e+00 9.659259e-01
      outer loop
         vertex 5.088843e+01 1.660000e+01 6.945998e+00
         vertex 5.143564e+01 1.997500e+01 6.799375e+00
         vertex 5.088843e+01 1.997500e+01 6.945998e+00
      endloop
   endfacet
   facet normal 4.226189e-01 -0.000000e+00 9.063075e-01
      outer loop
         vertex 5.088843e+01 1.660000e+01 6.945998e+00
         vertex 5.088843e+01 1.997500e+01 6.945998e+00
         vertex 5.037500e+01 1.660000e+01 7.185417e+00
      endloop
   endfacet
   facet normal 4.226189e-01 -0.000000e+00 9.063075e-01
      outer loop
         vertex 5.037500e+01 1.660000e+01 7.185417e+00
         vertex 5.088843e+01 1.997500e+01 6.945998e+00
         vertex 5.037500e+01 1.997500e+01 7.185417e+00
      endloop
   endfacet
   facet normal 5.735760e-01 -0.000000e+00 8.191524e-01
      outer loop
         vertex 5.037500e+01 1.660000e+01 7.185417e+00
         vertex 5.037500e+01 1.997500e+01 7.185417e+00
         vertex 4.991094e+01 1.660000e+01 7.510355e+00
      endloop
   endfacet
   facet normal 5.735760e-01 -0.000000e+00 8.191524e-01
      outer loop
         vertex 4.991094e+01 1.660000e+01 7.510355e+00
         vertex 5.037500e+01 1.997500e+01 7.185417e+00
         vertex 4.991094e+01 1.997500e+01 7.510355e+00
      endloop
   endfacet
   facet normal 7.071060e-01 -0.000000e+00 7.071076e-01
      outer loop
         vertex 4.991094e+01 1.660000e+01 7.510355e+00
         vertex 4.991094e+01 1.997500e+01 7.510355e+00
         vertex 4.951035e+01 1.660000e+01 7.910940e+00
      endloop
   endfacet
   facet normal 7.071060e-01 -0.000000e+00 7.071076e-01
      outer loop
         vertex 4.951035e+01 1.660000e+01 7.910940e+00
         vertex 4.991094e+01 1.997500e+01 7.510355e+00
         vertex 4.951035e+01 1.997500e+01 7.910940e+00
      endloop
   endfacet
   facet normal 8.191531e-01 -0.000000e+00 5.735749e-01
      outer loop
         vertex 4.951035e+01 1.660000e+01 7.910940e+00
         vertex 4.951035e+01 1.997500e+01 7.910940e+00
         vertex 4.918542e+01 1.660000e+01 8.374999e+00
      endloop
   endfacet
   facet normal 8.191531e-01 -0.000000e+00 5.735749e-01
      outer loop
         vertex 4.918542e+01 1.660000e+01 8.374999e+00
         vertex 4.951035e+01 1.997500e+01 7.910940e+00
         vertex 4.918542e+01 1.997500e+01 8.374999e+00
      endloop
   endfacet
   facet normal 9.063075e-01 -0.000000e+00 4.226189e-01
      outer loop
         vertex 4.918542e+01 1.660000e+01 8.374999e+00
         vertex 4.918542e+01 1.997500e+01 8.374999e+00
         vertex 4.894600e+01 1.660000e+01 8.888434e+00
      endloop
   endfacet
   facet normal 9.063075e-01 -0.000000e+00 4.226189e-01
      outer loop
         vertex 4.894600e+01 1.660000e+01 8.888434e+00
         vertex 4.918542e+01 1.997500e+01 8.374999e+00
         vertex 4.894600e+01 1.997500e+01 8.888434e+00
      endloop
   endfacet
   facet normal 9.659252e-01 -0.000000e+00 2.588214e-01
      outer loop
         vertex 4.894600e+01 1.660000e+01 8.888434e+00
         vertex 4.894600e+01 1.997500e+01 8.888434e+00
         vertex 4.879937e+01 1.660000e+01 9.435643e+00
      endloop
   endfacet
   facet normal 9.659252e-01 -0.000000e+00 2.588214e-01
      outer loop
         vertex 4.879937e+01 1.660000e+01 9.435643e+00
         vertex 4.894600e+01 1.997500e+01 8.888434e+00
         vertex 4.879937e+01 1.997500e+01 9.435643e+00
      endloop
   endfacet
   facet normal 9.961950e-01 -0.000000e+00 8.715272e-02
      outer loop
         vertex 4.879937e+01 1.660000e+01 9.435643e+00
         vertex 4.879937e+01 1.997500e+01 9.435643e+00
         vertex 4.875000e+01 1.660000e+01 1.000000e+01
      endloop
   endfacet
   facet normal 9.961950e-01 -0.000000e+00 8.715272e-02
      outer loop
         vertex 4.875000e+01 1.660000e+01 1.000000e+01
         vertex 4.879937e+01 1.997500e+01 9.435643e+00
         vertex 4.875000e+01 1.997500e+01 1.000000e+01
      endloop
   endfacet
   facet normal 9.961950e-01 0.000000e+00 -8.715286e-02
      outer loop
         vertex 4.875000e+01 1.660000e+01 1.000000e+01
         vertex 4.875000e+01 1.997500e+01 1.000000e+01
         vertex 4.879937e+01 1.660000e+01 1.056436e+01
      endloop
   endfacet
   facet normal 9.961950e-01 0.000000e+00 -8.715286e-02
      outer loop
         vertex 4.879937e+01 1.660000e+01 1.056436e+01
         vertex 4.875000e+01 1.997500e+01 1.000000e+01
         vertex 4.879937e+01 1.997500e+01 1.056436e+01
      endloop
   endfacet
   facet normal 9.659252e-01 0.000000e+00 -2.588214e-01
      outer loop
         vertex 4.879937e+01 1.660000e+01 1.056436e+01
         vertex 4.879937e+01 1.997500e+01 1.056436e+01
         vertex 4.894600e+01 1.660000e+01 1.111156e+01
      endloop
   endfacet
   facet normal 9.659252e-01 0.000000e+00 -2.588214e-01
      outer loop
         vertex 4.894600e+01 1.660000e+01 1.111156e+01
         vertex 4.879937e+01 1.997500e+01 1.056436e+01
         vertex 4.894600e+01 1.997500e+01 1.111156e+01
      endloop
   endfacet
   facet normal 9.063075e-01 0.000000e+00 -4.226189e-01
      outer loop
         vertex 4.894600e+01 1.660000e+01 1.111156e+01
         vertex 4.894600e+01 1.997500e+01 1.111156e+01
         vertex 4.918542e+01 1.660000e+01 1.162500e+01
      endloop
   endfacet
   facet normal 9.063075e-01 0.000000e+00 -4.226189e-01
      outer loop
         vertex 4.918542e+01 1.660000e+01 1.162500e+01
         vertex 4.894600e+01 1.997500e+01 1.111156e+01
         vertex 4.918542e+01 1.997500e+01 1.162500e+01
      endloop
   endfacet
   facet normal 8.191537e-01 0.000000e+00 -5.735741e-01
      outer loop
         vertex 4.918542e+01 1.660000e+01 1.162500e+01
         vertex 4.918542e+01 1.997500e+01 1.162500e+01
         vertex 4.951035e+01 1.660000e+01 1.208906e+01
      endloop
   endfacet
   facet normal 8.191537e-01 0.000000e+00 -5.735741e-01
      outer loop
         vertex 4.951035e+01 1.660000e+01 1.208906e+01
         vertex 4.918542e+01 1.997500e+01 1.162500e+01
         vertex 4.951035e+01 1.997500e+01 1.208906e+01
      endloop
   endfacet
   facet normal 7.071051e-01 0.000000e+00 -7.071084e-01
      outer loop
         vertex 4.951035e+01 1.660000e+01 1.208906e+01
         vertex 4.951035e+01 1.997500e+01 1.208906e+01
         vertex 4.991094e+01 1.660000e+01 1.248964e+01
      endloop
   endfacet
   facet normal 7.071051e-01 0.000000e+00 -7.071084e-01
      outer loop
         vertex 4.991094e+01 1.660000e+01 1.248964e+01
         vertex 4.951035e+01 1.997500e+01 1.208906e+01
         vertex 4.991094e+01 1.997500e+01 1.248964e+01
      endloop
   endfacet
   facet normal 5.735771e-01 0.000000e+00 -8.191516e-01
      outer loop
         vertex 4.991094e+01 1.660000e+01 1.248964e+01
         vertex 4.991094e+01 1.997500e+01 1.248964e+01
         vertex 5.037500e+01 1.660000e+01 1.281458e+01
      endloop
   endfacet
   facet normal 5.735771e-01 0.000000e+00 -8.191516e-01
      outer loop
         vertex 5.037500e+01 1.660000e+01 1.281458e+01
         vertex 4.991094e+01 1.997500e+01 1.248964e+01
         vertex 5.037500e+01 1.997500e+01 1.281458e+01
      endloop
   endfacet
   facet normal 4.226182e-01 0.000000e+00 -9.063078e-01
      outer loop
         vertex 5.037500e+01 1.660000e+01 1.281458e+01
         vertex 5.037500e+01 1.997500e+01 1.281458e+01
         vertex 5.088843e+01 1.660000e+01 1.305400e+01
      endloop
   endfacet
   facet normal 4.226182e-01 0.000000e+00 -9.063078e-01
      outer loop
         vertex 5.088843e+01 1.660000e+01 1.305400e+01
         vertex 5.037500e+01 1.997500e+01 1.281458e+01
         vertex 5.088843e+01 1.997500e+01 1.305400e+01
      endloop
   endfacet
   facet normal 2.588195e-01 0.000000e+00 -9.659257e-01
      outer loop
         vertex 5.088843e+01 1.660000e+01 1.305400e+01
         vertex 5.088843e+01 1.997500e+01 1.305400e+01
         vertex 5.143564e+01 1.660000e+01 1.320062e+01
      endloop
   endfacet
   facet normal 2.588195e-01 0.000000e+00 -9.659257e-01
      outer loop
         vertex 5.143564e+01 1.660000e+01 1.320062e+01
         vertex 5.088843e+01 1.997500e+01 1.305400e+01
         vertex 5.143564e+01 1.997500e+01 1.320062e+01
      endloop
   endfacet
   facet normal 8.715516e-02 0.000000e+00 -9.961947e-01
      outer loop
         vertex 5.143564e+01 1.660000e+01 1.320062e+01
         vertex 5.143564e+01 1.997500e+01 1.320062e+01
         vertex 5.200000e+01 1.660000e+01 1.325000e+01
      endloop
   endfacet
   facet normal 8.715516e-02 0.000000e+00 -9.961947e-01
      outer loop
         vertex 5.200000e+01 1.660000e+01 1.325000e+01
         vertex 5.143564e+01 1.997500e+01 1.320062e+01
         vertex 5.200000e+01 1.997500e+01 1.325000e+01
      endloop
   endfacet
   facet normal -1.833616e-01 7.057572e-01 -6.843137e-01
      outer loop
         vertex 5.256436e+01 1.997500e+01 1.320062e+01
         vertex 5.256870e+01 2.000000e+01 1.322524e+01
         vertex 5.311156e+01 1.997500e+01 1.305400e+01
      endloop
   endfacet
   facet normal -1.833587e-01 7.057657e-01 -6.843057e-01
      outer loop
         vertex 5.311156e+01 1.997500e+01 1.305400e+01
         vertex 5.256870e+01 2.000000e+01 1.322524e+01
         vertex 5.312012e+01 2.000000e+01 1.307749e+01
      endloop
   endfacet
   facet normal -2.994009e-01 7.057680e-01 -6.420675e-01
      outer loop
         vertex 5.311156e+01 1.997500e+01 1.305400e+01
         vertex 5.312012e+01 2.000000e+01 1.307749e+01
         vertex 5.362500e+01 1.997500e+01 1.281458e+01
      endloop
   endfacet
   facet normal -2.994031e-01 7.057637e-01 -6.420712e-01
      outer loop
         vertex 5.362500e+01 1.997500e+01 1.281458e+01
         vertex 5.312012e+01 2.000000e+01 1.307749e+01
         vertex 5.363750e+01 2.000000e+01 1.283623e+01
      endloop
   endfacet
   facet normal -4.063488e-01 7.057644e-01 -5.803252e-01
      outer loop
         vertex 5.362500e+01 1.997500e+01 1.281458e+01
         vertex 5.363750e+01 2.000000e+01 1.283623e+01
         vertex 5.408906e+01 1.997500e+01 1.248964e+01
      endloop
   endfacet
   facet normal -4.063411e-01 7.057763e-01 -5.803161e-01
      outer loop
         vertex 5.408906e+01 1.997500e+01 1.248964e+01
         vertex 5.363750e+01 2.000000e+01 1.283623e+01
         vertex 5.410513e+01 2.000000e+01 1.250880e+01
      endloop
   endfacet
   facet normal -5.009364e-01 7.057784e-01 -5.009387e-01
      outer loop
         vertex 5.408906e+01 1.997500e+01 1.248964e+01
         vertex 5.410513e+01 2.000000e+01 1.250880e+01
         vertex 5.448964e+01 1.997500e+01 1.208906e+01
      endloop
   endfacet
   facet normal -5.009615e-01 7.057456e-01 -5.009598e-01
      outer loop
         vertex 5.448964e+01 1.997500e+01 1.208906e+01
         vertex 5.410513e+01 2.000000e+01 1.250880e+01
         vertex 5.450879e+01 2.000000e+01 1.210513e+01
      endloop
   endfacet
   facet normal -5.803415e-01 7.057448e-01 -4.063594e-01
      outer loop
         vertex 5.448964e+01 1.997500e+01 1.208906e+01
         vertex 5.450879e+01 2.000000e+01 1.210513e+01
         vertex 5.481458e+01 1.997500e+01 1.162500e+01
      endloop
   endfacet
   facet normal -5.803340e-01 7.057535e-01 -4.063550e-01
      outer loop
         vertex 5.481458e+01 1.997500e+01 1.162500e+01
         vertex 5.450879e+01 2.000000e+01 1.210513e+01
         vertex 5.483623e+01 2.000000e+01 1.163750e+01
      endloop
   endfacet
   facet normal -6.420829e-01 7.057516e-01 -2.994064e-01
      outer loop
         vertex 5.481458e+01 1.997500e+01 1.162500e+01
         vertex 5.483623e+01 2.000000e+01 1.163750e+01
         vertex 5.505400e+01 1.997500e+01 1.111156e+01
      endloop
   endfacet
   facet normal -6.420559e-01 7.057804e-01 -2.993966e-01
      outer loop
         vertex 5.505400e+01 1.997500e+01 1.111156e+01
         vertex 5.483623e+01 2.000000e+01 1.163750e+01
         vertex 5.507749e+01 2.000000e+01 1.112012e+01
      endloop
   endfacet
   facet normal -6.842899e-01 7.057816e-01 -1.833567e-01
      outer loop
         vertex 5.505400e+01 1.997500e+01 1.111156e+01
         vertex 5.507749e+01 2.000000e+01 1.112012e+01
         vertex 5.520063e+01 1.997500e+01 1.056436e+01
      endloop
   endfacet
   facet normal -6.843294e-01 7.057415e-01 -1.833636e-01
      outer loop
         vertex 5.520063e+01 1.997500e+01 1.056436e+01
         vertex 5.507749e+01 2.000000e+01 1.112012e+01
         vertex 5.522524e+01 2.000000e+01 1.056870e+01
      endloop
   endfacet
   facet normal -7.057734e-01 7.057415e-01 -6.174745e-02
      outer loop
         vertex 5.520063e+01 1.997500e+01 1.056436e+01
         vertex 5.522524e+01 2.000000e+01 1.056870e+01
         vertex 5.525000e+01 1.997500e+01 1.000000e+01
      endloop
   endfacet
   facet normal -7.057706e-01 7.057443e-01 -6.174745e-02
      outer loop
         vertex 5.525000e+01 1.997500e+01 1.000000e+01
         vertex 5.522524e+01 2.000000e+01 1.056870e+01
         vertex 5.527500e+01 2.000000e+01 1.000000e+01
      endloop
   endfacet
   facet normal -7.057706e-01 7.057444e-01 6.174710e-02
      outer loop
         vertex 5.525000e+01 1.997500e+01 1.000000e+01
         vertex 5.527500e+01 2.000000e+01 1.000000e+01
         vertex 5.520063e+01 1.997500e+01 9.435643e+00
      endloop
   endfacet
   facet normal -7.057734e-01 7.057415e-01 6.174759e-02
      outer loop
         vertex 5.520063e+01 1.997500e+01 9.435643e+00
         vertex 5.527500e+01 2.000000e+01 1.000000e+01
         vertex 5.522524e+01 2.000000e+01 9.431302e+00
      endloop
   endfacet
   facet normal -6.843286e-01 7.057414e-01 1.833670e-01
      outer loop
         vertex 5.520063e+01 1.997500e+01 9.435643e+00
         vertex 5.522524e+01 2.000000e+01 9.431302e+00
         vertex 5.505400e+01 1.997500e+01 8.888434e+00
      endloop
   endfacet
   facet normal -6.842910e-01 7.057814e-01 1.833533e-01
      outer loop
         vertex 5.505400e+01 1.997500e+01 8.888434e+00
         vertex 5.522524e+01 2.000000e+01 9.431302e+00
         vertex 5.507749e+01 2.000000e+01 8.879883e+00
      endloop
   endfacet
   facet normal -6.420569e-01 7.057805e-01 2.993942e-01
      outer loop
         vertex 5.505400e+01 1.997500e+01 8.888434e+00
         vertex 5.507749e+01 2.000000e+01 8.879883e+00
         vertex 5.481458e+01 1.997500e+01 8.374999e+00
      endloop
   endfacet
   facet normal -6.420866e-01 7.057462e-01 2.994114e-01
      outer loop
         vertex 5.481458e+01 1.997500e+01 8.374999e+00
         vertex 5.507749e+01 2.000000e+01 8.879883e+00
         vertex 5.483623e+01 2.000000e+01 8.362500e+00
      endloop
   endfacet
   facet normal -5.803403e-01 7.057459e-01 4.063593e-01
      outer loop
         vertex 5.481458e+01 1.997500e+01 8.374999e+00
         vertex 5.483623e+01 2.000000e+01 8.362500e+00
         vertex 5.448964e+01 1.997500e+01 7.910940e+00
      endloop
   endfacet
   facet normal -5.803353e-01 7.057524e-01 4.063551e-01
      outer loop
         vertex 5.448964e+01 1.997500e+01 7.910940e+00
         vertex 5.483623e+01 2.000000e+01 8.362500e+00
         vertex 5.450879e+01 2.000000e+01 7.894870e+00
      endloop
   endfacet
   facet normal -5.009535e-01 7.057549e-01 5.009547e-01
      outer loop
         vertex 5.448964e+01 1.997500e+01 7.910940e+00
         vertex 5.450879e+01 2.000000e+01 7.894870e+00
         vertex 5.408906e+01 1.997500e+01 7.510355e+00
      endloop
   endfacet
   facet normal -5.009415e-01 7.057736e-01 5.009403e-01
      outer loop
         vertex 5.408906e+01 1.997500e+01 7.510355e+00
         vertex 5.450879e+01 2.000000e+01 7.894870e+00
         vertex 5.410513e+01 2.000000e+01 7.491204e+00
      endloop
   endfacet
   facet normal -4.063443e-01 7.057708e-01 5.803205e-01
      outer loop
         vertex 5.408906e+01 1.997500e+01 7.510355e+00
         vertex 5.410513e+01 2.000000e+01 7.491204e+00
         vertex 5.362500e+01 1.997500e+01 7.185417e+00
      endloop
   endfacet
   facet normal -4.063475e-01 7.057644e-01 5.803260e-01
      outer loop
         vertex 5.362500e+01 1.997500e+01 7.185417e+00
         vertex 5.410513e+01 2.000000e+01 7.491204e+00
         vertex 5.363750e+01 2.000000e+01 7.163767e+00
      endloop
   endfacet
   facet normal -2.994032e-01 7.057637e-01 6.420711e-01
      outer loop
         vertex 5.362500e+01 1.997500e+01 7.185417e+00
         vertex 5.363750e+01 2.000000e+01 7.163767e+00
         vertex 5.311156e+01 1.997500e+01 6.945998e+00
      endloop
   endfacet
   facet normal -2.993997e-01 7.057739e-01 6.420615e-01
      outer loop
         vertex 5.311156e+01 1.997500e+01 6.945998e+00
         vertex 5.363750e+01 2.000000e+01 7.163767e+00
         vertex 5.312012e+01 2.000000e+01 6.922506e+00
      endloop
   endfacet
   facet normal -1.833572e-01 7.057721e-01 6.842995e-01
      outer loop
         vertex 5.311156e+01 1.997500e+01 6.945998e+00
         vertex 5.312012e+01 2.000000e+01 6.922506e+00
         vertex 5.256436e+01 1.997500e+01 6.799375e+00
      endloop
   endfacet
   facet normal -1.833587e-01 7.057637e-01 6.843079e-01
      outer loop
         vertex 5.256436e+01 1.997500e+01 6.799375e+00
         vertex 5.312012e+01 2.000000e+01 6.922506e+00
         vertex 5.256870e+01 2.000000e+01 6.774754e+00
      endloop
   endfacet
   facet normal -6.174515e-02 7.057668e-01 7.057484e-01
      outer loop
         vertex 5.256436e+01 1.997500e+01 6.799375e+00
         vertex 5.256870e+01 2.000000e+01 6.774754e+00
         vertex 5.200000e+01 1.997500e+01 6.750000e+00
      endloop
   endfacet
   facet normal -6.174515e-02 7.057707e-01 7.057444e-01
      outer loop
         vertex 5.200000e+01 1.997500e+01 6.750000e+00
         vertex 5.256870e+01 2.000000e+01 6.774754e+00
         vertex 5.200000e+01 2.000000e+01 6.724999e+00
      endloop
   endfacet
   facet normal 6.174481e-02 7.057707e-01 7.057445e-01
      outer loop
         vertex 5.200000e+01 1.997500e+01 6.750000e+00
         vertex 5.200000e+01 2.000000e+01 6.724999e+00
         vertex 5.143564e+01 1.997500e+01 6.799375e+00
      endloop
   endfacet
   facet normal 6.174550e-02 7.057668e-01 7.057484e-01
      outer loop
         vertex 5.143564e+01 1.997500e+01 6.799375e+00
         vertex 5.200000e+01 2.000000e+01 6.724999e+00
         vertex 5.143130e+01 2.000000e+01 6.774754e+00
      endloop
   endfacet
   facet normal 1.833594e-01 7.057636e-01 6.843077e-01
      outer loop
         vertex 5.143564e+01 1.997500e+01 6.799375e+00
         vertex 5.143130e+01 2.000000e+01 6.774754e+00
         vertex 5.088843e+01 1.997500e+01 6.945998e+00
      endloop
   endfacet
   facet normal 1.833565e-01 7.057721e-01 6.842997e-01
      outer loop
         vertex 5.088843e+01 1.997500e+01 6.945998e+00
         vertex 5.143130e+01 2.000000e+01 6.774754e+00
         vertex 5.087988e+01 2.000000e+01 6.922506e+00
      endloop
   endfacet
   facet normal 2.993989e-01 7.057740e-01 6.420618e-01
      outer loop
         vertex 5.088843e+01 1.997500e+01 6.945998e+00
         vertex 5.087988e+01 2.000000e+01 6.922506e+00
         vertex 5.037500e+01 1.997500e+01 7.185417e+00
      endloop
   endfacet
   facet normal 2.994040e-01 7.057638e-01 6.420707e-01
      outer loop
         vertex 5.037500e+01 1.997500e+01 7.185417e+00
         vertex 5.087988e+01 2.000000e+01 6.922506e+00
         vertex 5.036250e+01 2.000000e+01 7.163767e+00
      endloop
   endfacet
   facet normal 4.063480e-01 7.057644e-01 5.803257e-01
      outer loop
         vertex 5.037500e+01 1.997500e+01 7.185417e+00
         vertex 5.036250e+01 2.000000e+01 7.163767e+00
         vertex 4.991094e+01 1.997500e+01 7.510355e+00
      endloop
   endfacet
   facet normal 4.063438e-01 7.057708e-01 5.803208e-01
      outer loop
         vertex 4.991094e+01 1.997500e+01 7.510355e+00
         vertex 5.036250e+01 2.000000e+01 7.163767e+00
         vertex 4.989487e+01 2.000000e+01 7.491204e+00
      endloop
   endfacet
   facet normal 5.009403e-01 7.057737e-01 5.009414e-01
      outer loop
         vertex 4.991094e+01 1.997500e+01 7.510355e+00
         vertex 4.989487e+01 2.000000e+01 7.491204e+00
         vertex 4.951035e+01 1.997500e+01 7.910940e+00
      endloop
   endfacet
   facet normal 5.009546e-01 7.057550e-01 5.009535e-01
      outer loop
         vertex 4.951035e+01 1.997500e+01 7.910940e+00
         vertex 4.989487e+01 2.000000e+01 7.491204e+00
         vertex 4.949120e+01 2.000000e+01 7.894870e+00
      endloop
   endfacet
   facet normal 5.803361e-01 7.057524e-01 4.063541e-01
      outer loop
         vertex 4.951035e+01 1.997500e+01 7.910940e+00
         vertex 4.949120e+01 2.000000e+01 7.894870e+00
         vertex 4.918542e+01 1.997500e+01 8.374999e+00
      endloop
   endfacet
   facet normal 5.803228e-01 7.057676e-01 4.063464e-01
      outer loop
         vertex 4.918542e+01 1.997500e+01 8.374999e+00
         vertex 4.949120e+01 2.000000e+01 7.894870e+00
         vertex 4.916377e+01 2.000000e+01 8.362500e+00
      endloop
   endfacet
   facet normal 6.420653e-01 7.057701e-01 2.994005e-01
      outer loop
         vertex 4.918542e+01 1.997500e+01 8.374999e+00
         vertex 4.916377e+01 2.000000e+01 8.362500e+00
         vertex 4.894600e+01 1.997500e+01 8.888434e+00
      endloop
   endfacet
   facet normal 6.420557e-01 7.057803e-01 2.993970e-01
      outer loop
         vertex 4.894600e+01 1.997500e+01 8.888434e+00
         vertex 4.916377e+01 2.000000e+01 8.362500e+00
         vertex 4.892251e+01 2.000000e+01 8.879883e+00
      endloop
   endfacet
   facet normal 6.842899e-01 7.057816e-01 1.833567e-01
      outer loop
         vertex 4.894600e+01 1.997500e+01 8.888434e+00
         vertex 4.892251e+01 2.000000e+01 8.879883e+00
         vertex 4.879937e+01 1.997500e+01 9.435643e+00
      endloop
   endfacet
   facet normal 6.843294e-01 7.057415e-01 1.833636e-01
      outer loop
         vertex 4.879937e+01 1.997500e+01 9.435643e+00
         vertex 4.892251e+01 2.000000e+01 8.879883e+00
         vertex 4.877475e+01 2.000000e+01 9.431302e+00
      endloop
   endfacet
   facet normal 7.057738e-01 7.057414e-01 6.174504e-02
      outer loop
         vertex 4.879937e+01 1.997500e+01 9.435643e+00
         vertex 4.877475e+01 2.000000e+01 9.431302e+00
         vertex 4.875000e+01 1.997500e+01 1.000000e+01
      endloop
   endfacet
   facet normal 7.057444e-01 7.057707e-01 6.174505e-02
      outer loop
         vertex 4.875000e+01 1.997500e+01 1.000000e+01
         vertex 4.877475e+01 2.000000e+01 9.431302e+00
         vertex 4.872500e+01 2.000000e+01 1.000000e+01
      endloop
   endfacet
   facet normal 7.057446e-01 7.057708e-01 -6.174259e-02
      outer loop
         vertex 4.875000e+01 1.997500e+01 1.000000e+01
         vertex 4.872500e+01 2.000000e+01 1.000000e+01
         vertex 4.879937e+01 1.997500e+01 1.056436e+01
      endloop
   endfacet
   facet normal 7.057734e-01 7.057415e-01 -6.174769e-02
      outer loop
         vertex 4.879937e+01 1.997500e+01 1.056436e+01
         vertex 4.872500e+01 2.000000e+01 1.000000e+01
         vertex 4.877475e+01 2.000000e+01 1.056870e+01
      endloop
   endfacet
   facet normal 6.843286e-01 7.057414e-01 -1.833670e-01
      outer loop
         vertex 4.879937e+01 1.997500e+01 1.056436e+01
         vertex 4.877475e+01 2.000000e+01 1.056870e+01
         vertex 4.894600e+01 1.997500e+01 1.111156e+01
      endloop
   endfacet
   facet normal 6.842910e-01 7.057814e-01 -1.833533e-01
      outer loop
         vertex 4.894600e+01 1.997500e+01 1.111156e+01
         vertex 4.877475e+01 2.000000e+01 1.056870e+01
         vertex 4.892251e+01 2.000000e+01 1.112012e+01
      endloop
   endfacet
   facet normal 6.420561e-01 7.057804e-01 -2.993962e-01
      outer loop
         vertex 4.894600e+01 1.997500e+01 1.111156e+01
         vertex 4.892251e+01 2.000000e+01 1.112012e+01
         vertex 4.918542e+01 1.997500e+01 1.162500e+01
      endloop
   endfacet
   facet normal 6.420601e-01 7.057758e-01 -2.993985e-01
      outer loop
         vertex 4.918542e+01 1.997500e+01 1.162500e+01
         vertex 4.892251e+01 2.000000e+01 1.112012e+01
         vertex 4.916377e+01 2.000000e+01 1.163750e+01
      endloop
   endfacet
   facet normal 5.803177e-01 7.057753e-01 -4.063404e-01
      outer loop
         vertex 4.918542e+01 1.997500e+01 1.162500e+01
         vertex 4.916377e+01 2.000000e+01 1.163750e+01
         vertex 4.951035e+01 1.997500e+01 1.208906e+01
      endloop
   endfacet
   facet normal 5.803411e-01 7.057448e-01 -4.063600e-01
      outer loop
         vertex 4.951035e+01 1.997500e+01 1.208906e+01
         vertex 4.916377e+01 2.000000e+01 1.163750e+01
         vertex 4.949120e+01 2.000000e+01 1.210513e+01
      endloop
   endfacet
   facet normal 5.009596e-01 7.057455e-01 -5.009619e-01
      outer loop
         vertex 4.951035e+01 1.997500e+01 1.208906e+01
         vertex 4.949120e+01 2.000000e+01 1.210513e+01
         vertex 4.991094e+01 1.997500e+01 1.248964e+01
      endloop
   endfacet
   facet normal 5.009385e-01 7.057783e-01 -5.009367e-01
      outer loop
         vertex 4.991094e+01 1.997500e+01 1.248964e+01
         vertex 4.949120e+01 2.000000e+01 1.210513e+01
         vertex 4.989487e+01 2.000000e+01 1.250880e+01
      endloop
   endfacet
   facet normal 4.063419e-01 7.057763e-01 -5.803155e-01
      outer loop
         vertex 4.991094e+01 1.997500e+01 1.248964e+01
         vertex 4.989487e+01 2.000000e+01 1.250880e+01
         vertex 5.037500e+01 1.997500e+01 1.281458e+01
      endloop
   endfacet
   facet normal 4.063479e-01 7.057644e-01 -5.803258e-01
      outer loop
         vertex 5.037500e+01 1.997500e+01 1.281458e+01
         vertex 4.989487e+01 2.000000e+01 1.250880e+01
         vertex 5.036250e+01 2.000000e+01 1.283623e+01
      endloop
   endfacet
   facet normal 2.994027e-01 7.057637e-01 -6.420713e-01
      outer loop
         vertex 5.037500e+01 1.997500e+01 1.281458e+01
         vertex 5.036250e+01 2.000000e+01 1.283623e+01
         vertex 5.088843e+01 1.997500e+01 1.305400e+01
      endloop
   endfacet
   facet normal 2.994013e-01 7.057680e-01 -6.420673e-01
      outer loop
         vertex 5.088843e+01 1.997500e+01 1.305400e+01
         vertex 5.036250e+01 2.000000e+01 1.283623e+01
         vertex 5.087988e+01 2.000000e+01 1.307749e+01
      endloop
   endfacet
   facet normal 1.833594e-01 7.057658e-01 -6.843055e-01
      outer loop
         vertex 5.088843e+01 1.997500e+01 1.305400e+01
         vertex 5.087988e+01 2.000000e+01 1.307749e+01
         vertex 5.143564e+01 1.997500e+01 1.320062e+01
      endloop
   endfacet
   facet normal 1.833609e-01 7.057572e-01 -6.843139e-01
      outer loop
         vertex 5.143564e+01 1.997500e+01 1.320062e+01
         vertex 5.087988e+01 2.000000e+01 1.307749e+01
         vertex 5.143130e+01 2.000000e+01 1.322524e+01
      endloop
   endfacet
   facet normal 6.174515e-02 7.057601e-01 -7.057550e-01
      outer loop
         vertex 5.143564e+01 1.997500e+01 1.320062e+01
         vertex 5.143130e+01 2.000000e+01 1.322524e+01
         vertex 5.200000e+01 1.997500e+01 1.325000e+01
      endloop
   endfacet
   facet normal 6.174515e-02 7.057642e-01 -7.057510e-01
      outer loop
         vertex 5.200000e+01 1.997500e+01 1.325000e+01
         vertex 5.143130e+01 2.000000e+01 1.322524e+01
         vertex 5.200000e+01 2.000000e+01 1.327500e+01
      endloop
   endfacet
   facet normal -6.174480e-02 7.057642e-01 -7.057510e-01
      outer loop
         vertex 5.200000e+01 1.997500e+01 1.325000e+01
         vertex 5.200000e+01 2.000000e+01 1.327500e+01
         vertex 5.256436e+01 1.997500e+01 1.320062e+01
      endloop
   endfacet
   facet normal -6.174550e-02 7.057602e-01 -7.057550e-01
      outer loop
         vertex 5.256436e+01 1.997500e+01 1.320062e+01
         vertex 5.200000e+01 2.000000e+01 1.327500e+01
         vertex 5.256870e+01 2.000000e+01 1.322524e+01
      endloop
   endfacet
   facet normal -8.715693e-02 0.000000e+00 -9.961946e-01
      outer loop
         vertex 7.999999e+00 0.000000e+00 1.180000e+01
         vertex 7.999999e+00 1.660000e+01 1.180000e+01
         vertex 8.312566e+00 0.000000e+00 1.177265e+01
      endloop
   endfacet
   facet normal -8.715693e-02 0.000000e+00 -9.961946e-01
      outer loop
         vertex 8.312566e+00 0.000000e+00 1.177265e+01
         vertex 7.999999e+00 1.660000e+01 1.180000e+01
         vertex 8.312566e+00 1.660000e+01 1.177265e+01
      endloop
   endfacet
   facet normal -2.588177e-01 0.000000e+00 -9.659262e-01
      outer loop
         vertex 8.312566e+00 0.000000e+00 1.177265e+01
         vertex 8.312566e+00 1.660000e+01 1.177265e+01
         vertex 8.615635e+00 0.000000e+00 1.169145e+01
      endloop
   endfacet
   facet normal -2.588177e-01 0.000000e+00 -9.659262e-01
      outer loop
         vertex 8.615635e+00 0.000000e+00 1.169145e+01
         vertex 8.312566e+00 1.660000e+01 1.177265e+01
         vertex 8.615635e+00 1.660000e+01 1.169145e+01
      endloop
   endfacet
   facet normal -4.226168e-01 0.000000e+00 -9.063084e-01
      outer loop
         vertex 8.615635e+00 0.000000e+00 1.169145e+01
         vertex 8.615635e+00 1.660000e+01 1.169145e+01
         vertex 8.900000e+00 0.000000e+00 1.155885e+01
      endloop
   endfacet
   facet normal -4.226168e-01 0.000000e+00 -9.063084e-01
      outer loop
         vertex 8.900000e+00 0.000000e+00 1.155885e+01
         vertex 8.615635e+00 1.660000e+01 1.169145e+01
         vertex 8.900000e+00 1.660000e+01 1.155885e+01
      endloop
   endfacet
   facet normal -5.735779e-01 0.000000e+00 -8.191510e-01
      outer loop
         vertex 8.900000e+00 0.000000e+00 1.155885e+01
         vertex 8.900000e+00 1.660000e+01 1.155885e+01
         vertex 9.157017e+00 0.000000e+00 1.137888e+01
      endloop
   endfacet
   facet normal -5.735779e-01 0.000000e+00 -8.191510e-01
      outer loop
         vertex 9.157017e+00 0.000000e+00 1.137888e+01
         vertex 8.900000e+00 1.660000e+01 1.155885e+01
         vertex 9.157017e+00 1.660000e+01 1.137888e+01
      endloop
   endfacet
   facet normal -7.071083e-01 0.000000e+00 -7.071053e-01
      outer loop
         vertex 9.157017e+00 0.000000e+00 1.137888e+01
         vertex 9.157017e+00 1.660000e+01 1.137888e+01
         vertex 9.378878e+00 0.000000e+00 1.115702e+01
      endloop
   endfacet
   facet normal -7.071083e-01 0.000000e+00 -7.071053e-01
      outer loop
         vertex 9.378878e+00 0.000000e+00 1.115702e+01
         vertex 9.157017e+00 1.660000e+01 1.137888e+01
         vertex 9.378878e+00 1.660000e+01 1.115702e+01
      endloop
   endfacet
   facet normal -8.191506e-01 0.000000e+00 -5.735785e-01
      outer loop
         vertex 9.378878e+00 0.000000e+00 1.115702e+01
         vertex 9.378878e+00 1.660000e+01 1.115702e+01
         vertex 9.558845e+00 0.000000e+00 1.090000e+01
      endloop
   endfacet
   facet normal -8.191506e-01 0.000000e+00 -5.735785e-01
      outer loop
         vertex 9.558845e+00 0.000000e+00 1.090000e+01
         vertex 9.378878e+00 1.660000e+01 1.115702e+01
         vertex 9.558845e+00 1.660000e+01 1.090000e+01
      endloop
   endfacet
   facet normal -9.063091e-01 0.000000e+00 -4.226155e-01
      outer loop
         vertex 9.558845e+00 0.000000e+00 1.090000e+01
         vertex 9.558845e+00 1.660000e+01 1.090000e+01
         vertex 9.691445e+00 0.000000e+00 1.061564e+01
      endloop
   endfacet
   facet normal -9.063091e-01 0.000000e+00 -4.226155e-01
      outer loop
         vertex 9.691445e+00 0.000000e+00 1.061564e+01
         vertex 9.558845e+00 1.660000e+01 1.090000e+01
         vertex 9.691445e+00 1.660000e+01 1.061564e+01
      endloop
   endfacet
   facet normal -9.659254e-01 0.000000e+00 -2.588205e-01
      outer loop
         vertex 9.691445e+00 0.000000e+00 1.061564e+01
         vertex 9.691445e+00 1.660000e+01 1.061564e+01
         vertex 9.772653e+00 0.000000e+00 1.031257e+01
      endloop
   endfacet
   facet normal -9.659254e-01 0.000000e+00 -2.588205e-01
      outer loop
         vertex 9.772653e+00 0.000000e+00 1.031257e+01
         vertex 9.691445e+00 1.660000e+01 1.061564e+01
         vertex 9.772653e+00 1.660000e+01 1.031257e+01
      endloop
   endfacet
   facet normal -9.961943e-01 0.000000e+00 -8.715988e-02
      outer loop
         vertex 9.772653e+00 0.000000e+00 1.031257e+01
         vertex 9.772653e+00 1.660000e+01 1.031257e+01
         vertex 9.800000e+00 0.000000e+00 1.000000e+01
      endloop
   endfacet
   facet normal -9.961943e-01 0.000000e+00 -8.715988e-02
      outer loop
         vertex 9.800000e+00 0.000000e+00 1.000000e+01
         vertex 9.772653e+00 1.660000e+01 1.031257e+01
         vertex 9.800000e+00 1.660000e+01 1.000000e+01
      endloop
   endfacet
   facet normal -9.961943e-01 0.000000e+00 8.715988e-02
      outer loop
         vertex 9.800000e+00 0.000000e+00 1.000000e+01
         vertex 9.800000e+00 1.660000e+01 1.000000e+01
         vertex 9.772653e+00 0.000000e+00 9.687433e+00
      endloop
   endfacet
   facet normal -9.961943e-01 0.000000e+00 8.715988e-02
      outer loop
         vertex 9.772653e+00 0.000000e+00 9.687433e+00
         vertex 9.800000e+00 1.660000e+01 1.000000e+01
         vertex 9.772653e+00 1.660000e+01 9.687433e+00
      endloop
   endfacet
   facet normal -9.659256e-01 0.000000e+00 2.588197e-01
      outer loop
         vertex 9.772653e+00 0.000000e+00 9.687433e+00
         vertex 9.772653e+00 1.660000e+01 9.687433e+00
         vertex 9.691445e+00 0.000000e+00 9.384363e+00
      endloop
   endfacet
   facet normal -9.659256e-01 0.000000e+00 2.588197e-01
      outer loop
         vertex 9.691445e+00 0.000000e+00 9.384363e+00
         vertex 9.772653e+00 1.660000e+01 9.687433e+00
         vertex 9.691445e+00 1.660000e+01 9.384363e+00
      endloop
   endfacet
   facet normal -9.063091e-01 0.000000e+00 4.226155e-01
      outer loop
         vertex 9.691445e+00 0.000000e+00 9.384363e+00
         vertex 9.691445e+00 1.660000e+01 9.384363e+00
         vertex 9.558845e+00 0.000000e+00 9.099999e+00
      endloop
   endfacet
   facet normal -9.063091e-01 0.000000e+00 4.226155e-01
      outer loop
         vertex 9.558845e+00 0.000000e+00 9.099999e+00
         vertex 9.691445e+00 1.660000e+01 9.384363e+00
         vertex 9.558845e+00 1.660000e+01 9.099999e+00
      endloop
   endfacet
   facet normal -8.191506e-01 0.000000e+00 5.735785e-01
      outer loop
         vertex 9.558845e+00 0.000000e+00 9.099999e+00
         vertex 9.558845e+00 1.660000e+01 9.099999e+00
         vertex 9.378878e+00 0.000000e+00 8.842981e+00
      endloop
   endfacet
   facet normal -8.191506e-01 0.000000e+00 5.735785e-01
      outer loop
         vertex 9.378878e+00 0.000000e+00 8.842981e+00
         vertex 9.558845e+00 1.660000e+01 9.099999e+00
         vertex 9.378878e+00 1.660000e+01 8.842981e+00
      endloop
   endfacet
   facet normal -7.071068e-01 0.000000e+00 7.071068e-01
      outer loop
         vertex 9.378878e+00 0.000000e+00 8.842981e+00
         vertex 9.378878e+00 1.660000e+01 8.842981e+00
         vertex 9.157017e+00 0.000000e+00 8.621120e+00
      endloop
   endfacet
   facet normal -7.071068e-01 0.000000e+00 7.071068e-01
      outer loop
         vertex 9.157017e+00 0.000000e+00 8.621120e+00
         vertex 9.378878e+00 1.660000e+01 8.842981e+00
         vertex 9.157017e+00 1.660000e+01 8.621120e+00
      endloop
   endfacet
   facet normal -5.735779e-01 0.000000e+00 8.191510e-01
      outer loop
         vertex 9.157017e+00 0.000000e+00 8.621120e+00
         vertex 9.157017e+00 1.660000e+01 8.621120e+00
         vertex 8.900000e+00 0.000000e+00 8.441154e+00
      endloop
   endfacet
   facet normal -5.735779e-01 0.000000e+00 8.191510e-01
      outer loop
         vertex 8.900000e+00 0.000000e+00 8.441154e+00
         vertex 9.157017e+00 1.660000e+01 8.621120e+00
         vertex 8.900000e+00 1.660000e+01 8.441154e+00
      endloop
   endfacet
   facet normal -4.226168e-01 0.000000e+00 9.063084e-01
      outer loop
         vertex 8.900000e+00 0.000000e+00 8.441154e+00
         vertex 8.900000e+00 1.660000e+01 8.441154e+00
         vertex 8.615635e+00 0.000000e+00 8.308553e+00
      endloop
   endfacet
   facet normal -4.226168e-01 0.000000e+00 9.063084e-01
      outer loop
         vertex 8.615635e+00 0.000000e+00 8.308553e+00
         vertex 8.900000e+00 1.660000e+01 8.441154e+00
         vertex 8.615635e+00 1.660000e+01 8.308553e+00
      endloop
   endfacet
   facet normal -2.588205e-01 0.000000e+00 9.659254e-01
      outer loop
         vertex 8.615635e+00 0.000000e+00 8.308553e+00
         vertex 8.615635e+00 1.660000e+01 8.308553e+00
         vertex 8.312566e+00 0.000000e+00 8.227346e+00
      endloop
   endfacet
   facet normal -2.588205e-01 0.000000e+00 9.659254e-01
      outer loop
         vertex 8.312566e+00 0.000000e+00 8.227346e+00
         vertex 8.615635e+00 1.660000e+01 8.308553e+00
         vertex 8.312566e+00 1.660000e+01 8.227346e+00
      endloop
   endfacet
   facet normal -8.715693e-02 0.000000e+00 9.961946e-01
      outer loop
         vertex 8.312566e+00 0.000000e+00 8.227346e+00
         vertex 8.312566e+00 1.660000e+01 8.227346e+00
         vertex 7.999999e+00 0.000000e+00 8.199999e+00
      endloop
   endfacet
   facet normal -8.715693e-02 0.000000e+00 9.961946e-01
      outer loop
         vertex 7.999999e+00 0.000000e+00 8.199999e+00
         vertex 8.312566e+00 1.660000e+01 8.227346e+00
         vertex 7.999999e+00 1.660000e+01 8.199999e+00
      endloop
   endfacet
   facet normal 8.715693e-02 -0.000000e+00 9.961946e-01
      outer loop
         vertex 7.999999e+00 0.000000e+00 8.199999e+00
         vertex 7.999999e+00 1.660000e+01 8.199999e+00
         vertex 7.687433e+00 0.000000e+00 8.227346e+00
      endloop
   endfacet
   facet normal 8.715693e-02 -0.000000e+00 9.961946e-01
      outer loop
         vertex 7.687433e+00 0.000000e+00 8.227346e+00
         vertex 7.999999e+00 1.660000e+01 8.199999e+00
         vertex 7.687433e+00 1.660000e+01 8.227346e+00
      endloop
   endfacet
   facet normal 2.588205e-01 -0.000000e+00 9.659254e-01
      outer loop
         vertex 7.687433e+00 0.000000e+00 8.227346e+00
         vertex 7.687433e+00 1.660000e+01 8.227346e+00
         vertex 7.384364e+00 0.000000e+00 8.308553e+00
      endloop
   endfacet
   facet normal 2.588205e-01 -0.000000e+00 9.659254e-01
      outer loop
         vertex 7.384364e+00 0.000000e+00 8.308553e+00
         vertex 7.687433e+00 1.660000e+01 8.227346e+00
         vertex 7.384364e+00 1.660000e+01 8.308553e+00
      endloop
   endfacet
   facet normal 4.226168e-01 -0.000000e+00 9.063084e-01
      outer loop
         vertex 7.384364e+00 0.000000e+00 8.308553e+00
         vertex 7.384364e+00 1.660000e+01 8.308553e+00
         vertex 7.099999e+00 0.000000e+00 8.441154e+00
      endloop
   endfacet
   facet normal 4.226168e-01 -0.000000e+00 9.063084e-01
      outer loop
         vertex 7.099999e+00 0.000000e+00 8.441154e+00
         vertex 7.384364e+00 1.660000e+01 8.308553e+00
         vertex 7.099999e+00 1.660000e+01 8.441154e+00
      endloop
   endfacet
   facet normal 5.735779e-01 -0.000000e+00 8.191510e-01
      outer loop
         vertex 7.099999e+00 0.000000e+00 8.441154e+00
         vertex 7.099999e+00 1.660000e+01 8.441154e+00
         vertex 6.842982e+00 0.000000e+00 8.621120e+00
      endloop
   endfacet
   facet normal 5.735779e-01 -0.000000e+00 8.191510e-01
      outer loop
         vertex 6.842982e+00 0.000000e+00 8.621120e+00
         vertex 7.099999e+00 1.660000e+01 8.441154e+00
         vertex 6.842982e+00 1.660000e+01 8.621120e+00
      endloop
   endfacet
   facet normal 7.071038e-01 -0.000000e+00 7.071097e-01
      outer loop
         vertex 6.842982e+00 0.000000e+00 8.621120e+00
         vertex 6.842982e+00 1.660000e+01 8.621120e+00
         vertex 6.621119e+00 0.000000e+00 8.842981e+00
      endloop
   endfacet
   facet normal 7.071038e-01 -0.000000e+00 7.071097e-01
      outer loop
         vertex 6.621119e+00 0.000000e+00 8.842981e+00
         vertex 6.842982e+00 1.660000e+01 8.621120e+00
         vertex 6.621119e+00 1.660000e+01 8.842981e+00
      endloop
   endfacet
   facet normal 8.191534e-01 -0.000000e+00 5.735745e-01
      outer loop
         vertex 6.621119e+00 0.000000e+00 8.842981e+00
         vertex 6.621119e+00 1.660000e+01 8.842981e+00
         vertex 6.441154e+00 0.000000e+00 9.099999e+00
      endloop
   endfacet
   facet normal 8.191534e-01 -0.000000e+00 5.735745e-01
      outer loop
         vertex 6.441154e+00 0.000000e+00 9.099999e+00
         vertex 6.621119e+00 1.660000e+01 8.842981e+00
         vertex 6.441154e+00 1.660000e+01 9.099999e+00
      endloop
   endfacet
   facet normal 9.063068e-01 -0.000000e+00 4.226204e-01
      outer loop
         vertex 6.441154e+00 0.000000e+00 9.099999e+00
         vertex 6.441154e+00 1.660000e+01 9.099999e+00
         vertex 6.308552e+00 0.000000e+00 9.384363e+00
      endloop
   endfacet
   facet normal 9.063068e-01 -0.000000e+00 4.226204e-01
      outer loop
         vertex 6.308552e+00 0.000000e+00 9.384363e+00
         vertex 6.441154e+00 1.660000e+01 9.099999e+00
         vertex 6.308552e+00 1.660000e+01 9.384363e+00
      endloop
   endfacet
   facet normal 9.659271e-01 -0.000000e+00 2.588142e-01
      outer loop
         vertex 6.308552e+00 0.000000e+00 9.384363e+00
         vertex 6.308552e+00 1.660000e+01 9.384363e+00
         vertex 6.227346e+00 0.000000e+00 9.687433e+00
      endloop
   endfacet
   facet normal 9.659271e-01 -0.000000e+00 2.588142e-01
      outer loop
         vertex 6.227346e+00 0.000000e+00 9.687433e+00
         vertex 6.308552e+00 1.660000e+01 9.384363e+00
         vertex 6.227346e+00 1.660000e+01 9.687433e+00
      endloop
   endfacet
   facet normal 9.961943e-01 -0.000000e+00 8.715988e-02
      outer loop
         vertex 6.227346e+00 0.000000e+00 9.687433e+00
         vertex 6.227346e+00 1.660000e+01 9.687433e+00
         vertex 6.199999e+00 0.000000e+00 1.000000e+01
      endloop
   endfacet
   facet normal 9.961943e-01 -0.000000e+00 8.715988e-02
      outer loop
         vertex 6.199999e+00 0.000000e+00 1.000000e+01
         vertex 6.227346e+00 1.660000e+01 9.687433e+00
         vertex 6.199999e+00 1.660000e+01 1.000000e+01
      endloop
   endfacet
   facet normal 9.961943e-01 0.000000e+00 -8.715988e-02
      outer loop
         vertex 6.199999e+00 0.000000e+00 1.000000e+01
         vertex 6.199999e+00 1.660000e+01 1.000000e+01
         vertex 6.227346e+00 0.000000e+00 1.031257e+01
      endloop
   endfacet
   facet normal 9.961943e-01 0.000000e+00 -8.715988e-02
      outer loop
         vertex 6.227346e+00 0.000000e+00 1.031257e+01
         vertex 6.199999e+00 1.660000e+01 1.000000e+01
         vertex 6.227346e+00 1.660000e+01 1.031257e+01
      endloop
   endfacet
   facet normal 9.659269e-01 0.000000e+00 -2.588149e-01
      outer loop
         vertex 6.227346e+00 0.000000e+00 1.031257e+01
         vertex 6.227346e+00 1.660000e+01 1.031257e+01
         vertex 6.308552e+00 0.000000e+00 1.061564e+01
      endloop
   endfacet
   facet normal 9.659269e-01 0.000000e+00 -2.588149e-01
      outer loop
         vertex 6.308552e+00 0.000000e+00 1.061564e+01
         vertex 6.227346e+00 1.660000e+01 1.031257e+01
         vertex 6.308552e+00 1.660000e+01 1.061564e+01
      endloop
   endfacet
   facet normal 9.063068e-01 0.000000e+00 -4.226204e-01
      outer loop
         vertex 6.308552e+00 0.000000e+00 1.061564e+01
         vertex 6.308552e+00 1.660000e+01 1.061564e+01
         vertex 6.441154e+00 0.000000e+00 1.090000e+01
      endloop
   endfacet
   facet normal 9.063068e-01 0.000000e+00 -4.226204e-01
      outer loop
         vertex 6.441154e+00 0.000000e+00 1.090000e+01
         vertex 6.308552e+00 1.660000e+01 1.061564e+01
         vertex 6.441154e+00 1.660000e+01 1.090000e+01
      endloop
   endfacet
   facet normal 8.191534e-01 0.000000e+00 -5.735745e-01
      outer loop
         vertex 6.441154e+00 0.000000e+00 1.090000e+01
         vertex 6.441154e+00 1.660000e+01 1.090000e+01
         vertex 6.621119e+00 0.000000e+00 1.115702e+01
      endloop
   endfacet
   facet normal 8.191534e-01 0.000000e+00 -5.735745e-01
      outer loop
         vertex 6.621119e+00 0.000000e+00 1.115702e+01
         vertex 6.441154e+00 1.660000e+01 1.090000e+01
         vertex 6.621119e+00 1.660000e+01 1.115702e+01
      endloop
   endfacet
   facet normal 7.071053e-01 0.000000e+00 -7.071083e-01
      outer loop
         vertex 6.621119e+00 0.000000e+00 1.115702e+01
         vertex 6.621119e+00 1.660000e+01 1.115702e+01
         vertex 6.842982e+00 0.000000e+00 1.137888e+01
      endloop
   endfacet
   facet normal 7.071053e-01 0.000000e+00 -7.071083e-01
      outer loop
         vertex 6.842982e+00 0.000000e+00 1.137888e+01
         vertex 6.621119e+00 1.660000e+01 1.115702e+01
         vertex 6.842982e+00 1.660000e+01 1.137888e+01
      endloop
   endfacet
   facet normal 5.735779e-01 0.000000e+00 -8.191510e-01
      outer loop
         vertex 6.842982e+00 0.000000e+00 1.137888e+01
         vertex 6.842982e+00 1.660000e+01 1.137888e+01
         vertex 7.099999e+00 0.000000e+00 1.155885e+01
      endloop
   endfacet
   facet normal 5.735779e-01 0.000000e+00 -8.191510e-01
      outer loop
         vertex 7.099999e+00 0.000000e+00 1.155885e+01
         vertex 6.842982e+00 1.660000e+01 1.137888e+01
         vertex 7.099999e+00 1.660000e+01 1.155885e+01
      endloop
   endfacet
   facet normal 4.226168e-01 0.000000e+00 -9.063084e-01
      outer loop
         vertex 7.099999e+00 0.000000e+00 1.155885e+01
         vertex 7.099999e+00 1.660000e+01 1.155885e+01
         vertex 7.384364e+00 0.000000e+00 1.169145e+01
      endloop
   endfacet
   facet normal 4.226168e-01 0.000000e+00 -9.063084e-01
      outer loop
         vertex 7.384364e+00 0.000000e+00 1.169145e+01
         vertex 7.099999e+00 1.660000e+01 1.155885e+01
         vertex 7.384364e+00 1.660000e+01 1.169145e+01
      endloop
   endfacet
   facet normal 2.588177e-01 0.000000e+00 -9.659262e-01
      outer loop
         vertex 7.384364e+00 0.000000e+00 1.169145e+01
         vertex 7.384364e+00 1.660000e+01 1.169145e+01
         vertex 7.687433e+00 0.000000e+00 1.177265e+01
      endloop
   endfacet
   facet normal 2.588177e-01 0.000000e+00 -9.659262e-01
      outer loop
         vertex 7.687433e+00 0.000000e+00 1.177265e+01
         vertex 7.384364e+00 1.660000e+01 1.169145e+01
         vertex 7.687433e+00 1.660000e+01 1.177265e+01
      endloop
   endfacet
   facet normal 8.715693e-02 0.000000e+00 -9.961946e-01
      outer loop
         vertex 7.687433e+00 0.000000e+00 1.177265e+01
         vertex 7.687433e+00 1.660000e+01 1.177265e+01
         vertex 7.999999e+00 0.000000e+00 1.180000e+01
      endloop
   endfacet
   facet normal 8.715693e-02 0.000000e+00 -9.961946e-01
      outer loop
         vertex 7.999999e+00 0.000000e+00 1.180000e+01
         vertex 7.687433e+00 1.660000e+01 1.177265e+01
         vertex 7.999999e+00 1.660000e+01 1.180000e+01
      endloop
   endfacet
   facet normal -0.000000e+00 1.000000e+00 0.000000e+00
      outer loop
         vertex 8.900000e+00 1.660000e+01 1.155885e+01
         vertex 9.624999e+00 1.660000e+01 1.281458e+01
         vertex 9.157017e+00 1.660000e+01 1.137888e+01
      endloop
   endfacet
   facet normal 0.000000e+00 1.000000e+00 0.000000e+00
      outer loop
         vertex 9.157017e+00 1.660000e+01 1.137888e+01
         vertex 9.624999e+00 1.660000e+01 1.281458e+01
         vertex 1.008906e+01 1.660000e+01 1.248964e+01
      endloop
   endfacet
   facet normal -0.000000e+00 1.000000e+00 0.000000e+00
      outer loop
         vertex 9.157017e+00 1.660000e+01 1.137888e+01
         vertex 1.008906e+01 1.660000e+01 1.248964e+01
         vertex 9.378878e+00 1.660000e+01 1.115702e+01
      endloop
   endfacet
   facet normal 0.000000e+00 1.000000e+00 0.000000e+00
      outer loop
         vertex 9.378878e+00 1.660000e+01 1.115702e+01
         vertex 1.008906e+01 1.660000e+01 1.248964e+01
         vertex 1.048964e+01 1.660000e+01 1.208906e+01
      endloop
   endfacet
   facet normal -0.000000e+00 1.000000e+00 0.000000e+00
      outer loop
         vertex 9.378878e+00 1.660000e+01 1.115702e+01
         vertex 1.048964e+01 1.660000e+01 1.208906e+01
         vertex 9.558845e+00 1.660000e+01 1.090000e+01
      endloop
   endfacet
   facet normal 0.000000e+00 1.000000e+00 0.000000e+00
      outer loop
         vertex 9.558845e+00 1.660000e+01 1.090000e+01
         vertex 1.048964e+01 1.660000e+01 1.208906e+01
         vertex 1.081458e+01 1.660000e+01 1.162500e+01
      endloop
   endfacet
   facet normal -0.000000e+00 1.000000e+00 0.000000e+00
      outer loop
         vertex 9.558845e+00 1.660000e+01 1.090000e+01
         vertex 1.081458e+01 1.660000e+01 1.162500e+01
         vertex 9.691445e+00 1.660000e+01 1.061564e+01
      endloop
   endfacet
   facet normal 0.000000e+00 1.000000e+00 0.000000e+00
      outer loop
         vertex 9.691445e+00 1.660000e+01 1.061564e+01
         vertex 1.081458e+01 1.660000e+01 1.162500e+01
         vertex 1.105400e+01 1.660000e+01 1.111156e+01
      endloop
   endfacet
   facet normal -0.000000e+00 1.000000e+00 0.000000e+00
      outer loop
         vertex 9.691445e+00 1.660000e+01 1.061564e+01
         vertex 1.105400e+01 1.660000e+01 1.111156e+01
         vertex 9.772653e+00 1.660000e+01 1.031257e+01
      endloop
   endfacet
   facet normal 0.000000e+00 1.000000e+00 0.000000e+00
      outer loop
         vertex 9.772653e+00 1.660000e+01 1.031257e+01
         vertex 1.105400e+01 1.660000e+01 1.111156e+01
         vertex 1.120063e+01 1.660000e+01 1.056436e+01
      endloop
   endfacet
   facet normal -0.000000e+00 1.000000e+00 0.000000e+00
      outer loop
         vertex 9.772653e+00 1.660000e+01 1.031257e+01
         vertex 1.120063e+01 1.660000e+01 1.056436e+01
         vertex 9.800000e+00 1.660000e+01 1.000000e+01
      endloop
   endfacet
   facet normal 0.000000e+00 1.000000e+00 0.000000e+00
      outer loop
         vertex 9.800000e+00 1.660000e+01 1.000000e+01
         vertex 1.120063e+01 1.660000e+01 1.056436e+01
         vertex 1.125000e+01 1.660000e+01 1.000000e+01
      endloop
   endfacet
   facet normal -0.000000e+00 1.000000e+00 0.000000e+00
      outer loop
         vertex 9.800000e+00 1.660000e+01 1.000000e+01
         vertex 1.125000e+01 1.660000e+01 1.000000e+01
         vertex 9.772653e+00 1.660000e+01 9.687433e+00
      endloop
   endfacet
   facet normal -0.000000e+00 1.000000e+00 0.000000e+00
      outer loop
         vertex 9.772653e+00 1.660000e+01 9.687433e+00
         vertex 1.125000e+01 1.660000e+01 1.000000e+01
         vertex 1.120063e+01 1.660000e+01 9.435643e+00
      endloop
   endfacet
   facet normal 0.000000e+00 1.000000e+00 0.000000e+00
      outer loop
         vertex 9.772653e+00 1.660000e+01 9.687433e+00
         vertex 1.120063e+01 1.660000e+01 9.435643e+00
         vertex 9.691445e+00 1.660000e+01 9.384363e+00
      endloop
   endfacet
   facet normal -0.000000e+00 1.000000e+00 0.000000e+00
      outer loop
         vertex 9.691445e+00 1.660000e+01 9.384363e+00
         vertex 1.120063e+01 1.660000e+01 9.435643e+00
         vertex 1.105400e+01 1.660000e+01 8.888434e+00
      endloop
   endfacet
   facet normal 0.000000e+00 1.000000e+00 0.000000e+00
      outer loop
         vertex 9.691445e+00 1.660000e+01 9.384363e+00
         vertex 1.105400e+01 1.660000e+01 8.888434e+00
         vertex 9.558845e+00 1.660000e+01 9.099999e+00
      endloop
   endfacet
   facet normal 0.000000e+00 1.000000e+00 0.000000e+00
      outer loop
         vertex 9.558845e+00 1.660000e+01 9.099999e+00
         vertex 1.105400e+01 1.660000e+01 8.888434e+00
         vertex 1.081458e+01 1.660000e+01 8.374999e+00
      endloop
   endfacet
   facet normal 0.000000e+00 1.000000e+00 0.000000e+00
      outer loop
         vertex 9.558845e+00 1.660000e+01 9.099999e+00
         vertex 1.081458e+01 1.660000e+01 8.374999e+00
         vertex 9.378878e+00 1.660000e+01 8.842981e+00
      endloop
   endfacet
   facet normal 0.000000e+00 1.000000e+00 0.000000e+00
      outer loop
         vertex 9.378878e+00 1.660000e+01 8.842981e+00
         vertex 1.081458e+01 1.660000e+01 8.374999e+00
         vertex 1.048964e+01 1.660000e+01 7.910940e+00
      endloop
   endfacet
   facet normal 0.000000e+00 1.000000e+00 0.000000e+00
      outer loop
         vertex 9.378878e+00 1.660000e+01 8.842981e+00
         vertex 1.048964e+01 1.660000e+01 7.910940e+00
         vertex 9.157017e+00 1.660000e+01 8.621120e+00
      endloop
   endfacet
   facet normal 0.000000e+00 1.000000e+00 0.000000e+00
      outer loop
         vertex 9.157017e+00 1.660000e+01 8.621120e+00
         vertex 1.048964e+01 1.660000e+01 7.910940e+00
         vertex 1.008906e+01 1.660000e+01 7.510355e+00
      endloop
   endfacet
   facet normal 0.000000e+00 1.000000e+00 0.000000e+00
      outer loop
         vertex 9.157017e+00 1.660000e+01 8.621120e+00
         vertex 1.008906e+01 1.660000e+01 7.510355e+00
         vertex 8.900000e+00 1.660000e+01 8.441154e+00
      endloop
   endfacet
   facet normal 0.000000e+00 1.000000e+00 0.000000e+00
      outer loop
         vertex 8.900000e+00 1.660000e+01 8.441154e+00
         vertex 1.008906e+01 1.660000e+01 7.510355e+00
         vertex 9.624999e+00 1.660000e+01 7.185417e+00
      endloop
   endfacet
   facet normal 0.000000e+00 1.000000e+00 0.000000e+00
      outer loop
         vertex 8.900000e+00 1.660000e+01 8.441154e+00
         vertex 9.624999e+00 1.660000e+01 7.185417e+00
         vertex 8.615635e+00 1.660000e+01 8.308553e+00
      endloop
   endfacet
   facet normal 0.000000e+00 1.000000e+00 0.000000e+00
      outer loop
         vertex 8.615635e+00 1.660000e+01 8.308553e+00
         vertex 9.624999e+00 1.660000e+01 7.185417e+00
         vertex 9.111565e+00 1.660000e+01 6.945998e+00
      endloop
   endfacet
   facet normal 0.000000e+00 1.000000e+00 0.000000e+00
      outer loop
         vertex 8.615635e+00 1.660000e+01 8.308553e+00
         vertex 9.111565e+00 1.660000e+01 6.945998e+00
         vertex 8.312566e+00 1.660000e+01 8.227346e+00
      endloop
   endfacet
   facet normal 0.000000e+00 1.000000e+00 0.000000e+00
      outer loop
         vertex 8.312566e+00 1.660000e+01 8.227346e+00
         vertex 9.111565e+00 1.660000e+01 6.945998e+00
         vertex 8.564357e+00 1.660000e+01 6.799375e+00
      endloop
   endfacet
   facet normal 0.000000e+00 1.000000e+00 0.000000e+00
      outer loop
         vertex 8.312566e+00 1.660000e+01 8.227346e+00
         vertex 8.564357e+00 1.660000e+01 6.799375e+00
         vertex 7.999999e+00 1.660000e+01 8.199999e+00
      endloop
   endfacet
   facet normal 0.000000e+00 1.000000e+00 0.000000e+00
      outer loop
         vertex 7.999999e+00 1.660000e+01 8.199999e+00
         vertex 8.564357e+00 1.660000e+01 6.799375e+00
         vertex 7.999999e+00 1.660000e+01 6.750000e+00
      endloop
   endfacet
   facet normal 0.000000e+00 1.000000e+00 0.000000e+00
      outer loop
         vertex 7.999999e+00 1.660000e+01 8.199999e+00
         vertex 7.999999e+00 1.660000e+01 6.750000e+00
         vertex 7.687433e+00 1.660000e+01 8.227346e+00
      endloop
   endfacet
   facet normal 0.000000e+00 1.000000e+00 0.000000e+00
      outer loop
         vertex 7.687433e+00 1.660000e+01 8.227346e+00
         vertex 7.999999e+00 1.660000e+01 6.750000e+00
         vertex 7.435642e+00 1.660000e+01 6.799375e+00
      endloop
   endfacet
   facet normal 0.000000e+00 1.000000e+00 0.000000e+00
      outer loop
         vertex 7.687433e+00 1.660000e+01 8.227346e+00
         vertex 7.435642e+00 1.660000e+01 6.799375e+00
         vertex 7.384364e+00 1.660000e+01 8.308553e+00
      endloop
   endfacet
   facet normal 0.000000e+00 1.000000e+00 0.000000e+00
      outer loop
         vertex 7.384364e+00 1.660000e+01 8.308553e+00
         vertex 7.435642e+00 1.660000e+01 6.799375e+00
         vertex 6.888434e+00 1.660000e+01 6.945998e+00
      endloop
   endfacet
   facet normal 0.000000e+00 1.000000e+00 0.000000e+00
      outer loop
         vertex 7.384364e+00 1.660000e+01 8.308553e+00
         vertex 6.888434e+00 1.660000e+01 6.945998e+00
         vertex 7.099999e+00 1.660000e+01 8.441154e+00
      endloop
   endfacet
   facet normal 0.000000e+00 1.000000e+00 0.000000e+00
      outer loop
         vertex 7.099999e+00 1.660000e+01 8.441154e+00
         vertex 6.888434e+00 1.660000e+01 6.945998e+00
         vertex 6.375000e+00 1.660000e+01 7.185417e+00
      endloop
   endfacet
   facet normal 0.000000e+00 1.000000e+00 0.000000e+00
      outer loop
         vertex 7.099999e+00 1.660000e+01 8.441154e+00
         vertex 6.375000e+00 1.660000e+01 7.185417e+00
         vertex 6.842982e+00 1.660000e+01 8.621120e+00
      endloop
   endfacet
   facet normal 0.000000e+00 1.000000e+00 0.000000e+00
      outer loop
         vertex 6.842982e+00 1.660000e+01 8.621120e+00
         vertex 6.375000e+00 1.660000e+01 7.185417e+00
         vertex 5.910940e+00 1.660000e+01 7.510355e+00
      endloop
   endfacet
   facet normal 0.000000e+00 1.000000e+00 0.000000e+00
      outer loop
         vertex 6.842982e+00 1.660000e+01 8.621120e+00
         vertex 5.910940e+00 1.660000e+01 7.510355e+00
         vertex 6.621119e+00 1.660000e+01 8.842981e+00
      endloop
   endfacet
   facet normal 0.000000e+00 1.000000e+00 0.000000e+00
      outer loop
         vertex 6.621119e+00 1.660000e+01 8.842981e+00
         vertex 5.910940e+00 1.660000e+01 7.510355e+00
         vertex 5.510354e+00 1.660000e+01 7.910940e+00
      endloop
   endfacet
   facet normal 0.000000e+00 1.000000e+00 0.000000e+00
      outer loop
         vertex 6.621119e+00 1.660000e+01 8.842981e+00
         vertex 5.510354e+00 1.660000e+01 7.910940e+00
         vertex 6.441154e+00 1.660000e+01 9.099999e+00
      endloop
   endfacet
   facet normal 0.000000e+00 1.000000e+00 0.000000e+00
      outer loop
         vertex 6.441154e+00 1.660000e+01 9.099999e+00
         vertex 5.510354e+00 1.660000e+01 7.910940e+00
         vertex 5.185416e+00 1.660000e+01 8.374999e+00
      endloop
   endfacet
   facet normal 0.000000e+00 1.000000e+00 0.000000e+00
      outer loop
         vertex 6.441154e+00 1.660000e+01 9.099999e+00
         vertex 5.185416e+00 1.660000e+01 8.374999e+00
         vertex 6.308552e+00 1.660000e+01 9.384363e+00
      endloop
   endfacet
   facet normal 0.000000e+00 1.000000e+00 0.000000e+00
      outer loop
         vertex 6.308552e+00 1.660000e+01 9.384363e+00
         vertex 5.185416e+00 1.660000e+01 8.374999e+00
         vertex 4.945999e+00 1.660000e+01 8.888434e+00
      endloop
   endfacet
   facet normal 0.000000e+00 1.000000e+00 0.000000e+00
      outer loop
         vertex 6.308552e+00 1.660000e+01 9.384363e+00
         vertex 4.945999e+00 1.660000e+01 8.888434e+00
         vertex 6.227346e+00 1.660000e+01 9.687433e+00
      endloop
   endfacet
   facet normal 0.000000e+00 1.000000e+00 0.000000e+00
      outer loop
         vertex 6.227346e+00 1.660000e+01 9.687433e+00
         vertex 4.945999e+00 1.660000e+01 8.888434e+00
         vertex 4.799373e+00 1.660000e+01 9.435643e+00
      endloop
   endfacet
   facet normal 0.000000e+00 1.000000e+00 0.000000e+00
      outer loop
         vertex 6.227346e+00 1.660000e+01 9.687433e+00
         vertex 4.799373e+00 1.660000e+01 9.435643e+00
         vertex 6.199999e+00 1.660000e+01 1.000000e+01
      endloop
   endfacet
   facet normal 0.000000e+00 1.000000e+00 0.000000e+00
      outer loop
         vertex 6.199999e+00 1.660000e+01 1.000000e+01
         vertex 4.799373e+00 1.660000e+01 9.435643e+00
         vertex 4.749998e+00 1.660000e+01 1.000000e+01
      endloop
   endfacet
   facet normal 0.000000e+00 1.000000e+00 -0.000000e+00
      outer loop
         vertex 6.199999e+00 1.660000e+01 1.000000e+01
         vertex 4.749998e+00 1.660000e+01 1.000000e+01
         vertex 6.227346e+00 1.660000e+01 1.031257e+01
      endloop
   endfacet
   facet normal 0.000000e+00 1.000000e+00 0.000000e+00
      outer loop
         vertex 6.227346e+00 1.660000e+01 1.031257e+01
         vertex 4.749998e+00 1.660000e+01 1.000000e+01
         vertex 4.799373e+00 1.660000e+01 1.056436e+01
      endloop
   endfacet
   facet normal 0.000000e+00 1.000000e+00 -0.000000e+00
      outer loop
         vertex 6.227346e+00 1.660000e+01 1.031257e+01
         vertex 4.799373e+00 1.660000e+01 1.056436e+01
         vertex 6.308552e+00 1.660000e+01 1.061564e+01
      endloop
   endfacet
   facet normal 0.000000e+00 1.000000e+00 0.000000e+00
      outer loop
         vertex 6.308552e+00 1.660000e+01 1.061564e+01
         vertex 4.799373e+00 1.660000e+01 1.056436e+01
         vertex 4.945999e+00 1.660000e+01 1.111156e+01
      endloop
   endfacet
   facet normal 0.000000e+00 1.000000e+00 -0.000000e+00
      outer loop
         vertex 6.308552e+00 1.660000e+01 1.061564e+01
         vertex 4.945999e+00 1.660000e+01 1.111156e+01
         vertex 6.441154e+00 1.660000e+01 1.090000e+01
      endloop
   endfacet
   facet normal 0.000000e+00 1.000000e+00 0.000000e+00
      outer loop
         vertex 6.441154e+00 1.660000e+01 1.090000e+01
         vertex 4.945999e+00 1.660000e+01 1.111156e+01
         vertex 5.185416e+00 1.660000e+01 1.162500e+01
      endloop
   endfacet
   facet normal 0.000000e+00 1.000000e+00 -0.000000e+00
      outer loop
         vertex 6.441154e+00 1.660000e+01 1.090000e+01
         vertex 5.185416e+00 1.660000e+01 1.162500e+01
         vertex 6.621119e+00 1.660000e+01 1.115702e+01
      endloop
   endfacet
   facet normal 0.000000e+00 1.000000e+00 0.000000e+00
      outer loop
         vertex 6.621119e+00 1.660000e+01 1.115702e+01
         vertex 5.185416e+00 1.660000e+01 1.162500e+01
         vertex 5.510354e+00 1.660000e+01 1.208906e+01
      endloop
   endfacet
   facet normal 0.000000e+00 1.000000e+00 -0.000000e+00
      outer loop
         vertex 6.621119e+00 1.660000e+01 1.115702e+01
         vertex 5.510354e+00 1.660000e+01 1.208906e+01
         vertex 6.842982e+00 1.660000e+01 1.137888e+01
      endloop
   endfacet
   facet normal 0.000000e+00 1.000000e+00 0.000000e+00
      outer loop
         vertex 6.842982e+00 1.660000e+01 1.137888e+01
         vertex 5.510354e+00 1.660000e+01 1.208906e+01
         vertex 5.910940e+00 1.660000e+01 1.248964e+01
      endloop
   endfacet
   facet normal 0.000000e+00 1.000000e+00 -0.000000e+00
      outer loop
         vertex 6.842982e+00 1.660000e+01 1.137888e+01
         vertex 5.910940e+00 1.660000e+01 1.248964e+01
         vertex 7.099999e+00 1.660000e+01 1.155885e+01
      endloop
   endfacet
   facet normal 0.000000e+00 1.000000e+00 0.000000e+00
      outer loop
         vertex 7.099999e+00 1.660000e+01 1.155885e+01
         vertex 5.910940e+00 1.660000e+01 1.248964e+01
         vertex 6.375000e+00 1.660000e+01 1.281458e+01
      endloop
   endfacet
   facet normal 0.000000e+00 1.000000e+00 -0.000000e+00
      outer loop
         vertex 7.099999e+00 1.660000e+01 1.155885e+01
         vertex 6.375000e+00 1.660000e+01 1.281458e+01
         vertex 7.384364e+00 1.660000e+01 1.169145e+01
      endloop
   endfacet
   facet normal 0.000000e+00 1.000000e+00 0.000000e+00
      outer loop
         vertex 7.384364e+00 1.660000e+01 1.169145e+01
         vertex 6.375000e+00 1.660000e+01 1.281458e+01
         vertex 6.888434e+00 1.660000e+01 1.305400e+01
      endloop
   endfacet
   facet normal 0.000000e+00 1.000000e+00 -0.000000e+00
      outer loop
         vertex 7.384364e+00 1.660000e+01 1.169145e+01
         vertex 6.888434e+00 1.660000e+01 1.305400e+01
         vertex 7.687433e+00 1.660000e+01 1.177265e+01
      endloop
   endfacet
   facet normal 0.000000e+00 1.000000e+00 0.000000e+00
      outer loop
         vertex 7.687433e+00 1.660000e+01 1.177265e+01
         vertex 6.888434e+00 1.660000e+01 1.305400e+01
         vertex 7.435642e+00 1.660000e+01 1.320062e+01
      endloop
   endfacet
   facet normal 0.000000e+00 1.000000e+00 -0.000000e+00
      outer loop
         vertex 7.687433e+00 1.660000e+01 1.177265e+01
         vertex 7.435642e+00 1.660000e+01 1.320062e+01
         vertex 7.999999e+00 1.660000e+01 1.180000e+01
      endloop
   endfacet
   facet normal 0.000000e+00 1.000000e+00 -0.000000e+00
      outer loop
         vertex 7.999999e+00 1.660000e+01 1.180000e+01
         vertex 7.435642e+00 1.660000e+01 1.320062e+01
         vertex 7.999999e+00 1.660000e+01 1.325000e+01
      endloop
   endfacet
   facet normal -0.000000e+00 1.000000e+00 0.000000e+00
      outer loop
         vertex 7.999999e+00 1.660000e+01 1.180000e+01
         vertex 7.999999e+00 1.660000e+01 1.325000e+01
         vertex 8.312566e+00 1.660000e+01 1.177265e+01
      endloop
   endfacet
   facet normal 0.000000e+00 1.000000e+00 -0.000000e+00
      outer loop
         vertex 8.312566e+00 1.660000e+01 1.177265e+01
         vertex 7.999999e+00 1.660000e+01 1.325000e+01
         vertex 8.564357e+00 1.660000e+01 1.320062e+01
      endloop
   endfacet
   facet normal -0.000000e+00 1.000000e+00 0.000000e+00
      outer loop
         vertex 8.312566e+00 1.660000e+01 1.177265e+01
         vertex 8.564357e+00 1.660000e+01 1.320062e+01
         vertex 8.615635e+00 1.660000e+01 1.169145e+01
      endloop
   endfacet
   facet normal 0.000000e+00 1.000000e+00 -0.000000e+00
      outer loop
         vertex 8.615635e+00 1.660000e+01 1.169145e+01
         vertex 8.564357e+00 1.660000e+01 1.320062e+01
         vertex 9.111565e+00 1.660000e+01 1.305400e+01
      endloop
   endfacet
   facet normal -0.000000e+00 1.000000e+00 0.000000e+00
      outer loop
         vertex 8.615635e+00 1.660000e+01 1.169145e+01
         vertex 9.111565e+00 1.660000e+01 1.305400e+01
         vertex 8.900000e+00 1.660000e+01 1.155885e+01
      endloop
   endfacet
   facet normal 0.000000e+00 1.000000e+00 0.000000e+00
      outer loop
         vertex 8.900000e+00 1.660000e+01 1.155885e+01
         vertex 9.111565e+00 1.660000e+01 1.305400e+01
         vertex 9.624999e+00 1.660000e+01 1.281458e+01
      endloop
   endfacet
   facet normal -8.715516e-02 0.000000e+00 -9.961947e-01
      outer loop
         vertex 7.999999e+00 1.660000e+01 1.325000e+01
         vertex 7.999999e+00 1.997500e+01 1.325000e+01
         vertex 8.564357e+00 1.660000e+01 1.320062e+01
      endloop
   endfacet
   facet normal -8.715516e-02 0.000000e+00 -9.961947e-01
      outer loop
         vertex 8.564357e+00 1.660000e+01 1.320062e+01
         vertex 7.999999e+00 1.997500e+01 1.325000e+01
         vertex 8.564357e+00 1.997500e+01 1.320062e+01
      endloop
   endfacet
   facet normal -2.588195e-01 0.000000e+00 -9.659257e-01
      outer loop
         vertex 8.564357e+00 1.660000e+01 1.320062e+01
         vertex 8.564357e+00 1.997500e+01 1.320062e+01
         vertex 9.111565e+00 1.660000e+01 1.305400e+01
      endloop
   endfacet
   facet normal -2.588195e-01 0.000000e+00 -9.659257e-01
      outer loop
         vertex 9.111565e+00 1.660000e+01 1.305400e+01
         vertex 8.564357e+00 1.997500e+01 1.320062e+01
         vertex 9.111565e+00 1.997500e+01 1.305400e+01
      endloop
   endfacet
   facet normal -4.226182e-01 0.000000e+00 -9.063078e-01
      outer loop
         vertex 9.111565e+00 1.660000e+01 1.305400e+01
         vertex 9.111565e+00 1.997500e+01 1.305400e+01
         vertex 9.624999e+00 1.660000e+01 1.281458e+01
      endloop
   endfacet
   facet normal -4.226182e-01 0.000000e+00 -9.063078e-01
      outer loop
         vertex 9.624999e+00 1.660000e+01 1.281458e+01
         vertex 9.111565e+00 1.997500e+01 1.305400e+01
         vertex 9.624999e+00 1.997500e+01 1.281458e+01
      endloop
   endfacet
   facet normal -5.735771e-01 0.000000e+00 -8.191516e-01
      outer loop
         vertex 9.624999e+00 1.660000e+01 1.281458e+01
         vertex 9.624999e+00 1.997500e+01 1.281458e+01
         vertex 1.008906e+01 1.660000e+01 1.248964e+01
      endloop
   endfacet
   facet normal -5.735771e-01 0.000000e+00 -8.191516e-01
      outer loop
         vertex 1.008906e+01 1.660000e+01 1.248964e+01
         vertex 9.624999e+00 1.997500e+01 1.281458e+01
         vertex 1.008906e+01 1.997500e+01 1.248964e+01
      endloop
   endfacet
   facet normal -7.071051e-01 0.000000e+00 -7.071084e-01
      outer loop
         vertex 1.008906e+01 1.660000e+01 1.248964e+01
         vertex 1.008906e+01 1.997500e+01 1.248964e+01
         vertex 1.048964e+01 1.660000e+01 1.208906e+01
      endloop
   endfacet
   facet normal -7.071051e-01 0.000000e+00 -7.071084e-01
      outer loop
         vertex 1.048964e+01 1.660000e+01 1.208906e+01
         vertex 1.008906e+01 1.997500e+01 1.248964e+01
         vertex 1.048964e+01 1.997500e+01 1.208906e+01
      endloop
   endfacet
   facet normal -8.191537e-01 0.000000e+00 -5.735741e-01
      outer loop
         vertex 1.048964e+01 1.660000e+01 1.208906e+01
         vertex 1.048964e+01 1.997500e+01 1.208906e+01
         vertex 1.081458e+01 1.660000e+01 1.162500e+01
      endloop
   endfacet
   facet normal -8.191537e-01 0.000000e+00 -5.735741e-01
      outer loop
         vertex 1.081458e+01 1.660000e+01 1.162500e+01
         vertex 1.048964e+01 1.997500e+01 1.208906e+01
         vertex 1.081458e+01 1.997500e+01 1.162500e+01
      endloop
   endfacet
   facet normal -9.063075e-01 0.000000e+00 -4.226189e-01
      outer loop
         vertex 1.081458e+01 1.660000e+01 1.162500e+01
         vertex 1.081458e+01 1.997500e+01 1.162500e+01
         vertex 1.105400e+01 1.660000e+01 1.111156e+01
      endloop
   endfacet
   facet normal -9.063075e-01 0.000000e+00 -4.226189e-01
      outer loop
         vertex 1.105400e+01 1.660000e+01 1.111156e+01
         vertex 1.081458e+01 1.997500e+01 1.162500e+01
         vertex 1.105400e+01 1.997500e+01 1.111156e+01
      endloop
   endfacet
   facet normal -9.659252e-01 0.000000e+00 -2.588214e-01
      outer loop
         vertex 1.105400e+01 1.660000e+01 1.111156e+01
         vertex 1.105400e+01 1.997500e+01 1.111156e+01
         vertex 1.120063e+01 1.660000e+01 1.056436e+01
      endloop
   endfacet
   facet normal -9.659252e-01 0.000000e+00 -2.588214e-01
      outer loop
         vertex 1.120063e+01 1.660000e+01 1.056436e+01
         vertex 1.105400e+01 1.997500e+01 1.111156e+01
         vertex 1.120063e+01 1.997500e+01 1.056436e+01
      endloop
   endfacet
   facet normal -9.961950e-01 0.000000e+00 -8.715286e-02
      outer loop
         vertex 1.120063e+01 1.660000e+01 1.056436e+01
         vertex 1.120063e+01 1.997500e+01 1.056436e+01
         vertex 1.125000e+01 1.660000e+01 1.000000e+01
      endloop
   endfacet
   facet normal -9.961950e-01 0.000000e+00 -8.715286e-02
      outer loop
         vertex 1.125000e+01 1.660000e+01 1.000000e+01
         vertex 1.120063e+01 1.997500e+01 1.056436e+01
         vertex 1.125000e+01 1.997500e+01 1.000000e+01
      endloop
   endfacet
   facet normal -9.961950e-01 0.000000e+00 8.715272e-02
      outer loop
         vertex 1.125000e+01 1.660000e+01 1.000000e+01
         vertex 1.125000e+01 1.997500e+01 1.000000e+01
         vertex 1.120063e+01 1.660000e+01 9.435643e+00
      endloop
   endfacet
   facet normal -9.961950e-01 0.000000e+00 8.715272e-02
      outer loop
         vertex 1.120063e+01 1.660000e+01 9.435643e+00
         vertex 1.125000e+01 1.997500e+01 1.000000e+01
         vertex 1.120063e+01 1.997500e+01 9.435643e+00
      endloop
   endfacet
   facet normal -9.659252e-01 0.000000e+00 2.588214e-01
      outer loop
         vertex 1.120063e+01 1.660000e+01 9.435643e+00
         vertex 1.120063e+01 1.997500e+01 9.435643e+00
         vertex 1.105400e+01 1.660000e+01 8.888434e+00
      endloop
   endfacet
   facet normal -9.659252e-01 0.000000e+00 2.588214e-01
      outer loop
         vertex 1.105400e+01 1.660000e+01 8.888434e+00
         vertex 1.120063e+01 1.997500e+01 9.435643e+00
         vertex 1.105400e+01 1.997500e+01 8.888434e+00
      endloop
   endfacet
   facet normal -9.063075e-01 0.000000e+00 4.226189e-01
      outer loop
         vertex 1.105400e+01 1.660000e+01 8.888434e+00
         vertex 1.105400e+01 1.997500e+01 8.888434e+00
         vertex 1.081458e+01 1.660000e+01 8.374999e+00
      endloop
   endfacet
   facet normal -9.063075e-01 0.000000e+00 4.226189e-01
      outer loop
         vertex 1.081458e+01 1.660000e+01 8.374999e+00
         vertex 1.105400e+01 1.997500e+01 8.888434e+00
         vertex 1.081458e+01 1.997500e+01 8.374999e+00
      endloop
   endfacet
   facet normal -8.191531e-01 0.000000e+00 5.735749e-01
      outer loop
         vertex 1.081458e+01 1.660000e+01 8.374999e+00
         vertex 1.081458e+01 1.997500e+01 8.374999e+00
         vertex 1.048964e+01 1.660000e+01 7.910940e+00
      endloop
   endfacet
   facet normal -8.191531e-01 0.000000e+00 5.735749e-01
      outer loop
         vertex 1.048964e+01 1.660000e+01 7.910940e+00
         vertex 1.081458e+01 1.997500e+01 8.374999e+00
         vertex 1.048964e+01 1.997500e+01 7.910940e+00
      endloop
   endfacet
   facet normal -7.071060e-01 0.000000e+00 7.071076e-01
      outer loop
         vertex 1.048964e+01 1.660000e+01 7.910940e+00
         vertex 1.048964e+01 1.997500e+01 7.910940e+00
         vertex 1.008906e+01 1.660000e+01 7.510355e+00
      endloop
   endfacet
   facet normal -7.071060e-01 0.000000e+00 7.071076e-01
      outer loop
         vertex 1.008906e+01 1.660000e+01 7.510355e+00
         vertex 1.048964e+01 1.997500e+01 7.910940e+00
         vertex 1.008906e+01 1.997500e+01 7.510355e+00
      endloop
   endfacet
   facet normal -5.735760e-01 0.000000e+00 8.191524e-01
      outer loop
         vertex 1.008906e+01 1.660000e+01 7.510355e+00
         vertex 1.008906e+01 1.997500e+01 7.510355e+00
         vertex 9.624999e+00 1.660000e+01 7.185417e+00
      endloop
   endfacet
   facet normal -5.735760e-01 0.000000e+00 8.191524e-01
      outer loop
         vertex 9.624999e+00 1.660000e+01 7.185417e+00
         vertex 1.008906e+01 1.997500e+01 7.510355e+00
         vertex 9.624999e+00 1.997500e+01 7.185417e+00
      endloop
   endfacet
   facet normal -4.226189e-01 0.000000e+00 9.063075e-01
      outer loop
         vertex 9.624999e+00 1.660000e+01 7.185417e+00
         vertex 9.624999e+00 1.997500e+01 7.185417e+00
         vertex 9.111565e+00 1.660000e+01 6.945998e+00
      endloop
   endfacet
   facet normal -4.226189e-01 0.000000e+00 9.063075e-01
      outer loop
         vertex 9.111565e+00 1.660000e+01 6.945998e+00
         vertex 9.624999e+00 1.997500e+01 7.185417e+00
         vertex 9.111565e+00 1.997500e+01 6.945998e+00
      endloop
   endfacet
   facet normal -2.588187e-01 0.000000e+00 9.659259e-01
      outer loop
         vertex 9.111565e+00 1.660000e+01 6.945998e+00
         vertex 9.111565e+00 1.997500e+01 6.945998e+00
         vertex 8.564357e+00 1.660000e+01 6.799375e+00
      endloop
   endfacet
   facet normal -2.588187e-01 0.000000e+00 9.659259e-01
      outer loop
         vertex 8.564357e+00 1.660000e+01 6.799375e+00
         vertex 9.111565e+00 1.997500e+01 6.945998e+00
         vertex 8.564357e+00 1.997500e+01 6.799375e+00
      endloop
   endfacet
   facet normal -8.715598e-02 0.000000e+00 9.961947e-01
      outer loop
         vertex 8.564357e+00 1.660000e+01 6.799375e+00
         vertex 8.564357e+00 1.997500e+01 6.799375e+00
         vertex 7.999999e+00 1.660000e+01 6.750000e+00
      endloop
   endfacet
   facet normal -8.715598e-02 0.000000e+00 9.961947e-01
      outer loop
         vertex 7.999999e+00 1.660000e+01 6.750000e+00
         vertex 8.564357e+00 1.997500e+01 6.799375e+00
         vertex 7.999999e+00 1.997500e+01 6.750000e+00
      endloop
   endfacet
   facet normal 8.715598e-02 -0.000000e+00 9.961947e-01
      outer loop
         vertex 7.999999e+00 1.660000e+01 6.750000e+00
         vertex 7.999999e+00 1.997500e+01 6.750000e+00
         vertex 7.435642e+00 1.660000e+01 6.799375e+00
      endloop
   endfacet
   facet normal 8.715598e-02 -0.000000e+00 9.961947e-01
      outer loop
         vertex 7.435642e+00 1.660000e+01 6.799375e+00
         vertex 7.999999e+00 1.997500e+01 6.750000e+00
         vertex 7.435642e+00 1.997500e+01 6.799375e+00
      endloop
   endfacet
   facet normal 2.588187e-01 -0.000000e+00 9.659259e-01
      outer loop
         vertex 7.435642e+00 1.660000e+01 6.799375e+00
         vertex 7.435642e+00 1.997500e+01 6.799375e+00
         vertex 6.888434e+00 1.660000e+01 6.945998e+00
      endloop
   endfacet
   facet normal 2.588187e-01 -0.000000e+00 9.659259e-01
      outer loop
         vertex 6.888434e+00 1.660000e+01 6.945998e+00
         vertex 7.435642e+00 1.997500e+01 6.799375e+00
         vertex 6.888434e+00 1.997500e+01 6.945998e+00
      endloop
   endfacet
   facet normal 4.226189e-01 -0.000000e+00 9.063075e-01
      outer loop
         vertex 6.888434e+00 1.660000e+01 6.945998e+00
         vertex 6.888434e+00 1.997500e+01 6.945998e+00
         vertex 6.375000e+00 1.660000e+01 7.185417e+00
      endloop
   endfacet
   facet normal 4.226189e-01 -0.000000e+00 9.063075e-01
      outer loop
         vertex 6.375000e+00 1.660000e+01 7.185417e+00
         vertex 6.888434e+00 1.997500e+01 6.945998e+00
         vertex 6.375000e+00 1.997500e+01 7.185417e+00
      endloop
   endfacet
   facet normal 5.735760e-01 -0.000000e+00 8.191524e-01
      outer loop
         vertex 6.375000e+00 1.660000e+01 7.185417e+00
         vertex 6.375000e+00 1.997500e+01 7.185417e+00
         vertex 5.910940e+00 1.660000e+01 7.510355e+00
      endloop
   endfacet
   facet normal 5.735760e-01 -0.000000e+00 8.191524e-01
      outer loop
         vertex 5.910940e+00 1.660000e+01 7.510355e+00
         vertex 6.375000e+00 1.997500e+01 7.185417e+00
         vertex 5.910940e+00 1.997500e+01 7.510355e+00
      endloop
   endfacet
   facet normal 7.071060e-01 -0.000000e+00 7.071076e-01
      outer loop
         vertex 5.910940e+00 1.660000e+01 7.510355e+00
         vertex 5.910940e+00 1.997500e+01 7.510355e+00
         vertex 5.510354e+00 1.660000e+01 7.910940e+00
      endloop
   endfacet
   facet normal 7.071060e-01 -0.000000e+00 7.071076e-01
      outer loop
         vertex 5.510354e+00 1.660000e+01 7.910940e+00
         vertex 5.910940e+00 1.997500e+01 7.510355e+00
         vertex 5.510354e+00 1.997500e+01 7.910940e+00
      endloop
   endfacet
   facet normal 8.191516e-01 -0.000000e+00 5.735771e-01
      outer loop
         vertex 5.510354e+00 1.660000e+01 7.910940e+00
         vertex 5.510354e+00 1.997500e+01 7.910940e+00
         vertex 5.185416e+00 1.660000e+01 8.374999e+00
      endloop
   endfacet
   facet normal 8.191516e-01 -0.000000e+00 5.735771e-01
      outer loop
         vertex 5.185416e+00 1.660000e+01 8.374999e+00
         vertex 5.510354e+00 1.997500e+01 7.910940e+00
         vertex 5.185416e+00 1.997500e+01 8.374999e+00
      endloop
   endfacet
   facet normal 9.063088e-01 -0.000000e+00 4.226162e-01
      outer loop
         vertex 5.185416e+00 1.660000e+01 8.374999e+00
         vertex 5.185416e+00 1.997500e+01 8.374999e+00
         vertex 4.945999e+00 1.660000e+01 8.888434e+00
      endloop
   endfacet
   facet normal 9.063088e-01 -0.000000e+00 4.226162e-01
      outer loop
         vertex 4.945999e+00 1.660000e+01 8.888434e+00
         vertex 5.185416e+00 1.997500e+01 8.374999e+00
         vertex 4.945999e+00 1.997500e+01 8.888434e+00
      endloop
   endfacet
   facet normal 9.659252e-01 -0.000000e+00 2.588214e-01
      outer loop
         vertex 4.945999e+00 1.660000e+01 8.888434e+00
         vertex 4.945999e+00 1.997500e+01 8.888434e+00
         vertex 4.799373e+00 1.660000e+01 9.435643e+00
      endloop
   endfacet
   facet normal 9.659252e-01 -0.000000e+00 2.588214e-01
      outer loop
         vertex 4.799373e+00 1.660000e+01 9.435643e+00
         vertex 4.945999e+00 1.997500e+01 8.888434e+00
         vertex 4.799373e+00 1.997500e+01 9.435643e+00
      endloop
   endfacet
   facet normal 9.961947e-01 -0.000000e+00 8.715598e-02
      outer loop
         vertex 4.799373e+00 1.660000e+01 9.435643e+00
         vertex 4.799373e+00 1.997500e+01 9.435643e+00
         vertex 4.749998e+00 1.660000e+01 1.000000e+01
      endloop
   endfacet
   facet normal 9.961947e-01 -0.000000e+00 8.715598e-02
      outer loop
         vertex 4.749998e+00 1.660000e+01 1.000000e+01
         vertex 4.799373e+00 1.997500e+01 9.435643e+00
         vertex 4.749998e+00 1.997500e+01 1.000000e+01
      endloop
   endfacet
   facet normal 9.961947e-01 0.000000e+00 -8.715612e-02
      outer loop
         vertex 4.749998e+00 1.660000e+01 1.000000e+01
         vertex 4.749998e+00 1.997500e+01 1.000000e+01
         vertex 4.799373e+00 1.660000e+01 1.056436e+01
      endloop
   endfacet
   facet normal 9.961947e-01 0.000000e+00 -8.715612e-02
      outer loop
         vertex 4.799373e+00 1.660000e+01 1.056436e+01
         vertex 4.749998e+00 1.997500e+01 1.000000e+01
         vertex 4.799373e+00 1.997500e+01 1.056436e+01
      endloop
   endfacet
   facet normal 9.659252e-01 0.000000e+00 -2.588214e-01
      outer loop
         vertex 4.799373e+00 1.660000e+01 1.056436e+01
         vertex 4.799373e+00 1.997500e+01 1.056436e+01
         vertex 4.945999e+00 1.660000e+01 1.111156e+01
      endloop
   endfacet
   facet normal 9.659252e-01 0.000000e+00 -2.588214e-01
      outer loop
         vertex 4.945999e+00 1.660000e+01 1.111156e+01
         vertex 4.799373e+00 1.997500e+01 1.056436e+01
         vertex 4.945999e+00 1.997500e+01 1.111156e+01
      endloop
   endfacet
   facet normal 9.063088e-01 0.000000e+00 -4.226162e-01
      outer loop
         vertex 4.945999e+00 1.660000e+01 1.111156e+01
         vertex 4.945999e+00 1.997500e+01 1.111156e+01
         vertex 5.185416e+00 1.660000e+01 1.162500e+01
      endloop
   endfacet
   facet normal 9.063088e-01 0.000000e+00 -4.226162e-01
      outer loop
         vertex 5.185416e+00 1.660000e+01 1.162500e+01
         vertex 4.945999e+00 1.997500e+01 1.111156e+01
         vertex 5.185416e+00 1.997500e+01 1.162500e+01
      endloop
   endfacet
   facet normal 8.191521e-01 0.000000e+00 -5.735763e-01
      outer loop
         vertex 5.185416e+00 1.660000e+01 1.162500e+01
         vertex 5.185416e+00 1.997500e+01 1.162500e+01
         vertex 5.510354e+00 1.660000e+01 1.208906e+01
      endloop
   endfacet
   facet normal 8.191521e-01 0.000000e+00 -5.735763e-01
      outer loop
         vertex 5.510354e+00 1.660000e+01 1.208906e+01
         vertex 5.185416e+00 1.997500e+01 1.162500e+01
         vertex 5.510354e+00 1.997500e+01 1.208906e+01
      endloop
   endfacet
   facet normal 7.071051e-01 0.000000e+00 -7.071084e-01
      outer loop
         vertex 5.510354e+00 1.660000e+01 1.208906e+01
         vertex 5.510354e+00 1.997500e+01 1.208906e+01
         vertex 5.910940e+00 1.660000e+01 1.248964e+01
      endloop
   endfacet
   facet normal 7.071051e-01 0.000000e+00 -7.071084e-01
      outer loop
         vertex 5.910940e+00 1.660000e+01 1.248964e+01
         vertex 5.510354e+00 1.997500e+01 1.208906e+01
         vertex 5.910940e+00 1.997500e+01 1.248964e+01
      endloop
   endfacet
   facet normal 5.735771e-01 0.000000e+00 -8.191516e-01
      outer loop
         vertex 5.910940e+00 1.660000e+01 1.248964e+01
         vertex 5.910940e+00 1.997500e+01 1.248964e+01
         vertex 6.375000e+00 1.660000e+01 1.281458e+01
      endloop
   endfacet
   facet normal 5.735771e-01 0.000000e+00 -8.191516e-01
      outer loop
         vertex 6.375000e+00 1.660000e+01 1.281458e+01
         vertex 5.910940e+00 1.997500e+01 1.248964e+01
         vertex 6.375000e+00 1.997500e+01 1.281458e+01
      endloop
   endfacet
   facet normal 4.226182e-01 0.000000e+00 -9.063078e-01
      outer loop
         vertex 6.375000e+00 1.660000e+01 1.281458e+01
         vertex 6.375000e+00 1.997500e+01 1.281458e+01
         vertex 6.888434e+00 1.660000e+01 1.305400e+01
      endloop
   endfacet
   facet normal 4.226182e-01 0.000000e+00 -9.063078e-01
      outer loop
         vertex 6.888434e+00 1.660000e+01 1.305400e+01
         vertex 6.375000e+00 1.997500e+01 1.281458e+01
         vertex 6.888434e+00 1.997500e+01 1.305400e+01
      endloop
   endfacet
   facet normal 2.588195e-01 0.000000e+00 -9.659257e-01
      outer loop
         vertex 6.888434e+00 1.660000e+01 1.305400e+01
         vertex 6.888434e+00 1.997500e+01 1.305400e+01
         vertex 7.435642e+00 1.660000e+01 1.320062e+01
      endloop
   endfacet
   facet normal 2.588195e-01 0.000000e+00 -9.659257e-01
      outer loop
         vertex 7.435642e+00 1.660000e+01 1.320062e+01
         vertex 6.888434e+00 1.997500e+01 1.305400e+01
         vertex 7.435642e+00 1.997500e+01 1.320062e+01
      endloop
   endfacet
   facet normal 8.715516e-02 0.000000e+00 -9.961947e-01
      outer loop
         vertex 7.435642e+00 1.660000e+01 1.320062e+01
         vertex 7.435642e+00 1.997500e+01 1.320062e+01
         vertex 7.999999e+00 1.660000e+01 1.325000e+01
      endloop
   endfacet
   facet normal 8.715516e-02 0.000000e+00 -9.961947e-01
      outer loop
         vertex 7.999999e+00 1.660000e+01 1.325000e+01
         vertex 7.435642e+00 1.997500e+01 1.320062e+01
         vertex 7.999999e+00 1.997500e+01 1.325000e+01
      endloop
   endfacet
   facet normal -1.833616e-01 7.057572e-01 -6.843137e-01
      outer loop
         vertex 8.564357e+00 1.997500e+01 1.320062e+01
         vertex 8.568697e+00 2.000000e+01 1.322524e+01
         vertex 9.111565e+00 1.997500e+01 1.305400e+01
      endloop
   endfacet
   facet normal -1.833587e-01 7.057657e-01 -6.843057e-01
      outer loop
         vertex 9.111565e+00 1.997500e+01 1.305400e+01
         vertex 8.568697e+00 2.000000e+01 1.322524e+01
         vertex 9.120116e+00 2.000000e+01 1.307749e+01
      endloop
   endfacet
   facet normal -2.994009e-01 7.057680e-01 -6.420675e-01
      outer loop
         vertex 9.111565e+00 1.997500e+01 1.305400e+01
         vertex 9.120116e+00 2.000000e+01 1.307749e+01
         vertex 9.624999e+00 1.997500e+01 1.281458e+01
      endloop
   endfacet
   facet normal -2.994031e-01 7.057637e-01 -6.420712e-01
      outer loop
         vertex 9.624999e+00 1.997500e+01 1.281458e+01
         vertex 9.120116e+00 2.000000e+01 1.307749e+01
         vertex 9.637499e+00 2.000000e+01 1.283623e+01
      endloop
   endfacet
   facet normal -4.063488e-01 7.057644e-01 -5.803252e-01
      outer loop
         vertex 9.624999e+00 1.997500e+01 1.281458e+01
         vertex 9.637499e+00 2.000000e+01 1.283623e+01
         vertex 1.008906e+01 1.997500e+01 1.248964e+01
      endloop
   endfacet
   facet normal -4.063411e-01 7.057763e-01 -5.803161e-01
      outer loop
         vertex 1.008906e+01 1.997500e+01 1.248964e+01
         vertex 9.637499e+00 2.000000e+01 1.283623e+01
         vertex 1.010513e+01 2.000000e+01 1.250880e+01
      endloop
   endfacet
   facet normal -5.009364e-01 7.057784e-01 -5.009387e-01
      outer loop
         vertex 1.008906e+01 1.997500e+01 1.248964e+01
         vertex 1.010513e+01 2.000000e+01 1.250880e+01
         vertex 1.048964e+01 1.997500e+01 1.208906e+01
      endloop
   endfacet
   facet normal -5.009615e-01 7.057456e-01 -5.009598e-01
      outer loop
         vertex 1.048964e+01 1.997500e+01 1.208906e+01
         vertex 1.010513e+01 2.000000e+01 1.250880e+01
         vertex 1.050879e+01 2.000000e+01 1.210513e+01
      endloop
   endfacet
   facet normal -5.803427e-01 7.057447e-01 -4.063579e-01
      outer loop
         vertex 1.048964e+01 1.997500e+01 1.208906e+01
         vertex 1.050879e+01 2.000000e+01 1.210513e+01
         vertex 1.081458e+01 1.997500e+01 1.162500e+01
      endloop
   endfacet
   facet normal -5.803163e-01 7.057752e-01 -4.063426e-01
      outer loop
         vertex 1.081458e+01 1.997500e+01 1.162500e+01
         vertex 1.050879e+01 2.000000e+01 1.210513e+01
         vertex 1.083623e+01 2.000000e+01 1.163750e+01
      endloop
   endfacet
   facet normal -6.420602e-01 7.057757e-01 -2.993981e-01
      outer loop
         vertex 1.081458e+01 1.997500e+01 1.162500e+01
         vertex 1.083623e+01 2.000000e+01 1.163750e+01
         vertex 1.105400e+01 1.997500e+01 1.111156e+01
      endloop
   endfacet
   facet normal -6.420559e-01 7.057804e-01 -2.993966e-01
      outer loop
         vertex 1.105400e+01 1.997500e+01 1.111156e+01
         vertex 1.083623e+01 2.000000e+01 1.163750e+01
         vertex 1.107749e+01 2.000000e+01 1.112012e+01
      endloop
   endfacet
   facet normal -6.842899e-01 7.057816e-01 -1.833567e-01
      outer loop
         vertex 1.105400e+01 1.997500e+01 1.111156e+01
         vertex 1.107749e+01 2.000000e+01 1.112012e+01
         vertex 1.120063e+01 1.997500e+01 1.056436e+01
      endloop
   endfacet
   facet normal -6.843294e-01 7.057415e-01 -1.833636e-01
      outer loop
         vertex 1.120063e+01 1.997500e+01 1.056436e+01
         vertex 1.107749e+01 2.000000e+01 1.112012e+01
         vertex 1.122524e+01 2.000000e+01 1.056870e+01
      endloop
   endfacet
   facet normal -7.057737e-01 7.057414e-01 -6.174514e-02
      outer loop
         vertex 1.120063e+01 1.997500e+01 1.056436e+01
         vertex 1.122524e+01 2.000000e+01 1.056870e+01
         vertex 1.125000e+01 1.997500e+01 1.000000e+01
      endloop
   endfacet
   facet normal -7.057444e-01 7.057707e-01 -6.174515e-02
      outer loop
         vertex 1.125000e+01 1.997500e+01 1.000000e+01
         vertex 1.122524e+01 2.000000e+01 1.056870e+01
         vertex 1.127500e+01 2.000000e+01 1.000000e+01
      endloop
   endfacet
   facet normal -7.057446e-01 7.057708e-01 6.174249e-02
      outer loop
         vertex 1.125000e+01 1.997500e+01 1.000000e+01
         vertex 1.127500e+01 2.000000e+01 1.000000e+01
         vertex 1.120063e+01 1.997500e+01 9.435643e+00
      endloop
   endfacet
   facet normal -7.057734e-01 7.057415e-01 6.174759e-02
      outer loop
         vertex 1.120063e+01 1.997500e+01 9.435643e+00
         vertex 1.127500e+01 2.000000e+01 1.000000e+01
         vertex 1.122524e+01 2.000000e+01 9.431302e+00
      endloop
   endfacet
   facet normal -6.843286e-01 7.057414e-01 1.833670e-01
      outer loop
         vertex 1.120063e+01 1.997500e+01 9.435643e+00
         vertex 1.122524e+01 2.000000e+01 9.431302e+00
         vertex 1.105400e+01 1.997500e+01 8.888434e+00
      endloop
   endfacet
   facet normal -6.842910e-01 7.057814e-01 1.833533e-01
      outer loop
         vertex 1.105400e+01 1.997500e+01 8.888434e+00
         vertex 1.122524e+01 2.000000e+01 9.431302e+00
         vertex 1.107749e+01 2.000000e+01 8.879883e+00
      endloop
   endfacet
   facet normal -6.420561e-01 7.057804e-01 2.993962e-01
      outer loop
         vertex 1.105400e+01 1.997500e+01 8.888434e+00
         vertex 1.107749e+01 2.000000e+01 8.879883e+00
         vertex 1.081458e+01 1.997500e+01 8.374999e+00
      endloop
   endfacet
   facet normal -6.420649e-01 7.057702e-01 2.994013e-01
      outer loop
         vertex 1.081458e+01 1.997500e+01 8.374999e+00
         vertex 1.107749e+01 2.000000e+01 8.879883e+00
         vertex 1.083623e+01 2.000000e+01 8.362500e+00
      endloop
   endfacet
   facet normal -5.803236e-01 7.057677e-01 4.063453e-01
      outer loop
         vertex 1.081458e+01 1.997500e+01 8.374999e+00
         vertex 1.083623e+01 2.000000e+01 8.362500e+00
         vertex 1.048964e+01 1.997500e+01 7.910940e+00
      endloop
   endfacet
   facet normal -5.803353e-01 7.057524e-01 4.063551e-01
      outer loop
         vertex 1.048964e+01 1.997500e+01 7.910940e+00
         vertex 1.083623e+01 2.000000e+01 8.362500e+00
         vertex 1.050879e+01 2.000000e+01 7.894870e+00
      endloop
   endfacet
   facet normal -5.009535e-01 7.057549e-01 5.009547e-01
      outer loop
         vertex 1.048964e+01 1.997500e+01 7.910940e+00
         vertex 1.050879e+01 2.000000e+01 7.894870e+00
         vertex 1.008906e+01 1.997500e+01 7.510355e+00
      endloop
   endfacet
   facet normal -5.009415e-01 7.057736e-01 5.009403e-01
      outer loop
         vertex 1.008906e+01 1.997500e+01 7.510355e+00
         vertex 1.050879e+01 2.000000e+01 7.894870e+00
         vertex 1.010513e+01 2.000000e+01 7.491204e+00
      endloop
   endfacet
   facet normal -4.063443e-01 7.057708e-01 5.803205e-01
      outer loop
         vertex 1.008906e+01 1.997500e+01 7.510355e+00
         vertex 1.010513e+01 2.000000e+01 7.491204e+00
         vertex 9.624999e+00 1.997500e+01 7.185417e+00
      endloop
   endfacet
   facet normal -4.063475e-01 7.057644e-01 5.803260e-01
      outer loop
         vertex 9.624999e+00 1.997500e+01 7.185417e+00
         vertex 1.010513e+01 2.000000e+01 7.491204e+00
         vertex 9.637499e+00 2.000000e+01 7.163767e+00
      endloop
   endfacet
   facet normal -2.994032e-01 7.057637e-01 6.420711e-01
      outer loop
         vertex 9.624999e+00 1.997500e+01 7.185417e+00
         vertex 9.637499e+00 2.000000e+01 7.163767e+00
         vertex 9.111565e+00 1.997500e+01 6.945998e+00
      endloop
   endfacet
   facet normal -2.993997e-01 7.057739e-01 6.420615e-01
      outer loop
         vertex 9.111565e+00 1.997500e+01 6.945998e+00
         vertex 9.637499e+00 2.000000e+01 7.163767e+00
         vertex 9.120116e+00 2.000000e+01 6.922506e+00
      endloop
   endfacet
   facet normal -1.833572e-01 7.057721e-01 6.842995e-01
      outer loop
         vertex 9.111565e+00 1.997500e+01 6.945998e+00
         vertex 9.120116e+00 2.000000e+01 6.922506e+00
         vertex 8.564357e+00 1.997500e+01 6.799375e+00
      endloop
   endfacet
   facet normal -1.833587e-01 7.057637e-01 6.843079e-01
      outer loop
         vertex 8.564357e+00 1.997500e+01 6.799375e+00
         vertex 9.120116e+00 2.000000e+01 6.922506e+00
         vertex 8.568697e+00 2.000000e+01 6.774754e+00
      endloop
   endfacet
   facet normal -6.174515e-02 7.057668e-01 7.057484e-01
      outer loop
         vertex 8.564357e+00 1.997500e+01 6.799375e+00
         vertex 8.568697e+00 2.000000e+01 6.774754e+00
         vertex 7.999999e+00 1.997500e+01 6.750000e+00
      endloop
   endfacet
   facet normal -6.174515e-02 7.057707e-01 7.057444e-01
      outer loop
         vertex 7.999999e+00 1.997500e+01 6.750000e+00
         vertex 8.568697e+00 2.000000e+01 6.774754e+00
         vertex 7.999999e+00 2.000000e+01 6.724999e+00
      endloop
   endfacet
   facet normal 6.174481e-02 7.057707e-01 7.057445e-01
      outer loop
         vertex 7.999999e+00 1.997500e+01 6.750000e+00
         vertex 7.999999e+00 2.000000e+01 6.724999e+00
         vertex 7.435642e+00 1.997500e+01 6.799375e+00
      endloop
   endfacet
   facet normal 6.174550e-02 7.057668e-01 7.057484e-01
      outer loop
         vertex 7.435642e+00 1.997500e+01 6.799375e+00
         vertex 7.999999e+00 2.000000e+01 6.724999e+00
         vertex 7.431302e+00 2.000000e+01 6.774754e+00
      endloop
   endfacet
   facet normal 1.833594e-01 7.057636e-01 6.843077e-01
      outer loop
         vertex 7.435642e+00 1.997500e+01 6.799375e+00
         vertex 7.431302e+00 2.000000e+01 6.774754e+00
         vertex 6.888434e+00 1.997500e+01 6.945998e+00
      endloop
   endfacet
   facet normal 1.833565e-01 7.057721e-01 6.842997e-01
      outer loop
         vertex 6.888434e+00 1.997500e+01 6.945998e+00
         vertex 7.431302e+00 2.000000e+01 6.774754e+00
         vertex 6.879883e+00 2.000000e+01 6.922506e+00
      endloop
   endfacet
   facet normal 2.993989e-01 7.057740e-01 6.420618e-01
      outer loop
         vertex 6.888434e+00 1.997500e+01 6.945998e+00
         vertex 6.879883e+00 2.000000e+01 6.922506e+00
         vertex 6.375000e+00 1.997500e+01 7.185417e+00
      endloop
   endfacet
   facet normal 2.994040e-01 7.057638e-01 6.420707e-01
      outer loop
         vertex 6.375000e+00 1.997500e+01 7.185417e+00
         vertex 6.879883e+00 2.000000e+01 6.922506e+00
         vertex 6.362500e+00 2.000000e+01 7.163767e+00
      endloop
   endfacet
   facet normal 4.063480e-01 7.057644e-01 5.803257e-01
      outer loop
         vertex 6.375000e+00 1.997500e+01 7.185417e+00
         vertex 6.362500e+00 2.000000e+01 7.163767e+00
         vertex 5.910940e+00 1.997500e+01 7.510355e+00
      endloop
   endfacet
   facet normal 4.063438e-01 7.057708e-01 5.803208e-01
      outer loop
         vertex 5.910940e+00 1.997500e+01 7.510355e+00
         vertex 6.362500e+00 2.000000e+01 7.163767e+00
         vertex 5.894870e+00 2.000000e+01 7.491204e+00
      endloop
   endfacet
   facet normal 5.009403e-01 7.057737e-01 5.009414e-01
      outer loop
         vertex 5.910940e+00 1.997500e+01 7.510355e+00
         vertex 5.894870e+00 2.000000e+01 7.491204e+00
         vertex 5.510354e+00 1.997500e+01 7.910940e+00
      endloop
   endfacet
   facet normal 5.009546e-01 7.057550e-01 5.009535e-01
      outer loop
         vertex 5.510354e+00 1.997500e+01 7.910940e+00
         vertex 5.894870e+00 2.000000e+01 7.491204e+00
         vertex 5.491205e+00 2.000000e+01 7.894870e+00
      endloop
   endfacet
   facet normal 5.803349e-01 7.057524e-01 4.063556e-01
      outer loop
         vertex 5.510354e+00 1.997500e+01 7.910940e+00
         vertex 5.491205e+00 2.000000e+01 7.894870e+00
         vertex 5.185416e+00 1.997500e+01 8.374999e+00
      endloop
   endfacet
   facet normal 5.803406e-01 7.057459e-01 4.063588e-01
      outer loop
         vertex 5.185416e+00 1.997500e+01 8.374999e+00
         vertex 5.491205e+00 2.000000e+01 7.894870e+00
         vertex 5.163766e+00 2.000000e+01 8.362500e+00
      endloop
   endfacet
   facet normal 6.420880e-01 7.057460e-01 2.994087e-01
      outer loop
         vertex 5.185416e+00 1.997500e+01 8.374999e+00
         vertex 5.163766e+00 2.000000e+01 8.362500e+00
         vertex 4.945999e+00 1.997500e+01 8.888434e+00
      endloop
   endfacet
   facet normal 6.420557e-01 7.057803e-01 2.993970e-01
      outer loop
         vertex 4.945999e+00 1.997500e+01 8.888434e+00
         vertex 5.163766e+00 2.000000e+01 8.362500e+00
         vertex 4.922505e+00 2.000000e+01 8.879883e+00
      endloop
   endfacet
   facet normal 6.842899e-01 7.057816e-01 1.833567e-01
      outer loop
         vertex 4.945999e+00 1.997500e+01 8.888434e+00
         vertex 4.922505e+00 2.000000e+01 8.879883e+00
         vertex 4.799373e+00 1.997500e+01 9.435643e+00
      endloop
   endfacet
   facet normal 6.843294e-01 7.057415e-01 1.833636e-01
      outer loop
         vertex 4.799373e+00 1.997500e+01 9.435643e+00
         vertex 4.922505e+00 2.000000e+01 8.879883e+00
         vertex 4.774755e+00 2.000000e+01 9.431302e+00
      endloop
   endfacet
   facet normal 7.057735e-01 7.057415e-01 6.174734e-02
      outer loop
         vertex 4.799373e+00 1.997500e+01 9.435643e+00
         vertex 4.774755e+00 2.000000e+01 9.431302e+00
         vertex 4.749998e+00 1.997500e+01 1.000000e+01
      endloop
   endfacet
   facet normal 7.057706e-01 7.057443e-01 6.174735e-02
      outer loop
         vertex 4.749998e+00 1.997500e+01 1.000000e+01
         vertex 4.774755e+00 2.000000e+01 9.431302e+00
         vertex 4.725000e+00 2.000000e+01 1.000000e+01
      endloop
   endfacet
   facet normal 7.057706e-01 7.057443e-01 -6.174720e-02
      outer loop
         vertex 4.749998e+00 1.997500e+01 1.000000e+01
         vertex 4.725000e+00 2.000000e+01 1.000000e+01
         vertex 4.799373e+00 1.997500e+01 1.056436e+01
      endloop
   endfacet
   facet normal 7.057734e-01 7.057415e-01 -6.174769e-02
      outer loop
         vertex 4.799373e+00 1.997500e+01 1.056436e+01
         vertex 4.725000e+00 2.000000e+01 1.000000e+01
         vertex 4.774755e+00 2.000000e+01 1.056870e+01
      endloop
   endfacet
   facet normal 6.843286e-01 7.057414e-01 -1.833670e-01
      outer loop
         vertex 4.799373e+00 1.997500e+01 1.056436e+01
         vertex 4.774755e+00 2.000000e+01 1.056870e+01
         vertex 4.945999e+00 1.997500e+01 1.111156e+01
      endloop
   endfacet
   facet normal 6.842910e-01 7.057814e-01 -1.833533e-01
      outer loop
         vertex 4.945999e+00 1.997500e+01 1.111156e+01
         vertex 4.774755e+00 2.000000e+01 1.056870e+01
         vertex 4.922505e+00 2.000000e+01 1.112012e+01
      endloop
   endfacet
   facet normal 6.420569e-01 7.057805e-01 -2.993942e-01
      outer loop
         vertex 4.945999e+00 1.997500e+01 1.111156e+01
         vertex 4.922505e+00 2.000000e+01 1.112012e+01
         vertex 5.185416e+00 1.997500e+01 1.162500e+01
      endloop
   endfacet
   facet normal 6.420817e-01 7.057518e-01 -2.994086e-01
      outer loop
         vertex 5.185416e+00 1.997500e+01 1.162500e+01
         vertex 4.922505e+00 2.000000e+01 1.112012e+01
         vertex 5.163766e+00 2.000000e+01 1.163750e+01
      endloop
   endfacet
   facet normal 5.803344e-01 7.057535e-01 -4.063544e-01
      outer loop
         vertex 5.185416e+00 1.997500e+01 1.162500e+01
         vertex 5.163766e+00 2.000000e+01 1.163750e+01
         vertex 5.510354e+00 1.997500e+01 1.208906e+01
      endloop
   endfacet
   facet normal 5.803411e-01 7.057448e-01 -4.063600e-01
      outer loop
         vertex 5.510354e+00 1.997500e+01 1.208906e+01
         vertex 5.163766e+00 2.000000e+01 1.163750e+01
         vertex 5.491205e+00 2.000000e+01 1.210513e+01
      endloop
   endfacet
   facet normal 5.009596e-01 7.057455e-01 -5.009619e-01
      outer loop
         vertex 5.510354e+00 1.997500e+01 1.208906e+01
         vertex 5.491205e+00 2.000000e+01 1.210513e+01
         vertex 5.910940e+00 1.997500e+01 1.248964e+01
      endloop
   endfacet
   facet normal 5.009385e-01 7.057783e-01 -5.009367e-01
      outer loop
         vertex 5.910940e+00 1.997500e+01 1.248964e+01
         vertex 5.491205e+00 2.000000e+01 1.210513e+01
         vertex 5.894870e+00 2.000000e+01 1.250880e+01
      endloop
   endfacet
   facet normal 4.063419e-01 7.057763e-01 -5.803155e-01
      outer loop
         vertex 5.910940e+00 1.997500e+01 1.248964e+01
         vertex 5.894870e+00 2.000000e+01 1.250880e+01
         vertex 6.375000e+00 1.997500e+01 1.281458e+01
      endloop
   endfacet
   facet normal 4.063479e-01 7.057644e-01 -5.803258e-01
      outer loop
         vertex 6.375000e+00 1.997500e+01 1.281458e+01
         vertex 5.894870e+00 2.000000e+01 1.250880e+01
         vertex 6.362500e+00 2.000000e+01 1.283623e+01
      endloop
   endfacet
   facet normal 2.994027e-01 7.057637e-01 -6.420713e-01
      outer loop
         vertex 6.375000e+00 1.997500e+01 1.281458e+01
         vertex 6.362500e+00 2.000000e+01 1.283623e+01
         vertex 6.888434e+00 1.997500e+01 1.305400e+01
      endloop
   endfacet
   facet normal 2.994013e-01 7.057680e-01 -6.420673e-01
      outer loop
         vertex 6.888434e+00 1.997500e+01 1.305400e+01
         vertex 6.362500e+00 2.000000e+01 1.283623e+01
         vertex 6.879883e+00 2.000000e+01 1.307749e+01
      endloop
   endfacet
   facet normal 1.833594e-01 7.057658e-01 -6.843055e-01
      outer loop
         vertex 6.888434e+00 1.997500e+01 1.305400e+01
         vertex 6.879883e+00 2.000000e+01 1.307749e+01
         vertex 7.435642e+00 1.997500e+01 1.320062e+01
      endloop
   endfacet
   facet normal 1.833609e-01 7.057572e-01 -6.843139e-01
      outer loop
         vertex 7.435642e+00 1.997500e+01 1.320062e+01
         vertex 6.879883e+00 2.000000e+01 1.307749e+01
         vertex 7.431302e+00 2.000000e+01 1.322524e+01
      endloop
   endfacet
   facet normal 6.174515e-02 7.057601e-01 -7.057550e-01
      outer loop
         vertex 7.435642e+00 1.997500e+01 1.320062e+01
         vertex 7.431302e+00 2.000000e+01 1.322524e+01
         vertex 7.999999e+00 1.997500e+01 1.325000e+01
      endloop
   endfacet
   facet normal 6.174515e-02 7.057642e-01 -7.057510e-01
      outer loop
         vertex 7.999999e+00 1.997500e+01 1.325000e+01
         vertex 7.431302e+00 2.000000e+01 1.322524e+01
         vertex 7.999999e+00 2.000000e+01 1.327500e+01
      endloop
   endfacet
   facet normal -6.174480e-02 7.057642e-01 -7.057510e-01
      outer loop
         vertex 7.999999e+00 1.997500e+01 1.325000e+01
         vertex 7.999999e+00 2.000000e+01 1.327500e+01
         vertex 8.564357e+00 1.997500e+01 1.320062e+01
      endloop
   endfacet
   facet normal -6.174550e-02 7.057602e-01 -7.057550e-01
      outer loop
         vertex 8.564357e+00 1.997500e+01 1.320062e+01
         vertex 7.999999e+00 2.000000e+01 1.327500e+01
         vertex 8.568697e+00 2.000000e+01 1.322524e+01
      endloop
   endfacet
   facet normal -8.715693e-02 0.000000e+00 -9.961946e-01
      outer loop
         vertex 7.999999e+00 0.000000e+00 3.180000e+01
         vertex 7.999999e+00 1.660000e+01 3.180000e+01
         vertex 8.312566e+00 0.000000e+00 3.177265e+01
      endloop
   endfacet
   facet normal -8.715693e-02 0.000000e+00 -9.961946e-01
      outer loop
         vertex 8.312566e+00 0.000000e+00 3.177265e+01
         vertex 7.999999e+00 1.660000e+01 3.180000e+01
         vertex 8.312566e+00 1.660000e+01 3.177265e+01
      endloop
   endfacet
   facet normal -2.588205e-01 0.000000e+00 -9.659254e-01
      outer loop
         vertex 8.312566e+00 0.000000e+00 3.177265e+01
         vertex 8.312566e+00 1.660000e+01 3.177265e+01
         vertex 8.615635e+00 0.000000e+00 3.169145e+01
      endloop
   endfacet
   facet normal -2.588205e-01 0.000000e+00 -9.659254e-01
      outer loop
         vertex 8.615635e+00 0.000000e+00 3.169145e+01
         vertex 8.312566e+00 1.660000e+01 3.177265e+01
         vertex 8.615635e+00 1.660000e+01 3.169145e+01
      endloop
   endfacet
   facet normal -4.226168e-01 0.000000e+00 -9.063084e-01
      outer loop
         vertex 8.615635e+00 0.000000e+00 3.169145e+01
         vertex 8.615635e+00 1.660000e+01 3.169145e+01
         vertex 8.900000e+00 0.000000e+00 3.155885e+01
      endloop
   endfacet
   facet normal -4.226168e-01 0.000000e+00 -9.063084e-01
      outer loop
         vertex 8.900000e+00 0.000000e+00 3.155885e+01
         vertex 8.615635e+00 1.660000e+01 3.169145e+01
         vertex 8.900000e+00 1.660000e+01 3.155885e+01
      endloop
   endfacet
   facet normal -5.735779e-01 0.000000e+00 -8.191510e-01
      outer loop
         vertex 8.900000e+00 0.000000e+00 3.155885e+01
         vertex 8.900000e+00 1.660000e+01 3.155885e+01
         vertex 9.157017e+00 0.000000e+00 3.137888e+01
      endloop
   endfacet
   facet normal -5.735779e-01 0.000000e+00 -8.191510e-01
      outer loop
         vertex 9.157017e+00 0.000000e+00 3.137888e+01
         vertex 8.900000e+00 1.660000e+01 3.155885e+01
         vertex 9.157017e+00 1.660000e+01 3.137888e+01
      endloop
   endfacet
   facet normal -7.071068e-01 0.000000e+00 -7.071068e-01
      outer loop
         vertex 9.157017e+00 0.000000e+00 3.137888e+01
         vertex 9.157017e+00 1.660000e+01 3.137888e+01
         vertex 9.378878e+00 0.000000e+00 3.115702e+01
      endloop
   endfacet
   facet normal -7.071068e-01 0.000000e+00 -7.071068e-01
      outer loop
         vertex 9.378878e+00 0.000000e+00 3.115702e+01
         vertex 9.157017e+00 1.660000e+01 3.137888e+01
         vertex 9.378878e+00 1.660000e+01 3.115702e+01
      endloop
   endfacet
   facet normal -8.191506e-01 0.000000e+00 -5.735785e-01
      outer loop
         vertex 9.378878e+00 0.000000e+00 3.115702e+01
         vertex 9.378878e+00 1.660000e+01 3.115702e+01
         vertex 9.558845e+00 0.000000e+00 3.090000e+01
      endloop
   endfacet
   facet normal -8.191506e-01 0.000000e+00 -5.735785e-01
      outer loop
         vertex 9.558845e+00 0.000000e+00 3.090000e+01
         vertex 9.378878e+00 1.660000e+01 3.115702e+01
         vertex 9.558845e+00 1.660000e+01 3.090000e+01
      endloop
   endfacet
   facet normal -9.063091e-01 0.000000e+00 -4.226155e-01
      outer loop
         vertex 9.558845e+00 0.000000e+00 3.090000e+01
         vertex 9.558845e+00 1.660000e+01 3.090000e+01
         vertex 9.691445e+00 0.000000e+00 3.061564e+01
      endloop
   endfacet
   facet normal -9.063091e-01 0.000000e+00 -4.226155e-01
      outer loop
         vertex 9.691445e+00 0.000000e+00 3.061564e+01
         vertex 9.558845e+00 1.660000e+01 3.090000e+01
         vertex 9.691445e+00 1.660000e+01 3.061564e+01
      endloop
   endfacet
   facet normal -9.659256e-01 0.000000e+00 -2.588197e-01
      outer loop
         vertex 9.691445e+00 0.000000e+00 3.061564e+01
         vertex 9.691445e+00 1.660000e+01 3.061564e+01
         vertex 9.772653e+00 0.000000e+00 3.031257e+01
      endloop
   endfacet
   facet normal -9.659256e-01 0.000000e+00 -2.588197e-01
      outer loop
         vertex 9.772653e+00 0.000000e+00 3.031257e+01
         vertex 9.691445e+00 1.660000e+01 3.061564e+01
         vertex 9.772653e+00 1.660000e+01 3.031257e+01
      endloop
   endfacet
   facet normal -9.961943e-01 0.000000e+00 -8.715988e-02
      outer loop
         vertex 9.772653e+00 0.000000e+00 3.031257e+01
         vertex 9.772653e+00 1.660000e+01 3.031257e+01
         vertex 9.800000e+00 0.000000e+00 3.000000e+01
      endloop
   endfacet
   facet normal -9.961943e-01 0.000000e+00 -8.715988e-02
      outer loop
         vertex 9.800000e+00 0.000000e+00 3.000000e+01
         vertex 9.772653e+00 1.660000e+01 3.031257e+01
         vertex 9.800000e+00 1.660000e+01 3.000000e+01
      endloop
   endfacet
   facet normal -9.961943e-01 0.000000e+00 8.715988e-02
      outer loop
         vertex 9.800000e+00 0.000000e+00 3.000000e+01
         vertex 9.800000e+00 1.660000e+01 3.000000e+01
         vertex 9.772653e+00 0.000000e+00 2.968743e+01
      endloop
   endfacet
   facet normal -9.961943e-01 0.000000e+00 8.715988e-02
      outer loop
         vertex 9.772653e+00 0.000000e+00 2.968743e+01
         vertex 9.800000e+00 1.660000e+01 3.000000e+01
         vertex 9.772653e+00 1.660000e+01 2.968743e+01
      endloop
   endfacet
   facet normal -9.659254e-01 0.000000e+00 2.588205e-01
      outer loop
         vertex 9.772653e+00 0.000000e+00 2.968743e+01
         vertex 9.772653e+00 1.660000e+01 2.968743e+01
         vertex 9.691445e+00 0.000000e+00 2.938436e+01
      endloop
   endfacet
   facet normal -9.659254e-01 0.000000e+00 2.588205e-01
      outer loop
         vertex 9.691445e+00 0.000000e+00 2.938436e+01
         vertex 9.772653e+00 1.660000e+01 2.968743e+01
         vertex 9.691445e+00 1.660000e+01 2.938436e+01
      endloop
   endfacet
   facet normal -9.063091e-01 0.000000e+00 4.226155e-01
      outer loop
         vertex 9.691445e+00 0.000000e+00 2.938436e+01
         vertex 9.691445e+00 1.660000e+01 2.938436e+01
         vertex 9.558845e+00 0.000000e+00 2.910000e+01
      endloop
   endfacet
   facet normal -9.063091e-01 0.000000e+00 4.226155e-01
      outer loop
         vertex 9.558845e+00 0.000000e+00 2.910000e+01
         vertex 9.691445e+00 1.660000e+01 2.938436e+01
         vertex 9.558845e+00 1.660000e+01 2.910000e+01
      endloop
   endfacet
   facet normal -8.191506e-01 0.000000e+00 5.735785e-01
      outer loop
         vertex 9.558845e+00 0.000000e+00 2.910000e+01
         vertex 9.558845e+00 1.660000e+01 2.910000e+01
         vertex 9.378878e+00 0.000000e+00 2.884298e+01
      endloop
   endfacet
   facet normal -8.191506e-01 0.000000e+00 5.735785e-01
      outer loop
         vertex 9.378878e+00 0.000000e+00 2.884298e+01
         vertex 9.558845e+00 1.660000e+01 2.910000e+01
         vertex 9.378878e+00 1.660000e+01 2.884298e+01
      endloop
   endfacet
   facet normal -7.071083e-01 0.000000e+00 7.071053e-01
      outer loop
         vertex 9.378878e+00 0.000000e+00 2.884298e+01
         vertex 9.378878e+00 1.660000e+01 2.884298e+01
         vertex 9.157017e+00 0.000000e+00 2.862112e+01
      endloop
   endfacet
   facet normal -7.071083e-01 0.000000e+00 7.071053e-01
      outer loop
         vertex 9.157017e+00 0.000000e+00 2.862112e+01
         vertex 9.378878e+00 1.660000e+01 2.884298e+01
         vertex 9.157017e+00 1.660000e+01 2.862112e+01
      endloop
   endfacet
   facet normal -5.735779e-01 0.000000e+00 8.191510e-01
      outer loop
         vertex 9.157017e+00 0.000000e+00 2.862112e+01
         vertex 9.157017e+00 1.660000e+01 2.862112e+01
         vertex 8.900000e+00 0.000000e+00 2.844115e+01
      endloop
   endfacet
   facet normal -5.735779e-01 0.000000e+00 8.191510e-01
      outer loop
         vertex 8.900000e+00 0.000000e+00 2.844115e+01
         vertex 9.157017e+00 1.660000e+01 2.862112e+01
         vertex 8.900000e+00 1.660000e+01 2.844115e+01
      endloop
   endfacet
   facet normal -4.226168e-01 0.000000e+00 9.063084e-01
      outer loop
         vertex 8.900000e+00 0.000000e+00 2.844115e+01
         vertex 8.900000e+00 1.660000e+01 2.844115e+01
         vertex 8.615635e+00 0.000000e+00 2.830855e+01
      endloop
   endfacet
   facet normal -4.226168e-01 0.000000e+00 9.063084e-01
      outer loop
         vertex 8.615635e+00 0.000000e+00 2.830855e+01
         vertex 8.900000e+00 1.660000e+01 2.844115e+01
         vertex 8.615635e+00 1.660000e+01 2.830855e+01
      endloop
   endfacet
   facet normal -2.588177e-01 0.000000e+00 9.659262e-01
      outer loop
         vertex 8.615635e+00 0.000000e+00 2.830855e+01
         vertex 8.615635e+00 1.660000e+01 2.830855e+01
         vertex 8.312566e+00 0.000000e+00 2.822735e+01
      endloop
   endfacet
   facet normal -2.588177e-01 0.000000e+00 9.659262e-01
      outer loop
         vertex 8.312566e+00 0.000000e+00 2.822735e+01
         vertex 8.615635e+00 1.660000e+01 2.830855e+01
         vertex 8.312566e+00 1.660000e+01 2.822735e+01
      endloop
   endfacet
   facet normal -8.715693e-02 0.000000e+00 9.961946e-01
      outer loop
         vertex 8.312566e+00 0.000000e+00 2.822735e+01
         vertex 8.312566e+00 1.660000e+01 2.822735e+01
         vertex 7.999999e+00 0.000000e+00 2.820000e+01
      endloop
   endfacet
   facet normal -8.715693e-02 0.000000e+00 9.961946e-01
      outer loop
         vertex 7.999999e+00 0.000000e+00 2.820000e+01
         vertex 8.312566e+00 1.660000e+01 2.822735e+01
         vertex 7.999999e+00 1.660000e+01 2.820000e+01
      endloop
   endfacet
   facet normal 8.715693e-02 -0.000000e+00 9.961946e-01
      outer loop
         vertex 7.999999e+00 0.000000e+00 2.820000e+01
         vertex 7.999999e+00 1.660000e+01 2.820000e+01
         vertex 7.687433e+00 0.000000e+00 2.822735e+01
      endloop
   endfacet
   facet normal 8.715693e-02 -0.000000e+00 9.961946e-01
      outer loop
         vertex 7.687433e+00 0.000000e+00 2.822735e+01
         vertex 7.999999e+00 1.660000e+01 2.820000e+01
         vertex 7.687433e+00 1.660000e+01 2.822735e+01
      endloop
   endfacet
   facet normal 2.588177e-01 -0.000000e+00 9.659262e-01
      outer loop
         vertex 7.687433e+00 0.000000e+00 2.822735e+01
         vertex 7.687433e+00 1.660000e+01 2.822735e+01
         vertex 7.384364e+00 0.000000e+00 2.830855e+01
      endloop
   endfacet
   facet normal 2.588177e-01 -0.000000e+00 9.659262e-01
      outer loop
         vertex 7.384364e+00 0.000000e+00 2.830855e+01
         vertex 7.687433e+00 1.660000e+01 2.822735e+01
         vertex 7.384364e+00 1.660000e+01 2.830855e+01
      endloop
   endfacet
   facet normal 4.226168e-01 -0.000000e+00 9.063084e-01
      outer loop
         vertex 7.384364e+00 0.000000e+00 2.830855e+01
         vertex 7.384364e+00 1.660000e+01 2.830855e+01
         vertex 7.099999e+00 0.000000e+00 2.844115e+01
      endloop
   endfacet
   facet normal 4.226168e-01 -0.000000e+00 9.063084e-01
      outer loop
         vertex 7.099999e+00 0.000000e+00 2.844115e+01
         vertex 7.384364e+00 1.660000e+01 2.830855e+01
         vertex 7.099999e+00 1.660000e+01 2.844115e+01
      endloop
   endfacet
   facet normal 5.735779e-01 -0.000000e+00 8.191510e-01
      outer loop
         vertex 7.099999e+00 0.000000e+00 2.844115e+01
         vertex 7.099999e+00 1.660000e+01 2.844115e+01
         vertex 6.842982e+00 0.000000e+00 2.862112e+01
      endloop
   endfacet
   facet normal 5.735779e-01 -0.000000e+00 8.191510e-01
      outer loop
         vertex 6.842982e+00 0.000000e+00 2.862112e+01
         vertex 7.099999e+00 1.660000e+01 2.844115e+01
         vertex 6.842982e+00 1.660000e+01 2.862112e+01
      endloop
   endfacet
   facet normal 7.071053e-01 -0.000000e+00 7.071083e-01
      outer loop
         vertex 6.842982e+00 0.000000e+00 2.862112e+01
         vertex 6.842982e+00 1.660000e+01 2.862112e+01
         vertex 6.621119e+00 0.000000e+00 2.884298e+01
      endloop
   endfacet
   facet normal 7.071053e-01 -0.000000e+00 7.071083e-01
      outer loop
         vertex 6.621119e+00 0.000000e+00 2.884298e+01
         vertex 6.842982e+00 1.660000e+01 2.862112e+01
         vertex 6.621119e+00 1.660000e+01 2.884298e+01
      endloop
   endfacet
   facet normal 8.191534e-01 -0.000000e+00 5.735745e-01
      outer loop
         vertex 6.621119e+00 0.000000e+00 2.884298e+01
         vertex 6.621119e+00 1.660000e+01 2.884298e+01
         vertex 6.441154e+00 0.000000e+00 2.910000e+01
      endloop
   endfacet
   facet normal 8.191534e-01 -0.000000e+00 5.735745e-01
      outer loop
         vertex 6.441154e+00 0.000000e+00 2.910000e+01
         vertex 6.621119e+00 1.660000e+01 2.884298e+01
         vertex 6.441154e+00 1.660000e+01 2.910000e+01
      endloop
   endfacet
   facet normal 9.063068e-01 -0.000000e+00 4.226204e-01
      outer loop
         vertex 6.441154e+00 0.000000e+00 2.910000e+01
         vertex 6.441154e+00 1.660000e+01 2.910000e+01
         vertex 6.308552e+00 0.000000e+00 2.938436e+01
      endloop
   endfacet
   facet normal 9.063068e-01 -0.000000e+00 4.226204e-01
      outer loop
         vertex 6.308552e+00 0.000000e+00 2.938436e+01
         vertex 6.441154e+00 1.660000e+01 2.910000e+01
         vertex 6.308552e+00 1.660000e+01 2.938436e+01
      endloop
   endfacet
   facet normal 9.659269e-01 -0.000000e+00 2.588149e-01
      outer loop
         vertex 6.308552e+00 0.000000e+00 2.938436e+01
         vertex 6.308552e+00 1.660000e+01 2.938436e+01
         vertex 6.227346e+00 0.000000e+00 2.968743e+01
      endloop
   endfacet
   facet normal 9.659269e-01 -0.000000e+00 2.588149e-01
      outer loop
         vertex 6.227346e+00 0.000000e+00 2.968743e+01
         vertex 6.308552e+00 1.660000e+01 2.938436e+01
         vertex 6.227346e+00 1.660000e+01 2.968743e+01
      endloop
   endfacet
   facet normal 9.961943e-01 -0.000000e+00 8.715988e-02
      outer loop
         vertex 6.227346e+00 0.000000e+00 2.968743e+01
         vertex 6.227346e+00 1.660000e+01 2.968743e+01
         vertex 6.199999e+00 0.000000e+00 3.000000e+01
      endloop
   endfacet
   facet normal 9.961943e-01 -0.000000e+00 8.715988e-02
      outer loop
         vertex 6.199999e+00 0.000000e+00 3.000000e+01
         vertex 6.227346e+00 1.660000e+01 2.968743e+01
         vertex 6.199999e+00 1.660000e+01 3.000000e+01
      endloop
   endfacet
   facet normal 9.961943e-01 0.000000e+00 -8.715988e-02
      outer loop
         vertex 6.199999e+00 0.000000e+00 3.000000e+01
         vertex 6.199999e+00 1.660000e+01 3.000000e+01
         vertex 6.227346e+00 0.000000e+00 3.031257e+01
      endloop
   endfacet
   facet normal 9.961943e-01 0.000000e+00 -8.715988e-02
      outer loop
         vertex 6.227346e+00 0.000000e+00 3.031257e+01
         vertex 6.199999e+00 1.660000e+01 3.000000e+01
         vertex 6.227346e+00 1.660000e+01 3.031257e+01
      endloop
   endfacet
   facet normal 9.659271e-01 0.000000e+00 -2.588142e-01
      outer loop
         vertex 6.227346e+00 0.000000e+00 3.031257e+01
         vertex 6.227346e+00 1.660000e+01 3.031257e+01
         vertex 6.308552e+00 0.000000e+00 3.061564e+01
      endloop
   endfacet
   facet normal 9.659271e-01 0.000000e+00 -2.588142e-01
      outer loop
         vertex 6.308552e+00 0.000000e+00 3.061564e+01
         vertex 6.227346e+00 1.660000e+01 3.031257e+01
         vertex 6.308552e+00 1.660000e+01 3.061564e+01
      endloop
   endfacet
   facet normal 9.063068e-01 0.000000e+00 -4.226204e-01
      outer loop
         vertex 6.308552e+00 0.000000e+00 3.061564e+01
         vertex 6.308552e+00 1.660000e+01 3.061564e+01
         vertex 6.441154e+00 0.000000e+00 3.090000e+01
      endloop
   endfacet
   facet normal 9.063068e-01 0.000000e+00 -4.226204e-01
      outer loop
         vertex 6.441154e+00 0.000000e+00 3.090000e+01
         vertex 6.308552e+00 1.660000e+01 3.061564e+01
         vertex 6.441154e+00 1.660000e+01 3.090000e+01
      endloop
   endfacet
   facet normal 8.191534e-01 0.000000e+00 -5.735745e-01
      outer loop
         vertex 6.441154e+00 0.000000e+00 3.090000e+01
         vertex 6.441154e+00 1.660000e+01 3.090000e+01
         vertex 6.621119e+00 0.000000e+00 3.115702e+01
      endloop
   endfacet
   facet normal 8.191534e-01 0.000000e+00 -5.735745e-01
      outer loop
         vertex 6.621119e+00 0.000000e+00 3.115702e+01
         vertex 6.441154e+00 1.660000e+01 3.090000e+01
         vertex 6.621119e+00 1.660000e+01 3.115702e+01
      endloop
   endfacet
   facet normal 7.071038e-01 0.000000e+00 -7.071097e-01
      outer loop
         vertex 6.621119e+00 0.000000e+00 3.115702e+01
         vertex 6.621119e+00 1.660000e+01 3.115702e+01
         vertex 6.842982e+00 0.000000e+00 3.137888e+01
      endloop
   endfacet
   facet normal 7.071038e-01 0.000000e+00 -7.071097e-01
      outer loop
         vertex 6.842982e+00 0.000000e+00 3.137888e+01
         vertex 6.621119e+00 1.660000e+01 3.115702e+01
         vertex 6.842982e+00 1.660000e+01 3.137888e+01
      endloop
   endfacet
   facet normal 5.735779e-01 0.000000e+00 -8.191510e-01
      outer loop
         vertex 6.842982e+00 0.000000e+00 3.137888e+01
         vertex 6.842982e+00 1.660000e+01 3.137888e+01
         vertex 7.099999e+00 0.000000e+00 3.155885e+01
      endloop
   endfacet
   facet normal 5.735779e-01 0.000000e+00 -8.191510e-01
      outer loop
         vertex 7.099999e+00 0.000000e+00 3.155885e+01
         vertex 6.842982e+00 1.660000e+01 3.137888e+01
         vertex 7.099999e+00 1.660000e+01 3.155885e+01
      endloop
   endfacet
   facet normal 4.226168e-01 0.000000e+00 -9.063084e-01
      outer loop
         vertex 7.099999e+00 0.000000e+00 3.155885e+01
         vertex 7.099999e+00 1.660000e+01 3.155885e+01
         vertex 7.384364e+00 0.000000e+00 3.169145e+01
      endloop
   endfacet
   facet normal 4.226168e-01 0.000000e+00 -9.063084e-01
      outer loop
         vertex 7.384364e+00 0.000000e+00 3.169145e+01
         vertex 7.099999e+00 1.660000e+01 3.155885e+01
         vertex 7.384364e+00 1.660000e+01 3.169145e+01
      endloop
   endfacet
   facet normal 2.588205e-01 0.000000e+00 -9.659254e-01
      outer loop
         vertex 7.384364e+00 0.000000e+00 3.169145e+01
         vertex 7.384364e+00 1.660000e+01 3.169145e+01
         vertex 7.687433e+00 0.000000e+00 3.177265e+01
      endloop
   endfacet
   facet normal 2.588205e-01 0.000000e+00 -9.659254e-01
      outer loop
         vertex 7.687433e+00 0.000000e+00 3.177265e+01
         vertex 7.384364e+00 1.660000e+01 3.169145e+01
         vertex 7.687433e+00 1.660000e+01 3.177265e+01
      endloop
   endfacet
   facet normal 8.715693e-02 0.000000e+00 -9.961946e-01
      outer loop
         vertex 7.687433e+00 0.000000e+00 3.177265e+01
         vertex 7.687433e+00 1.660000e+01 3.177265e+01
         vertex 7.999999e+00 0.000000e+00 3.180000e+01
      endloop
   endfacet
   facet normal 8.715693e-02 0.000000e+00 -9.961946e-01
      outer loop
         vertex 7.999999e+00 0.000000e+00 3.180000e+01
         vertex 7.687433e+00 1.660000e+01 3.177265e+01
         vertex 7.999999e+00 1.660000e+01 3.180000e+01
      endloop
   endfacet
   facet normal -0.000000e+00 1.000000e+00 0.000000e+00
      outer loop
         vertex 8.900000e+00 1.660000e+01 3.155885e+01
         vertex 9.624999e+00 1.660000e+01 3.281458e+01
         vertex 9.157017e+00 1.660000e+01 3.137888e+01
      endloop
   endfacet
   facet normal 0.000000e+00 1.000000e+00 0.000000e+00
      outer loop
         vertex 9.157017e+00 1.660000e+01 3.137888e+01
         vertex 9.624999e+00 1.660000e+01 3.281458e+01
         vertex 1.008906e+01 1.660000e+01 3.248964e+01
      endloop
   endfacet
   facet normal -0.000000e+00 1.000000e+00 0.000000e+00
      outer loop
         vertex 9.157017e+00 1.660000e+01 3.137888e+01
         vertex 1.008906e+01 1.660000e+01 3.248964e+01
         vertex 9.378878e+00 1.660000e+01 3.115702e+01
      endloop
   endfacet
   facet normal 0.000000e+00 1.000000e+00 0.000000e+00
      outer loop
         vertex 9.378878e+00 1.660000e+01 3.115702e+01
         vertex 1.008906e+01 1.660000e+01 3.248964e+01
         vertex 1.048964e+01 1.660000e+01 3.208906e+01
      endloop
   endfacet
   facet normal -0.000000e+00 1.000000e+00 0.000000e+00
      outer loop
         vertex 9.378878e+00 1.660000e+01 3.115702e+01
         vertex 1.048964e+01 1.660000e+01 3.208906e+01
         vertex 9.558845e+00 1.660000e+01 3.090000e+01
      endloop
   endfacet
   facet normal 0.000000e+00 1.000000e+00 0.000000e+00
      outer loop
         vertex 9.558845e+00 1.660000e+01 3.090000e+01
         vertex 1.048964e+01 1.660000e+01 3.208906e+01
         vertex 1.081458e+01 1.660000e+01 3.162500e+01
      endloop
   endfacet
   facet normal -0.000000e+00 1.000000e+00 0.000000e+00
      outer loop
         vertex 9.558845e+00 1.660000e+01 3.090000e+01
         vertex 1.081458e+01 1.660000e+01 3.162500e+01
         vertex 9.691445e+00 1.660000e+01 3.061564e+01
      endloop
   endfacet
   facet normal 0.000000e+00 1.000000e+00 0.000000e+00
      outer loop
         vertex 9.691445e+00 1.660000e+01 3.061564e+01
         vertex 1.081458e+01 1.660000e+01 3.162500e+01
         vertex 1.105400e+01 1.660000e+01 3.111157e+01
      endloop
   endfacet
   facet normal -0.000000e+00 1.000000e+00 0.000000e+00
      outer loop
         vertex 9.691445e+00 1.660000e+01 3.061564e+01
         vertex 1.105400e+01 1.660000e+01 3.111157e+01
         vertex 9.772653e+00 1.660000e+01 3.031257e+01
      endloop
   endfacet
   facet normal 0.000000e+00 1.000000e+00 0.000000e+00
      outer loop
         vertex 9.772653e+00 1.660000e+01 3.031257e+01
         vertex 1.105400e+01 1.660000e+01 3.111157e+01
         vertex 1.120063e+01 1.660000e+01 3.056436e+01
      endloop
   endfacet
   facet normal -0.000000e+00 1.000000e+00 0.000000e+00
      outer loop
         vertex 9.772653e+00 1.660000e+01 3.031257e+01
         vertex 1.120063e+01 1.660000e+01 3.056436e+01
         vertex 9.800000e+00 1.660000e+01 3.000000e+01
      endloop
   endfacet
   facet normal 0.000000e+00 1.000000e+00 0.000000e+00
      outer loop
         vertex 9.800000e+00 1.660000e+01 3.000000e+01
         vertex 1.120063e+01 1.660000e+01 3.056436e+01
         vertex 1.125000e+01 1.660000e+01 3.000000e+01
      endloop
   endfacet
   facet normal -0.000000e+00 1.000000e+00 0.000000e+00
      outer loop
         vertex 9.800000e+00 1.660000e+01 3.000000e+01
         vertex 1.125000e+01 1.660000e+01 3.000000e+01
         vertex 9.772653e+00 1.660000e+01 2.968743e+01
      endloop
   endfacet
   facet normal -0.000000e+00 1.000000e+00 0.000000e+00
      outer loop
         vertex 9.772653e+00 1.660000e+01 2.968743e+01
         vertex 1.125000e+01 1.660000e+01 3.000000e+01
         vertex 1.120063e+01 1.660000e+01 2.943564e+01
      endloop
   endfacet
   facet normal 0.000000e+00 1.000000e+00 0.000000e+00
      outer loop
         vertex 9.772653e+00 1.660000e+01 2.968743e+01
         vertex 1.120063e+01 1.660000e+01 2.943564e+01
         vertex 9.691445e+00 1.660000e+01 2.938436e+01
      endloop
   endfacet
   facet normal -0.000000e+00 1.000000e+00 0.000000e+00
      outer loop
         vertex 9.691445e+00 1.660000e+01 2.938436e+01
         vertex 1.120063e+01 1.660000e+01 2.943564e+01
         vertex 1.105400e+01 1.660000e+01 2.888843e+01
      endloop
   endfacet
   facet normal 0.000000e+00 1.000000e+00 0.000000e+00
      outer loop
         vertex 9.691445e+00 1.660000e+01 2.938436e+01
         vertex 1.105400e+01 1.660000e+01 2.888843e+01
         vertex 9.558845e+00 1.660000e+01 2.910000e+01
      endloop
   endfacet
   facet normal 0.000000e+00 1.000000e+00 0.000000e+00
      outer loop
         vertex 9.558845e+00 1.660000e+01 2.910000e+01
         vertex 1.105400e+01 1.660000e+01 2.888843e+01
         vertex 1.081458e+01 1.660000e+01 2.837500e+01
      endloop
   endfacet
   facet normal 0.000000e+00 1.000000e+00 0.000000e+00
      outer loop
         vertex 9.558845e+00 1.660000e+01 2.910000e+01
         vertex 1.081458e+01 1.660000e+01 2.837500e+01
         vertex 9.378878e+00 1.660000e+01 2.884298e+01
      endloop
   endfacet
   facet normal 0.000000e+00 1.000000e+00 0.000000e+00
      outer loop
         vertex 9.378878e+00 1.660000e+01 2.884298e+01
         vertex 1.081458e+01 1.660000e+01 2.837500e+01
         vertex 1.048964e+01 1.660000e+01 2.791094e+01
      endloop
   endfacet
   facet normal 0.000000e+00 1.000000e+00 0.000000e+00
      outer loop
         vertex 9.378878e+00 1.660000e+01 2.884298e+01
         vertex 1.048964e+01 1.660000e+01 2.791094e+01
         vertex 9.157017e+00 1.660000e+01 2.862112e+01
      endloop
   endfacet
   facet normal 0.000000e+00 1.000000e+00 0.000000e+00
      outer loop
         vertex 9.157017e+00 1.660000e+01 2.862112e+01
         vertex 1.048964e+01 1.660000e+01 2.791094e+01
         vertex 1.008906e+01 1.660000e+01 2.751036e+01
      endloop
   endfacet
   facet normal 0.000000e+00 1.000000e+00 0.000000e+00
      outer loop
         vertex 9.157017e+00 1.660000e+01 2.862112e+01
         vertex 1.008906e+01 1.660000e+01 2.751036e+01
         vertex 8.900000e+00 1.660000e+01 2.844115e+01
      endloop
   endfacet
   facet normal 0.000000e+00 1.000000e+00 0.000000e+00
      outer loop
         vertex 8.900000e+00 1.660000e+01 2.844115e+01
         vertex 1.008906e+01 1.660000e+01 2.751036e+01
         vertex 9.624999e+00 1.660000e+01 2.718542e+01
      endloop
   endfacet
   facet normal 0.000000e+00 1.000000e+00 0.000000e+00
      outer loop
         vertex 8.900000e+00 1.660000e+01 2.844115e+01
         vertex 9.624999e+00 1.660000e+01 2.718542e+01
         vertex 8.615635e+00 1.660000e+01 2.830855e+01
      endloop
   endfacet
   facet normal 0.000000e+00 1.000000e+00 0.000000e+00
      outer loop
         vertex 8.615635e+00 1.660000e+01 2.830855e+01
         vertex 9.624999e+00 1.660000e+01 2.718542e+01
         vertex 9.111565e+00 1.660000e+01 2.694600e+01
      endloop
   endfacet
   facet normal 0.000000e+00 1.000000e+00 0.000000e+00
      outer loop
         vertex 8.615635e+00 1.660000e+01 2.830855e+01
         vertex 9.111565e+00 1.660000e+01 2.694600e+01
         vertex 8.312566e+00 1.660000e+01 2.822735e+01
      endloop
   endfacet
   facet normal 0.000000e+00 1.000000e+00 0.000000e+00
      outer loop
         vertex 8.312566e+00 1.660000e+01 2.822735e+01
         vertex 9.111565e+00 1.660000e+01 2.694600e+01
         vertex 8.564357e+00 1.660000e+01 2.679937e+01
      endloop
   endfacet
   facet normal 0.000000e+00 1.000000e+00 0.000000e+00
      outer loop
         vertex 8.312566e+00 1.660000e+01 2.822735e+01
         vertex 8.564357e+00 1.660000e+01 2.679937e+01
         vertex 7.999999e+00 1.660000e+01 2.820000e+01
      endloop
   endfacet
   facet normal 0.000000e+00 1.000000e+00 0.000000e+00
      outer loop
         vertex 7.999999e+00 1.660000e+01 2.820000e+01
         vertex 8.564357e+00 1.660000e+01 2.679937e+01
         vertex 7.999999e+00 1.660000e+01 2.675000e+01
      endloop
   endfacet
   facet normal 0.000000e+00 1.000000e+00 0.000000e+00
      outer loop
         vertex 7.999999e+00 1.660000e+01 2.820000e+01
         vertex 7.999999e+00 1.660000e+01 2.675000e+01
         vertex 7.687433e+00 1.660000e+01 2.822735e+01
      endloop
   endfacet
   facet normal 0.000000e+00 1.000000e+00 0.000000e+00
      outer loop
         vertex 7.687433e+00 1.660000e+01 2.822735e+01
         vertex 7.999999e+00 1.660000e+01 2.675000e+01
         vertex 7.435642e+00 1.660000e+01 2.679937e+01
      endloop
   endfacet
   facet normal 0.000000e+00 1.000000e+00 0.000000e+00
      outer loop
         vertex 7.687433e+00 1.660000e+01 2.822735e+01
         vertex 7.435642e+00 1.660000e+01 2.679937e+01
         vertex 7.384364e+00 1.660000e+01 2.830855e+01
      endloop
   endfacet
   facet normal 0.000000e+00 1.000000e+00 0.000000e+00
      outer loop
         vertex 7.384364e+00 1.660000e+01 2.830855e+01
         vertex 7.435642e+00 1.660000e+01 2.679937e+01
         vertex 6.888434e+00 1.660000e+01 2.694600e+01
      endloop
   endfacet
   facet normal 0.000000e+00 1.000000e+00 0.000000e+00
      outer loop
         vertex 7.384364e+00 1.660000e+01 2.830855e+01
         vertex 6.888434e+00 1.660000e+01 2.694600e+01
         vertex 7.099999e+00 1.660000e+01 2.844115e+01
      endloop
   endfacet
   facet normal 0.000000e+00 1.000000e+00 0.000000e+00
      outer loop
         vertex 7.099999e+00 1.660000e+01 2.844115e+01
         vertex 6.888434e+00 1.660000e+01 2.694600e+01
         vertex 6.375000e+00 1.660000e+01 2.718542e+01
      endloop
   endfacet
   facet normal 0.000000e+00 1.000000e+00 0.000000e+00
      outer loop
         vertex 7.099999e+00 1.660000e+01 2.844115e+01
         vertex 6.375000e+00 1.660000e+01 2.718542e+01
         vertex 6.842982e+00 1.660000e+01 2.862112e+01
      endloop
   endfacet
   facet normal 0.000000e+00 1.000000e+00 0.000000e+00
      outer loop
         vertex 6.842982e+00 1.660000e+01 2.862112e+01
         vertex 6.375000e+00 1.660000e+01 2.718542e+01
         vertex 5.910940e+00 1.660000e+01 2.751036e+01
      endloop
   endfacet
   facet normal 0.000000e+00 1.000000e+00 0.000000e+00
      outer loop
         vertex 6.842982e+00 1.660000e+01 2.862112e+01
         vertex 5.910940e+00 1.660000e+01 2.751036e+01
         vertex 6.621119e+00 1.660000e+01 2.884298e+01
      endloop
   endfacet
   facet normal 0.000000e+00 1.000000e+00 0.000000e+00
      outer loop
         vertex 6.621119e+00 1.660000e+01 2.884298e+01
         vertex 5.910940e+00 1.660000e+01 2.751036e+01
         vertex 5.510354e+00 1.660000e+01 2.791094e+01
      endloop
   endfacet
   facet normal 0.000000e+00 1.000000e+00 0.000000e+00
      outer loop
         vertex 6.621119e+00 1.660000e+01 2.884298e+01
         vertex 5.510354e+00 1.660000e+01 2.791094e+01
         vertex 6.441154e+00 1.660000e+01 2.910000e+01
      endloop
   endfacet
   facet normal 0.000000e+00 1.000000e+00 0.000000e+00
      outer loop
         vertex 6.441154e+00 1.660000e+01 2.910000e+01
         vertex 5.510354e+00 1.660000e+01 2.791094e+01
         vertex 5.185416e+00 1.660000e+01 2.837500e+01
      endloop
   endfacet
   facet normal 0.000000e+00 1.000000e+00 0.000000e+00
      outer loop
         vertex 6.441154e+00 1.660000e+01 2.910000e+01
         vertex 5.185416e+00 1.660000e+01 2.837500e+01
         vertex 6.308552e+00 1.660000e+01 2.938436e+01
      endloop
   endfacet
   facet normal 0.000000e+00 1.000000e+00 0.000000e+00
      outer loop
         vertex 6.308552e+00 1.660000e+01 2.938436e+01
         vertex 5.185416e+00 1.660000e+01 2.837500e+01
         vertex 4.945999e+00 1.660000e+01 2.888843e+01
      endloop
   endfacet
   facet normal 0.000000e+00 1.000000e+00 0.000000e+00
      outer loop
         vertex 6.308552e+00 1.660000e+01 2.938436e+01
         vertex 4.945999e+00 1.660000e+01 2.888843e+01
         vertex 6.227346e+00 1.660000e+01 2.968743e+01
      endloop
   endfacet
   facet normal 0.000000e+00 1.000000e+00 0.000000e+00
      outer loop
         vertex 6.227346e+00 1.660000e+01 2.968743e+01
         vertex 4.945999e+00 1.660000e+01 2.888843e+01
         vertex 4.799373e+00 1.660000e+01 2.943564e+01
      endloop
   endfacet
   facet normal 0.000000e+00 1.000000e+00 0.000000e+00
      outer loop
         vertex 6.227346e+00 1.660000e+01 2.968743e+01
         vertex 4.799373e+00 1.660000e+01 2.943564e+01
         vertex 6.199999e+00 1.660000e+01 3.000000e+01
      endloop
   endfacet
   facet normal 0.000000e+00 1.000000e+00 0.000000e+00
      outer loop
         vertex 6.199999e+00 1.660000e+01 3.000000e+01
         vertex 4.799373e+00 1.660000e+01 2.943564e+01
         vertex 4.749998e+00 1.660000e+01 3.000000e+01
      endloop
   endfacet
   facet normal 0.000000e+00 1.000000e+00 -0.000000e+00
      outer loop
         vertex 6.199999e+00 1.660000e+01 3.000000e+01
         vertex 4.749998e+00 1.660000e+01 3.000000e+01
         vertex 6.227346e+00 1.660000e+01 3.031257e+01
      endloop
   endfacet
   facet normal 0.000000e+00 1.000000e+00 0.000000e+00
      outer loop
         vertex 6.227346e+00 1.660000e+01 3.031257e+01
         vertex 4.749998e+00 1.660000e+01 3.000000e+01
         vertex 4.799373e+00 1.660000e+01 3.056436e+01
      endloop
   endfacet
   facet normal 0.000000e+00 1.000000e+00 -0.000000e+00
      outer loop
         vertex 6.227346e+00 1.660000e+01 3.031257e+01
         vertex 4.799373e+00 1.660000e+01 3.056436e+01
         vertex 6.308552e+00 1.660000e+01 3.061564e+01
      endloop
   endfacet
   facet normal 0.000000e+00 1.000000e+00 0.000000e+00
      outer loop
         vertex 6.308552e+00 1.660000e+01 3.061564e+01
         vertex 4.799373e+00 1.660000e+01 3.056436e+01
         vertex 4.945999e+00 1.660000e+01 3.111157e+01
      endloop
   endfacet
   facet normal 0.000000e+00 1.000000e+00 -0.000000e+00
      outer loop
         vertex 6.308552e+00 1.660000e+01 3.061564e+01
         vertex 4.945999e+00 1.660000e+01 3.111157e+01
         vertex 6.441154e+00 1.660000e+01 3.090000e+01
      endloop
   endfacet
   facet normal 0.000000e+00 1.000000e+00 0.000000e+00
      outer loop
         vertex 6.441154e+00 1.660000e+01 3.090000e+01
         vertex 4.945999e+00 1.660000e+01 3.111157e+01
         vertex 5.185416e+00 1.660000e+01 3.162500e+01
      endloop
   endfacet
   facet normal 0.000000e+00 1.000000e+00 -0.000000e+00
      outer loop
         vertex 6.441154e+00 1.660000e+01 3.090000e+01
         vertex 5.185416e+00 1.660000e+01 3.162500e+01
         vertex 6.621119e+00 1.660000e+01 3.115702e+01
      endloop
   endfacet
   facet normal 0.000000e+00 1.000000e+00 0.000000e+00
      outer loop
         vertex 6.621119e+00 1.660000e+01 3.115702e+01
         vertex 5.185416e+00 1.660000e+01 3.162500e+01
         vertex 5.510354e+00 1.660000e+01 3.208906e+01
      endloop
   endfacet
   facet normal 0.000000e+00 1.000000e+00 -0.000000e+00
      outer loop
         vertex 6.621119e+00 1.660000e+01 3.115702e+01
         vertex 5.510354e+00 1.660000e+01 3.208906e+01
         vertex 6.842982e+00 1.660000e+01 3.137888e+01
      endloop
   endfacet
   facet normal 0.000000e+00 1.000000e+00 0.000000e+00
      outer loop
         vertex 6.842982e+00 1.660000e+01 3.137888e+01
         vertex 5.510354e+00 1.660000e+01 3.208906e+01
         vertex 5.910940e+00 1.660000e+01 3.248964e+01
      endloop
   endfacet
   facet normal 0.000000e+00 1.000000e+00 -0.000000e+00
      outer loop
         vertex 6.842982e+00 1.660000e+01 3.137888e+01
         vertex 5.910940e+00 1.660000e+01 3.248964e+01
         vertex 7.099999e+00 1.660000e+01 3.155885e+01
      endloop
   endfacet
   facet normal 0.000000e+00 1.000000e+00 0.000000e+00
      outer loop
         vertex 7.099999e+00 1.660000e+01 3.155885e+01
         vertex 5.910940e+00 1.660000e+01 3.248964e+01
         vertex 6.375000e+00 1.660000e+01 3.281458e+01
      endloop
   endfacet
   facet normal 0.000000e+00 1.000000e+00 -0.000000e+00
      outer loop
         vertex 7.099999e+00 1.660000e+01 3.155885e+01
         vertex 6.375000e+00 1.660000e+01 3.281458e+01
         vertex 7.384364e+00 1.660000e+01 3.169145e+01
      endloop
   endfacet
   facet normal 0.000000e+00 1.000000e+00 0.000000e+00
      outer loop
         vertex 7.384364e+00 1.660000e+01 3.169145e+01
         vertex 6.375000e+00 1.660000e+01 3.281458e+01
         vertex 6.888434e+00 1.660000e+01 3.305400e+01
      endloop
   endfacet
   facet normal 0.000000e+00 1.000000e+00 -0.000000e+00
      outer loop
         vertex 7.384364e+00 1.660000e+01 3.169145e+01
         vertex 6.888434e+00 1.660000e+01 3.305400e+01
         vertex 7.687433e+00 1.660000e+01 3.177265e+01
      endloop
   endfacet
   facet normal 0.000000e+00 1.000000e+00 0.000000e+00
      outer loop
         vertex 7.687433e+00 1.660000e+01 3.177265e+01
         vertex 6.888434e+00 1.660000e+01 3.305400e+01
         vertex 7.435642e+00 1.660000e+01 3.320062e+01
      endloop
   endfacet
   facet normal 0.000000e+00 1.000000e+00 -0.000000e+00
      outer loop
         vertex 7.687433e+00 1.660000e+01 3.177265e+01
         vertex 7.435642e+00 1.660000e+01 3.320062e+01
         vertex 7.999999e+00 1.660000e+01 3.180000e+01
      endloop
   endfacet
   facet normal 0.000000e+00 1.000000e+00 -0.000000e+00
      outer loop
         vertex 7.999999e+00 1.660000e+01 3.180000e+01
         vertex 7.435642e+00 1.660000e+01 3.320062e+01
         vertex 7.999999e+00 1.660000e+01 3.325000e+01
      endloop
   endfacet
   facet normal -0.000000e+00 1.000000e+00 0.000000e+00
      outer loop
         vertex 7.999999e+00 1.660000e+01 3.180000e+01
         vertex 7.999999e+00 1.660000e+01 3.325000e+01
         vertex 8.312566e+00 1.660000e+01 3.177265e+01
      endloop
   endfacet
   facet normal 0.000000e+00 1.000000e+00 -0.000000e+00
      outer loop
         vertex 8.312566e+00 1.660000e+01 3.177265e+01
         vertex 7.999999e+00 1.660000e+01 3.325000e+01
         vertex 8.564357e+00 1.660000e+01 3.320062e+01
      endloop
   endfacet
   facet normal -0.000000e+00 1.000000e+00 0.000000e+00
      outer loop
         vertex 8.312566e+00 1.660000e+01 3.177265e+01
         vertex 8.564357e+00 1.660000e+01 3.320062e+01
         vertex 8.615635e+00 1.660000e+01 3.169145e+01
      endloop
   endfacet
   facet normal 0.000000e+00 1.000000e+00 -0.000000e+00
      outer loop
         vertex 8.615635e+00 1.660000e+01 3.169145e+01
         vertex 8.564357e+00 1.660000e+01 3.320062e+01
         vertex 9.111565e+00 1.660000e+01 3.305400e+01
      endloop
   endfacet
   facet normal -0.000000e+00 1.000000e+00 0.000000e+00
      outer loop
         vertex 8.615635e+00 1.660000e+01 3.169145e+01
         vertex 9.111565e+00 1.660000e+01 3.305400e+01
         vertex 8.900000e+00 1.660000e+01 3.155885e+01
      endloop
   endfacet
   facet normal 0.000000e+00 1.000000e+00 0.000000e+00
      outer loop
         vertex 8.900000e+00 1.660000e+01 3.155885e+01
         vertex 9.111565e+00 1.660000e+01 3.305400e+01
         vertex 9.624999e+00 1.660000e+01 3.281458e+01
      endloop
   endfacet
   facet normal -8.715598e-02 0.000000e+00 -9.961947e-01
      outer loop
         vertex 7.999999e+00 1.660000e+01 3.325000e+01
         vertex 7.999999e+00 1.997500e+01 3.325000e+01
         vertex 8.564357e+00 1.660000e+01 3.320062e+01
      endloop
   endfacet
   facet normal -8.715598e-02 0.000000e+00 -9.961947e-01
      outer loop
         vertex 8.564357e+00 1.660000e+01 3.320062e+01
         vertex 7.999999e+00 1.997500e+01 3.325000e+01
         vertex 8.564357e+00 1.997500e+01 3.320062e+01
      endloop
   endfacet
   facet normal -2.588187e-01 0.000000e+00 -9.659259e-01
      outer loop
         vertex 8.564357e+00 1.660000e+01 3.320062e+01
         vertex 8.564357e+00 1.997500e+01 3.320062e+01
         vertex 9.111565e+00 1.660000e+01 3.305400e+01
      endloop
   endfacet
   facet normal -2.588187e-01 0.000000e+00 -9.659259e-01
      outer loop
         vertex 9.111565e+00 1.660000e+01 3.305400e+01
         vertex 8.564357e+00 1.997500e+01 3.320062e+01
         vertex 9.111565e+00 1.997500e+01 3.305400e+01
      endloop
   endfacet
   facet normal -4.226189e-01 0.000000e+00 -9.063075e-01
      outer loop
         vertex 9.111565e+00 1.660000e+01 3.305400e+01
         vertex 9.111565e+00 1.997500e+01 3.305400e+01
         vertex 9.624999e+00 1.660000e+01 3.281458e+01
      endloop
   endfacet
   facet normal -4.226189e-01 0.000000e+00 -9.063075e-01
      outer loop
         vertex 9.624999e+00 1.660000e+01 3.281458e+01
         vertex 9.111565e+00 1.997500e+01 3.305400e+01
         vertex 9.624999e+00 1.997500e+01 3.281458e+01
      endloop
   endfacet
   facet normal -5.735760e-01 0.000000e+00 -8.191524e-01
      outer loop
         vertex 9.624999e+00 1.660000e+01 3.281458e+01
         vertex 9.624999e+00 1.997500e+01 3.281458e+01
         vertex 1.008906e+01 1.660000e+01 3.248964e+01
      endloop
   endfacet
   facet normal -5.735760e-01 0.000000e+00 -8.191524e-01
      outer loop
         vertex 1.008906e+01 1.660000e+01 3.248964e+01
         vertex 9.624999e+00 1.997500e+01 3.281458e+01
         vertex 1.008906e+01 1.997500e+01 3.248964e+01
      endloop
   endfacet
   facet normal -7.071060e-01 0.000000e+00 -7.071076e-01
      outer loop
         vertex 1.008906e+01 1.660000e+01 3.248964e+01
         vertex 1.008906e+01 1.997500e+01 3.248964e+01
         vertex 1.048964e+01 1.660000e+01 3.208906e+01
      endloop
   endfacet
   facet normal -7.071060e-01 0.000000e+00 -7.071076e-01
      outer loop
         vertex 1.048964e+01 1.660000e+01 3.208906e+01
         vertex 1.008906e+01 1.997500e+01 3.248964e+01
         vertex 1.048964e+01 1.997500e+01 3.208906e+01
      endloop
   endfacet
   facet normal -8.191531e-01 0.000000e+00 -5.735749e-01
      outer loop
         vertex 1.048964e+01 1.660000e+01 3.208906e+01
         vertex 1.048964e+01 1.997500e+01 3.208906e+01
         vertex 1.081458e+01 1.660000e+01 3.162500e+01
      endloop
   endfacet
   facet normal -8.191531e-01 0.000000e+00 -5.735749e-01
      outer loop
         vertex 1.081458e+01 1.660000e+01 3.162500e+01
         vertex 1.048964e+01 1.997500e+01 3.208906e+01
         vertex 1.081458e+01 1.997500e+01 3.162500e+01
      endloop
   endfacet
   facet normal -9.063075e-01 0.000000e+00 -4.226189e-01
      outer loop
         vertex 1.081458e+01 1.660000e+01 3.162500e+01
         vertex 1.081458e+01 1.997500e+01 3.162500e+01
         vertex 1.105400e+01 1.660000e+01 3.111157e+01
      endloop
   endfacet
   facet normal -9.063075e-01 0.000000e+00 -4.226189e-01
      outer loop
         vertex 1.105400e+01 1.660000e+01 3.111157e+01
         vertex 1.081458e+01 1.997500e+01 3.162500e+01
         vertex 1.105400e+01 1.997500e+01 3.111157e+01
      endloop
   endfacet
   facet normal -9.659252e-01 0.000000e+00 -2.588214e-01
      outer loop
         vertex 1.105400e+01 1.660000e+01 3.111157e+01
         vertex 1.105400e+01 1.997500e+01 3.111157e+01
         vertex 1.120063e+01 1.660000e+01 3.056436e+01
      endloop
   endfacet
   facet normal -9.659252e-01 0.000000e+00 -2.588214e-01
      outer loop
         vertex 1.120063e+01 1.660000e+01 3.056436e+01
         vertex 1.105400e+01 1.997500e+01 3.111157e+01
         vertex 1.120063e+01 1.997500e+01 3.056436e+01
      endloop
   endfacet
   facet normal -9.961950e-01 0.000000e+00 -8.715272e-02
      outer loop
         vertex 1.120063e+01 1.660000e+01 3.056436e+01
         vertex 1.120063e+01 1.997500e+01 3.056436e+01
         vertex 1.125000e+01 1.660000e+01 3.000000e+01
      endloop
   endfacet
   facet normal -9.961950e-01 0.000000e+00 -8.715272e-02
      outer loop
         vertex 1.125000e+01 1.660000e+01 3.000000e+01
         vertex 1.120063e+01 1.997500e+01 3.056436e+01
         vertex 1.125000e+01 1.997500e+01 3.000000e+01
      endloop
   endfacet
   facet normal -9.961950e-01 0.000000e+00 8.715286e-02
      outer loop
         vertex 1.125000e+01 1.660000e+01 3.000000e+01
         vertex 1.125000e+01 1.997500e+01 3.000000e+01
         vertex 1.120063e+01 1.660000e+01 2.943564e+01
      endloop
   endfacet
   facet normal -9.961950e-01 0.000000e+00 8.715286e-02
      outer loop
         vertex 1.120063e+01 1.660000e+01 2.943564e+01
         vertex 1.125000e+01 1.997500e+01 3.000000e+01
         vertex 1.120063e+01 1.997500e+01 2.943564e+01
      endloop
   endfacet
   facet normal -9.659252e-01 0.000000e+00 2.588214e-01
      outer loop
         vertex 1.120063e+01 1.660000e+01 2.943564e+01
         vertex 1.120063e+01 1.997500e+01 2.943564e+01
         vertex 1.105400e+01 1.660000e+01 2.888843e+01
      endloop
   endfacet
   facet normal -9.659252e-01 0.000000e+00 2.588214e-01
      outer loop
         vertex 1.105400e+01 1.660000e+01 2.888843e+01
         vertex 1.120063e+01 1.997500e+01 2.943564e+01
         vertex 1.105400e+01 1.997500e+01 2.888843e+01
      endloop
   endfacet
   facet normal -9.063075e-01 0.000000e+00 4.226189e-01
      outer loop
         vertex 1.105400e+01 1.660000e+01 2.888843e+01
         vertex 1.105400e+01 1.997500e+01 2.888843e+01
         vertex 1.081458e+01 1.660000e+01 2.837500e+01
      endloop
   endfacet
   facet normal -9.063075e-01 0.000000e+00 4.226189e-01
      outer loop
         vertex 1.081458e+01 1.660000e+01 2.837500e+01
         vertex 1.105400e+01 1.997500e+01 2.888843e+01
         vertex 1.081458e+01 1.997500e+01 2.837500e+01
      endloop
   endfacet
   facet normal -8.191537e-01 0.000000e+00 5.735741e-01
      outer loop
         vertex 1.081458e+01 1.660000e+01 2.837500e+01
         vertex 1.081458e+01 1.997500e+01 2.837500e+01
         vertex 1.048964e+01 1.660000e+01 2.791094e+01
      endloop
   endfacet
   facet normal -8.191537e-01 0.000000e+00 5.735741e-01
      outer loop
         vertex 1.048964e+01 1.660000e+01 2.791094e+01
         vertex 1.081458e+01 1.997500e+01 2.837500e+01
         vertex 1.048964e+01 1.997500e+01 2.791094e+01
      endloop
   endfacet
   facet normal -7.071051e-01 0.000000e+00 7.071084e-01
      outer loop
         vertex 1.048964e+01 1.660000e+01 2.791094e+01
         vertex 1.048964e+01 1.997500e+01 2.791094e+01
         vertex 1.008906e+01 1.660000e+01 2.751036e+01
      endloop
   endfacet
   facet normal -7.071051e-01 0.000000e+00 7.071084e-01
      outer loop
         vertex 1.008906e+01 1.660000e+01 2.751036e+01
         vertex 1.048964e+01 1.997500e+01 2.791094e+01
         vertex 1.008906e+01 1.997500e+01 2.751036e+01
      endloop
   endfacet
   facet normal -5.735771e-01 0.000000e+00 8.191516e-01
      outer loop
         vertex 1.008906e+01 1.660000e+01 2.751036e+01
         vertex 1.008906e+01 1.997500e+01 2.751036e+01
         vertex 9.624999e+00 1.660000e+01 2.718542e+01
      endloop
   endfacet
   facet normal -5.735771e-01 0.000000e+00 8.191516e-01
      outer loop
         vertex 9.624999e+00 1.660000e+01 2.718542e+01
         vertex 1.008906e+01 1.997500e+01 2.751036e+01
         vertex 9.624999e+00 1.997500e+01 2.718542e+01
      endloop
   endfacet
   facet normal -4.226182e-01 0.000000e+00 9.063078e-01
      outer loop
         vertex 9.624999e+00 1.660000e+01 2.718542e+01
         vertex 9.624999e+00 1.997500e+01 2.718542e+01
         vertex 9.111565e+00 1.660000e+01 2.694600e+01
      endloop
   endfacet
   facet normal -4.226182e-01 0.000000e+00 9.063078e-01
      outer loop
         vertex 9.111565e+00 1.660000e+01 2.694600e+01
         vertex 9.624999e+00 1.997500e+01 2.718542e+01
         vertex 9.111565e+00 1.997500e+01 2.694600e+01
      endloop
   endfacet
   facet normal -2.588195e-01 0.000000e+00 9.659257e-01
      outer loop
         vertex 9.111565e+00 1.660000e+01 2.694600e+01
         vertex 9.111565e+00 1.997500e+01 2.694600e+01
         vertex 8.564357e+00 1.660000e+01 2.679937e+01
      endloop
   endfacet
   facet normal -2.588195e-01 0.000000e+00 9.659257e-01
      outer loop
         vertex 8.564357e+00 1.660000e+01 2.679937e+01
         vertex 9.111565e+00 1.997500e+01 2.694600e+01
         vertex 8.564357e+00 1.997500e+01 2.679937e+01
      endloop
   endfacet
   facet normal -8.715516e-02 0.000000e+00 9.961947e-01
      outer loop
         vertex 8.564357e+00 1.660000e+01 2.679937e+01
         vertex 8.564357e+00 1.997500e+01 2.679937e+01
         vertex 7.999999e+00 1.660000e+01 2.675000e+01
      endloop
   endfacet
   facet normal -8.715516e-02 0.000000e+00 9.961947e-01
      outer loop
         vertex 7.999999e+00 1.660000e+01 2.675000e+01
         vertex 8.564357e+00 1.997500e+01 2.679937e+01
         vertex 7.999999e+00 1.997500e+01 2.675000e+01
      endloop
   endfacet
   facet normal 8.715516e-02 -0.000000e+00 9.961947e-01
      outer loop
         vertex 7.999999e+00 1.660000e+01 2.675000e+01
         vertex 7.999999e+00 1.997500e+01 2.675000e+01
         vertex 7.435642e+00 1.660000e+01 2.679937e+01
      endloop
   endfacet
   facet normal 8.715516e-02 -0.000000e+00 9.961947e-01
      outer loop
         vertex 7.435642e+00 1.660000e+01 2.679937e+01
         vertex 7.999999e+00 1.997500e+01 2.675000e+01
         vertex 7.435642e+00 1.997500e+01 2.679937e+01
      endloop
   endfacet
   facet normal 2.588195e-01 -0.000000e+00 9.659257e-01
      outer loop
         vertex 7.435642e+00 1.660000e+01 2.679937e+01
         vertex 7.435642e+00 1.997500e+01 2.679937e+01
         vertex 6.888434e+00 1.660000e+01 2.694600e+01
      endloop
   endfacet
   facet normal 2.588195e-01 -0.000000e+00 9.659257e-01
      outer loop
         vertex 6.888434e+00 1.660000e+01 2.694600e+01
         vertex 7.435642e+00 1.997500e+01 2.679937e+01
         vertex 6.888434e+00 1.997500e+01 2.694600e+01
      endloop
   endfacet
   facet normal 4.226182e-01 -0.000000e+00 9.063078e-01
      outer loop
         vertex 6.888434e+00 1.660000e+01 2.694600e+01
         vertex 6.888434e+00 1.997500e+01 2.694600e+01
         vertex 6.375000e+00 1.660000e+01 2.718542e+01
      endloop
   endfacet
   facet normal 4.226182e-01 -0.000000e+00 9.063078e-01
      outer loop
         vertex 6.375000e+00 1.660000e+01 2.718542e+01
         vertex 6.888434e+00 1.997500e+01 2.694600e+01
         vertex 6.375000e+00 1.997500e+01 2.718542e+01
      endloop
   endfacet
   facet normal 5.735771e-01 -0.000000e+00 8.191516e-01
      outer loop
         vertex 6.375000e+00 1.660000e+01 2.718542e+01
         vertex 6.375000e+00 1.997500e+01 2.718542e+01
         vertex 5.910940e+00 1.660000e+01 2.751036e+01
      endloop
   endfacet
   facet normal 5.735771e-01 -0.000000e+00 8.191516e-01
      outer loop
         vertex 5.910940e+00 1.660000e+01 2.751036e+01
         vertex 6.375000e+00 1.997500e+01 2.718542e+01
         vertex 5.910940e+00 1.997500e+01 2.751036e+01
      endloop
   endfacet
   facet normal 7.071051e-01 -0.000000e+00 7.071084e-01
      outer loop
         vertex 5.910940e+00 1.660000e+01 2.751036e+01
         vertex 5.910940e+00 1.997500e+01 2.751036e+01
         vertex 5.510354e+00 1.660000e+01 2.791094e+01
      endloop
   endfacet
   facet normal 7.071051e-01 -0.000000e+00 7.071084e-01
      outer loop
         vertex 5.510354e+00 1.660000e+01 2.791094e+01
         vertex 5.910940e+00 1.997500e+01 2.751036e+01
         vertex 5.510354e+00 1.997500e+01 2.791094e+01
      endloop
   endfacet
   facet normal 8.191521e-01 -0.000000e+00 5.735763e-01
      outer loop
         vertex 5.510354e+00 1.660000e+01 2.791094e+01
         vertex 5.510354e+00 1.997500e+01 2.791094e+01
         vertex 5.185416e+00 1.660000e+01 2.837500e+01
      endloop
   endfacet
   facet normal 8.191521e-01 -0.000000e+00 5.735763e-01
      outer loop
         vertex 5.185416e+00 1.660000e+01 2.837500e+01
         vertex 5.510354e+00 1.997500e+01 2.791094e+01
         vertex 5.185416e+00 1.997500e+01 2.837500e+01
      endloop
   endfacet
   facet normal 9.063088e-01 -0.000000e+00 4.226162e-01
      outer loop
         vertex 5.185416e+00 1.660000e+01 2.837500e+01
         vertex 5.185416e+00 1.997500e+01 2.837500e+01
         vertex 4.945999e+00 1.660000e+01 2.888843e+01
      endloop
   endfacet
   facet normal 9.063088e-01 -0.000000e+00 4.226162e-01
      outer loop
         vertex 4.945999e+00 1.660000e+01 2.888843e+01
         vertex 5.185416e+00 1.997500e+01 2.837500e+01
         vertex 4.945999e+00 1.997500e+01 2.888843e+01
      endloop
   endfacet
   facet normal 9.659252e-01 -0.000000e+00 2.588214e-01
      outer loop
         vertex 4.945999e+00 1.660000e+01 2.888843e+01
         vertex 4.945999e+00 1.997500e+01 2.888843e+01
         vertex 4.799373e+00 1.660000e+01 2.943564e+01
      endloop
   endfacet
   facet normal 9.659252e-01 -0.000000e+00 2.588214e-01
      outer loop
         vertex 4.799373e+00 1.660000e+01 2.943564e+01
         vertex 4.945999e+00 1.997500e+01 2.888843e+01
         vertex 4.799373e+00 1.997500e+01 2.943564e+01
      endloop
   endfacet
   facet normal 9.961947e-01 -0.000000e+00 8.715612e-02
      outer loop
         vertex 4.799373e+00 1.660000e+01 2.943564e+01
         vertex 4.799373e+00 1.997500e+01 2.943564e+01
         vertex 4.749998e+00 1.660000e+01 3.000000e+01
      endloop
   endfacet
   facet normal 9.961947e-01 -0.000000e+00 8.715612e-02
      outer loop
         vertex 4.749998e+00 1.660000e+01 3.000000e+01
         vertex 4.799373e+00 1.997500e+01 2.943564e+01
         vertex 4.749998e+00 1.997500e+01 3.000000e+01
      endloop
   endfacet
   facet normal 9.961947e-01 0.000000e+00 -8.715598e-02
      outer loop
         vertex 4.749998e+00 1.660000e+01 3.000000e+01
         vertex 4.749998e+00 1.997500e+01 3.000000e+01
         vertex 4.799373e+00 1.660000e+01 3.056436e+01
      endloop
   endfacet
   facet normal 9.961947e-01 0.000000e+00 -8.715598e-02
      outer loop
         vertex 4.799373e+00 1.660000e+01 3.056436e+01
         vertex 4.749998e+00 1.997500e+01 3.000000e+01
         vertex 4.799373e+00 1.997500e+01 3.056436e+01
      endloop
   endfacet
   facet normal 9.659252e-01 0.000000e+00 -2.588214e-01
      outer loop
         vertex 4.799373e+00 1.660000e+01 3.056436e+01
         vertex 4.799373e+00 1.997500e+01 3.056436e+01
         vertex 4.945999e+00 1.660000e+01 3.111157e+01
      endloop
   endfacet
   facet normal 9.659252e-01 0.000000e+00 -2.588214e-01
      outer loop
         vertex 4.945999e+00 1.660000e+01 3.111157e+01
         vertex 4.799373e+00 1.997500e+01 3.056436e+01
         vertex 4.945999e+00 1.997500e+01 3.111157e+01
      endloop
   endfacet
   facet normal 9.063088e-01 0.000000e+00 -4.226162e-01
      outer loop
         vertex 4.945999e+00 1.660000e+01 3.111157e+01
         vertex 4.945999e+00 1.997500e+01 3.111157e+01
         vertex 5.185416e+00 1.660000e+01 3.162500e+01
      endloop
   endfacet
   facet normal 9.063088e-01 0.000000e+00 -4.226162e-01
      outer loop
         vertex 5.185416e+00 1.660000e+01 3.162500e+01
         vertex 4.945999e+00 1.997500e+01 3.111157e+01
         vertex 5.185416e+00 1.997500e+01 3.162500e+01
      endloop
   endfacet
   facet normal 8.191516e-01 0.000000e+00 -5.735771e-01
      outer loop
         vertex 5.185416e+00 1.660000e+01 3.162500e+01
         vertex 5.185416e+00 1.997500e+01 3.162500e+01
         vertex 5.510354e+00 1.660000e+01 3.208906e+01
      endloop
   endfacet
   facet normal 8.191516e-01 0.000000e+00 -5.735771e-01
      outer loop
         vertex 5.510354e+00 1.660000e+01 3.208906e+01
         vertex 5.185416e+00 1.997500e+01 3.162500e+01
         vertex 5.510354e+00 1.997500e+01 3.208906e+01
      endloop
   endfacet
   facet normal 7.071060e-01 0.000000e+00 -7.071076e-01
      outer loop
         vertex 5.510354e+00 1.660000e+01 3.208906e+01
         vertex 5.510354e+00 1.997500e+01 3.208906e+01
         vertex 5.910940e+00 1.660000e+01 3.248964e+01
      endloop
   endfacet
   facet normal 7.071060e-01 0.000000e+00 -7.071076e-01
      outer loop
         vertex 5.910940e+00 1.660000e+01 3.248964e+01
         vertex 5.510354e+00 1.997500e+01 3.208906e+01
         vertex 5.910940e+00 1.997500e+01 3.248964e+01
      endloop
   endfacet
   facet normal 5.735760e-01 0.000000e+00 -8.191524e-01
      outer loop
         vertex 5.910940e+00 1.660000e+01 3.248964e+01
         vertex 5.910940e+00 1.997500e+01 3.248964e+01
         vertex 6.375000e+00 1.660000e+01 3.281458e+01
      endloop
   endfacet
   facet normal 5.735760e-01 0.000000e+00 -8.191524e-01
      outer loop
         vertex 6.375000e+00 1.660000e+01 3.281458e+01
         vertex 5.910940e+00 1.997500e+01 3.248964e+01
         vertex 6.375000e+00 1.997500e+01 3.281458e+01
      endloop
   endfacet
   facet normal 4.226189e-01 0.000000e+00 -9.063075e-01
      outer loop
         vertex 6.375000e+00 1.660000e+01 3.281458e+01
         vertex 6.375000e+00 1.997500e+01 3.281458e+01
         vertex 6.888434e+00 1.660000e+01 3.305400e+01
      endloop
   endfacet
   facet normal 4.226189e-01 0.000000e+00 -9.063075e-01
      outer loop
         vertex 6.888434e+00 1.660000e+01 3.305400e+01
         vertex 6.375000e+00 1.997500e+01 3.281458e+01
         vertex 6.888434e+00 1.997500e+01 3.305400e+01
      endloop
   endfacet
   facet normal 2.588187e-01 0.000000e+00 -9.659259e-01
      outer loop
         vertex 6.888434e+00 1.660000e+01 3.305400e+01
         vertex 6.888434e+00 1.997500e+01 3.305400e+01
         vertex 7.435642e+00 1.660000e+01 3.320062e+01
      endloop
   endfacet
   facet normal 2.588187e-01 0.000000e+00 -9.659259e-01
      outer loop
         vertex 7.435642e+00 1.660000e+01 3.320062e+01
         vertex 6.888434e+00 1.997500e+01 3.305400e+01
         vertex 7.435642e+00 1.997500e+01 3.320062e+01
      endloop
   endfacet
   facet normal 8.715598e-02 0.000000e+00 -9.961947e-01
      outer loop
         vertex 7.435642e+00 1.660000e+01 3.320062e+01
         vertex 7.435642e+00 1.997500e+01 3.320062e+01
         vertex 7.999999e+00 1.660000e+01 3.325000e+01
      endloop
   endfacet
   facet normal 8.715598e-02 0.000000e+00 -9.961947e-01
      outer loop
         vertex 7.999999e+00 1.660000e+01 3.325000e+01
         vertex 7.435642e+00 1.997500e+01 3.320062e+01
         vertex 7.999999e+00 1.997500e+01 3.325000e+01
      endloop
   endfacet
   facet normal -1.833594e-01 7.057636e-01 -6.843077e-01
      outer loop
         vertex 8.564357e+00 1.997500e+01 3.320062e+01
         vertex 8.568697e+00 2.000000e+01 3.322524e+01
         vertex 9.111565e+00 1.997500e+01 3.305400e+01
      endloop
   endfacet
   facet normal -1.833565e-01 7.057721e-01 -6.842997e-01
      outer loop
         vertex 9.111565e+00 1.997500e+01 3.305400e+01
         vertex 8.568697e+00 2.000000e+01 3.322524e+01
         vertex 9.120116e+00 2.000000e+01 3.307749e+01
      endloop
   endfacet
   facet normal -2.993989e-01 7.057740e-01 -6.420618e-01
      outer loop
         vertex 9.111565e+00 1.997500e+01 3.305400e+01
         vertex 9.120116e+00 2.000000e+01 3.307749e+01
         vertex 9.624999e+00 1.997500e+01 3.281458e+01
      endloop
   endfacet
   facet normal -2.994040e-01 7.057638e-01 -6.420707e-01
      outer loop
         vertex 9.624999e+00 1.997500e+01 3.281458e+01
         vertex 9.120116e+00 2.000000e+01 3.307749e+01
         vertex 9.637499e+00 2.000000e+01 3.283623e+01
      endloop
   endfacet
   facet normal -4.063480e-01 7.057644e-01 -5.803257e-01
      outer loop
         vertex 9.624999e+00 1.997500e+01 3.281458e+01
         vertex 9.637499e+00 2.000000e+01 3.283623e+01
         vertex 1.008906e+01 1.997500e+01 3.248964e+01
      endloop
   endfacet
   facet normal -4.063438e-01 7.057708e-01 -5.803208e-01
      outer loop
         vertex 1.008906e+01 1.997500e+01 3.248964e+01
         vertex 9.637499e+00 2.000000e+01 3.283623e+01
         vertex 1.010513e+01 2.000000e+01 3.250880e+01
      endloop
   endfacet
   facet normal -5.009403e-01 7.057737e-01 -5.009414e-01
      outer loop
         vertex 1.008906e+01 1.997500e+01 3.248964e+01
         vertex 1.010513e+01 2.000000e+01 3.250880e+01
         vertex 1.048964e+01 1.997500e+01 3.208906e+01
      endloop
   endfacet
   facet normal -5.009546e-01 7.057550e-01 -5.009535e-01
      outer loop
         vertex 1.048964e+01 1.997500e+01 3.208906e+01
         vertex 1.010513e+01 2.000000e+01 3.250880e+01
         vertex 1.050879e+01 2.000000e+01 3.210513e+01
      endloop
   endfacet
   facet normal -5.803361e-01 7.057524e-01 -4.063541e-01
      outer loop
         vertex 1.048964e+01 1.997500e+01 3.208906e+01
         vertex 1.050879e+01 2.000000e+01 3.210513e+01
         vertex 1.081458e+01 1.997500e+01 3.162500e+01
      endloop
   endfacet
   facet normal -5.803228e-01 7.057676e-01 -4.063464e-01
      outer loop
         vertex 1.081458e+01 1.997500e+01 3.162500e+01
         vertex 1.050879e+01 2.000000e+01 3.210513e+01
         vertex 1.083623e+01 2.000000e+01 3.163750e+01
      endloop
   endfacet
   facet normal -6.420653e-01 7.057701e-01 -2.994005e-01
      outer loop
         vertex 1.081458e+01 1.997500e+01 3.162500e+01
         vertex 1.083623e+01 2.000000e+01 3.163750e+01
         vertex 1.105400e+01 1.997500e+01 3.111157e+01
      endloop
   endfacet
   facet normal -6.420557e-01 7.057803e-01 -2.993970e-01
      outer loop
         vertex 1.105400e+01 1.997500e+01 3.111157e+01
         vertex 1.083623e+01 2.000000e+01 3.163750e+01
         vertex 1.107749e+01 2.000000e+01 3.112012e+01
      endloop
   endfacet
   facet normal -6.842899e-01 7.057816e-01 -1.833567e-01
      outer loop
         vertex 1.105400e+01 1.997500e+01 3.111157e+01
         vertex 1.107749e+01 2.000000e+01 3.112012e+01
         vertex 1.120063e+01 1.997500e+01 3.056436e+01
      endloop
   endfacet
   facet normal -6.843294e-01 7.057415e-01 -1.833636e-01
      outer loop
         vertex 1.120063e+01 1.997500e+01 3.056436e+01
         vertex 1.107749e+01 2.000000e+01 3.112012e+01
         vertex 1.122524e+01 2.000000e+01 3.056870e+01
      endloop
   endfacet
   facet normal -7.057738e-01 7.057414e-01 -6.174504e-02
      outer loop
         vertex 1.120063e+01 1.997500e+01 3.056436e+01
         vertex 1.122524e+01 2.000000e+01 3.056870e+01
         vertex 1.125000e+01 1.997500e+01 3.000000e+01
      endloop
   endfacet
   facet normal -7.057444e-01 7.057707e-01 -6.174505e-02
      outer loop
         vertex 1.125000e+01 1.997500e+01 3.000000e+01
         vertex 1.122524e+01 2.000000e+01 3.056870e+01
         vertex 1.127500e+01 2.000000e+01 3.000000e+01
      endloop
   endfacet
   facet normal -7.057446e-01 7.057708e-01 6.174259e-02
      outer loop
         vertex 1.125000e+01 1.997500e+01 3.000000e+01
         vertex 1.127500e+01 2.000000e+01 3.000000e+01
         vertex 1.120063e+01 1.997500e+01 2.943564e+01
      endloop
   endfacet
   facet normal -7.057734e-01 7.057415e-01 6.174769e-02
      outer loop
         vertex 1.120063e+01 1.997500e+01 2.943564e+01
         vertex 1.127500e+01 2.000000e+01 3.000000e+01
         vertex 1.122524e+01 2.000000e+01 2.943130e+01
      endloop
   endfacet
   facet normal -6.843286e-01 7.057414e-01 1.833670e-01
      outer loop
         vertex 1.120063e+01 1.997500e+01 2.943564e+01
         vertex 1.122524e+01 2.000000e+01 2.943130e+01
         vertex 1.105400e+01 1.997500e+01 2.888843e+01
      endloop
   endfacet
   facet normal -6.842910e-01 7.057814e-01 1.833533e-01
      outer loop
         vertex 1.105400e+01 1.997500e+01 2.888843e+01
         vertex 1.122524e+01 2.000000e+01 2.943130e+01
         vertex 1.107749e+01 2.000000e+01 2.887988e+01
      endloop
   endfacet
   facet normal -6.420561e-01 7.057804e-01 2.993962e-01
      outer loop
         vertex 1.105400e+01 1.997500e+01 2.888843e+01
         vertex 1.107749e+01 2.000000e+01 2.887988e+01
         vertex 1.081458e+01 1.997500e+01 2.837500e+01
      endloop
   endfacet
   facet normal -6.420601e-01 7.057758e-01 2.993985e-01
      outer loop
         vertex 1.081458e+01 1.997500e+01 2.837500e+01
         vertex 1.107749e+01 2.000000e+01 2.887988e+01
         vertex 1.083623e+01 2.000000e+01 2.836250e+01
      endloop
   endfacet
   facet normal -5.803177e-01 7.057753e-01 4.063404e-01
      outer loop
         vertex 1.081458e+01 1.997500e+01 2.837500e+01
         vertex 1.083623e+01 2.000000e+01 2.836250e+01
         vertex 1.048964e+01 1.997500e+01 2.791094e+01
      endloop
   endfacet
   facet normal -5.803411e-01 7.057448e-01 4.063600e-01
      outer loop
         vertex 1.048964e+01 1.997500e+01 2.791094e+01
         vertex 1.083623e+01 2.000000e+01 2.836250e+01
         vertex 1.050879e+01 2.000000e+01 2.789487e+01
      endloop
   endfacet
   facet normal -5.009596e-01 7.057455e-01 5.009619e-01
      outer loop
         vertex 1.048964e+01 1.997500e+01 2.791094e+01
         vertex 1.050879e+01 2.000000e+01 2.789487e+01
         vertex 1.008906e+01 1.997500e+01 2.751036e+01
      endloop
   endfacet
   facet normal -5.009385e-01 7.057783e-01 5.009367e-01
      outer loop
         vertex 1.008906e+01 1.997500e+01 2.751036e+01
         vertex 1.050879e+01 2.000000e+01 2.789487e+01
         vertex 1.010513e+01 2.000000e+01 2.749120e+01
      endloop
   endfacet
   facet normal -4.063419e-01 7.057763e-01 5.803155e-01
      outer loop
         vertex 1.008906e+01 1.997500e+01 2.751036e+01
         vertex 1.010513e+01 2.000000e+01 2.749120e+01
         vertex 9.624999e+00 1.997500e+01 2.718542e+01
      endloop
   endfacet
   facet normal -4.063479e-01 7.057644e-01 5.803258e-01
      outer loop
         vertex 9.624999e+00 1.997500e+01 2.718542e+01
         vertex 1.010513e+01 2.000000e+01 2.749120e+01
         vertex 9.637499e+00 2.000000e+01 2.716377e+01
      endloop
   endfacet
   facet normal -2.994027e-01 7.057637e-01 6.420713e-01
      outer loop
         vertex 9.624999e+00 1.997500e+01 2.718542e+01
         vertex 9.637499e+00 2.000000e+01 2.716377e+01
         vertex 9.111565e+00 1.997500e+01 2.694600e+01
      endloop
   endfacet
   facet normal -2.994013e-01 7.057680e-01 6.420673e-01
      outer loop
         vertex 9.111565e+00 1.997500e+01 2.694600e+01
         vertex 9.637499e+00 2.000000e+01 2.716377e+01
         vertex 9.120116e+00 2.000000e+01 2.692251e+01
      endloop
   endfacet
   facet normal -1.833594e-01 7.057658e-01 6.843055e-01
      outer loop
         vertex 9.111565e+00 1.997500e+01 2.694600e+01
         vertex 9.120116e+00 2.000000e+01 2.692251e+01
         vertex 8.564357e+00 1.997500e+01 2.679937e+01
      endloop
   endfacet
   facet normal -1.833609e-01 7.057572e-01 6.843139e-01
      outer loop
         vertex 8.564357e+00 1.997500e+01 2.679937e+01
         vertex 9.120116e+00 2.000000e+01 2.692251e+01
         vertex 8.568697e+00 2.000000e+01 2.677475e+01
      endloop
   endfacet
   facet normal -6.174515e-02 7.057601e-01 7.057550e-01
      outer loop
         vertex 8.564357e+00 1.997500e+01 2.679937e+01
         vertex 8.568697e+00 2.000000e+01 2.677475e+01
         vertex 7.999999e+00 1.997500e+01 2.675000e+01
      endloop
   endfacet
   facet normal -6.174515e-02 7.057642e-01 7.057510e-01
      outer loop
         vertex 7.999999e+00 1.997500e+01 2.675000e+01
         vertex 8.568697e+00 2.000000e+01 2.677475e+01
         vertex 7.999999e+00 2.000000e+01 2.672500e+01
      endloop
   endfacet
   facet normal 6.174480e-02 7.057642e-01 7.057510e-01
      outer loop
         vertex 7.999999e+00 1.997500e+01 2.675000e+01
         vertex 7.999999e+00 2.000000e+01 2.672500e+01
         vertex 7.435642e+00 1.997500e+01 2.679937e+01
      endloop
   endfacet
   facet normal 6.174550e-02 7.057602e-01 7.057550e-01
      outer loop
         vertex 7.435642e+00 1.997500e+01 2.679937e+01
         vertex 7.999999e+00 2.000000e+01 2.672500e+01
         vertex 7.431302e+00 2.000000e+01 2.677475e+01
      endloop
   endfacet
   facet normal 1.833616e-01 7.057572e-01 6.843137e-01
      outer loop
         vertex 7.435642e+00 1.997500e+01 2.679937e+01
         vertex 7.431302e+00 2.000000e+01 2.677475e+01
         vertex 6.888434e+00 1.997500e+01 2.694600e+01
      endloop
   endfacet
   facet normal 1.833587e-01 7.057657e-01 6.843057e-01
      outer loop
         vertex 6.888434e+00 1.997500e+01 2.694600e+01
         vertex 7.431302e+00 2.000000e+01 2.677475e+01
         vertex 6.879883e+00 2.000000e+01 2.692251e+01
      endloop
   endfacet
   facet normal 2.994009e-01 7.057680e-01 6.420675e-01
      outer loop
         vertex 6.888434e+00 1.997500e+01 2.694600e+01
         vertex 6.879883e+00 2.000000e+01 2.692251e+01
         vertex 6.375000e+00 1.997500e+01 2.718542e+01
      endloop
   endfacet
   facet normal 2.994031e-01 7.057637e-01 6.420712e-01
      outer loop
         vertex 6.375000e+00 1.997500e+01 2.718542e+01
         vertex 6.879883e+00 2.000000e+01 2.692251e+01
         vertex 6.362500e+00 2.000000e+01 2.716377e+01
      endloop
   endfacet
   facet normal 4.063488e-01 7.057644e-01 5.803252e-01
      outer loop
         vertex 6.375000e+00 1.997500e+01 2.718542e+01
         vertex 6.362500e+00 2.000000e+01 2.716377e+01
         vertex 5.910940e+00 1.997500e+01 2.751036e+01
      endloop
   endfacet
   facet normal 4.063411e-01 7.057763e-01 5.803161e-01
      outer loop
         vertex 5.910940e+00 1.997500e+01 2.751036e+01
         vertex 6.362500e+00 2.000000e+01 2.716377e+01
         vertex 5.894870e+00 2.000000e+01 2.749120e+01
      endloop
   endfacet
   facet normal 5.009364e-01 7.057784e-01 5.009387e-01
      outer loop
         vertex 5.910940e+00 1.997500e+01 2.751036e+01
         vertex 5.894870e+00 2.000000e+01 2.749120e+01
         vertex 5.510354e+00 1.997500e+01 2.791094e+01
      endloop
   endfacet
   facet normal 5.009615e-01 7.057456e-01 5.009598e-01
      outer loop
         vertex 5.510354e+00 1.997500e+01 2.791094e+01
         vertex 5.894870e+00 2.000000e+01 2.749120e+01
         vertex 5.491205e+00 2.000000e+01 2.789487e+01
      endloop
   endfacet
   facet normal 5.803415e-01 7.057448e-01 4.063594e-01
      outer loop
         vertex 5.510354e+00 1.997500e+01 2.791094e+01
         vertex 5.491205e+00 2.000000e+01 2.789487e+01
         vertex 5.185416e+00 1.997500e+01 2.837500e+01
      endloop
   endfacet
   facet normal 5.803340e-01 7.057535e-01 4.063550e-01
      outer loop
         vertex 5.185416e+00 1.997500e+01 2.837500e+01
         vertex 5.491205e+00 2.000000e+01 2.789487e+01
         vertex 5.163766e+00 2.000000e+01 2.836250e+01
      endloop
   endfacet
   facet normal 6.420829e-01 7.057516e-01 2.994064e-01
      outer loop
         vertex 5.185416e+00 1.997500e+01 2.837500e+01
         vertex 5.163766e+00 2.000000e+01 2.836250e+01
         vertex 4.945999e+00 1.997500e+01 2.888843e+01
      endloop
   endfacet
   facet normal 6.420559e-01 7.057804e-01 2.993966e-01
      outer loop
         vertex 4.945999e+00 1.997500e+01 2.888843e+01
         vertex 5.163766e+00 2.000000e+01 2.836250e+01
         vertex 4.922505e+00 2.000000e+01 2.887988e+01
      endloop
   endfacet
   facet normal 6.842899e-01 7.057816e-01 1.833567e-01
      outer loop
         vertex 4.945999e+00 1.997500e+01 2.888843e+01
         vertex 4.922505e+00 2.000000e+01 2.887988e+01
         vertex 4.799373e+00 1.997500e+01 2.943564e+01
      endloop
   endfacet
   facet normal 6.843294e-01 7.057415e-01 1.833636e-01
      outer loop
         vertex 4.799373e+00 1.997500e+01 2.943564e+01
         vertex 4.922505e+00 2.000000e+01 2.887988e+01
         vertex 4.774755e+00 2.000000e+01 2.943130e+01
      endloop
   endfacet
   facet normal 7.057734e-01 7.057415e-01 6.174745e-02
      outer loop
         vertex 4.799373e+00 1.997500e+01 2.943564e+01
         vertex 4.774755e+00 2.000000e+01 2.943130e+01
         vertex 4.749998e+00 1.997500e+01 3.000000e+01
      endloop
   endfacet
   facet normal 7.057706e-01 7.057443e-01 6.174745e-02
      outer loop
         vertex 4.749998e+00 1.997500e+01 3.000000e+01
         vertex 4.774755e+00 2.000000e+01 2.943130e+01
         vertex 4.725000e+00 2.000000e+01 3.000000e+01
      endloop
   endfacet
   facet normal 7.057706e-01 7.057444e-01 -6.174710e-02
      outer loop
         vertex 4.749998e+00 1.997500e+01 3.000000e+01
         vertex 4.725000e+00 2.000000e+01 3.000000e+01
         vertex 4.799373e+00 1.997500e+01 3.056436e+01
      endloop
   endfacet
   facet normal 7.057734e-01 7.057415e-01 -6.174759e-02
      outer loop
         vertex 4.799373e+00 1.997500e+01 3.056436e+01
         vertex 4.725000e+00 2.000000e+01 3.000000e+01
         vertex 4.774755e+00 2.000000e+01 3.056870e+01
      endloop
   endfacet
   facet normal 6.843286e-01 7.057414e-01 -1.833670e-01
      outer loop
         vertex 4.799373e+00 1.997500e+01 3.056436e+01
         vertex 4.774755e+00 2.000000e+01 3.056870e+01
         vertex 4.945999e+00 1.997500e+01 3.111157e+01
      endloop
   endfacet
   facet normal 6.842910e-01 7.057814e-01 -1.833533e-01
      outer loop
         vertex 4.945999e+00 1.997500e+01 3.111157e+01
         vertex 4.774755e+00 2.000000e+01 3.056870e+01
         vertex 4.922505e+00 2.000000e+01 3.112012e+01
      endloop
   endfacet
   facet normal 6.420569e-01 7.057805e-01 -2.993942e-01
      outer loop
         vertex 4.945999e+00 1.997500e+01 3.111157e+01
         vertex 4.922505e+00 2.000000e+01 3.112012e+01
         vertex 5.185416e+00 1.997500e+01 3.162500e+01
      endloop
   endfacet
   facet normal 6.420866e-01 7.057462e-01 -2.994114e-01
      outer loop
         vertex 5.185416e+00 1.997500e+01 3.162500e+01
         vertex 4.922505e+00 2.000000e+01 3.112012e+01
         vertex 5.163766e+00 2.000000e+01 3.163750e+01
      endloop
   endfacet
   facet normal 5.803403e-01 7.057459e-01 -4.063593e-01
      outer loop
         vertex 5.185416e+00 1.997500e+01 3.162500e+01
         vertex 5.163766e+00 2.000000e+01 3.163750e+01
         vertex 5.510354e+00 1.997500e+01 3.208906e+01
      endloop
   endfacet
   facet normal 5.803353e-01 7.057524e-01 -4.063551e-01
      outer loop
         vertex 5.510354e+00 1.997500e+01 3.208906e+01
         vertex 5.163766e+00 2.000000e+01 3.163750e+01
         vertex 5.491205e+00 2.000000e+01 3.210513e+01
      endloop
   endfacet
   facet normal 5.009535e-01 7.057549e-01 -5.009547e-01
      outer loop
         vertex 5.510354e+00 1.997500e+01 3.208906e+01
         vertex 5.491205e+00 2.000000e+01 3.210513e+01
         vertex 5.910940e+00 1.997500e+01 3.248964e+01
      endloop
   endfacet
   facet normal 5.009415e-01 7.057736e-01 -5.009403e-01
      outer loop
         vertex 5.910940e+00 1.997500e+01 3.248964e+01
         vertex 5.491205e+00 2.000000e+01 3.210513e+01
         vertex 5.894870e+00 2.000000e+01 3.250880e+01
      endloop
   endfacet
   facet normal 4.063443e-01 7.057708e-01 -5.803205e-01
      outer loop
         vertex 5.910940e+00 1.997500e+01 3.248964e+01
         vertex 5.894870e+00 2.000000e+01 3.250880e+01
         vertex 6.375000e+00 1.997500e+01 3.281458e+01
      endloop
   endfacet
   facet normal 4.063475e-01 7.057644e-01 -5.803260e-01
      outer loop
         vertex 6.375000e+00 1.997500e+01 3.281458e+01
         vertex 5.894870e+00 2.000000e+01 3.250880e+01
         vertex 6.362500e+00 2.000000e+01 3.283623e+01
      endloop
   endfacet
   facet normal 2.994032e-01 7.057637e-01 -6.420711e-01
      outer loop
         vertex 6.375000e+00 1.997500e+01 3.281458e+01
         vertex 6.362500e+00 2.000000e+01 3.283623e+01
         vertex 6.888434e+00 1.997500e+01 3.305400e+01
      endloop
   endfacet
   facet normal 2.993997e-01 7.057739e-01 -6.420615e-01
      outer loop
         vertex 6.888434e+00 1.997500e+01 3.305400e+01
         vertex 6.362500e+00 2.000000e+01 3.283623e+01
         vertex 6.879883e+00 2.000000e+01 3.307749e+01
      endloop
   endfacet
   facet normal 1.833572e-01 7.057721e-01 -6.842995e-01
      outer loop
         vertex 6.888434e+00 1.997500e+01 3.305400e+01
         vertex 6.879883e+00 2.000000e+01 3.307749e+01
         vertex 7.435642e+00 1.997500e+01 3.320062e+01
      endloop
   endfacet
   facet normal 1.833587e-01 7.057637e-01 -6.843079e-01
      outer loop
         vertex 7.435642e+00 1.997500e+01 3.320062e+01
         vertex 6.879883e+00 2.000000e+01 3.307749e+01
         vertex 7.431302e+00 2.000000e+01 3.322524e+01
      endloop
   endfacet
   facet normal 6.174515e-02 7.057668e-01 -7.057484e-01
      outer loop
         vertex 7.435642e+00 1.997500e+01 3.320062e+01
         vertex 7.431302e+00 2.000000e+01 3.322524e+01
         vertex 7.999999e+00 1.997500e+01 3.325000e+01
      endloop
   endfacet
   facet normal 6.174515e-02 7.057707e-01 -7.057444e-01
      outer loop
         vertex 7.999999e+00 1.997500e+01 3.325000e+01
         vertex 7.431302e+00 2.000000e+01 3.322524e+01
         vertex 7.999999e+00 2.000000e+01 3.327500e+01
      endloop
   endfacet
   facet normal -6.174481e-02 7.057707e-01 -7.057445e-01
      outer loop
         vertex 7.999999e+00 1.997500e+01 3.325000e+01
         vertex 7.999999e+00 2.000000e+01 3.327500e+01
         vertex 8.564357e+00 1.997500e+01 3.320062e+01
      endloop
   endfacet
   facet normal -6.174550e-02 7.057668e-01 -7.057484e-01
      outer loop
         vertex 8.564357e+00 1.997500e+01 3.320062e+01
         vertex 7.999999e+00 2.000000e+01 3.327500e+01
         vertex 8.568697e+00 2.000000e+01 3.322524e+01
      endloop
   endfacet
endsolid FlangeTopMount_3DPrint